record_id,record_type,experiment_domain,campaign,date,flight,method,scope,record_status,evidence_grade,location_contract,source_path,linked_trajectory,linked_run_spec,start_time_s,end_time_s,initialization_mode,yaw_mode,height_mode,camera_stride,alignment_mode,sampling_mode,exit_code,trajectory_rows,readiness,selected_window_s,handoff_model,duration_s,gps_distance_km,xy_rmse_m,final_xy_error_m,speed_rmse_mps,vxy_vec_rmse_mps,course_rmse_deg,course_final_deg,final_vertical_error_m,run_contract_hash,repeat_group_size,artifact_group_size,notes
P4-RAW_RUN-df8a6ebfcf32,raw_run,P4_RELATED_UNCLASSIFIED,P4_diag_window_count_v8_fly1,,fly1,P4_diag_window_count_v8_fly1,,ARTIFACT_WITHOUT_EXIT_RECEIPT,RUNTIME_ONLY,LEGACY_OUTSIDE_EXPERIMENT_ROOT,C:/Users/baloney/Desktop/P4_diag_window_count_v8_fly1,C:/Users/baloney/Desktop/P4_diag_window_count_v8_fly1/traj_nav.txt,,,,,,,,,,,1,,,,,,,,,,,,,,,1,missing_command
P4-RAW_RUN-ea626f994306,raw_run,P4_RELATED_UNCLASSIFIED,P4_diag_window_count_v9_fly1,,fly1,P4_diag_window_count_v9_fly1,,ARTIFACT_WITHOUT_EXIT_RECEIPT,RUNTIME_ONLY,LEGACY_OUTSIDE_EXPERIMENT_ROOT,C:/Users/baloney/Desktop/P4_diag_window_count_v9_fly1,C:/Users/baloney/Desktop/P4_diag_window_count_v9_fly1/traj_nav.txt,,,,,,,,,,,1,,,,,,,,,,,,,,,1,missing_command
P4-BATCH-283deb374471,batch,P5_ONLY_IN_P4_CAMPAIGN,P4_P5_mainline_20260712,20260712,,20260713_004626,,FAILED,ORCHESTRATION_ONLY,COMPLIANT_EXPERIMENT_ROOT,C:/Users/baloney/Desktop/实验目录/P4_P5_mainline_20260712/p5/shadow_runtime_fourflight/20260713_004626,,,,,,,,,,,,,,,,,,,,,,,,,,,,batch_exit_codes.csv
P4-BATCH-e985b09fd7be,batch,P5_ONLY_IN_P4_CAMPAIGN,P4_P5_mainline_20260712,20260712,,20260713_012025,,BATCH_RECEIPT_PRESENT,ORCHESTRATION_ONLY,COMPLIANT_EXPERIMENT_ROOT,C:/Users/baloney/Desktop/实验目录/P4_P5_mainline_20260712/p5/shadow_runtime_fourflight/20260713_012025,,,,,,,,,,,,,,,,,,,,,,,,,,,,batch_exit_codes.csv
P4-BATCH-b5cc2aab1077,batch,P5_ONLY_IN_P4_CAMPAIGN,P4_P5_mainline_20260712,20260712,,20260713_022007,,BATCH_RECEIPT_PRESENT,ORCHESTRATION_ONLY,COMPLIANT_EXPERIMENT_ROOT,C:/Users/baloney/Desktop/实验目录/P4_P5_mainline_20260712/p5/shadow_runtime_fourflight/20260713_022007,,,,,,,,,,,,,,,,,,,,,,,,,,,,batch_exit_codes.csv
P4-BATCH-9a544ec31845,batch,P5_ONLY_IN_P4_CAMPAIGN,P4_P5_mainline_20260712,20260712,,20260713_032309,,BATCH_RECEIPT_PRESENT,ORCHESTRATION_ONLY,COMPLIANT_EXPERIMENT_ROOT,C:/Users/baloney/Desktop/实验目录/P4_P5_mainline_20260712/p5/shadow_runtime_fourflight/20260713_032309,,,,,,,,,,,,,,,,,,,,,,,,,,,,batch_exit_codes.csv
P4-RAW_RUN-d811fdc0f923,raw_run,P4_RELATED_UNCLASSIFIED,P4_P5_mainline_20260712,20260712,,p5,,ARTIFACT_WITHOUT_EXIT_RECEIPT,RUNTIME_ONLY,COMPLIANT_EXPERIMENT_ROOT,C:/Users/baloney/Desktop/实验目录/P4_P5_mainline_20260712/p5,C:/Users/baloney/Desktop/实验目录/P4_P5_mainline_20260712/p5/traj_nav.txt,,,,,,,,,,,131,,,,,,,,,,,,,,,1,missing_command
P4-BATCH-8b734906f374,batch,P5_ONLY_IN_P4_CAMPAIGN,P4_P5_mainline_20260712,20260712,fly1,20260713_031430_fly1_fly3_first_turn,screen,BATCH_RECEIPT_PRESENT,ORCHESTRATION_ONLY,COMPLIANT_EXPERIMENT_ROOT,C:/Users/baloney/Desktop/实验目录/P4_P5_mainline_20260712/p5/active_screening/20260713_031430_fly1_fly3_first_turn,,,,,,,,,,,,,,,,,,,,,,,,,,,,batch_exit_codes.csv
P4-BATCH-503a92ef92bc,batch,P5_ONLY_IN_P4_CAMPAIGN,P4_P5_mainline_20260712,20260712,fly1,20260713_041446_fly1_fly3_first_turn,screen,BATCH_RECEIPT_PRESENT,ORCHESTRATION_ONLY,COMPLIANT_EXPERIMENT_ROOT,C:/Users/baloney/Desktop/实验目录/P4_P5_mainline_20260712/p5/active_screening/20260713_041446_fly1_fly3_first_turn,,,,,,,,,,,,,,,,,,,,,,,,,,,,batch_exit_codes.csv
P4-BATCH-687f6f9c8a70,batch,P5_ONLY_IN_P4_CAMPAIGN,P4_P5_mainline_20260712,20260712,fly1,20260713_000126_fly1_current_source_full_airborne,full,BATCH_RECEIPT_PRESENT,ORCHESTRATION_ONLY,COMPLIANT_EXPERIMENT_ROOT,C:/Users/baloney/Desktop/实验目录/P4_P5_mainline_20260712/runs/20260713_000126_fly1_current_source_full_airborne,,,,,,,,,,,,,,,,,,,,,,,,,,,,batch_exit_codes.csv
P4-EVALUATION-09e07e2b2fde,evaluation,P4_RELATED_UNCLASSIFIED,P4_P5_mainline_20260712,20260712,fly1,legacy_nearest_fc_row,full,EVALUATED,DIAGNOSTIC_EVALUATION,COMPLIANT_EXPERIMENT_ROOT,C:/Users/baloney/Desktop/实验目录/P4_P5_mainline_20260712/runs/20260713_000126_fly1_current_source_full_airborne/evaluation/absolute/legacy_nearest_fc_row,,,,,,,,,,,,,,,,780.799999952,29.986686391767993,645.9390665900762,447.85729091088956,7.68783527335969,12.53718669123187,,,384.9396620886189,,,,
P4-EVALUATION-3ffd906cab68,evaluation,P4_RELATED_UNCLASSIFIED,P4_P5_mainline_20260712,20260712,fly1,online_joint_monocular,full,EVALUATED,DIAGNOSTIC_EVALUATION,COMPLIANT_EXPERIMENT_ROOT,C:/Users/baloney/Desktop/实验目录/P4_P5_mainline_20260712/runs/20260713_000126_fly1_current_source_full_airborne/evaluation/absolute/online_joint_monocular,,,,,,,,,,,,,,,,770.0,29.547216386328177,432.49691135649005,272.6004324023826,7.964516052762991,8.883395841072065,,,295.4374570536189,,,,
P4-EVALUATION-dc707c9911ad,evaluation,P4_RELATED_UNCLASSIFIED,P4_P5_mainline_20260712,20260712,fly1,legacy_nearest_fc_row,full,EVALUATED,DIAGNOSTIC_EVALUATION,COMPLIANT_EXPERIMENT_ROOT,C:/Users/baloney/Desktop/实验目录/P4_P5_mainline_20260712/runs/20260713_000126_fly1_current_source_full_airborne/evaluation/absolute_common_window/legacy_nearest_fc_row,,,,,,,,,,,,,,,,770.0,29.547216386328177,650.4440827269502,447.85729091088956,7.733296017549585,12.616785155579402,,,384.9396620886189,,,,
P4-EVALUATION-e69e930b2061,evaluation,P4_RELATED_UNCLASSIFIED,P4_P5_mainline_20260712,20260712,fly1,online_joint_monocular,full,EVALUATED,DIAGNOSTIC_EVALUATION,COMPLIANT_EXPERIMENT_ROOT,C:/Users/baloney/Desktop/实验目录/P4_P5_mainline_20260712/runs/20260713_000126_fly1_current_source_full_airborne/evaluation/absolute_common_window/online_joint_monocular,,,,,,,,,,,,,,,,770.0,29.547216386328177,432.49691135649005,272.6004324023826,7.964516052762991,8.883395841072065,,,295.4374570536189,,,,
P4-EVALUATION-ddf0e9b37d88,evaluation,P4_RELATED_UNCLASSIFIED,P4_P5_mainline_20260712,20260712,fly1,legacy_nearest_fc_row,full,EVALUATED,DIAGNOSTIC_EVALUATION,COMPLIANT_EXPERIMENT_ROOT,C:/Users/baloney/Desktop/实验目录/P4_P5_mainline_20260712/runs/20260713_000126_fly1_current_source_full_airborne/evaluation/relative_start_heading/legacy_nearest_fc_row,,,,,,,,,,,,,,,,780.799999952,29.986686391767993,524.9574484267446,554.6796924538263,7.687835273359689,10.542795167766412,,,385.9123109111694,,,,
P4-EVALUATION-ef1bd02271bc,evaluation,P4_RELATED_UNCLASSIFIED,P4_P5_mainline_20260712,20260712,fly1,online_joint_monocular,full,EVALUATED,DIAGNOSTIC_EVALUATION,COMPLIANT_EXPERIMENT_ROOT,C:/Users/baloney/Desktop/实验目录/P4_P5_mainline_20260712/runs/20260713_000126_fly1_current_source_full_airborne/evaluation/relative_start_heading/online_joint_monocular,,,,,,,,,,,,,,,,770.0,29.547216386328177,479.3498467403482,178.28417640122566,7.96451605276299,9.591404059937442,,,302.88544956943076,,,,
P4-RAW_RUN-1f360f0cdc74,raw_run,P5_ONLY_IN_P4_CAMPAIGN,P4_P5_mainline_20260712,20260712,fly1,fly1,full,SUCCESS_WITH_TRAJECTORY,RUNTIME_ONLY,COMPLIANT_EXPERIMENT_ROOT,C:/Users/baloney/Desktop/实验目录/P4_P5_mainline_20260712/p5/active_screening/20260713_031430_fly1_fly3_first_turn/fly1,C:/Users/baloney/Desktop/实验目录/P4_P5_mainline_20260712/p5/active_screening/20260713_031430_fly1_fly3_first_turn/fly1/traj_nav.txt,,930.0,1095.0,fc_full_state,baseline,guarded,1,,,0,4943,,,,,,,,,,,,,8cb31d8e00388d1a889c0c70bd53a332e27dd9935344827a60ac0969ada2389d,1,1,
P4-RAW_RUN-ec19cb426070,raw_run,P5_ONLY_IN_P4_CAMPAIGN,P4_P5_mainline_20260712,20260712,fly1,fly3,full,SUCCESS_WITH_TRAJECTORY,RUNTIME_ONLY,COMPLIANT_EXPERIMENT_ROOT,C:/Users/baloney/Desktop/实验目录/P4_P5_mainline_20260712/p5/active_screening/20260713_031430_fly1_fly3_first_turn/fly3,C:/Users/baloney/Desktop/实验目录/P4_P5_mainline_20260712/p5/active_screening/20260713_031430_fly1_fly3_first_turn/fly3/traj_nav.txt,,618.0,900.0,fc_full_state,baseline,guarded,1,,,0,8452,,,,,,,,,,,,,59d2ddc6c878531255c79a16632fc09c86bcfeef657749bce3d00485612fc3d0,1,1,
P4-RAW_RUN-22558791c0e0,raw_run,P5_ONLY_IN_P4_CAMPAIGN,P4_P5_mainline_20260712,20260712,fly1,fly1,full,SUCCESS_WITH_TRAJECTORY,RUNTIME_ONLY,COMPLIANT_EXPERIMENT_ROOT,C:/Users/baloney/Desktop/实验目录/P4_P5_mainline_20260712/p5/active_screening/20260713_041446_fly1_fly3_first_turn/fly1,C:/Users/baloney/Desktop/实验目录/P4_P5_mainline_20260712/p5/active_screening/20260713_041446_fly1_fly3_first_turn/fly1/traj_nav.txt,,930.0,1095.0,fc_full_state,baseline,guarded,1,,,0,4943,,,,,,,,,,,,,21934c5ee8bb988d893d2e245b72525921a94233ebdabcfa8e326b13e1429ca1,1,1,
P4-RAW_RUN-663a6299bd9e,raw_run,P5_ONLY_IN_P4_CAMPAIGN,P4_P5_mainline_20260712,20260712,fly1,fly3,full,SUCCESS_WITH_TRAJECTORY,RUNTIME_ONLY,COMPLIANT_EXPERIMENT_ROOT,C:/Users/baloney/Desktop/实验目录/P4_P5_mainline_20260712/p5/active_screening/20260713_041446_fly1_fly3_first_turn/fly3,C:/Users/baloney/Desktop/实验目录/P4_P5_mainline_20260712/p5/active_screening/20260713_041446_fly1_fly3_first_turn/fly3/traj_nav.txt,,618.0,900.0,fc_full_state,baseline,guarded,1,,,0,8452,,,,,,,,,,,,,7fdbe3aa885aab05f2aa115fd1813d3612a29372ff2383402970230c50d28791,1,1,
P4-RAW_RUN-da8e108f1020,raw_run,P5_ONLY_IN_P4_CAMPAIGN,P4_P5_mainline_20260712,20260712,fly1,fly1,full,SUCCESS_WITH_TRAJECTORY,RUNTIME_ONLY,COMPLIANT_EXPERIMENT_ROOT,C:/Users/baloney/Desktop/实验目录/P4_P5_mainline_20260712/p5/shadow_runtime_fourflight/20260713_012025/fly1,C:/Users/baloney/Desktop/实验目录/P4_P5_mainline_20260712/p5/shadow_runtime_fourflight/20260713_012025/fly1/traj_nav.txt,,930.0,,fc_full_state,baseline,guarded,12,,,0,30180,,,,,,,,,,,,,331d92f108eb434b07203c861ad70cb3bf5e694b859a0adf7a86bfd2cf7b41e1,1,1,
P4-RAW_RUN-cd02bc5a5ea1,raw_run,P5_ONLY_IN_P4_CAMPAIGN,P4_P5_mainline_20260712,20260712,fly1,fly1,full,SUCCESS_WITH_TRAJECTORY,RUNTIME_ONLY,COMPLIANT_EXPERIMENT_ROOT,C:/Users/baloney/Desktop/实验目录/P4_P5_mainline_20260712/p5/shadow_runtime_fourflight/20260713_022007/fly1,C:/Users/baloney/Desktop/实验目录/P4_P5_mainline_20260712/p5/shadow_runtime_fourflight/20260713_022007/fly1/traj_nav.txt,,930.0,,fc_full_state,baseline,guarded,12,,,0,30180,,,,,,,,,,,,,4d9ecbee0ef685d572bc558d6318a2777bf586d41dcdd8ecb355d7a6ca92e382,1,1,
P4-RAW_RUN-e1437785a44d,raw_run,P5_ONLY_IN_P4_CAMPAIGN,P4_P5_mainline_20260712,20260712,fly1,fly1,full,SUCCESS_WITH_TRAJECTORY,RUNTIME_ONLY,COMPLIANT_EXPERIMENT_ROOT,C:/Users/baloney/Desktop/实验目录/P4_P5_mainline_20260712/p5/shadow_runtime_fourflight/20260713_032309/fly1,C:/Users/baloney/Desktop/实验目录/P4_P5_mainline_20260712/p5/shadow_runtime_fourflight/20260713_032309/fly1/traj_nav.txt,,930.0,,fc_full_state,baseline,guarded,12,,,0,30180,,,,,,,,,,,,,f3cd5685c9c8b88748073796c0cee608a4849cfa6c2805a0c9ad7f5a61ba3262,1,1,
P4-RAW_RUN-0d48541e9ad4,raw_run,P4_RELATED_UNCLASSIFIED,P4_P5_mainline_20260712,20260712,fly1,smoke_fly1_fixed12_shadow,,ARTIFACT_WITHOUT_EXIT_RECEIPT,RUNTIME_ONLY,COMPLIANT_EXPERIMENT_ROOT,C:/Users/baloney/Desktop/实验目录/P4_P5_mainline_20260712/p5/smoke_fly1_fixed12_shadow,C:/Users/baloney/Desktop/实验目录/P4_P5_mainline_20260712/p5/smoke_fly1_fixed12_shadow/traj_nav.txt,,,,,,,,,,,1151,,,,,,,,,,,,,,,1,missing_command
P4-RAW_RUN-666909ace5b3,raw_run,P4_WITH_P5,P4_P5_mainline_20260712,20260712,fly1,legacy_nearest_fc_row,full,SUCCESS_WITH_TRAJECTORY,RUNTIME_ONLY,COMPLIANT_EXPERIMENT_ROOT,C:/Users/baloney/Desktop/实验目录/P4_P5_mainline_20260712/runs/20260713_000126_fly1_current_source_full_airborne/legacy_nearest_fc_row,C:/Users/baloney/Desktop/实验目录/P4_P5_mainline_20260712/runs/20260713_000126_fly1_current_source_full_airborne/legacy_nearest_fc_row/traj_nav.txt,,930.0,,fc_full_state,baseline,guarded,12,,,0,30180,,,,,,,,,,,,,221e174a5bcff701bfd72d4b267c775eb97d1ff12f30ce11e8044457704aa2ac,1,1,
P4-RAW_RUN-814da491cea4,raw_run,P4_WITH_P5,P4_P5_mainline_20260712,20260712,fly1,online_joint_monocular,full,SUCCESS_WITH_TRAJECTORY,RUNTIME_ONLY,COMPLIANT_EXPERIMENT_ROOT,C:/Users/baloney/Desktop/实验目录/P4_P5_mainline_20260712/runs/20260713_000126_fly1_current_source_full_airborne/online_joint_monocular,C:/Users/baloney/Desktop/实验目录/P4_P5_mainline_20260712/runs/20260713_000126_fly1_current_source_full_airborne/online_joint_monocular/traj_nav.txt,,930.0,,online_multisensor_alignment,baseline,guarded,12,,,0,29857,,,,,,,,,,,,,35c7b9d194e5445cc1cf03fb19694493fe8be0b669ad33ba2978bd09c09dd28e,1,1,
P4-RAW_RUN-f11dcd8f123b,raw_run,P5_ONLY_IN_P4_CAMPAIGN,P4_P5_mainline_20260712,20260712,fly2,fly2,full,SUCCESS_WITH_TRAJECTORY,RUNTIME_ONLY,COMPLIANT_EXPERIMENT_ROOT,C:/Users/baloney/Desktop/实验目录/P4_P5_mainline_20260712/p5/shadow_runtime_fourflight/20260713_012025/fly2,C:/Users/baloney/Desktop/实验目录/P4_P5_mainline_20260712/p5/shadow_runtime_fourflight/20260713_012025/fly2/traj_nav.txt,,700.0,,fc_full_state,baseline,guarded,12,,,0,62408,,,,,,,,,,,,,29c910a4a9c364bc9802da98499ef2b264ee72b1fe4cf75a4df0cec4500b903e,1,1,
P4-RAW_RUN-5edec459e352,raw_run,P5_ONLY_IN_P4_CAMPAIGN,P4_P5_mainline_20260712,20260712,fly2,fly2,full,SUCCESS_WITH_TRAJECTORY,RUNTIME_ONLY,COMPLIANT_EXPERIMENT_ROOT,C:/Users/baloney/Desktop/实验目录/P4_P5_mainline_20260712/p5/shadow_runtime_fourflight/20260713_022007/fly2,C:/Users/baloney/Desktop/实验目录/P4_P5_mainline_20260712/p5/shadow_runtime_fourflight/20260713_022007/fly2/traj_nav.txt,,700.0,,fc_full_state,baseline,guarded,12,,,0,62408,,,,,,,,,,,,,d87a6f906be9f55e9a7882ccbfdd0c867e43d22a6648ff780451d58730b41a75,1,1,
P4-RAW_RUN-c1fdaa9a4397,raw_run,P5_ONLY_IN_P4_CAMPAIGN,P4_P5_mainline_20260712,20260712,fly2,fly2,full,SUCCESS_WITH_TRAJECTORY,RUNTIME_ONLY,COMPLIANT_EXPERIMENT_ROOT,C:/Users/baloney/Desktop/实验目录/P4_P5_mainline_20260712/p5/shadow_runtime_fourflight/20260713_032309/fly2,C:/Users/baloney/Desktop/实验目录/P4_P5_mainline_20260712/p5/shadow_runtime_fourflight/20260713_032309/fly2/traj_nav.txt,,700.0,,fc_full_state,baseline,guarded,12,,,0,62408,,,,,,,,,,,,,e03575f1ba0e7be80abdb2ab8f49050cc0e7ca209251e5185a61c7bbd67ae127,1,1,
P4-RAW_RUN-8b81cac50dbd,raw_run,P5_ONLY_IN_P4_CAMPAIGN,P4_P5_mainline_20260712,20260712,fly3,fly3,full,SUCCESS_WITH_TRAJECTORY,RUNTIME_ONLY,COMPLIANT_EXPERIMENT_ROOT,C:/Users/baloney/Desktop/实验目录/P4_P5_mainline_20260712/p5/shadow_runtime_fourflight/20260713_012025/fly3,C:/Users/baloney/Desktop/实验目录/P4_P5_mainline_20260712/p5/shadow_runtime_fourflight/20260713_012025/fly3/traj_nav.txt,,618.0,,fc_full_state,baseline,guarded,12,,,0,36513,,,,,,,,,,,,,e024d773e0b452e214b69b39a62928bbeb9f75ade6cfc1f98431e0910f0bd5e3,1,1,
P4-RAW_RUN-a940d98e3263,raw_run,P5_ONLY_IN_P4_CAMPAIGN,P4_P5_mainline_20260712,20260712,fly3,fly3,full,SUCCESS_WITH_TRAJECTORY,RUNTIME_ONLY,COMPLIANT_EXPERIMENT_ROOT,C:/Users/baloney/Desktop/实验目录/P4_P5_mainline_20260712/p5/shadow_runtime_fourflight/20260713_022007/fly3,C:/Users/baloney/Desktop/实验目录/P4_P5_mainline_20260712/p5/shadow_runtime_fourflight/20260713_022007/fly3/traj_nav.txt,,618.0,,fc_full_state,baseline,guarded,12,,,0,36513,,,,,,,,,,,,,060bdd2c4716d96ed2611dc5567badfc26b324f35774e9c3e5e4ddaa804cbf14,1,1,
P4-RAW_RUN-93c6c82492b4,raw_run,P5_ONLY_IN_P4_CAMPAIGN,P4_P5_mainline_20260712,20260712,fly3,fly3,full,SUCCESS_WITH_TRAJECTORY,RUNTIME_ONLY,COMPLIANT_EXPERIMENT_ROOT,C:/Users/baloney/Desktop/实验目录/P4_P5_mainline_20260712/p5/shadow_runtime_fourflight/20260713_032309/fly3,C:/Users/baloney/Desktop/实验目录/P4_P5_mainline_20260712/p5/shadow_runtime_fourflight/20260713_032309/fly3/traj_nav.txt,,618.0,,fc_full_state,baseline,guarded,12,,,0,36513,,,,,,,,,,,,,ad4292fbbef6717d1441c8a6d1bfb434c515f4a3ad0805f4906312bae957437b,1,1,
P4-RAW_RUN-02f27ac5cef9,raw_run,P5_ONLY_IN_P4_CAMPAIGN,P4_P5_mainline_20260712,20260712,fly4,fly4,full,SUCCESS_WITH_TRAJECTORY,RUNTIME_ONLY,COMPLIANT_EXPERIMENT_ROOT,C:/Users/baloney/Desktop/实验目录/P4_P5_mainline_20260712/p5/shadow_runtime_fourflight/20260713_012025/fly4,C:/Users/baloney/Desktop/实验目录/P4_P5_mainline_20260712/p5/shadow_runtime_fourflight/20260713_012025/fly4/traj_nav.txt,,924.4,,fc_full_state,baseline,guarded,12,,,0,57397,,,,,,,,,,,,,6e2f853a102d0810aa5e04e1ec4e11bb5b67772b9d129e9b136296d5d85fe1f5,1,1,
P4-RAW_RUN-0b7d06b2fa3c,raw_run,P5_ONLY_IN_P4_CAMPAIGN,P4_P5_mainline_20260712,20260712,fly4,fly4,full,SUCCESS_WITH_TRAJECTORY,RUNTIME_ONLY,COMPLIANT_EXPERIMENT_ROOT,C:/Users/baloney/Desktop/实验目录/P4_P5_mainline_20260712/p5/shadow_runtime_fourflight/20260713_022007/fly4,C:/Users/baloney/Desktop/实验目录/P4_P5_mainline_20260712/p5/shadow_runtime_fourflight/20260713_022007/fly4/traj_nav.txt,,924.4,,fc_full_state,baseline,guarded,12,,,0,57397,,,,,,,,,,,,,dd0f5cb0e9df30e8d4d4f364ad3af2b08277e13720bf15aee8ee732faaa292f6,1,1,
P4-RAW_RUN-02a3b89fa161,raw_run,P5_ONLY_IN_P4_CAMPAIGN,P4_P5_mainline_20260712,20260712,fly4,fly4,full,SUCCESS_WITH_TRAJECTORY,RUNTIME_ONLY,COMPLIANT_EXPERIMENT_ROOT,C:/Users/baloney/Desktop/实验目录/P4_P5_mainline_20260712/p5/shadow_runtime_fourflight/20260713_032309/fly4,C:/Users/baloney/Desktop/实验目录/P4_P5_mainline_20260712/p5/shadow_runtime_fourflight/20260713_032309/fly4/traj_nav.txt,,924.4,,fc_full_state,baseline,guarded,12,,,0,57397,,,,,,,,,,,,,361e35b3ed2e52a902fb1945d5719558a8237ad74ce1292f8a13848a0fd909ab,1,1,
P4-RAW_RUN-8407284c4503,raw_run,P4,P4_arbitrary_start_20260712,20260712,fly1,fly1_post_turn_start,,SUCCESS_WITH_TRAJECTORY,RUNTIME_ONLY,COMPLIANT_EXPERIMENT_ROOT,C:/Users/baloney/Desktop/实验目录/P4_arbitrary_start_20260712/runs/20260712_220541_fly1_practical_batch/fly1_post_turn_start,C:/Users/baloney/Desktop/实验目录/P4_arbitrary_start_20260712/runs/20260712_220541_fly1_practical_batch/fly1_post_turn_start/traj_nav.txt,,994,1064,online_multisensor_alignment,,,12,,,0,1764,,,,,,,,,,,,,ae078be31a32759aae4b4772dc14f16945faec4eff265b3323c7de21e24abf50,2,1,
P4-RAW_RUN-22b2c9161dbd,raw_run,P4,P4_arbitrary_start_20260712,20260712,fly1,fly1_straight_start,,FAILED,RUNTIME_ONLY,COMPLIANT_EXPERIMENT_ROOT,C:/Users/baloney/Desktop/实验目录/P4_arbitrary_start_20260712/runs/20260712_220541_fly1_practical_batch/fly1_straight_start,C:/Users/baloney/Desktop/实验目录/P4_arbitrary_start_20260712/runs/20260712_220541_fly1_practical_batch/fly1_straight_start/traj_nav.txt,,925,995,online_multisensor_alignment,,,12,,,1,1,,,,,,,,,,,,,a1a78a2cc97350e7282f6a8b3e58e1cf4ca475e4964d86d9083e9b5162293b8e,3,1,
P4-RAW_RUN-9c29ff63b2d0,raw_run,P4,P4_arbitrary_start_20260712,20260712,fly1,fly1_weak_motion_start,,FAILED,RUNTIME_ONLY,COMPLIANT_EXPERIMENT_ROOT,C:/Users/baloney/Desktop/实验目录/P4_arbitrary_start_20260712/runs/20260712_220541_fly1_practical_batch/fly1_weak_motion_start,C:/Users/baloney/Desktop/实验目录/P4_arbitrary_start_20260712/runs/20260712_220541_fly1_practical_batch/fly1_weak_motion_start/traj_nav.txt,,930,1000,online_multisensor_alignment,,,12,,,1,1,,,,,,,,,,,,,1185c6ea0f86e4da533f2612f96f9b75dad7b60245da14b40446246080be27c8,2,1,
P4-RAW_RUN-49bcc01ccea9,raw_run,P4,P4_arbitrary_start_20260712,20260712,fly1,fly1_post_turn_start,,SUCCESS_WITH_TRAJECTORY,RUNTIME_ONLY,COMPLIANT_EXPERIMENT_ROOT,C:/Users/baloney/Desktop/实验目录/P4_arbitrary_start_20260712/runs/20260712_221741_fly1_practical_batch/fly1_post_turn_start,C:/Users/baloney/Desktop/实验目录/P4_arbitrary_start_20260712/runs/20260712_221741_fly1_practical_batch/fly1_post_turn_start/traj_nav.txt,,994,1064,online_multisensor_alignment,,,12,,,0,1788,,,,,,,,,,,,,ae078be31a32759aae4b4772dc14f16945faec4eff265b3323c7de21e24abf50,2,1,
P4-RAW_RUN-f68463a15704,raw_run,P4,P4_arbitrary_start_20260712,20260712,fly1,fly1_straight_start,,SUCCESS_WITH_TRAJECTORY,RUNTIME_ONLY,COMPLIANT_EXPERIMENT_ROOT,C:/Users/baloney/Desktop/实验目录/P4_arbitrary_start_20260712/runs/20260712_221741_fly1_practical_batch/fly1_straight_start,C:/Users/baloney/Desktop/实验目录/P4_arbitrary_start_20260712/runs/20260712_221741_fly1_practical_batch/fly1_straight_start/traj_nav.txt,,925,995,online_multisensor_alignment,,,12,,,0,1655,,,,,,,,,,,,,a1a78a2cc97350e7282f6a8b3e58e1cf4ca475e4964d86d9083e9b5162293b8e,3,1,
P4-RAW_RUN-8c7bb212be71,raw_run,P4,P4_arbitrary_start_20260712,20260712,fly1,fly1_weak_motion_start,,SUCCESS_WITH_TRAJECTORY,RUNTIME_ONLY,COMPLIANT_EXPERIMENT_ROOT,C:/Users/baloney/Desktop/实验目录/P4_arbitrary_start_20260712/runs/20260712_221741_fly1_practical_batch/fly1_weak_motion_start,C:/Users/baloney/Desktop/实验目录/P4_arbitrary_start_20260712/runs/20260712_221741_fly1_practical_batch/fly1_weak_motion_start/traj_nav.txt,,930,1000,online_multisensor_alignment,,,12,,,0,1727,,,,,,,,,,,,,1185c6ea0f86e4da533f2612f96f9b75dad7b60245da14b40446246080be27c8,2,1,
P4-RAW_RUN-34ad2f372299,raw_run,P4,P4_arbitrary_start_20260712,20260712,fly1,V0_original_monocular_images,,SUCCESS_WITH_TRAJECTORY,RUNTIME_ONLY,COMPLIANT_EXPERIMENT_ROOT,C:/Users/baloney/Desktop/实验目录/P4_arbitrary_start_20260712/runs/20260712_222809_fly1_visual_influence_batch/V0_original_monocular_images,C:/Users/baloney/Desktop/实验目录/P4_arbitrary_start_20260712/runs/20260712_222809_fly1_visual_influence_batch/V0_original_monocular_images/traj_nav.txt,,925,995,online_multisensor_alignment,,,12,,,0,1655,,,,,,,,,,,,,a1a78a2cc97350e7282f6a8b3e58e1cf4ca475e4964d86d9083e9b5162293b8e,3,1,
P4-RAW_RUN-d285568eb2bb,raw_run,P4,P4_arbitrary_start_20260712,20260712,fly1,V1_visual_factors_disabled,,SUCCESS_WITH_TRAJECTORY,RUNTIME_ONLY,COMPLIANT_EXPERIMENT_ROOT,C:/Users/baloney/Desktop/实验目录/P4_arbitrary_start_20260712/runs/20260712_222809_fly1_visual_influence_batch/V1_visual_factors_disabled,C:/Users/baloney/Desktop/实验目录/P4_arbitrary_start_20260712/runs/20260712_222809_fly1_visual_influence_batch/V1_visual_factors_disabled/traj_nav.txt,,925,995,online_multisensor_alignment,,,12,,,0,1691,,,,,,,,,,,,,9881ec730e52279ffc3713b638a4d20f689a440debadf985f9c2df6a1f1d6fb6,1,1,
P4-RAW_RUN-46aeb9f16683,raw_run,P4,P4_arbitrary_start_20260712,20260712,fly1,V2_perturbed_monocular_tracks,,FAILED,RUNTIME_ONLY,COMPLIANT_EXPERIMENT_ROOT,C:/Users/baloney/Desktop/实验目录/P4_arbitrary_start_20260712/runs/20260712_222809_fly1_visual_influence_batch/V2_perturbed_monocular_tracks,C:/Users/baloney/Desktop/实验目录/P4_arbitrary_start_20260712/runs/20260712_222809_fly1_visual_influence_batch/V2_perturbed_monocular_tracks/traj_nav.txt,,925,995,online_multisensor_alignment,,,12,,,1,1,,,,,,,,,,,,,ae95dda831d15a127c4cb1283d8cc5aeabd49fd08cb9757b746313c96569ac1d,1,1,
P4-RAW_RUN-c80aaf129c8d,raw_run,P4,P4_arbitrary_start_20260712,20260712,fly1,V2_perturbed_monocular_tracks_short_diagnostic,short,FAILED,RUNTIME_ONLY,COMPLIANT_EXPERIMENT_ROOT,C:/Users/baloney/Desktop/实验目录/P4_arbitrary_start_20260712/runs/20260712_223731_fly1_visual_influence_batch/V2_perturbed_monocular_tracks_short_diagnostic,C:/Users/baloney/Desktop/实验目录/P4_arbitrary_start_20260712/runs/20260712_223731_fly1_visual_influence_batch/V2_perturbed_monocular_tracks_short_diagnostic/traj_nav.txt,,925,944,online_multisensor_alignment,,,12,,,1,1,,,,,,,,,,,,,f639184cdd678aaa81f6bd849bbd38ba716420eae27f280ecbd4d34972f9a349,1,1,
P4-RAW_RUN-75f0a727988f,raw_run,P4,P4_arbitrary_start_20260712,20260712,fly3,fly3_post_turn_start,,SUCCESS_WITH_TRAJECTORY,RUNTIME_ONLY,COMPLIANT_EXPERIMENT_ROOT,C:/Users/baloney/Desktop/实验目录/P4_arbitrary_start_20260712/runs/20260712_222255_fly3_practical_batch/fly3_post_turn_start,C:/Users/baloney/Desktop/实验目录/P4_arbitrary_start_20260712/runs/20260712_222255_fly3_practical_batch/fly3_post_turn_start/traj_nav.txt,,750,820,online_multisensor_alignment,,,12,,,0,1800,,,,,,,,,,,,,9dd87a6523835a9a3a30e9cd1896816ac92d98b3974302f51b1eaf669797d7ee,1,1,
P4-RAW_RUN-115ac693a68b,raw_run,P4,P4_arbitrary_start_20260712,20260712,fly3,fly3_straight_start,,SUCCESS_WITH_TRAJECTORY,RUNTIME_ONLY,COMPLIANT_EXPERIMENT_ROOT,C:/Users/baloney/Desktop/实验目录/P4_arbitrary_start_20260712/runs/20260712_222255_fly3_practical_batch/fly3_straight_start,C:/Users/baloney/Desktop/实验目录/P4_arbitrary_start_20260712/runs/20260712_222255_fly3_practical_batch/fly3_straight_start/traj_nav.txt,,613,683,online_multisensor_alignment,,,12,,,0,1800,,,,,,,,,,,,,f22eaedf35e38b9bb22c04ebfa2f992cd098a4b8be5f3680483c86467c283f18,1,1,
P4-RAW_RUN-5e86cd0cc37a,raw_run,P4,P4_arbitrary_start_20260712,20260712,fly3,fly3_weak_motion_start,,SUCCESS_WITH_TRAJECTORY,RUNTIME_ONLY,COMPLIANT_EXPERIMENT_ROOT,C:/Users/baloney/Desktop/实验目录/P4_arbitrary_start_20260712/runs/20260712_222255_fly3_practical_batch/fly3_weak_motion_start,C:/Users/baloney/Desktop/实验目录/P4_arbitrary_start_20260712/runs/20260712_222255_fly3_practical_batch/fly3_weak_motion_start/traj_nav.txt,,682,752,online_multisensor_alignment,,,12,,,0,1788,,,,,,,,,,,,,6b369d634a21d65d00189b3190223de41b16afa50b6093e45b0ddeeeab79079e,1,1,
P4-EVALUATION-8595812e40bc,evaluation,P4_RELATED_UNCLASSIFIED,P4_clean_baseline_20260712,20260712,fly1,analysis_absolute,short,EVALUATED,DIAGNOSTIC_EVALUATION,COMPLIANT_EXPERIMENT_ROOT,C:/Users/baloney/Desktop/实验目录/P4_clean_baseline_20260712/calibration_isolation/20260712_145359_fly1_C0_C2_short/fly1_C0_june12_ground_kd_locked/analysis_absolute,,,,,,,,,,,,,,,,78.0,3.0937229456857547,178.6529442176887,273.6841295012162,2.786736264438749,4.711139887285045,,,23.443386994850442,,,,
P4-EVALUATION-4bfbcd18a497,evaluation,P4_RELATED_UNCLASSIFIED,P4_clean_baseline_20260712,20260712,fly1,analysis_absolute,short,EVALUATED,DIAGNOSTIC_EVALUATION,COMPLIANT_EXPERIMENT_ROOT,C:/Users/baloney/Desktop/实验目录/P4_clean_baseline_20260712/calibration_isolation/20260712_145359_fly1_C0_C2_short/fly1_C1_historical_fly3_online_final_kd_locked/analysis_absolute,,,,,,,,,,,,,,,,78.0,3.0937229456857547,216.50985323514948,259.41300214761594,4.973498811647007,5.749761024582654,,,0.041563300850441465,,,,
P4-EVALUATION-4322786ff182,evaluation,P4_RELATED_UNCLASSIFIED,P4_clean_baseline_20260712,20260712,fly1,analysis_absolute,short,EVALUATED,DIAGNOSTIC_EVALUATION,COMPLIANT_EXPERIMENT_ROOT,C:/Users/baloney/Desktop/实验目录/P4_clean_baseline_20260712/calibration_isolation/20260712_145359_fly1_C0_C2_short/fly1_C2_june12_initial_online_kd_only/analysis_absolute,,,,,,,,,,,,,,,,78.0,3.0937229456857547,206.41466760835112,239.38486052555427,4.163413146391472,5.028242030270304,,,-0.34704997414954164,,,,
P4-EVALUATION-e997010361b4,evaluation,P4_RELATED_UNCLASSIFIED,P4_clean_baseline_20260712,20260712,fly1,analysis_absolute,short,EVALUATED,DIAGNOSTIC_EVALUATION,COMPLIANT_EXPERIMENT_ROOT,C:/Users/baloney/Desktop/实验目录/P4_clean_baseline_20260712/runs/20260712_130035_fly1_I0_I2_short/fly1_I0_short/analysis_absolute,,,,,,,,,,,,,,,,78.0,3.0937229456857547,186.46963476121266,290.10161525301186,2.434069648636694,4.87689009360478,,,23.808922311850438,,,,
P4-EVALUATION-2a64d1739f64,evaluation,P4_RELATED_UNCLASSIFIED,P4_clean_baseline_20260712,20260712,fly1,analysis_relative,short,EVALUATED,DIAGNOSTIC_EVALUATION,COMPLIANT_EXPERIMENT_ROOT,C:/Users/baloney/Desktop/实验目录/P4_clean_baseline_20260712/runs/20260712_130035_fly1_I0_I2_short/fly1_I0_short/analysis_relative,,,,,,,,,,,,,,,,78.0,3.0937229456857547,111.56120962866979,175.57646976069253,2.4340696486366946,3.027386363812709,,,24.781571134400963,,,,
P4-EVALUATION-3db979063879,evaluation,P4_RELATED_UNCLASSIFIED,P4_clean_baseline_20260712,20260712,fly1,analysis_absolute,short,EVALUATED,DIAGNOSTIC_EVALUATION,COMPLIANT_EXPERIMENT_ROOT,C:/Users/baloney/Desktop/实验目录/P4_clean_baseline_20260712/runs/20260712_130035_fly1_I0_I2_short/fly1_I1_short/analysis_absolute,,,,,,,,,,,,,,,,78.0,3.0937229456857547,185.3661095576852,285.7431132363025,2.5052254186161953,4.952623517214209,,,23.498444444850463,,,,
P4-EVALUATION-9635c495023a,evaluation,P4_RELATED_UNCLASSIFIED,P4_clean_baseline_20260712,20260712,fly1,analysis_relative,short,EVALUATED,DIAGNOSTIC_EVALUATION,COMPLIANT_EXPERIMENT_ROOT,C:/Users/baloney/Desktop/实验目录/P4_clean_baseline_20260712/runs/20260712_130035_fly1_I0_I2_short/fly1_I1_short/analysis_relative,,,,,,,,,,,,,,,,78.0,3.0937229456857547,112.5714211489512,170.80669288896488,2.5052254186161944,3.0455345304004613,,,24.474493555400983,,,,
P4-EVALUATION-bf73193caa19,evaluation,P4_RELATED_UNCLASSIFIED,P4_clean_baseline_20260712,20260712,fly1,analysis_absolute,short,EVALUATED,DIAGNOSTIC_EVALUATION,COMPLIANT_EXPERIMENT_ROOT,C:/Users/baloney/Desktop/实验目录/P4_clean_baseline_20260712/runs/20260712_130035_fly1_I0_I2_short/fly1_I2_short/analysis_absolute,,,,,,,,,,,,,,,,78.0,3.0937229456857547,178.6529442176887,273.6841295012162,2.786736264438749,4.711139887285045,,,23.443386994850442,,,,
P4-EVALUATION-b94b6bd0cd02,evaluation,P4_RELATED_UNCLASSIFIED,P4_clean_baseline_20260712,20260712,fly1,analysis_relative,short,EVALUATED,DIAGNOSTIC_EVALUATION,COMPLIANT_EXPERIMENT_ROOT,C:/Users/baloney/Desktop/实验目录/P4_clean_baseline_20260712/runs/20260712_130035_fly1_I0_I2_short/fly1_I2_short/analysis_relative,,,,,,,,,,,,,,,,78.0,3.0937229456857547,122.13209895816097,184.20770014042125,2.786736264438748,3.328245102986405,,,24.48342009540096,,,,
P4-EVALUATION-6fe5c1755276,evaluation,P4_RELATED_UNCLASSIFIED,P4_clean_baseline_20260712,20260712,fly1,analysis_absolute,full,EVALUATED,DIAGNOSTIC_EVALUATION,COMPLIANT_EXPERIMENT_ROOT,C:/Users/baloney/Desktop/实验目录/P4_clean_baseline_20260712/runs/20260712_131640_fly1_I0_I2_full/fly1_I0_full/analysis_absolute,,,,,,,,,,,,,,,,963.599999904,30.66554150957619,12829.807926999814,68080.26989346922,190.18013202869335,190.7188007849265,,,2564.451645933175,,,,
P4-EVALUATION-9dcaeb20cda9,evaluation,P4_RELATED_UNCLASSIFIED,P4_clean_baseline_20260712,20260712,fly1,analysis_airborne,full,EVALUATED,DIAGNOSTIC_EVALUATION,COMPLIANT_EXPERIMENT_ROOT,C:/Users/baloney/Desktop/实验目录/P4_clean_baseline_20260712/runs/20260712_131640_fly1_I0_I2_full/fly1_I0_full/analysis_airborne,,,,,,,,,,,,,,,,780.799999952,29.986686391767993,645.9390665900762,447.85729091088956,7.68783527335969,12.53718669123187,,,384.9396620886189,,,,
P4-EVALUATION-da81b14943ff,evaluation,P4_RELATED_UNCLASSIFIED,P4_clean_baseline_20260712,20260712,fly1,analysis_relative,full,EVALUATED,DIAGNOSTIC_EVALUATION,COMPLIANT_EXPERIMENT_ROOT,C:/Users/baloney/Desktop/实验目录/P4_clean_baseline_20260712/runs/20260712_131640_fly1_I0_I2_full/fly1_I0_full/analysis_relative,,,,,,,,,,,,,,,,963.599999904,30.66554150957619,12891.83215840842,68287.17883350531,190.18013202869335,190.6251265995538,,,2565.4242947557254,,,,
P4-EVALUATION-9da7601926c6,evaluation,P4_RELATED_UNCLASSIFIED,P4_clean_baseline_20260712,20260712,fly1,analysis_absolute,full,EVALUATED,DIAGNOSTIC_EVALUATION,COMPLIANT_EXPERIMENT_ROOT,C:/Users/baloney/Desktop/实验目录/P4_clean_baseline_20260712/runs/20260712_131640_fly1_I0_I2_full/fly1_I2_full/analysis_absolute,,,,,,,,,,,,,,,,963.599999904,30.66554150957619,14800.66493517221,77662.57597618275,214.6987470447933,215.26555293917545,,,-1112.183658444825,,,,
P4-EVALUATION-656c01545b1d,evaluation,P4_RELATED_UNCLASSIFIED,P4_clean_baseline_20260712,20260712,fly1,analysis_airborne,full,EVALUATED,DIAGNOSTIC_EVALUATION,COMPLIANT_EXPERIMENT_ROOT,C:/Users/baloney/Desktop/实验目录/P4_clean_baseline_20260712/runs/20260712_131640_fly1_I0_I2_full/fly1_I2_full/analysis_airborne,,,,,,,,,,,,,,,,780.799999952,29.986686391767993,627.8136296497518,496.10053596783575,7.530275610164379,12.151905957816115,,,386.5536589866189,,,,
P4-EVALUATION-92848564612a,evaluation,P4_RELATED_UNCLASSIFIED,P4_clean_baseline_20260712,20260712,fly1,analysis_relative,full,EVALUATED,DIAGNOSTIC_EVALUATION,COMPLIANT_EXPERIMENT_ROOT,C:/Users/baloney/Desktop/实验目录/P4_clean_baseline_20260712/runs/20260712_131640_fly1_I0_I2_full/fly1_I2_full/analysis_relative,,,,,,,,,,,,,,,,963.599999904,30.66554150957619,14843.960723473534,77807.73052502851,214.6987470447933,215.19848633082933,,,-1111.1436253442744,,,,
P4-RAW_RUN-24077314641d,raw_run,P4_RELATED_UNCLASSIFIED,P4_clean_baseline_20260712,20260712,fly1,fly1_C0_june12_ground_kd_locked,short,ARTIFACT_WITHOUT_EXIT_RECEIPT,RUNTIME_ONLY,COMPLIANT_EXPERIMENT_ROOT,C:/Users/baloney/Desktop/实验目录/P4_clean_baseline_20260712/calibration_isolation/20260712_145359_fly1_C0_C2_short/fly1_C0_june12_ground_kd_locked,C:/Users/baloney/Desktop/实验目录/P4_clean_baseline_20260712/calibration_isolation/20260712_145359_fly1_C0_C2_short/fly1_C0_june12_ground_kd_locked/traj_nav.txt,,,,,,,,,,,2350,,,,,,,,,,,,,,,1,missing_command
P4-RAW_RUN-dc48539cf6ea,raw_run,P4_RELATED_UNCLASSIFIED,P4_clean_baseline_20260712,20260712,fly1,fly1_C1_historical_fly3_online_final_kd_locked,short,ARTIFACT_WITHOUT_EXIT_RECEIPT,RUNTIME_ONLY,COMPLIANT_EXPERIMENT_ROOT,C:/Users/baloney/Desktop/实验目录/P4_clean_baseline_20260712/calibration_isolation/20260712_145359_fly1_C0_C2_short/fly1_C1_historical_fly3_online_final_kd_locked,C:/Users/baloney/Desktop/实验目录/P4_clean_baseline_20260712/calibration_isolation/20260712_145359_fly1_C0_C2_short/fly1_C1_historical_fly3_online_final_kd_locked/traj_nav.txt,,,,,,,,,,,2350,,,,,,,,,,,,,,,1,missing_command
P4-RAW_RUN-521230129716,raw_run,P4_RELATED_UNCLASSIFIED,P4_clean_baseline_20260712,20260712,fly1,fly1_C2_june12_initial_online_kd_only,short,ARTIFACT_WITHOUT_EXIT_RECEIPT,RUNTIME_ONLY,COMPLIANT_EXPERIMENT_ROOT,C:/Users/baloney/Desktop/实验目录/P4_clean_baseline_20260712/calibration_isolation/20260712_145359_fly1_C0_C2_short/fly1_C2_june12_initial_online_kd_only,C:/Users/baloney/Desktop/实验目录/P4_clean_baseline_20260712/calibration_isolation/20260712_145359_fly1_C0_C2_short/fly1_C2_june12_initial_online_kd_only/traj_nav.txt,,,,,,,,,,,2350,,,,,,,,,,,,,,,1,missing_command
P4-RAW_RUN-0fe54a05ff92,raw_run,P4_RELATED_UNCLASSIFIED,P4_clean_baseline_20260712,20260712,fly1,fly1_I0_short,short,ARTIFACT_WITHOUT_EXIT_RECEIPT,RUNTIME_ONLY,COMPLIANT_EXPERIMENT_ROOT,C:/Users/baloney/Desktop/实验目录/P4_clean_baseline_20260712/runs/20260712_125521_fly1_I0_I2_short/fly1_I0_short,C:/Users/baloney/Desktop/实验目录/P4_clean_baseline_20260712/runs/20260712_125521_fly1_I0_I2_short/fly1_I0_short/traj_nav.txt,,,,,,,,,,,2350,,,,,,,,,,,,,,,1,missing_command
P4-RAW_RUN-fc8a850a2335,raw_run,P4_RELATED_UNCLASSIFIED,P4_clean_baseline_20260712,20260712,fly1,fly1_I1_short,short,ARTIFACT_WITHOUT_EXIT_RECEIPT,RUNTIME_ONLY,COMPLIANT_EXPERIMENT_ROOT,C:/Users/baloney/Desktop/实验目录/P4_clean_baseline_20260712/runs/20260712_125521_fly1_I0_I2_short/fly1_I1_short,C:/Users/baloney/Desktop/实验目录/P4_clean_baseline_20260712/runs/20260712_125521_fly1_I0_I2_short/fly1_I1_short/traj_nav.txt,,,,,,,,,,,2350,,,,,,,,,,,,,,,1,missing_command
P4-RAW_RUN-d93dbb5c0081,raw_run,P4_RELATED_UNCLASSIFIED,P4_clean_baseline_20260712,20260712,fly1,fly1_I2_short,short,ARTIFACT_WITHOUT_EXIT_RECEIPT,RUNTIME_ONLY,COMPLIANT_EXPERIMENT_ROOT,C:/Users/baloney/Desktop/实验目录/P4_clean_baseline_20260712/runs/20260712_125521_fly1_I0_I2_short/fly1_I2_short,C:/Users/baloney/Desktop/实验目录/P4_clean_baseline_20260712/runs/20260712_125521_fly1_I0_I2_short/fly1_I2_short/traj_nav.txt,,,,,,,,,,,2350,,,,,,,,,,,,,,,1,missing_command
P4-RAW_RUN-dc0cd643dd2f,raw_run,P4_RELATED_UNCLASSIFIED,P4_clean_baseline_20260712,20260712,fly1,fly1_I0_short,short,ARTIFACT_WITHOUT_EXIT_RECEIPT,RUNTIME_ONLY,COMPLIANT_EXPERIMENT_ROOT,C:/Users/baloney/Desktop/实验目录/P4_clean_baseline_20260712/runs/20260712_130035_fly1_I0_I2_short/fly1_I0_short,C:/Users/baloney/Desktop/实验目录/P4_clean_baseline_20260712/runs/20260712_130035_fly1_I0_I2_short/fly1_I0_short/traj_nav.txt,,,,,,,,,,,2350,,,,,,,,,,,,,,,1,missing_command
P4-RAW_RUN-79d39a6b608b,raw_run,P4_RELATED_UNCLASSIFIED,P4_clean_baseline_20260712,20260712,fly1,fly1_I1_short,short,ARTIFACT_WITHOUT_EXIT_RECEIPT,RUNTIME_ONLY,COMPLIANT_EXPERIMENT_ROOT,C:/Users/baloney/Desktop/实验目录/P4_clean_baseline_20260712/runs/20260712_130035_fly1_I0_I2_short/fly1_I1_short,C:/Users/baloney/Desktop/实验目录/P4_clean_baseline_20260712/runs/20260712_130035_fly1_I0_I2_short/fly1_I1_short/traj_nav.txt,,,,,,,,,,,2350,,,,,,,,,,,,,,,1,missing_command
P4-RAW_RUN-e1e832f12adb,raw_run,P4_RELATED_UNCLASSIFIED,P4_clean_baseline_20260712,20260712,fly1,fly1_I2_short,short,ARTIFACT_WITHOUT_EXIT_RECEIPT,RUNTIME_ONLY,COMPLIANT_EXPERIMENT_ROOT,C:/Users/baloney/Desktop/实验目录/P4_clean_baseline_20260712/runs/20260712_130035_fly1_I0_I2_short/fly1_I2_short,C:/Users/baloney/Desktop/实验目录/P4_clean_baseline_20260712/runs/20260712_130035_fly1_I0_I2_short/fly1_I2_short/traj_nav.txt,,,,,,,,,,,2350,,,,,,,,,,,,,,,1,missing_command
P4-RAW_RUN-e9c221cf59a5,raw_run,P4_RELATED_UNCLASSIFIED,P4_clean_baseline_20260712,20260712,fly1,fly1_I0_full,full,ARTIFACT_WITHOUT_EXIT_RECEIPT,RUNTIME_ONLY,COMPLIANT_EXPERIMENT_ROOT,C:/Users/baloney/Desktop/实验目录/P4_clean_baseline_20260712/runs/20260712_131640_fly1_I0_I2_full/fly1_I0_full,C:/Users/baloney/Desktop/实验目录/P4_clean_baseline_20260712/runs/20260712_131640_fly1_I0_I2_full/fly1_I0_full/traj_nav.txt,,,,,,,,,,,30180,,,,,,,,,,,,,,,1,missing_command
P4-RAW_RUN-c57666597757,raw_run,P4_RELATED_UNCLASSIFIED,P4_clean_baseline_20260712,20260712,fly1,fly1_I2_full,full,ARTIFACT_WITHOUT_EXIT_RECEIPT,RUNTIME_ONLY,COMPLIANT_EXPERIMENT_ROOT,C:/Users/baloney/Desktop/实验目录/P4_clean_baseline_20260712/runs/20260712_131640_fly1_I0_I2_full/fly1_I2_full,C:/Users/baloney/Desktop/实验目录/P4_clean_baseline_20260712/runs/20260712_131640_fly1_I0_I2_full/fly1_I2_full/traj_nav.txt,,,,,,,,,,,30180,,,,,,,,,,,,,,,1,missing_command
P4-EVALUATION-b9df34740ac4,evaluation,P4_RELATED_UNCLASSIFIED,P4_clean_baseline_20260712,20260712,fly3,analysis_absolute,short,EVALUATED,DIAGNOSTIC_EVALUATION,COMPLIANT_EXPERIMENT_ROOT,C:/Users/baloney/Desktop/实验目录/P4_clean_baseline_20260712/calibration_isolation/20260712_145555_fly3_C0_C2_short/fly3_C0_june12_ground_kd_locked/analysis_absolute,,,,,,,,,,,,,,,,150.0,5.7992175116933256,284.4820636043031,159.32753686385692,5.222398366687156,5.755674230838106,,,94.29927357764637,,,,
P4-EVALUATION-89d31637495b,evaluation,P4_RELATED_UNCLASSIFIED,P4_clean_baseline_20260712,20260712,fly3,analysis_absolute,short,EVALUATED,DIAGNOSTIC_EVALUATION,COMPLIANT_EXPERIMENT_ROOT,C:/Users/baloney/Desktop/实验目录/P4_clean_baseline_20260712/calibration_isolation/20260712_145555_fly3_C0_C2_short/fly3_C1_historical_fly3_online_final_kd_locked/analysis_absolute,,,,,,,,,,,,,,,,150.0,5.7992175116933256,80.07674832894273,75.40420366304268,0.6216535687580063,1.765127538964794,,,1.0490303236464058,,,,
P4-EVALUATION-38b7f872fc5f,evaluation,P4_RELATED_UNCLASSIFIED,P4_clean_baseline_20260712,20260712,fly3,analysis_absolute,short,EVALUATED,DIAGNOSTIC_EVALUATION,COMPLIANT_EXPERIMENT_ROOT,C:/Users/baloney/Desktop/实验目录/P4_clean_baseline_20260712/calibration_isolation/20260712_145555_fly3_C0_C2_short/fly3_C2_june12_initial_online_kd_only/analysis_absolute,,,,,,,,,,,,,,,,150.0,5.7992175116933256,187.0431210594699,151.8235772839351,0.9110056211451291,3.01175580121599,,,0.2847230386464048,,,,
P4-EVALUATION-4161a1cc4dd4,evaluation,P4_RELATED_UNCLASSIFIED,P4_clean_baseline_20260712,20260712,fly3,analysis_absolute,short,EVALUATED,DIAGNOSTIC_EVALUATION,COMPLIANT_EXPERIMENT_ROOT,C:/Users/baloney/Desktop/实验目录/P4_clean_baseline_20260712/runs/20260712_130304_fly3_I0_I2_short/fly3_I0_short/analysis_absolute,,,,,,,,,,,,,,,,150.0,5.7992175116933256,325.4381480650146,240.63978479382004,4.403658393765061,6.187326740256092,,,104.10829808964638,,,,
P4-EVALUATION-d733edcc3a96,evaluation,P4_RELATED_UNCLASSIFIED,P4_clean_baseline_20260712,20260712,fly3,analysis_relative,short,EVALUATED,DIAGNOSTIC_EVALUATION,COMPLIANT_EXPERIMENT_ROOT,C:/Users/baloney/Desktop/实验目录/P4_clean_baseline_20260712/runs/20260712_130304_fly3_I0_I2_short/fly3_I0_short/analysis_relative,,,,,,,,,,,,,,,,150.0,5.7992175116933256,481.43863684284185,377.6663832306009,4.403658393765062,7.851118051374971,,,104.27362671784493,,,,
P4-EVALUATION-728cbfc86f6e,evaluation,P4_RELATED_UNCLASSIFIED,P4_clean_baseline_20260712,20260712,fly3,analysis_absolute,short,EVALUATED,DIAGNOSTIC_EVALUATION,COMPLIANT_EXPERIMENT_ROOT,C:/Users/baloney/Desktop/实验目录/P4_clean_baseline_20260712/runs/20260712_130304_fly3_I0_I2_short/fly3_I1_short/analysis_absolute,,,,,,,,,,,,,,,,150.0,5.7992175116933256,323.54187620403206,241.9824825584982,4.387014109940803,6.157869637666338,,,106.10437832164638,,,,
P4-EVALUATION-b8bc6ace8222,evaluation,P4_RELATED_UNCLASSIFIED,P4_clean_baseline_20260712,20260712,fly3,analysis_relative,short,EVALUATED,DIAGNOSTIC_EVALUATION,COMPLIANT_EXPERIMENT_ROOT,C:/Users/baloney/Desktop/实验目录/P4_clean_baseline_20260712/runs/20260712_130304_fly3_I0_I2_short/fly3_I1_short/analysis_relative,,,,,,,,,,,,,,,,150.0,5.7992175116933256,480.90755328097384,380.8712840722154,4.387014109940804,7.8356987435326815,,,106.21597635084487,,,,
P4-EVALUATION-d73bf9bdf603,evaluation,P4_RELATED_UNCLASSIFIED,P4_clean_baseline_20260712,20260712,fly3,analysis_absolute,short,EVALUATED,DIAGNOSTIC_EVALUATION,COMPLIANT_EXPERIMENT_ROOT,C:/Users/baloney/Desktop/实验目录/P4_clean_baseline_20260712/runs/20260712_130304_fly3_I0_I2_short/fly3_I2_short/analysis_absolute,,,,,,,,,,,,,,,,150.0,5.7992175116933256,284.4820636043031,159.32753686385692,5.222398366687156,5.755674230838106,,,94.29927357764637,,,,
P4-EVALUATION-c83a9d9f1135,evaluation,P4_RELATED_UNCLASSIFIED,P4_clean_baseline_20260712,20260712,fly3,analysis_relative,short,EVALUATED,DIAGNOSTIC_EVALUATION,COMPLIANT_EXPERIMENT_ROOT,C:/Users/baloney/Desktop/实验目录/P4_clean_baseline_20260712/runs/20260712_130304_fly3_I0_I2_short/fly3_I2_short/analysis_relative,,,,,,,,,,,,,,,,150.0,5.7992175116933256,364.4901220112531,262.7808114622552,5.222398366687157,6.354233403802773,,,93.7789617698449,,,,
P4-EVALUATION-3d6fcaf42006,evaluation,P4_RELATED_UNCLASSIFIED,P4_clean_baseline_20260712,20260712,fly3,analysis_absolute,full,EVALUATED,DIAGNOSTIC_EVALUATION,COMPLIANT_EXPERIMENT_ROOT,C:/Users/baloney/Desktop/实验目录/P4_clean_baseline_20260712/runs/20260712_131640_fly3_I0_I2_full/fly3_I0_full/analysis_absolute,,,,,,,,,,,,,,,,1217.399999857,41.97850217623212,3857.0156594971963,24246.589818268763,71.80501041722489,74.78146704982385,,,7672.038253954762,,,,
P4-EVALUATION-1ec8569620c4,evaluation,P4_RELATED_UNCLASSIFIED,P4_clean_baseline_20260712,20260712,fly3,analysis_airborne,full,EVALUATED,DIAGNOSTIC_EVALUATION,COMPLIANT_EXPERIMENT_ROOT,C:/Users/baloney/Desktop/实验目录/P4_clean_baseline_20260712/runs/20260712_131640_fly3_I0_I2_full/fly3_I0_full/analysis_airborne,,,,,,,,,,,,,,,,1103.399999857,41.461747512817674,1805.4624570103294,654.4933374146848,8.70419239600192,21.932774490211443,,,513.2791855269325,,,,
P4-EVALUATION-b57d2e8e1fe2,evaluation,P4_RELATED_UNCLASSIFIED,P4_clean_baseline_20260712,20260712,fly3,analysis_relative,full,EVALUATED,DIAGNOSTIC_EVALUATION,COMPLIANT_EXPERIMENT_ROOT,C:/Users/baloney/Desktop/实验目录/P4_clean_baseline_20260712/runs/20260712_131640_fly3_I0_I2_full/fly3_I0_full/analysis_relative,,,,,,,,,,,,,,,,1217.399999857,41.97850217623212,3915.9044738407206,24178.525313109523,71.80501041722489,75.39149428905877,,,7672.203582582961,,,,
P4-EVALUATION-95014aa2885b,evaluation,P4_RELATED_UNCLASSIFIED,P4_clean_baseline_20260712,20260712,fly3,analysis_absolute,full,EVALUATED,DIAGNOSTIC_EVALUATION,COMPLIANT_EXPERIMENT_ROOT,C:/Users/baloney/Desktop/实验目录/P4_clean_baseline_20260712/runs/20260712_131640_fly3_I0_I2_full/fly3_I2_full/analysis_absolute,,,,,,,,,,,,,,,,1217.399999857,41.97850217623212,3585.2243888806092,22628.088997928495,66.8341879382971,69.31585377665513,,,8197.810136903761,,,,
P4-EVALUATION-a0a25468c887,evaluation,P4_RELATED_UNCLASSIFIED,P4_clean_baseline_20260712,20260712,fly3,analysis_airborne,full,EVALUATED,DIAGNOSTIC_EVALUATION,COMPLIANT_EXPERIMENT_ROOT,C:/Users/baloney/Desktop/实验目录/P4_clean_baseline_20260712/runs/20260712_131640_fly3_I0_I2_full/fly3_I2_full/analysis_airborne,,,,,,,,,,,,,,,,1103.399999857,41.461747512817674,1633.5515951872967,667.3654172016178,8.937268421912064,19.514663610631406,,,533.8800822129324,,,,
P4-EVALUATION-998bd61858a9,evaluation,P4_RELATED_UNCLASSIFIED,P4_clean_baseline_20260712,20260712,fly3,analysis_relative,full,EVALUATED,DIAGNOSTIC_EVALUATION,COMPLIANT_EXPERIMENT_ROOT,C:/Users/baloney/Desktop/实验目录/P4_clean_baseline_20260712/runs/20260712_131640_fly3_I0_I2_full/fly3_I2_full/analysis_relative,,,,,,,,,,,,,,,,1217.399999857,41.97850217623212,3629.601276430546,22570.249908205984,66.83418793829712,69.76808956424404,,,8197.28982509596,,,,
P4-RAW_RUN-6cd1bf4423dc,raw_run,P4_RELATED_UNCLASSIFIED,P4_clean_baseline_20260712,20260712,fly3,fly3_C0_june12_ground_kd_locked,short,ARTIFACT_WITHOUT_EXIT_RECEIPT,RUNTIME_ONLY,COMPLIANT_EXPERIMENT_ROOT,C:/Users/baloney/Desktop/实验目录/P4_clean_baseline_20260712/calibration_isolation/20260712_145555_fly3_C0_C2_short/fly3_C0_june12_ground_kd_locked,C:/Users/baloney/Desktop/实验目录/P4_clean_baseline_20260712/calibration_isolation/20260712_145555_fly3_C0_C2_short/fly3_C0_june12_ground_kd_locked/traj_nav.txt,,,,,,,,,,,4509,,,,,,,,,,,,,,,1,missing_command
P4-RAW_RUN-365d8585296c,raw_run,P4_RELATED_UNCLASSIFIED,P4_clean_baseline_20260712,20260712,fly3,fly3_C1_historical_fly3_online_final_kd_locked,short,ARTIFACT_WITHOUT_EXIT_RECEIPT,RUNTIME_ONLY,COMPLIANT_EXPERIMENT_ROOT,C:/Users/baloney/Desktop/实验目录/P4_clean_baseline_20260712/calibration_isolation/20260712_145555_fly3_C0_C2_short/fly3_C1_historical_fly3_online_final_kd_locked,C:/Users/baloney/Desktop/实验目录/P4_clean_baseline_20260712/calibration_isolation/20260712_145555_fly3_C0_C2_short/fly3_C1_historical_fly3_online_final_kd_locked/traj_nav.txt,,,,,,,,,,,4509,,,,,,,,,,,,,,,1,missing_command
P4-RAW_RUN-7788b2608c5a,raw_run,P4_RELATED_UNCLASSIFIED,P4_clean_baseline_20260712,20260712,fly3,fly3_C2_june12_initial_online_kd_only,short,ARTIFACT_WITHOUT_EXIT_RECEIPT,RUNTIME_ONLY,COMPLIANT_EXPERIMENT_ROOT,C:/Users/baloney/Desktop/实验目录/P4_clean_baseline_20260712/calibration_isolation/20260712_145555_fly3_C0_C2_short/fly3_C2_june12_initial_online_kd_only,C:/Users/baloney/Desktop/实验目录/P4_clean_baseline_20260712/calibration_isolation/20260712_145555_fly3_C0_C2_short/fly3_C2_june12_initial_online_kd_only/traj_nav.txt,,,,,,,,,,,4509,,,,,,,,,,,,,,,1,missing_command
P4-RAW_RUN-e20f6a8e4727,raw_run,P4_RELATED_UNCLASSIFIED,P4_clean_baseline_20260712,20260712,fly3,fly3_I0_short,short,ARTIFACT_WITHOUT_EXIT_RECEIPT,RUNTIME_ONLY,COMPLIANT_EXPERIMENT_ROOT,C:/Users/baloney/Desktop/实验目录/P4_clean_baseline_20260712/runs/20260712_130304_fly3_I0_I2_short/fly3_I0_short,C:/Users/baloney/Desktop/实验目录/P4_clean_baseline_20260712/runs/20260712_130304_fly3_I0_I2_short/fly3_I0_short/traj_nav.txt,,,,,,,,,,,4509,,,,,,,,,,,,,,,1,missing_command
P4-RAW_RUN-b8d7f24d9cc5,raw_run,P4_RELATED_UNCLASSIFIED,P4_clean_baseline_20260712,20260712,fly3,fly3_I1_short,short,ARTIFACT_WITHOUT_EXIT_RECEIPT,RUNTIME_ONLY,COMPLIANT_EXPERIMENT_ROOT,C:/Users/baloney/Desktop/实验目录/P4_clean_baseline_20260712/runs/20260712_130304_fly3_I0_I2_short/fly3_I1_short,C:/Users/baloney/Desktop/实验目录/P4_clean_baseline_20260712/runs/20260712_130304_fly3_I0_I2_short/fly3_I1_short/traj_nav.txt,,,,,,,,,,,4509,,,,,,,,,,,,,,,1,missing_command
P4-RAW_RUN-fe899bd6011c,raw_run,P4_RELATED_UNCLASSIFIED,P4_clean_baseline_20260712,20260712,fly3,fly3_I2_short,short,ARTIFACT_WITHOUT_EXIT_RECEIPT,RUNTIME_ONLY,COMPLIANT_EXPERIMENT_ROOT,C:/Users/baloney/Desktop/实验目录/P4_clean_baseline_20260712/runs/20260712_130304_fly3_I0_I2_short/fly3_I2_short,C:/Users/baloney/Desktop/实验目录/P4_clean_baseline_20260712/runs/20260712_130304_fly3_I0_I2_short/fly3_I2_short/traj_nav.txt,,,,,,,,,,,4509,,,,,,,,,,,,,,,1,missing_command
P4-RAW_RUN-683fb6e157ca,raw_run,P4_RELATED_UNCLASSIFIED,P4_clean_baseline_20260712,20260712,fly3,fly3_I0_full,full,ARTIFACT_WITHOUT_EXIT_RECEIPT,RUNTIME_ONLY,COMPLIANT_EXPERIMENT_ROOT,C:/Users/baloney/Desktop/实验目录/P4_clean_baseline_20260712/runs/20260712_131640_fly3_I0_I2_full/fly3_I0_full,C:/Users/baloney/Desktop/实验目录/P4_clean_baseline_20260712/runs/20260712_131640_fly3_I0_I2_full/fly3_I0_full/traj_nav.txt,,,,,,,,,,,36513,,,,,,,,,,,,,,,1,missing_command
P4-RAW_RUN-ed343a1167cf,raw_run,P4_RELATED_UNCLASSIFIED,P4_clean_baseline_20260712,20260712,fly3,fly3_I2_full,full,ARTIFACT_WITHOUT_EXIT_RECEIPT,RUNTIME_ONLY,COMPLIANT_EXPERIMENT_ROOT,C:/Users/baloney/Desktop/实验目录/P4_clean_baseline_20260712/runs/20260712_131640_fly3_I0_I2_full/fly3_I2_full,C:/Users/baloney/Desktop/实验目录/P4_clean_baseline_20260712/runs/20260712_131640_fly3_I0_I2_full/fly3_I2_full/traj_nav.txt,,,,,,,,,,,36513,,,,,,,,,,,,,,,1,missing_command
P4-RAW_RUN-21f14c092736,raw_run,P4,P4_online_joint_alignment_20260712,20260712,fly1,fly1_no_visual_negative_control,short,FAILED,RUNTIME_ONLY,COMPLIANT_EXPERIMENT_ROOT,C:/Users/baloney/Desktop/实验目录/P4_online_joint_alignment_20260712/runs/20260712_200134_causal_monocular_joint_short/fly1_no_visual_negative_control,C:/Users/baloney/Desktop/实验目录/P4_online_joint_alignment_20260712/runs/20260712_200134_causal_monocular_joint_short/fly1_no_visual_negative_control/traj_nav.txt,,925,996,online_multisensor_alignment,,,12,,,1,1,,,,,,,,,,,,,511cb54e2e6197d3c1d4f3e44648052f8c6f6aadb88a3ab84b342cc569048198,2,1,
P4-RAW_RUN-3da4b05a7d5f,raw_run,P4,P4_online_joint_alignment_20260712,20260712,fly1,fly1_real_joint,short,FAILED,RUNTIME_ONLY,COMPLIANT_EXPERIMENT_ROOT,C:/Users/baloney/Desktop/实验目录/P4_online_joint_alignment_20260712/runs/20260712_200134_causal_monocular_joint_short/fly1_real_joint,C:/Users/baloney/Desktop/实验目录/P4_online_joint_alignment_20260712/runs/20260712_200134_causal_monocular_joint_short/fly1_real_joint/traj_nav.txt,,925,996,online_multisensor_alignment,,,12,,,1,1,,,,,,,,,,,,,8171b086ebc679793db2999e991d5ce30eb0390b850df1a6738e1b54fdf4df0d,2,1,
P4-RAW_RUN-764331f3d2f1,raw_run,P4,P4_online_joint_alignment_20260712,20260712,fly1,fly1_no_visual_negative_control,short,FAILED,RUNTIME_ONLY,COMPLIANT_EXPERIMENT_ROOT,C:/Users/baloney/Desktop/实验目录/P4_online_joint_alignment_20260712/runs/20260712_200800_causal_monocular_joint_short/fly1_no_visual_negative_control,C:/Users/baloney/Desktop/实验目录/P4_online_joint_alignment_20260712/runs/20260712_200800_causal_monocular_joint_short/fly1_no_visual_negative_control/traj_nav.txt,,925,996,online_multisensor_alignment,,,12,,,1,1,,,,,,,,,,,,,511cb54e2e6197d3c1d4f3e44648052f8c6f6aadb88a3ab84b342cc569048198,2,1,
P4-RAW_RUN-97b059cd5860,raw_run,P4,P4_online_joint_alignment_20260712,20260712,fly1,fly1_real_joint,short,FAILED,RUNTIME_ONLY,COMPLIANT_EXPERIMENT_ROOT,C:/Users/baloney/Desktop/实验目录/P4_online_joint_alignment_20260712/runs/20260712_200800_causal_monocular_joint_short/fly1_real_joint,C:/Users/baloney/Desktop/实验目录/P4_online_joint_alignment_20260712/runs/20260712_200800_causal_monocular_joint_short/fly1_real_joint/traj_nav.txt,,925,996,online_multisensor_alignment,,,12,,,1,1,,,,,,,,,,,,,8171b086ebc679793db2999e991d5ce30eb0390b850df1a6738e1b54fdf4df0d,2,1,
P4-RAW_RUN-6d859b615841,raw_run,P4,P4_online_joint_alignment_20260712,20260712,fly1,fly1_no_visual_negative_control,short,FAILED,RUNTIME_ONLY,COMPLIANT_EXPERIMENT_ROOT,C:/Users/baloney/Desktop/实验目录/P4_online_joint_alignment_20260712/runs/20260712_201211_causal_monocular_joint_short/fly1_no_visual_negative_control,C:/Users/baloney/Desktop/实验目录/P4_online_joint_alignment_20260712/runs/20260712_201211_causal_monocular_joint_short/fly1_no_visual_negative_control/traj_nav.txt,,925,996,online_multisensor_alignment,,,12,,,1,1,,,,,,,,,,,,,516e0ad662128341f95b99339410dd17c354c4cfe28bb75c3ccf70d6a3f55352,1,1,
P4-RAW_RUN-1650e1246e56,raw_run,P4,P4_online_joint_alignment_20260712,20260712,fly1,fly1_real_joint,short,FAILED,RUNTIME_ONLY,COMPLIANT_EXPERIMENT_ROOT,C:/Users/baloney/Desktop/实验目录/P4_online_joint_alignment_20260712/runs/20260712_201211_causal_monocular_joint_short/fly1_real_joint,C:/Users/baloney/Desktop/实验目录/P4_online_joint_alignment_20260712/runs/20260712_201211_causal_monocular_joint_short/fly1_real_joint/traj_nav.txt,,925,996,online_multisensor_alignment,,,12,,,1,1,,,,,,,,,,,,,1ca536262773d3142bff6ab3d42aed7744932a8fd27d7f8234e6553886e5aa8f,1,1,
P4-RAW_RUN-b3776ac78666,raw_run,P4,P4_online_joint_alignment_20260712,20260712,fly1,fly1_no_visual_negative_control,short,FAILED,RUNTIME_ONLY,COMPLIANT_EXPERIMENT_ROOT,C:/Users/baloney/Desktop/实验目录/P4_online_joint_alignment_20260712/runs/20260712_201637_causal_monocular_joint_short/fly1_no_visual_negative_control,C:/Users/baloney/Desktop/实验目录/P4_online_joint_alignment_20260712/runs/20260712_201637_causal_monocular_joint_short/fly1_no_visual_negative_control/traj_nav.txt,,925,996,online_multisensor_alignment,,,12,,,1,1,,,,,,,,,,,,,6f1f28f8f2d14adbbe801399d171c1ca64bea5c945926b270694d090e8f78434,1,1,
P4-RAW_RUN-d2f40ec3318d,raw_run,P4,P4_online_joint_alignment_20260712,20260712,fly1,fly1_real_joint,short,SUCCESS_WITH_TRAJECTORY,RUNTIME_ONLY,COMPLIANT_EXPERIMENT_ROOT,C:/Users/baloney/Desktop/实验目录/P4_online_joint_alignment_20260712/runs/20260712_201637_causal_monocular_joint_short/fly1_real_joint,C:/Users/baloney/Desktop/实验目录/P4_online_joint_alignment_20260712/runs/20260712_201637_causal_monocular_joint_short/fly1_real_joint/traj_nav.txt,,925,996,online_multisensor_alignment,,,12,,,0,545,,,,,,,,,,,,,469e652fe947038d145ae9e0d4ebf1b44363127e8543f26094d44d03c2f33711,1,1,
P4-RAW_RUN-88a12111093f,raw_run,P4,P4_online_joint_alignment_20260712,20260712,fly1,fly1_no_visual_negative_control,short,FAILED,RUNTIME_ONLY,COMPLIANT_EXPERIMENT_ROOT,C:/Users/baloney/Desktop/实验目录/P4_online_joint_alignment_20260712/runs/20260712_202438_causal_monocular_joint_short/fly1_no_visual_negative_control,C:/Users/baloney/Desktop/实验目录/P4_online_joint_alignment_20260712/runs/20260712_202438_causal_monocular_joint_short/fly1_no_visual_negative_control/traj_nav.txt,,925,1040,online_multisensor_alignment,,,12,,,1,1,,,,,,,,,,,,,181c3ddfcb348292215e991319213442a70b404785b99765c2c57f01ec219506,1,1,
P4-RAW_RUN-f3587d637050,raw_run,P4,P4_online_joint_alignment_20260712,20260712,fly1,fly1_real_joint,short,SUCCESS_WITH_TRAJECTORY,RUNTIME_ONLY,COMPLIANT_EXPERIMENT_ROOT,C:/Users/baloney/Desktop/实验目录/P4_online_joint_alignment_20260712/runs/20260712_202438_causal_monocular_joint_short/fly1_real_joint,C:/Users/baloney/Desktop/实验目录/P4_online_joint_alignment_20260712/runs/20260712_202438_causal_monocular_joint_short/fly1_real_joint/traj_nav.txt,,925,1040,online_multisensor_alignment,,,12,,,0,3101,,,,,,,,,,,,,0c8c2a779aac99ac65cddaabd4f181f686e3512c0661667fd6c7e6573d0b35b6,1,1,
P4-RAW_RUN-270b2d76e8e8,raw_run,P4,P4_online_joint_alignment_20260712,20260712,fly3,fly3_real_joint,short,FAILED,RUNTIME_ONLY,COMPLIANT_EXPERIMENT_ROOT,C:/Users/baloney/Desktop/实验目录/P4_online_joint_alignment_20260712/runs/20260712_200134_causal_monocular_joint_short/fly3_real_joint,C:/Users/baloney/Desktop/实验目录/P4_online_joint_alignment_20260712/runs/20260712_200134_causal_monocular_joint_short/fly3_real_joint/traj_nav.txt,,613,752,online_multisensor_alignment,,,12,,,1,1,,,,,,,,,,,,,e98a7136fc87ea4d642f1ca492683c385051052a5c5e52d291b5e9193a5982de,2,1,
P4-RAW_RUN-bb62fd4fa7f8,raw_run,P4,P4_online_joint_alignment_20260712,20260712,fly3,fly3_real_joint,short,FAILED,RUNTIME_ONLY,COMPLIANT_EXPERIMENT_ROOT,C:/Users/baloney/Desktop/实验目录/P4_online_joint_alignment_20260712/runs/20260712_200800_causal_monocular_joint_short/fly3_real_joint,C:/Users/baloney/Desktop/实验目录/P4_online_joint_alignment_20260712/runs/20260712_200800_causal_monocular_joint_short/fly3_real_joint/traj_nav.txt,,613,752,online_multisensor_alignment,,,12,,,1,1,,,,,,,,,,,,,e98a7136fc87ea4d642f1ca492683c385051052a5c5e52d291b5e9193a5982de,2,1,
P4-RAW_RUN-6d875745ad68,raw_run,P4,P4_online_joint_alignment_20260712,20260712,fly3,fly3_real_joint,short,FAILED,RUNTIME_ONLY,COMPLIANT_EXPERIMENT_ROOT,C:/Users/baloney/Desktop/实验目录/P4_online_joint_alignment_20260712/runs/20260712_201211_causal_monocular_joint_short/fly3_real_joint,C:/Users/baloney/Desktop/实验目录/P4_online_joint_alignment_20260712/runs/20260712_201211_causal_monocular_joint_short/fly3_real_joint/traj_nav.txt,,613,752,online_multisensor_alignment,,,12,,,1,1,,,,,,,,,,,,,5a7a89fc144db8961d0b8bcd811adc0e642fbb96a85ac1eb174ac91e12366a39,1,1,
P4-RAW_RUN-ce9c04069fad,raw_run,P4,P4_online_joint_alignment_20260712,20260712,fly3,fly3_real_joint,short,FAILED,RUNTIME_ONLY,COMPLIANT_EXPERIMENT_ROOT,C:/Users/baloney/Desktop/实验目录/P4_online_joint_alignment_20260712/runs/20260712_201637_causal_monocular_joint_short/fly3_real_joint,C:/Users/baloney/Desktop/实验目录/P4_online_joint_alignment_20260712/runs/20260712_201637_causal_monocular_joint_short/fly3_real_joint/traj_nav.txt,,613,752,online_multisensor_alignment,,,12,,,1,1,,,,,,,,,,,,,296d54289d243daa284404900be675a50ceec54cd1c8b93f7a380f163edc445d,1,1,
P4-RAW_RUN-cf64f497302c,raw_run,P4,P4_online_joint_alignment_20260712,20260712,fly3,fly3_real_joint,short,SUCCESS_WITH_TRAJECTORY,RUNTIME_ONLY,COMPLIANT_EXPERIMENT_ROOT,C:/Users/baloney/Desktop/实验目录/P4_online_joint_alignment_20260712/runs/20260712_202438_causal_monocular_joint_short/fly3_real_joint,C:/Users/baloney/Desktop/实验目录/P4_online_joint_alignment_20260712/runs/20260712_202438_causal_monocular_joint_short/fly3_real_joint/traj_nav.txt,,613,780,online_multisensor_alignment,,,12,,,0,676,,,,,,,,,,,,,99577ddcf0a402d5ae2d16c8fd81043fbdb0a685104d338020a28810dd593d2b,1,1,
P4-RAW_RUN-c7b4e489ff0e,raw_run,P4,P4_online_joint_alignment_20260712,20260712,fly3,fly3_real_joint_extended_60s,short,SUCCESS_WITH_TRAJECTORY,RUNTIME_ONLY,COMPLIANT_EXPERIMENT_ROOT,C:/Users/baloney/Desktop/实验目录/P4_online_joint_alignment_20260712/runs/20260712_203145_causal_monocular_joint_short/fly3_real_joint_extended_60s,C:/Users/baloney/Desktop/实验目录/P4_online_joint_alignment_20260712/runs/20260712_203145_causal_monocular_joint_short/fly3_real_joint_extended_60s/traj_nav.txt,,613,820,online_multisensor_alignment,,,12,,,0,1876,,,,,,,,,,,,,bccbc779310007e3ed77fe74c396caa68670331df5f4cdb58430ad4e9b1e08ca,1,1,
P4-BATCH-1f6d255978f2,batch,P4_WITH_P5,P4_P5_redesign_20260713,20260713,,20260714_095845_short_visible_p4_only_global_baseline_both,short,BATCH_RECEIPT_PRESENT,ORCHESTRATION_ONLY,COMPLIANT_EXPERIMENT_ROOT,C:/Users/baloney/Desktop/实验目录/P4_P5_redesign_20260713/runs/20260714_095845_short_visible_p4_only_global_baseline_both,,,,,,,,,,,,,,,,,,,,,,,,,,,,batch_exit_codes.csv
P4-BATCH-defa6338f4f5,batch,P4_WITH_P5,P4_P5_redesign_20260713,20260713,,20260714_102214_short_visible_p4_only_global_baseline_both,short,BATCH_RECEIPT_PRESENT,ORCHESTRATION_ONLY,COMPLIANT_EXPERIMENT_ROOT,C:/Users/baloney/Desktop/实验目录/P4_P5_redesign_20260713/runs/20260714_102214_short_visible_p4_only_global_baseline_both,,,,,,,,,,,,,,,,,,,,,,,,,,,,batch_exit_codes.csv
P4-BATCH-c34c17300f09,batch,P4_WITH_P5,P4_P5_redesign_20260713,20260713,,20260714_121433_full_visible_p4_only_global_baseline_both,full,BATCH_RECEIPT_PRESENT,ORCHESTRATION_ONLY,COMPLIANT_EXPERIMENT_ROOT,C:/Users/baloney/Desktop/实验目录/P4_P5_redesign_20260713/runs/20260714_121433_full_visible_p4_only_global_baseline_both,,,,,,,,,,,,,,,,,,,,,,,,,,,,batch_exit_codes.csv
P4-BATCH-6abe818cb4cb,batch,P4_WITH_P5,P4_P5_redesign_20260713,20260713,,20260714_121848_full_visible_p4_only_global_baseline_both,full,BATCH_RECEIPT_PRESENT,ORCHESTRATION_ONLY,COMPLIANT_EXPERIMENT_ROOT,C:/Users/baloney/Desktop/实验目录/P4_P5_redesign_20260713/runs/20260714_121848_full_visible_p4_only_global_baseline_both,,,,,,,,,,,,,,,,,,,,,,,,,,,,batch_exit_codes.csv
P4-BATCH-26b900dbc4da,batch,P4_WITH_P5,P4_P5_redesign_20260713,20260713,,20260714_141128_short_visible_p4_only_global_baseline_both,short,BATCH_RECEIPT_PRESENT,ORCHESTRATION_ONLY,COMPLIANT_EXPERIMENT_ROOT,C:/Users/baloney/Desktop/实验目录/P4_P5_redesign_20260713/runs/20260714_141128_short_visible_p4_only_global_baseline_both,,,,,,,,,,,,,,,,,,,,,,,,,,,,batch_exit_codes.csv
P4-BATCH-675bd0fa9807,batch,P4_WITH_P5,P4_P5_redesign_20260713,20260713,,20260714_163758_short_visible_p4_only_global_baseline_both,short,BATCH_RECEIPT_PRESENT,ORCHESTRATION_ONLY,COMPLIANT_EXPERIMENT_ROOT,C:/Users/baloney/Desktop/实验目录/P4_P5_redesign_20260713/runs/20260714_163758_short_visible_p4_only_global_baseline_both,,,,,,,,,,,,,,,,,,,,,,,,,,,,batch_exit_codes.csv
P4-BATCH-7fb20cad8dd6,batch,P4_WITH_P5,P4_P5_redesign_20260713,20260713,,20260714_193233_short_visible_p4_only_global_baseline_both,short,BATCH_RECEIPT_PRESENT,ORCHESTRATION_ONLY,COMPLIANT_EXPERIMENT_ROOT,C:/Users/baloney/Desktop/实验目录/P4_P5_redesign_20260713/runs/20260714_193233_short_visible_p4_only_global_baseline_both,,,,,,,,,,,,,,,,,,,,,,,,,,,,batch_exit_codes.csv
P4-BATCH-1f994c46417e,batch,P5_ONLY_IN_P4_CAMPAIGN,P4_P5_redesign_20260713,20260713,,20260715_135654_short_disabled_active_global_baseline_both,short,FAILED,ORCHESTRATION_ONLY,COMPLIANT_EXPERIMENT_ROOT,C:/Users/baloney/Desktop/实验目录/P4_P5_redesign_20260713/runs/20260715_135654_short_disabled_active_global_baseline_both,,,,,,,,,,,,,,,,,,,,,,,,,,,,batch_exit_codes.csv
P4-BATCH-98ceb2c6d395,batch,P4_WITH_P5,P4_P5_redesign_20260713,20260713,,20260715_135654_short_disabled_p4_only_global_baseline_both,short,FAILED,ORCHESTRATION_ONLY,COMPLIANT_EXPERIMENT_ROOT,C:/Users/baloney/Desktop/实验目录/P4_P5_redesign_20260713/runs/20260715_135654_short_disabled_p4_only_global_baseline_both,,,,,,,,,,,,,,,,,,,,,,,,,,,,batch_exit_codes.csv
P4-BATCH-078734bc4b04,batch,P5_ONLY_IN_P4_CAMPAIGN,P4_P5_redesign_20260713,20260713,,20260715_151008_full_disabled_active_global_baseline_both,full,BATCH_RECEIPT_PRESENT,ORCHESTRATION_ONLY,COMPLIANT_EXPERIMENT_ROOT,C:/Users/baloney/Desktop/实验目录/P4_P5_redesign_20260713/runs/20260715_151008_full_disabled_active_global_baseline_both,,,,,,,,,,,,,,,,,,,,,,,,,,,,batch_exit_codes.csv
P4-BATCH-3929e080da78,batch,P4_WITH_P5,P4_P5_redesign_20260713,20260713,,20260715_151008_full_disabled_p4_only_global_baseline_both,full,BATCH_RECEIPT_PRESENT,ORCHESTRATION_ONLY,COMPLIANT_EXPERIMENT_ROOT,C:/Users/baloney/Desktop/实验目录/P4_P5_redesign_20260713/runs/20260715_151008_full_disabled_p4_only_global_baseline_both,,,,,,,,,,,,,,,,,,,,,,,,,,,,batch_exit_codes.csv
P4-BATCH-7a5b13d94ba2,batch,P4_WITH_P5,P4_P5_redesign_20260713,20260713,fly1,20260714_145630_short_visible_p4_only_global_baseline_fly1,short,FAILED,ORCHESTRATION_ONLY,LEGACY_OUTSIDE_EXPERIMENT_ROOT,C:/Users/baloney/Desktop/P4_P5_redesign_20260713/P4_P5_redesign_20260713/runs/20260714_145630_short_visible_p4_only_global_baseline_fly1,,,,,,,,,,,,,,,,,,,,,,,,,,,,batch_exit_codes.csv
P4-BATCH-cd4c97581dd9,batch,P5_ONLY_IN_P4_CAMPAIGN,P4_P5_redesign_20260713,20260713,fly1,20260714_012837_short_fly1_fly3,short,BATCH_RECEIPT_PRESENT,ORCHESTRATION_ONLY,COMPLIANT_EXPERIMENT_ROOT,C:/Users/baloney/Desktop/实验目录/P4_P5_redesign_20260713/runs/20260714_012837_short_fly1_fly3,,,,,,,,,,,,,,,,,,,,,,,,,,,,batch_exit_codes.csv
P4-BATCH-3b0aa92c8582,batch,P5_ONLY_IN_P4_CAMPAIGN,P4_P5_redesign_20260713,20260713,fly1,20260714_014503_short_fly1_fly3,short,BATCH_RECEIPT_PRESENT,ORCHESTRATION_ONLY,COMPLIANT_EXPERIMENT_ROOT,C:/Users/baloney/Desktop/实验目录/P4_P5_redesign_20260713/runs/20260714_014503_short_fly1_fly3,,,,,,,,,,,,,,,,,,,,,,,,,,,,batch_exit_codes.csv
P4-BATCH-f8e8925a3a4e,batch,P5_ONLY_IN_P4_CAMPAIGN,P4_P5_redesign_20260713,20260713,fly1,20260714_015949_short_fly1_fly3,short,BATCH_RECEIPT_PRESENT,ORCHESTRATION_ONLY,COMPLIANT_EXPERIMENT_ROOT,C:/Users/baloney/Desktop/实验目录/P4_P5_redesign_20260713/runs/20260714_015949_short_fly1_fly3,,,,,,,,,,,,,,,,,,,,,,,,,,,,batch_exit_codes.csv
P4-BATCH-547c00971c32,batch,P5_ONLY_IN_P4_CAMPAIGN,P4_P5_redesign_20260713,20260713,fly1,20260714_021332_short_fly1_fly3,short,BATCH_RECEIPT_PRESENT,ORCHESTRATION_ONLY,COMPLIANT_EXPERIMENT_ROOT,C:/Users/baloney/Desktop/实验目录/P4_P5_redesign_20260713/runs/20260714_021332_short_fly1_fly3,,,,,,,,,,,,,,,,,,,,,,,,,,,,batch_exit_codes.csv
P4-BATCH-5cfafa11692f,batch,P5_ONLY_IN_P4_CAMPAIGN,P4_P5_redesign_20260713,20260713,fly1,20260714_022621_short_disabled_fly1_fly3,short,BATCH_RECEIPT_PRESENT,ORCHESTRATION_ONLY,COMPLIANT_EXPERIMENT_ROOT,C:/Users/baloney/Desktop/实验目录/P4_P5_redesign_20260713/runs/20260714_022621_short_disabled_fly1_fly3,,,,,,,,,,,,,,,,,,,,,,,,,,,,batch_exit_codes.csv
P4-BATCH-932ad7936c1d,batch,P5_ONLY_IN_P4_CAMPAIGN,P4_P5_redesign_20260713,20260713,fly1,20260714_024033_short_disabled_fly1_fly3,short,BATCH_RECEIPT_PRESENT,ORCHESTRATION_ONLY,COMPLIANT_EXPERIMENT_ROOT,C:/Users/baloney/Desktop/实验目录/P4_P5_redesign_20260713/runs/20260714_024033_short_disabled_fly1_fly3,,,,,,,,,,,,,,,,,,,,,,,,,,,,batch_exit_codes.csv
P4-BATCH-a2780ce4175e,batch,P5_ONLY_IN_P4_CAMPAIGN,P4_P5_redesign_20260713,20260713,fly1,20260714_024710_short_disabled_fly1_fly3,short,BATCH_RECEIPT_PRESENT,ORCHESTRATION_ONLY,COMPLIANT_EXPERIMENT_ROOT,C:/Users/baloney/Desktop/实验目录/P4_P5_redesign_20260713/runs/20260714_024710_short_disabled_fly1_fly3,,,,,,,,,,,,,,,,,,,,,,,,,,,,batch_exit_codes.csv
P4-BATCH-28c185c036ba,batch,P4_WITH_P5,P4_P5_redesign_20260713,20260713,fly1,20260714_025246_short_disabled_p4_only_fly1_fly3,short,FAILED,ORCHESTRATION_ONLY,COMPLIANT_EXPERIMENT_ROOT,C:/Users/baloney/Desktop/实验目录/P4_P5_redesign_20260713/runs/20260714_025246_short_disabled_p4_only_fly1_fly3,,,,,,,,,,,,,,,,,,,,,,,,,,,,batch_exit_codes.csv
P4-BATCH-57ab36b68fe4,batch,P4_WITH_P5,P4_P5_redesign_20260713,20260713,fly1,20260714_030304_short_disabled_p4_only_fly1_fly3,short,FAILED,ORCHESTRATION_ONLY,COMPLIANT_EXPERIMENT_ROOT,C:/Users/baloney/Desktop/实验目录/P4_P5_redesign_20260713/runs/20260714_030304_short_disabled_p4_only_fly1_fly3,,,,,,,,,,,,,,,,,,,,,,,,,,,,batch_exit_codes.csv
P4-BATCH-20a0cc37c6b9,batch,P4_WITH_P5,P4_P5_redesign_20260713,20260713,fly1,20260714_031410_short_disabled_p4_only_fly1_fly3,short,BATCH_RECEIPT_PRESENT,ORCHESTRATION_ONLY,COMPLIANT_EXPERIMENT_ROOT,C:/Users/baloney/Desktop/实验目录/P4_P5_redesign_20260713/runs/20260714_031410_short_disabled_p4_only_fly1_fly3,,,,,,,,,,,,,,,,,,,,,,,,,,,,batch_exit_codes.csv
P4-BATCH-a5ca75cf5d58,batch,P5_ONLY_IN_P4_CAMPAIGN,P4_P5_redesign_20260713,20260713,fly1,20260714_031807_short_disabled_active_fly1_fly3,short,BATCH_RECEIPT_PRESENT,ORCHESTRATION_ONLY,COMPLIANT_EXPERIMENT_ROOT,C:/Users/baloney/Desktop/实验目录/P4_P5_redesign_20260713/runs/20260714_031807_short_disabled_active_fly1_fly3,,,,,,,,,,,,,,,,,,,,,,,,,,,,batch_exit_codes.csv
P4-BATCH-1cf8ccf2be58,batch,P5_ONLY_IN_P4_CAMPAIGN,P4_P5_redesign_20260713,20260713,fly1,20260714_032226_full_visible_active_fly1_fly3,full,BATCH_RECEIPT_PRESENT,ORCHESTRATION_ONLY,COMPLIANT_EXPERIMENT_ROOT,C:/Users/baloney/Desktop/实验目录/P4_P5_redesign_20260713/runs/20260714_032226_full_visible_active_fly1_fly3,,,,,,,,,,,,,,,,,,,,,,,,,,,,batch_exit_codes.csv
P4-BATCH-e72d4404c279,batch,P5_ONLY_IN_P4_CAMPAIGN,P4_P5_redesign_20260713,20260713,fly1,20260714_034919_full_disabled_active_fly1_fly3,full,BATCH_RECEIPT_PRESENT,ORCHESTRATION_ONLY,COMPLIANT_EXPERIMENT_ROOT,C:/Users/baloney/Desktop/实验目录/P4_P5_redesign_20260713/runs/20260714_034919_full_disabled_active_fly1_fly3,,,,,,,,,,,,,,,,,,,,,,,,,,,,batch_exit_codes.csv
P4-BATCH-15f1a077e407,batch,P4_WITH_P5,P4_P5_redesign_20260713,20260713,fly1,20260714_081657_full_visible_p4_only_fly1_fly3,full,BATCH_RECEIPT_PRESENT,ORCHESTRATION_ONLY,COMPLIANT_EXPERIMENT_ROOT,C:/Users/baloney/Desktop/实验目录/P4_P5_redesign_20260713/runs/20260714_081657_full_visible_p4_only_fly1_fly3,,,,,,,,,,,,,,,,,,,,,,,,,,,,batch_exit_codes.csv
P4-BATCH-3565311e0643,batch,P4_WITH_P5,P4_P5_redesign_20260713,20260713,fly1,20260714_083755_short_visible_p4_only_global_baseline_fly1_fly3,short,BATCH_RECEIPT_PRESENT,ORCHESTRATION_ONLY,COMPLIANT_EXPERIMENT_ROOT,C:/Users/baloney/Desktop/实验目录/P4_P5_redesign_20260713/runs/20260714_083755_short_visible_p4_only_global_baseline_fly1_fly3,,,,,,,,,,,,,,,,,,,,,,,,,,,,batch_exit_codes.csv
P4-BATCH-21fa7dae17b7,batch,P4_WITH_P5,P4_P5_redesign_20260713,20260713,fly1,20260714_085730_short_visible_p4_only_global_baseline_fly1_fly3,short,BATCH_RECEIPT_PRESENT,ORCHESTRATION_ONLY,COMPLIANT_EXPERIMENT_ROOT,C:/Users/baloney/Desktop/实验目录/P4_P5_redesign_20260713/runs/20260714_085730_short_visible_p4_only_global_baseline_fly1_fly3,,,,,,,,,,,,,,,,,,,,,,,,,,,,batch_exit_codes.csv
P4-BATCH-ff4cca5b0372,batch,P4_WITH_P5,P4_P5_redesign_20260713,20260713,fly1,20260714_090359_short_visible_p4_only_june12_ground_fly1,short,BATCH_RECEIPT_PRESENT,ORCHESTRATION_ONLY,COMPLIANT_EXPERIMENT_ROOT,C:/Users/baloney/Desktop/实验目录/P4_P5_redesign_20260713/runs/20260714_090359_short_visible_p4_only_june12_ground_fly1,,,,,,,,,,,,,,,,,,,,,,,,,,,,batch_exit_codes.csv
P4-BATCH-5b4c5573c96e,batch,P4_WITH_P5,P4_P5_redesign_20260713,20260713,fly1,20260714_143212_short_visible_p4_only_global_baseline_fly1,short,BATCH_RECEIPT_PRESENT,ORCHESTRATION_ONLY,COMPLIANT_EXPERIMENT_ROOT,C:/Users/baloney/Desktop/实验目录/P4_P5_redesign_20260713/runs/20260714_143212_short_visible_p4_only_global_baseline_fly1,,,,,,,,,,,,,,,,,,,,,,,,,,,,batch_exit_codes.csv
P4-BATCH-b15baea264b5,batch,P4_WITH_P5,P4_P5_redesign_20260713,20260713,fly1,20260714_214607_short_disabled_p4_only_global_baseline_fly1,short,BATCH_RECEIPT_PRESENT,ORCHESTRATION_ONLY,COMPLIANT_EXPERIMENT_ROOT,C:/Users/baloney/Desktop/实验目录/P4_P5_redesign_20260713/runs/20260714_214607_short_disabled_p4_only_global_baseline_fly1,,,,,,,,,,,,,,,,,,,,,,,,,,,,batch_exit_codes.csv
P4-EVALUATION-93110b75390d,evaluation,P4_RELATED_UNCLASSIFIED,P4_P5_redesign_20260713,20260713,fly1,fly1,full,EVALUATED,DIAGNOSTIC_EVALUATION,COMPLIANT_EXPERIMENT_ROOT,C:/Users/baloney/Desktop/实验目录/P4_P5_redesign_20260713/evaluation/20260714_032226_full_visible_active/fly1,,,,,,,,,,,,,,,,765.6000001430001,29.358294408627852,737.4114303767631,727.4717231219626,12.50390707030389,15.17768322303955,,,127.78749010540619,,,,
P4-EVALUATION-065278b2a256,evaluation,P4_RELATED_UNCLASSIFIED,P4_P5_redesign_20260713,20260713,fly1,fly1,full,EVALUATED,DIAGNOSTIC_EVALUATION,COMPLIANT_EXPERIMENT_ROOT,C:/Users/baloney/Desktop/实验目录/P4_P5_redesign_20260713/evaluation/20260714_034919_full_disabled_active/fly1,,,,,,,,,,,,,,,,765.6000001430001,29.358294408627852,737.4128127861532,727.4495945668812,12.503835685596423,15.177696272488571,,,127.7869495244062,,,,
P4-EVALUATION-3d893c1abd65,evaluation,P4_RELATED_UNCLASSIFIED,P4_P5_redesign_20260713,20260713,fly1,fly1,short,EVALUATED,DIAGNOSTIC_EVALUATION,COMPLIANT_EXPERIMENT_ROOT,C:/Users/baloney/Desktop/实验目录/P4_P5_redesign_20260713/runs/20260714_031410_short_disabled_p4_only_fly1_fly3/evaluation_absolute_common_global_window/fly1,,,,,,,,,,,,,,,,94.79999995200012,3.314702534538431,314.5919204685786,499.93973072898416,2.6846598615018826,3.00699815993603,,,240.77118970112804,,,,
P4-EVALUATION-ec18b69d0409,evaluation,P4_RELATED_UNCLASSIFIED,P4_P5_redesign_20260713,20260713,fly1,fly1,short,EVALUATED,DIAGNOSTIC_EVALUATION,COMPLIANT_EXPERIMENT_ROOT,C:/Users/baloney/Desktop/实验目录/P4_P5_redesign_20260713/runs/20260714_031410_short_disabled_p4_only_fly1_fly3/evaluation_absolute_short/fly1,,,,,,,,,,,,,,,,150.0000000000001,5.491563293450086,253.39056275932037,499.93973072898416,2.5914827924869175,3.1043313625883497,,,240.77118970112804,,,,
P4-EVALUATION-e11a06241666,evaluation,P4_RELATED_UNCLASSIFIED,P4_P5_redesign_20260713,20260713,fly1,fly3,short,EVALUATED,DIAGNOSTIC_EVALUATION,COMPLIANT_EXPERIMENT_ROOT,C:/Users/baloney/Desktop/实验目录/P4_P5_redesign_20260713/runs/20260714_031410_short_disabled_p4_only_fly1_fly3/evaluation_absolute_short/fly3,,,,,,,,,,,,,,,,272.799999952,9.84115587568208,527.5683407247159,923.3089731932938,4.0564061824983115,5.4811280633495025,,,149.22061528558498,,,,
P4-EVALUATION-c1bd6b127f9d,evaluation,P4_RELATED_UNCLASSIFIED,P4_P5_redesign_20260713,20260713,fly1,fly1,short,EVALUATED,DIAGNOSTIC_EVALUATION,COMPLIANT_EXPERIMENT_ROOT,C:/Users/baloney/Desktop/实验目录/P4_P5_redesign_20260713/runs/20260714_083755_short_visible_p4_only_global_baseline_fly1_fly3/evaluation_absolute_short/fly1,,,,,,,,,,,,,,,,94.79999995200012,3.314702534538431,49.08655426571561,73.13117727459355,0.5699041767479488,0.8913469089325398,,,-16.705120868871944,,,,
P4-EVALUATION-fe13f52d49ce,evaluation,P4_RELATED_UNCLASSIFIED,P4_P5_redesign_20260713,20260713,fly1,fly3,short,EVALUATED,DIAGNOSTIC_EVALUATION,COMPLIANT_EXPERIMENT_ROOT,C:/Users/baloney/Desktop/实验目录/P4_P5_redesign_20260713/runs/20260714_083755_short_visible_p4_only_global_baseline_fly1_fly3/evaluation_absolute_short/fly3,,,,,,,,,,,,,,,,272.799999952,9.84115587568208,108.32350625159881,173.8275296900506,1.012220483041027,1.7626987430924812,,,-0.7848191144150292,,,,
P4-EVALUATION-318cc16694a6,evaluation,P4_RELATED_UNCLASSIFIED,P4_P5_redesign_20260713,20260713,fly1,analysis_absolute,short,EVALUATED,DIAGNOSTIC_EVALUATION,COMPLIANT_EXPERIMENT_ROOT,C:/Users/baloney/Desktop/实验目录/P4_P5_redesign_20260713/runs/20260714_095845_short_visible_p4_only_global_baseline_both/fly1_persistent_p4_p4_only/analysis_absolute,,,,,,,,,,,,,,,,94.79999995200012,3.3147025345384082,44.787211751069314,75.81560063284283,0.40145638789321486,0.7517985947277835,,,0.8354433743407128,,,,
P4-EVALUATION-6d09242e214b,evaluation,P4_RELATED_UNCLASSIFIED,P4_P5_redesign_20260713,20260713,fly1,analysis_absolute,short,EVALUATED,DIAGNOSTIC_EVALUATION,COMPLIANT_EXPERIMENT_ROOT,C:/Users/baloney/Desktop/实验目录/P4_P5_redesign_20260713/runs/20260714_102214_short_visible_p4_only_global_baseline_both/fly1_persistent_p4_p4_only/analysis_absolute,,,,,,,,,,,,,,,,94.79999995200012,3.3147025345384082,37.6850349313461,64.99316677102884,0.3112138662342052,0.7103522852138618,,,0.18980835434069832,,,,
P4-EVALUATION-078c23be3660,evaluation,P4_RELATED_UNCLASSIFIED,P4_P5_redesign_20260713,20260713,fly1,fly1,full,EVALUATED,DIAGNOSTIC_EVALUATION,COMPLIANT_EXPERIMENT_ROOT,C:/Users/baloney/Desktop/实验目录/P4_P5_redesign_20260713/runs/20260715_151008_full_disabled_active_global_baseline_both/evaluation_full/fly1,,,,,,,,,,,,,,,,772.4000000950001,29.65288334781082,160.78049680827343,236.1172704945783,0.610717091695823,3.558409349742201,,,1.965672940406205,,,,
P4-EVALUATION-c5571336ae97,evaluation,P4_RELATED_UNCLASSIFIED,P4_P5_redesign_20260713,20260713,fly1,fly1,full,EVALUATED,DIAGNOSTIC_EVALUATION,COMPLIANT_EXPERIMENT_ROOT,C:/Users/baloney/Desktop/实验目录/P4_P5_redesign_20260713/runs/20260715_151008_full_disabled_p4_only_global_baseline_both/evaluation_full/fly1,,,,,,,,,,,,,,,,772.4000000950001,29.65288334781082,210.79748378178576,417.5555925496947,2.5891569528494798,4.87565769417839,,,115.2555108434062,,,,
P4-RAW_RUN-76740f1346a6,raw_run,P4_RELATED_UNCLASSIFIED,P4_P5_redesign_20260713,20260713,fly1,fly1,full,ARTIFACT_WITHOUT_EXIT_RECEIPT,RUNTIME_ONLY,LEGACY_OUTSIDE_EXPERIMENT_ROOT,C:/Users/baloney/Desktop/P4_P5_redesign_20260713/P4_P5_full_validation_20260714/fly1,C:/Users/baloney/Desktop/P4_P5_redesign_20260713/P4_P5_full_validation_20260714/fly1/traj_nav.txt,,,,,,,,,,,10610,,8,,,,,,,,,,,,,1,missing_command
P4-RAW_RUN-d62bc219f400,raw_run,P4_RELATED_UNCLASSIFIED,P4_P5_redesign_20260713,20260713,fly1,fly1,full,ARTIFACT_WITHOUT_EXIT_RECEIPT,RUNTIME_ONLY,LEGACY_OUTSIDE_EXPERIMENT_ROOT,C:/Users/baloney/Desktop/P4_P5_redesign_20260713/P4_P5_full_validation_20260714_v2/fly1,C:/Users/baloney/Desktop/P4_P5_redesign_20260713/P4_P5_full_validation_20260714_v2/fly1/traj_nav.txt,,,,,,,,,,,29919,,8,,,,,,,,,,,,,1,missing_command
P4-RAW_RUN-e39fe21bc41f,raw_run,P4_RELATED_UNCLASSIFIED,P4_P5_redesign_20260713,20260713,fly1,fly1,full,ARTIFACT_WITHOUT_EXIT_RECEIPT,RUNTIME_ONLY,LEGACY_OUTSIDE_EXPERIMENT_ROOT,C:/Users/baloney/Desktop/P4_P5_redesign_20260713/P4_P5_full_validation_20260714_v4/fly1,C:/Users/baloney/Desktop/P4_P5_redesign_20260713/P4_P5_full_validation_20260714_v4/fly1/traj_nav.txt,,,,,,,,,,,20433,,8,,,,,,,,,,,,,1,missing_command
P4-RAW_RUN-512d96ddd61e,raw_run,P4_WITH_P5,P4_P5_redesign_20260713,20260713,fly1,fly1_persistent_p4_p4_only,full,SUCCESS_WITH_TRAJECTORY,RUNTIME_ONLY,LEGACY_OUTSIDE_EXPERIMENT_ROOT,C:/Users/baloney/Desktop/P4_P5_redesign_20260713/P4_P5_redesign_20260713/runs/20260714_145630_short_visible_p4_only_global_baseline_fly1/fly1_persistent_p4_p4_only,C:/Users/baloney/Desktop/P4_P5_redesign_20260713/P4_P5_redesign_20260713/runs/20260714_145630_short_visible_p4_only_global_baseline_fly1/fly1_persistent_p4_p4_only/traj_nav.txt,,930.0,1100.0,online_multisensor_alignment,baseline,guarded,12,,,0,4790,,8,,,,,,,,,,,f258c34560fe92fd0ddd706580cef79991aa0990079e16f2ae39454592253888,1,1,
P4-RAW_RUN-6efeeb0eac28,raw_run,P4_RELATED_UNCLASSIFIED,P4_P5_redesign_20260713,20260713,fly1,fly1,short,ARTIFACT_WITHOUT_EXIT_RECEIPT,RUNTIME_ONLY,LEGACY_OUTSIDE_EXPERIMENT_ROOT,C:/Users/baloney/Desktop/P4_P5_redesign_20260713/P4_P5_short_validation_20260714_v3/fly1,C:/Users/baloney/Desktop/P4_P5_redesign_20260713/P4_P5_short_validation_20260714_v3/fly1/traj_nav.txt,,,,,,,,,,,4790,,8,,,,,,,,,,,,,1,missing_command
P4-RAW_RUN-41536307fa11,raw_run,P4_RELATED_UNCLASSIFIED,P4_P5_redesign_20260713,20260713,fly1,fly1,short,ARTIFACT_WITHOUT_EXIT_RECEIPT,RUNTIME_ONLY,LEGACY_OUTSIDE_EXPERIMENT_ROOT,C:/Users/baloney/Desktop/P4_P5_redesign_20260713/P4_P5_short_validation_20260714_v4/fly1,C:/Users/baloney/Desktop/P4_P5_redesign_20260713/P4_P5_short_validation_20260714_v4/fly1/traj_nav.txt,,,,,,,,,,,4790,,8,,,,,,,,,,,,,1,missing_command
P4-RAW_RUN-3547738fed86,raw_run,P4_RELATED_UNCLASSIFIED,P4_P5_redesign_20260713,20260713,fly1,fly1,short,ARTIFACT_WITHOUT_EXIT_RECEIPT,RUNTIME_ONLY,LEGACY_OUTSIDE_EXPERIMENT_ROOT,C:/Users/baloney/Desktop/P4_P5_redesign_20260713/P4_P5_short_validation_20260714_v6/fly1,C:/Users/baloney/Desktop/P4_P5_redesign_20260713/P4_P5_short_validation_20260714_v6/fly1/traj_nav.txt,,,,,,,,,,,4790,,8,,,,,,,,,,,,,1,missing_command
P4-RAW_RUN-588df18800ad,raw_run,P4_RELATED_UNCLASSIFIED,P4_P5_redesign_20260713,20260713,fly1,fly1,,ARTIFACT_WITHOUT_EXIT_RECEIPT,RUNTIME_ONLY,LEGACY_OUTSIDE_EXPERIMENT_ROOT,C:/Users/baloney/Desktop/P4_P5_redesign_20260713/angle_feedback_validation_20260714/fly1,C:/Users/baloney/Desktop/P4_P5_redesign_20260713/angle_feedback_validation_20260714/fly1/traj_nav.txt,,,,,,,,,,,4790,,8,,,,,,,,,,,,,1,missing_command
P4-RAW_RUN-64f517b25f52,raw_run,P4_WITH_P5,P4_P5_redesign_20260713,20260713,fly1,fly1_persistent_p4_target_parallax_p5,short,SUCCESS_WITH_TRAJECTORY,RUNTIME_ONLY,COMPLIANT_EXPERIMENT_ROOT,C:/Users/baloney/Desktop/实验目录/P4_P5_redesign_20260713/runs/20260714_012837_short_fly1_fly3/fly1_persistent_p4_target_parallax_p5,C:/Users/baloney/Desktop/实验目录/P4_P5_redesign_20260713/runs/20260714_012837_short_fly1_fly3/fly1_persistent_p4_target_parallax_p5/traj_nav.txt,,930.0,1100.0,online_multisensor_alignment,baseline,guarded,12,,,0,4651,,3,,,,,,,,,,,ad25bbeb2e7213b098c4f89a8ba9c9951fa612daf3344620b5fac2b91b4105a4,1,1,
P4-RAW_RUN-17b56cf5d2c0,raw_run,P4_WITH_P5,P4_P5_redesign_20260713,20260713,fly1,fly3_persistent_p4_target_parallax_p5,short,SUCCESS_WITH_TRAJECTORY,RUNTIME_ONLY,COMPLIANT_EXPERIMENT_ROOT,C:/Users/baloney/Desktop/实验目录/P4_P5_redesign_20260713/runs/20260714_012837_short_fly1_fly3/fly3_persistent_p4_target_parallax_p5,C:/Users/baloney/Desktop/实验目录/P4_P5_redesign_20260713/runs/20260714_012837_short_fly1_fly3/fly3_persistent_p4_target_parallax_p5/traj_nav.txt,,618.0,920.0,online_multisensor_alignment,baseline,guarded,12,,,0,8272,,3,,,,,,,,,,,731419aeee7fa18d695bcd9061c1275d8534108cabd8b6e8d62dd112e9c171e3,1,1,
P4-RAW_RUN-719d3f2fbf24,raw_run,P4_WITH_P5,P4_P5_redesign_20260713,20260713,fly1,fly1_persistent_p4_target_parallax_p5,short,SUCCESS_WITH_TRAJECTORY,RUNTIME_ONLY,COMPLIANT_EXPERIMENT_ROOT,C:/Users/baloney/Desktop/实验目录/P4_P5_redesign_20260713/runs/20260714_014503_short_fly1_fly3/fly1_persistent_p4_target_parallax_p5,C:/Users/baloney/Desktop/实验目录/P4_P5_redesign_20260713/runs/20260714_014503_short_fly1_fly3/fly1_persistent_p4_target_parallax_p5/traj_nav.txt,,930.0,1100.0,online_multisensor_alignment,baseline,guarded,12,,,0,4520,,5,,,,,,,,,,,45370fcefc38b90bb67adf4caf0fe052f02184b482be8f1f1439d5785c6617db,1,1,
P4-RAW_RUN-202e758408bd,raw_run,P4_WITH_P5,P4_P5_redesign_20260713,20260713,fly1,fly3_persistent_p4_target_parallax_p5,short,SUCCESS_WITH_TRAJECTORY,RUNTIME_ONLY,COMPLIANT_EXPERIMENT_ROOT,C:/Users/baloney/Desktop/实验目录/P4_P5_redesign_20260713/runs/20260714_014503_short_fly1_fly3/fly3_persistent_p4_target_parallax_p5,C:/Users/baloney/Desktop/实验目录/P4_P5_redesign_20260713/runs/20260714_014503_short_fly1_fly3/fly3_persistent_p4_target_parallax_p5/traj_nav.txt,,618.0,920.0,online_multisensor_alignment,baseline,guarded,12,,,0,8834,,3,,,,,,,,,,,2e693fe80e4255b1195daaa1193cfa00bfb4268a612cbb769b760c90a06682f5,1,1,
P4-RAW_RUN-1e3c0c914537,raw_run,P4_WITH_P5,P4_P5_redesign_20260713,20260713,fly1,fly1_persistent_p4_target_parallax_p5,short,SUCCESS_WITH_TRAJECTORY,RUNTIME_ONLY,COMPLIANT_EXPERIMENT_ROOT,C:/Users/baloney/Desktop/实验目录/P4_P5_redesign_20260713/runs/20260714_015949_short_fly1_fly3/fly1_persistent_p4_target_parallax_p5,C:/Users/baloney/Desktop/实验目录/P4_P5_redesign_20260713/runs/20260714_015949_short_fly1_fly3/fly1_persistent_p4_target_parallax_p5/traj_nav.txt,,930.0,1100.0,online_multisensor_alignment,baseline,guarded,12,,,0,4588,,3,,,,,,,,,,,6fc0e81380553547d7ec300a8c0a2c1eaf514da10bc1eb1775bfab5da3f31f43,1,1,
P4-RAW_RUN-f6944856aa8f,raw_run,P4_WITH_P5,P4_P5_redesign_20260713,20260713,fly1,fly3_persistent_p4_target_parallax_p5,short,SUCCESS_WITH_TRAJECTORY,RUNTIME_ONLY,COMPLIANT_EXPERIMENT_ROOT,C:/Users/baloney/Desktop/实验目录/P4_P5_redesign_20260713/runs/20260714_015949_short_fly1_fly3/fly3_persistent_p4_target_parallax_p5,C:/Users/baloney/Desktop/实验目录/P4_P5_redesign_20260713/runs/20260714_015949_short_fly1_fly3/fly3_persistent_p4_target_parallax_p5/traj_nav.txt,,618.0,920.0,online_multisensor_alignment,baseline,guarded,12,,,0,8439,,5,,,,,,,,,,,f7fed789c7a633b3f97a3f76b8e167aa807725695dfbe61601cd0ac341dfe2db,1,1,
P4-RAW_RUN-40f27fe91c57,raw_run,P4_WITH_P5,P4_P5_redesign_20260713,20260713,fly1,fly1_persistent_p4_target_parallax_p5,short,SUCCESS_WITH_TRAJECTORY,RUNTIME_ONLY,COMPLIANT_EXPERIMENT_ROOT,C:/Users/baloney/Desktop/实验目录/P4_P5_redesign_20260713/runs/20260714_021332_short_fly1_fly3/fly1_persistent_p4_target_parallax_p5,C:/Users/baloney/Desktop/实验目录/P4_P5_redesign_20260713/runs/20260714_021332_short_fly1_fly3/fly1_persistent_p4_target_parallax_p5/traj_nav.txt,,930.0,1100.0,online_multisensor_alignment,baseline,guarded,12,,,0,4588,,3,,,,,,,,,,,4f13c0e8845ca617c61b3c17ff06d2d04753c194482fac4b423f7197be2c1d96,1,1,
P4-RAW_RUN-d3395b60882d,raw_run,P4_WITH_P5,P4_P5_redesign_20260713,20260713,fly1,fly3_persistent_p4_target_parallax_p5,short,SUCCESS_WITH_TRAJECTORY,RUNTIME_ONLY,COMPLIANT_EXPERIMENT_ROOT,C:/Users/baloney/Desktop/实验目录/P4_P5_redesign_20260713/runs/20260714_021332_short_fly1_fly3/fly3_persistent_p4_target_parallax_p5,C:/Users/baloney/Desktop/实验目录/P4_P5_redesign_20260713/runs/20260714_021332_short_fly1_fly3/fly3_persistent_p4_target_parallax_p5/traj_nav.txt,,618.0,920.0,online_multisensor_alignment,baseline,guarded,12,,,0,8445,,5,,,,,,,,,,,f3127efa7c79a6c4ecd355891066f3d2bed17a0f80dd459b53a9dfed20c0a44c,1,1,
P4-RAW_RUN-4335c026f08d,raw_run,P4_WITH_P5,P4_P5_redesign_20260713,20260713,fly1,fly1_persistent_p4_target_parallax_p5,short,SUCCESS_WITH_TRAJECTORY,RUNTIME_ONLY,COMPLIANT_EXPERIMENT_ROOT,C:/Users/baloney/Desktop/实验目录/P4_P5_redesign_20260713/runs/20260714_022621_short_disabled_fly1_fly3/fly1_persistent_p4_target_parallax_p5,C:/Users/baloney/Desktop/实验目录/P4_P5_redesign_20260713/runs/20260714_022621_short_disabled_fly1_fly3/fly1_persistent_p4_target_parallax_p5/traj_nav.txt,,930.0,1100.0,online_multisensor_alignment,baseline,guarded,12,,,0,4588,,3,,,,,,,,,,,2992e1e1e823486bfc2e75410bd6a062de4f44839387bbb4d9c78b9559c69c95,1,1,
P4-RAW_RUN-e85eae281e22,raw_run,P4_WITH_P5,P4_P5_redesign_20260713,20260713,fly1,fly3_persistent_p4_target_parallax_p5,short,SUCCESS_WITH_TRAJECTORY,RUNTIME_ONLY,COMPLIANT_EXPERIMENT_ROOT,C:/Users/baloney/Desktop/实验目录/P4_P5_redesign_20260713/runs/20260714_022621_short_disabled_fly1_fly3/fly3_persistent_p4_target_parallax_p5,C:/Users/baloney/Desktop/实验目录/P4_P5_redesign_20260713/runs/20260714_022621_short_disabled_fly1_fly3/fly3_persistent_p4_target_parallax_p5/traj_nav.txt,,618.0,920.0,online_multisensor_alignment,baseline,guarded,12,,,0,8445,,5,,,,,,,,,,,35ccc81a6dc03b7ff43ee1de325a0672e719166d505539b43c47d8c96ac662db,1,1,
P4-RAW_RUN-32f81bd24ab7,raw_run,P4_WITH_P5,P4_P5_redesign_20260713,20260713,fly1,fly1_persistent_p4_target_parallax_p5,short,SUCCESS_WITH_TRAJECTORY,RUNTIME_ONLY,COMPLIANT_EXPERIMENT_ROOT,C:/Users/baloney/Desktop/实验目录/P4_P5_redesign_20260713/runs/20260714_024033_short_disabled_fly1_fly3/fly1_persistent_p4_target_parallax_p5,C:/Users/baloney/Desktop/实验目录/P4_P5_redesign_20260713/runs/20260714_024033_short_disabled_fly1_fly3/fly1_persistent_p4_target_parallax_p5/traj_nav.txt,,930.0,1100.0,online_multisensor_alignment,baseline,guarded,12,,,0,4582,,3,,,,,,,,,,,0534bf25d860c051a3bd3f01aeb18d2c8ce0dc60916f1e435340a53d60f8b912,1,1,
P4-RAW_RUN-ee235e1fa896,raw_run,P4_WITH_P5,P4_P5_redesign_20260713,20260713,fly1,fly3_persistent_p4_target_parallax_p5,short,SUCCESS_WITH_TRAJECTORY,RUNTIME_ONLY,COMPLIANT_EXPERIMENT_ROOT,C:/Users/baloney/Desktop/实验目录/P4_P5_redesign_20260713/runs/20260714_024033_short_disabled_fly1_fly3/fly3_persistent_p4_target_parallax_p5,C:/Users/baloney/Desktop/实验目录/P4_P5_redesign_20260713/runs/20260714_024033_short_disabled_fly1_fly3/fly3_persistent_p4_target_parallax_p5/traj_nav.txt,,618.0,920.0,online_multisensor_alignment,baseline,guarded,12,,,0,8609,,3,,,,,,,,,,,99eeafabd4a71bca7882261db7b7e1b322ed23210eaf53b87ea36be806376e82,1,1,
P4-RAW_RUN-c1dd9bac419e,raw_run,P4_WITH_P5,P4_P5_redesign_20260713,20260713,fly1,fly1_persistent_p4_target_parallax_p5,short,SUCCESS_WITH_TRAJECTORY,RUNTIME_ONLY,COMPLIANT_EXPERIMENT_ROOT,C:/Users/baloney/Desktop/实验目录/P4_P5_redesign_20260713/runs/20260714_024710_short_disabled_fly1_fly3/fly1_persistent_p4_target_parallax_p5,C:/Users/baloney/Desktop/实验目录/P4_P5_redesign_20260713/runs/20260714_024710_short_disabled_fly1_fly3/fly1_persistent_p4_target_parallax_p5/traj_nav.txt,,930.0,1100.0,online_multisensor_alignment,baseline,guarded,12,,,0,4570,,3,,,,,,,,,,,b7daa0de129e09dd334e6c3cf58b1ddbbbb9c3230baa5b16b1d25e6d6c75ef7e,1,1,
P4-RAW_RUN-1eff797d058f,raw_run,P4_WITH_P5,P4_P5_redesign_20260713,20260713,fly1,fly3_persistent_p4_target_parallax_p5,short,SUCCESS_WITH_TRAJECTORY,RUNTIME_ONLY,COMPLIANT_EXPERIMENT_ROOT,C:/Users/baloney/Desktop/实验目录/P4_P5_redesign_20260713/runs/20260714_024710_short_disabled_fly1_fly3/fly3_persistent_p4_target_parallax_p5,C:/Users/baloney/Desktop/实验目录/P4_P5_redesign_20260713/runs/20260714_024710_short_disabled_fly1_fly3/fly3_persistent_p4_target_parallax_p5/traj_nav.txt,,618.0,920.0,online_multisensor_alignment,baseline,guarded,12,,,0,8745,,5,,,,,,,,,,,e6a8aa05839791a1cdfe376b51d40ff41f8dac317cc620be4a685d335b7d1c39,1,1,
P4-RAW_RUN-dc637bc12dd3,raw_run,P4_WITH_P5,P4_P5_redesign_20260713,20260713,fly1,fly1_persistent_p4_p4_only,short,FAILED,RUNTIME_ONLY,COMPLIANT_EXPERIMENT_ROOT,C:/Users/baloney/Desktop/实验目录/P4_P5_redesign_20260713/runs/20260714_025246_short_disabled_p4_only_fly1_fly3/fly1_persistent_p4_p4_only,C:/Users/baloney/Desktop/实验目录/P4_P5_redesign_20260713/runs/20260714_025246_short_disabled_p4_only_fly1_fly3/fly1_persistent_p4_p4_only/traj_nav.txt,,930.0,1100.0,online_multisensor_alignment,baseline,guarded,12,,,1,1,,,,,,,,,,,,,04ae413c40994954a479937e4e1416f44143199cafe4d7a99160667dd72aa112,1,1,
P4-RAW_RUN-0225e4855111,raw_run,P4_WITH_P5,P4_P5_redesign_20260713,20260713,fly1,fly3_persistent_p4_p4_only,short,SUCCESS_WITH_TRAJECTORY,RUNTIME_ONLY,COMPLIANT_EXPERIMENT_ROOT,C:/Users/baloney/Desktop/实验目录/P4_P5_redesign_20260713/runs/20260714_025246_short_disabled_p4_only_fly1_fly3/fly3_persistent_p4_p4_only,C:/Users/baloney/Desktop/实验目录/P4_P5_redesign_20260713/runs/20260714_025246_short_disabled_p4_only_fly1_fly3/fly3_persistent_p4_p4_only/traj_nav.txt,,618.0,920.0,online_multisensor_alignment,baseline,guarded,12,,,0,8193,,3,,,,,,,,,,,bea91d39372d8ef366f3d984a0519d7bdfe105f6650520f4b6b5284c352e0f74,1,1,
P4-RAW_RUN-ea9dcae2c33d,raw_run,P4_WITH_P5,P4_P5_redesign_20260713,20260713,fly1,fly1_persistent_p4_p4_only,short,FAILED,RUNTIME_ONLY,COMPLIANT_EXPERIMENT_ROOT,C:/Users/baloney/Desktop/实验目录/P4_P5_redesign_20260713/runs/20260714_030304_short_disabled_p4_only_fly1_fly3/fly1_persistent_p4_p4_only,C:/Users/baloney/Desktop/实验目录/P4_P5_redesign_20260713/runs/20260714_030304_short_disabled_p4_only_fly1_fly3/fly1_persistent_p4_p4_only/traj_nav.txt,,930.0,1100.0,online_multisensor_alignment,baseline,guarded,12,,,1,1,,,,,,,,,,,,,c844c7ae13277f6ea4e5c54379b640c0167713b65b4dbf87562f74603ac1580d,1,1,
P4-RAW_RUN-4be35231debd,raw_run,P4_WITH_P5,P4_P5_redesign_20260713,20260713,fly1,fly3_persistent_p4_p4_only,short,SUCCESS_WITH_TRAJECTORY,RUNTIME_ONLY,COMPLIANT_EXPERIMENT_ROOT,C:/Users/baloney/Desktop/实验目录/P4_P5_redesign_20260713/runs/20260714_030304_short_disabled_p4_only_fly1_fly3/fly3_persistent_p4_p4_only,C:/Users/baloney/Desktop/实验目录/P4_P5_redesign_20260713/runs/20260714_030304_short_disabled_p4_only_fly1_fly3/fly3_persistent_p4_p4_only/traj_nav.txt,,618.0,920.0,online_multisensor_alignment,baseline,guarded,12,,,0,8193,,3,,,,,,,,,,,89129ec693b9a93adfaca4f47d14ad1381d843030921840b87168479ebf1240b,1,1,
P4-RAW_RUN-bcbdedd5aa5f,raw_run,P4_WITH_P5,P4_P5_redesign_20260713,20260713,fly1,fly1_persistent_p4_p4_only,short,SUCCESS_WITH_TRAJECTORY,RUNTIME_ONLY,COMPLIANT_EXPERIMENT_ROOT,C:/Users/baloney/Desktop/实验目录/P4_P5_redesign_20260713/runs/20260714_031410_short_disabled_p4_only_fly1_fly3/fly1_persistent_p4_p4_only,C:/Users/baloney/Desktop/实验目录/P4_P5_redesign_20260713/runs/20260714_031410_short_disabled_p4_only_fly1_fly3/fly1_persistent_p4_p4_only/traj_nav.txt,,930.0,1100.0,online_multisensor_alignment,baseline,guarded,12,,,0,4502,,5,,,,,,,,,,,f17c7574285eff74e3c5c0ba2d19ac4d90ac079d6f76237ec1da25690df458fa,1,1,
P4-RAW_RUN-d262b37596bd,raw_run,P4_WITH_P5,P4_P5_redesign_20260713,20260713,fly1,fly3_persistent_p4_p4_only,short,SUCCESS_WITH_TRAJECTORY,RUNTIME_ONLY,COMPLIANT_EXPERIMENT_ROOT,C:/Users/baloney/Desktop/实验目录/P4_P5_redesign_20260713/runs/20260714_031410_short_disabled_p4_only_fly1_fly3/fly3_persistent_p4_p4_only,C:/Users/baloney/Desktop/实验目录/P4_P5_redesign_20260713/runs/20260714_031410_short_disabled_p4_only_fly1_fly3/fly3_persistent_p4_p4_only/traj_nav.txt,,618.0,920.0,online_multisensor_alignment,baseline,guarded,12,,,0,8193,,3,,,,,,,,,,,6487fa92512310f123484c4263ed6ebc31646830ddac72e1f5dd2c51acac35ee,1,1,
P4-RAW_RUN-ccf0b2196f77,raw_run,P4_WITH_P5,P4_P5_redesign_20260713,20260713,fly1,fly1_persistent_p4_active,short,SUCCESS_WITH_TRAJECTORY,RUNTIME_ONLY,COMPLIANT_EXPERIMENT_ROOT,C:/Users/baloney/Desktop/实验目录/P4_P5_redesign_20260713/runs/20260714_031807_short_disabled_active_fly1_fly3/fly1_persistent_p4_active,C:/Users/baloney/Desktop/实验目录/P4_P5_redesign_20260713/runs/20260714_031807_short_disabled_active_fly1_fly3/fly1_persistent_p4_active/traj_nav.txt,,930.0,1100.0,online_multisensor_alignment,baseline,guarded,12,,,0,4582,,3,,,,,,,,,,,7649c050f4a3fd83aff00feb41ae4ec417956600d6c72826666fe1042e4b74d9,1,1,
P4-RAW_RUN-ba8a60035c3f,raw_run,P4_WITH_P5,P4_P5_redesign_20260713,20260713,fly1,fly3_persistent_p4_active,short,SUCCESS_WITH_TRAJECTORY,RUNTIME_ONLY,COMPLIANT_EXPERIMENT_ROOT,C:/Users/baloney/Desktop/实验目录/P4_P5_redesign_20260713/runs/20260714_031807_short_disabled_active_fly1_fly3/fly3_persistent_p4_active,C:/Users/baloney/Desktop/实验目录/P4_P5_redesign_20260713/runs/20260714_031807_short_disabled_active_fly1_fly3/fly3_persistent_p4_active/traj_nav.txt,,618.0,920.0,online_multisensor_alignment,baseline,guarded,12,,,0,8745,,5,,,,,,,,,,,e6b09351aec8c8e7cff63c3df0ac93e96a85ace9cdcbfb7baa63f328d258ae36,1,1,
P4-RAW_RUN-1b2f5fbcd20d,raw_run,P4_WITH_P5,P4_P5_redesign_20260713,20260713,fly1,fly1_persistent_p4_active,full,SUCCESS_WITH_TRAJECTORY,RUNTIME_ONLY,COMPLIANT_EXPERIMENT_ROOT,C:/Users/baloney/Desktop/实验目录/P4_P5_redesign_20260713/runs/20260714_032226_full_visible_active_fly1_fly3/fly1_persistent_p4_active,C:/Users/baloney/Desktop/实验目录/P4_P5_redesign_20260713/runs/20260714_032226_full_visible_active_fly1_fly3/fly1_persistent_p4_active/traj_nav.txt,,930.0,1938.0,online_multisensor_alignment,baseline,guarded,12,,,0,29711,,3,,,,,,,,,,,fa8cec0bca58005d9fb271a7cb8c1832e6cf508008c75351f6dc6a04d757a9f1,1,1,
P4-RAW_RUN-d71237a557c3,raw_run,P4_WITH_P5,P4_P5_redesign_20260713,20260713,fly1,fly3_persistent_p4_active,full,SUCCESS_WITH_TRAJECTORY,RUNTIME_ONLY,COMPLIANT_EXPERIMENT_ROOT,C:/Users/baloney/Desktop/实验目录/P4_P5_redesign_20260713/runs/20260714_032226_full_visible_active_fly1_fly3/fly3_persistent_p4_active,C:/Users/baloney/Desktop/实验目录/P4_P5_redesign_20260713/runs/20260714_032226_full_visible_active_fly1_fly3/fly3_persistent_p4_active/traj_nav.txt,,618.0,1837.0,online_multisensor_alignment,baseline,guarded,12,,,0,36241,,5,,,,,,,,,,,80cc90acbac346e21491c9cd29ec1ca86e5c6ad8ee8b24aba9bbf4265c6013bb,1,1,
P4-RAW_RUN-6da0a463ac0f,raw_run,P4_WITH_P5,P4_P5_redesign_20260713,20260713,fly1,fly1_persistent_p4_active,full,SUCCESS_WITH_TRAJECTORY,RUNTIME_ONLY,COMPLIANT_EXPERIMENT_ROOT,C:/Users/baloney/Desktop/实验目录/P4_P5_redesign_20260713/runs/20260714_034919_full_disabled_active_fly1_fly3/fly1_persistent_p4_active,C:/Users/baloney/Desktop/实验目录/P4_P5_redesign_20260713/runs/20260714_034919_full_disabled_active_fly1_fly3/fly1_persistent_p4_active/traj_nav.txt,,930.0,1938.0,online_multisensor_alignment,baseline,guarded,12,,,0,29711,,3,,,,,,,,,,,6e032b7ec53080afe4941d5b29265cacfae12a86aa859d0eaf3f3e87d13df317,1,1,
P4-RAW_RUN-78d13e1e77b2,raw_run,P4_WITH_P5,P4_P5_redesign_20260713,20260713,fly1,fly3_persistent_p4_active,full,SUCCESS_WITH_TRAJECTORY,RUNTIME_ONLY,COMPLIANT_EXPERIMENT_ROOT,C:/Users/baloney/Desktop/实验目录/P4_P5_redesign_20260713/runs/20260714_034919_full_disabled_active_fly1_fly3/fly3_persistent_p4_active,C:/Users/baloney/Desktop/实验目录/P4_P5_redesign_20260713/runs/20260714_034919_full_disabled_active_fly1_fly3/fly3_persistent_p4_active/traj_nav.txt,,618.0,1837.0,online_multisensor_alignment,baseline,guarded,12,,,0,36241,,5,,,,,,,,,,,6c86ae9ce75994dd1009dfc76805ec261e936251d00a4dc4f800a6c8ae91a8b7,1,1,
P4-RAW_RUN-1189702b0d40,raw_run,P4_WITH_P5,P4_P5_redesign_20260713,20260713,fly1,fly1_persistent_p4_p4_only,full,ARTIFACT_WITHOUT_EXIT_RECEIPT,RUNTIME_ONLY,COMPLIANT_EXPERIMENT_ROOT,C:/Users/baloney/Desktop/实验目录/P4_P5_redesign_20260713/runs/20260714_081657_full_visible_p4_only_fly1_fly3/fly1_persistent_p4_p4_only,C:/Users/baloney/Desktop/实验目录/P4_P5_redesign_20260713/runs/20260714_081657_full_visible_p4_only_fly1_fly3/fly1_persistent_p4_p4_only/traj_nav.txt,,930.0,1938.0,online_multisensor_alignment,baseline,guarded,12,,,,27459,,5,,,,,,,,,,,35f6ffbf2d9434c9efa84ca331b573980a03ead7a9c453b32a7ee2f77bc9b793,1,1,
P4-RAW_RUN-6c257fdb9d24,raw_run,P4_WITH_P5,P4_P5_redesign_20260713,20260713,fly1,fly3_persistent_p4_p4_only,full,ARTIFACT_WITHOUT_EXIT_RECEIPT,RUNTIME_ONLY,COMPLIANT_EXPERIMENT_ROOT,C:/Users/baloney/Desktop/实验目录/P4_P5_redesign_20260713/runs/20260714_081657_full_visible_p4_only_fly1_fly3/fly3_persistent_p4_p4_only,C:/Users/baloney/Desktop/实验目录/P4_P5_redesign_20260713/runs/20260714_081657_full_visible_p4_only_fly1_fly3/fly3_persistent_p4_p4_only/traj_nav.txt,,618.0,1837.0,online_multisensor_alignment,baseline,guarded,12,,,,28072,,3,,,,,,,,,,,0d1bcaf652c89c1690de7c8bdac1c79094efbb3a6feced955c5d931c1bd1110b,1,1,
P4-RAW_RUN-8e42f99a059c,raw_run,P4_WITH_P5,P4_P5_redesign_20260713,20260713,fly1,fly1_persistent_p4_p4_only,short,SUCCESS_WITH_TRAJECTORY,RUNTIME_ONLY,COMPLIANT_EXPERIMENT_ROOT,C:/Users/baloney/Desktop/实验目录/P4_P5_redesign_20260713/runs/20260714_083755_short_visible_p4_only_global_baseline_fly1_fly3/fly1_persistent_p4_p4_only,C:/Users/baloney/Desktop/实验目录/P4_P5_redesign_20260713/runs/20260714_083755_short_visible_p4_only_global_baseline_fly1_fly3/fly1_persistent_p4_p4_only/traj_nav.txt,,930.0,1100.0,online_multisensor_alignment,baseline,guarded,12,,,0,2856,,8,,,,,,,,,,,3977e2f89237946aabfac3e611aab1099b882b01fd8173942698438118564639,1,1,
P4-RAW_RUN-92a3df41a1bd,raw_run,P4_WITH_P5,P4_P5_redesign_20260713,20260713,fly1,fly3_persistent_p4_p4_only,short,SUCCESS_WITH_TRAJECTORY,RUNTIME_ONLY,COMPLIANT_EXPERIMENT_ROOT,C:/Users/baloney/Desktop/实验目录/P4_P5_redesign_20260713/runs/20260714_083755_short_visible_p4_only_global_baseline_fly1_fly3/fly3_persistent_p4_p4_only,C:/Users/baloney/Desktop/实验目录/P4_P5_redesign_20260713/runs/20260714_083755_short_visible_p4_only_global_baseline_fly1_fly3/fly3_persistent_p4_p4_only/traj_nav.txt,,618.0,920.0,online_multisensor_alignment,baseline,guarded,12,,,0,8193,,3,,,,,,,,,,,2297c6e783145ea0d6cad3014566d107479981edcb23baaf052535936a4e7ba0,1,1,
P4-RAW_RUN-2b59ed8f7c06,raw_run,P4_WITH_P5,P4_P5_redesign_20260713,20260713,fly1,fly1_persistent_p4_p4_only,short,SUCCESS_WITH_TRAJECTORY,RUNTIME_ONLY,COMPLIANT_EXPERIMENT_ROOT,C:/Users/baloney/Desktop/实验目录/P4_P5_redesign_20260713/runs/20260714_085730_short_visible_p4_only_global_baseline_fly1_fly3/fly1_persistent_p4_p4_only,C:/Users/baloney/Desktop/实验目录/P4_P5_redesign_20260713/runs/20260714_085730_short_visible_p4_only_global_baseline_fly1_fly3/fly1_persistent_p4_p4_only/traj_nav.txt,,930.0,1100.0,online_multisensor_alignment,baseline,guarded,12,,,0,2856,,8,,,,,,,,,,,ffe64f3f2f1fb59a77ba9b684073c98e5f1e7d1305c2237283311c071bfa554a,1,1,
P4-RAW_RUN-b3a8adc76ebb,raw_run,P4_WITH_P5,P4_P5_redesign_20260713,20260713,fly1,fly3_persistent_p4_p4_only,short,SUCCESS_WITH_TRAJECTORY,RUNTIME_ONLY,COMPLIANT_EXPERIMENT_ROOT,C:/Users/baloney/Desktop/实验目录/P4_P5_redesign_20260713/runs/20260714_085730_short_visible_p4_only_global_baseline_fly1_fly3/fly3_persistent_p4_p4_only,C:/Users/baloney/Desktop/实验目录/P4_P5_redesign_20260713/runs/20260714_085730_short_visible_p4_only_global_baseline_fly1_fly3/fly3_persistent_p4_p4_only/traj_nav.txt,,618.0,920.0,online_multisensor_alignment,baseline,guarded,12,,,0,8193,,3,,,,,,,,,,,6964b85c8f67c56a1b60aa71004a58aed25b8332acdbf645ea4a7000952ba71d,1,1,
P4-RAW_RUN-3f3e82ac8eb2,raw_run,P4_WITH_P5,P4_P5_redesign_20260713,20260713,fly1,fly1_persistent_p4_p4_only,short,SUCCESS_WITH_TRAJECTORY,RUNTIME_ONLY,COMPLIANT_EXPERIMENT_ROOT,C:/Users/baloney/Desktop/实验目录/P4_P5_redesign_20260713/runs/20260714_090359_short_visible_p4_only_june12_ground_fly1/fly1_persistent_p4_p4_only,C:/Users/baloney/Desktop/实验目录/P4_P5_redesign_20260713/runs/20260714_090359_short_visible_p4_only_june12_ground_fly1/fly1_persistent_p4_p4_only/traj_nav.txt,,930.0,1100.0,online_multisensor_alignment,baseline,guarded,12,,,0,2465,,8,,,,,,,,,,,c6f8c6a1048f3029128015c79e3e80dc52aa71c9c1d1d3caaabf64b71dc2c778,1,1,
P4-RAW_RUN-7b2895c76706,raw_run,P4_WITH_P5,P4_P5_redesign_20260713,20260713,fly1,fly1_persistent_p4_p4_only,full,SUCCESS_WITH_TRAJECTORY,RUNTIME_ONLY,COMPLIANT_EXPERIMENT_ROOT,C:/Users/baloney/Desktop/实验目录/P4_P5_redesign_20260713/runs/20260714_095845_short_visible_p4_only_global_baseline_both/fly1_persistent_p4_p4_only,C:/Users/baloney/Desktop/实验目录/P4_P5_redesign_20260713/runs/20260714_095845_short_visible_p4_only_global_baseline_both/fly1_persistent_p4_p4_only/traj_nav.txt,,930.0,1100.0,online_multisensor_alignment,baseline,guarded,12,,,0,2853,,8,,,,,,,,,,,7695feeae8e7d804c95719672212b644aa3dae1cf2d0abef64eea410e46019d7,1,1,
P4-RAW_RUN-c7f1b5cf6365,raw_run,P4_WITH_P5,P4_P5_redesign_20260713,20260713,fly1,fly1_persistent_p4_p4_only,full,SUCCESS_WITH_TRAJECTORY,RUNTIME_ONLY,COMPLIANT_EXPERIMENT_ROOT,C:/Users/baloney/Desktop/实验目录/P4_P5_redesign_20260713/runs/20260714_102214_short_visible_p4_only_global_baseline_both/fly1_persistent_p4_p4_only,C:/Users/baloney/Desktop/实验目录/P4_P5_redesign_20260713/runs/20260714_102214_short_visible_p4_only_global_baseline_both/fly1_persistent_p4_p4_only/traj_nav.txt,,930.0,1100.0,online_multisensor_alignment,baseline,guarded,12,,,0,2853,,8,,,,,,,,,,,5dc41ecbf3dc74e60168abf19155a437867e6de71ce478add63783d2bdb5434a,1,1,
P4-RAW_RUN-1de213b88ffb,raw_run,P4_WITH_P5,P4_P5_redesign_20260713,20260713,fly1,fly1_persistent_p4_p4_only,full,INCOMPLETE_OR_ABANDONED,RUNTIME_ONLY,COMPLIANT_EXPERIMENT_ROOT,C:/Users/baloney/Desktop/实验目录/P4_P5_redesign_20260713/runs/20260714_121848_full_visible_p4_only_global_baseline_both/fly1_persistent_p4_p4_only,C:/Users/baloney/Desktop/实验目录/P4_P5_redesign_20260713/runs/20260714_121848_full_visible_p4_only_global_baseline_both/fly1_persistent_p4_p4_only/traj_nav.txt,,930.0,1938.0,online_multisensor_alignment,baseline,guarded,12,,,,0,,,,,,,,,,,,,21c9972bf0fa858d6843ef98835686dc62dc4ace850ff9d6370d072d3d85a7c8,1,1,
P4-RAW_RUN-17a2b67ea81b,raw_run,P4_WITH_P5,P4_P5_redesign_20260713,20260713,fly1,fly1_persistent_p4_p4_only,full,SUCCESS_WITH_TRAJECTORY,RUNTIME_ONLY,COMPLIANT_EXPERIMENT_ROOT,C:/Users/baloney/Desktop/实验目录/P4_P5_redesign_20260713/runs/20260714_141128_short_visible_p4_only_global_baseline_both/fly1_persistent_p4_p4_only,C:/Users/baloney/Desktop/实验目录/P4_P5_redesign_20260713/runs/20260714_141128_short_visible_p4_only_global_baseline_both/fly1_persistent_p4_p4_only/traj_nav.txt,,930.0,1100.0,online_multisensor_alignment,baseline,guarded,12,,,0,4790,,8,,,,,,,,,,,4dec11185d88fbc948954f024318d93ed235522d0d0294236b8cb25df2d67b5f,1,1,
P4-RAW_RUN-68b6d34e3783,raw_run,P4_WITH_P5,P4_P5_redesign_20260713,20260713,fly1,fly1_persistent_p4_p4_only,full,SUCCESS_WITH_TRAJECTORY,RUNTIME_ONLY,COMPLIANT_EXPERIMENT_ROOT,C:/Users/baloney/Desktop/实验目录/P4_P5_redesign_20260713/runs/20260714_143212_short_visible_p4_only_global_baseline_fly1/fly1_persistent_p4_p4_only,C:/Users/baloney/Desktop/实验目录/P4_P5_redesign_20260713/runs/20260714_143212_short_visible_p4_only_global_baseline_fly1/fly1_persistent_p4_p4_only/traj_nav.txt,,930.0,1100.0,online_multisensor_alignment,baseline,guarded,12,,,0,4790,,8,,,,,,,,,,,4c30144d103e5647fd0ceeeffb39f18ae01294ad069cce1d22298e56037d4964,1,1,
P4-RAW_RUN-80fee1ecac8b,raw_run,P4_WITH_P5,P4_P5_redesign_20260713,20260713,fly1,fly1_formal_p4_active,full,SUCCESS_WITH_TRAJECTORY,RUNTIME_ONLY,COMPLIANT_EXPERIMENT_ROOT,C:/Users/baloney/Desktop/实验目录/P4_P5_redesign_20260713/runs/20260715_135654_short_disabled_active_global_baseline_both/fly1_formal_p4_active,C:/Users/baloney/Desktop/实验目录/P4_P5_redesign_20260713/runs/20260715_135654_short_disabled_active_global_baseline_both/fly1_formal_p4_active/traj_nav.txt,,930.0,1100.0,online_multisensor_alignment,baseline,guarded,12,,,0,1,,,,,,,,,,,,,05f795af1233b41f2a5680c1a1ca4061045a217f4244f6ab339d054a1f3e4303,1,1,
P4-RAW_RUN-4d51db17e6bc,raw_run,P4_WITH_P5,P4_P5_redesign_20260713,20260713,fly1,fly1_formal_p4_p4_only,full,SUCCESS_WITH_TRAJECTORY,RUNTIME_ONLY,COMPLIANT_EXPERIMENT_ROOT,C:/Users/baloney/Desktop/实验目录/P4_P5_redesign_20260713/runs/20260715_135654_short_disabled_p4_only_global_baseline_both/fly1_formal_p4_p4_only,C:/Users/baloney/Desktop/实验目录/P4_P5_redesign_20260713/runs/20260715_135654_short_disabled_p4_only_global_baseline_both/fly1_formal_p4_p4_only/traj_nav.txt,,930.0,1100.0,online_multisensor_alignment,baseline,guarded,12,,,0,1,,,,,,,,,,,,,a338417538cb418608d97447ff0f802be6df5766c01c257d3a765fc305ad6eb9,1,1,
P4-RAW_RUN-ef7afb545908,raw_run,P4_WITH_P5,P4_P5_redesign_20260713,20260713,fly1,fly1_formal_p4_active,full,SUCCESS_WITH_TRAJECTORY,RUNTIME_ONLY,COMPLIANT_EXPERIMENT_ROOT,C:/Users/baloney/Desktop/实验目录/P4_P5_redesign_20260713/runs/20260715_151008_full_disabled_active_global_baseline_both/fly1_formal_p4_active,C:/Users/baloney/Desktop/实验目录/P4_P5_redesign_20260713/runs/20260715_151008_full_disabled_active_global_baseline_both/fly1_formal_p4_active/traj_nav.txt,,930.0,1938.0,online_multisensor_alignment,baseline,guarded,12,,,0,29913,,8,,,,,,,,,,,529a7a1cebe5bfb8506108304c81293506dd5043c75ce8713d041b5c0886a02e,1,1,
P4-RAW_RUN-721f0b99167b,raw_run,P4_WITH_P5,P4_P5_redesign_20260713,20260713,fly1,fly1_formal_p4_p4_only,full,SUCCESS_WITH_TRAJECTORY,RUNTIME_ONLY,COMPLIANT_EXPERIMENT_ROOT,C:/Users/baloney/Desktop/实验目录/P4_P5_redesign_20260713/runs/20260715_151008_full_disabled_p4_only_global_baseline_both/fly1_formal_p4_p4_only,C:/Users/baloney/Desktop/实验目录/P4_P5_redesign_20260713/runs/20260715_151008_full_disabled_p4_only_global_baseline_both/fly1_formal_p4_p4_only/traj_nav.txt,,930.0,1938.0,online_multisensor_alignment,baseline,guarded,12,,,0,29913,,8,,,,,,,,,,,4e6290c073cc2dd2ba26325b8f564c723925179a49f555146890e55eb3115c84,1,1,
P4-BATCH-90580a7f2405,batch,P4_WITH_P5,P4_P5_redesign_20260713,20260713,fly3,20260714_152805_short_visible_p4_only_global_baseline_fly3,short,FAILED,ORCHESTRATION_ONLY,LEGACY_OUTSIDE_EXPERIMENT_ROOT,C:/Users/baloney/Desktop/P4_P5_redesign_20260713/runs/20260714_152805_short_visible_p4_only_global_baseline_fly3,,,,,,,,,,,,,,,,,,,,,,,,,,,,batch_exit_codes.csv
P4-BATCH-6d03d2c5c717,batch,P4_WITH_P5,P4_P5_redesign_20260713,20260713,fly3,20260714_104936_short_visible_p4_only_global_baseline_fly3,short,BATCH_RECEIPT_PRESENT,ORCHESTRATION_ONLY,COMPLIANT_EXPERIMENT_ROOT,C:/Users/baloney/Desktop/实验目录/P4_P5_redesign_20260713/runs/20260714_104936_short_visible_p4_only_global_baseline_fly3,,,,,,,,,,,,,,,,,,,,,,,,,,,,batch_exit_codes.csv
P4-BATCH-2d781be43c03,batch,P4_WITH_P5,P4_P5_redesign_20260713,20260713,fly3,20260714_105833_short_visible_p4_only_global_baseline_fly3,short,BATCH_RECEIPT_PRESENT,ORCHESTRATION_ONLY,COMPLIANT_EXPERIMENT_ROOT,C:/Users/baloney/Desktop/实验目录/P4_P5_redesign_20260713/runs/20260714_105833_short_visible_p4_only_global_baseline_fly3,,,,,,,,,,,,,,,,,,,,,,,,,,,,batch_exit_codes.csv
P4-EVALUATION-bf1c647db762,evaluation,P4_RELATED_UNCLASSIFIED,P4_P5_redesign_20260713,20260713,fly3,fly3,full,EVALUATED,DIAGNOSTIC_EVALUATION,COMPLIANT_EXPERIMENT_ROOT,C:/Users/baloney/Desktop/实验目录/P4_P5_redesign_20260713/evaluation/20260714_032226_full_visible_active/fly3,,,,,,,,,,,,,,,,1094.599999904,41.08709163654364,1170.9111901125898,388.1461555419249,11.081775728265361,15.227107591136289,,,220.26171889247155,,,,
P4-EVALUATION-fd6ef402c05f,evaluation,P4_RELATED_UNCLASSIFIED,P4_P5_redesign_20260713,20260713,fly3,fly3,full,EVALUATED,DIAGNOSTIC_EVALUATION,COMPLIANT_EXPERIMENT_ROOT,C:/Users/baloney/Desktop/实验目录/P4_P5_redesign_20260713/evaluation/20260714_034919_full_disabled_active/fly3,,,,,,,,,,,,,,,,1094.599999904,41.08709163654364,1170.9111901125898,388.1461555419249,11.081775728265361,15.227107591136289,,,220.26171889247155,,,,
P4-EVALUATION-27109f66159a,evaluation,P4_RELATED_UNCLASSIFIED,P4_P5_redesign_20260713,20260713,fly3,analysis_absolute,short,EVALUATED,DIAGNOSTIC_EVALUATION,COMPLIANT_EXPERIMENT_ROOT,C:/Users/baloney/Desktop/实验目录/P4_P5_redesign_20260713/runs/20260714_095845_short_visible_p4_only_global_baseline_both/fly3_persistent_p4_p4_only/analysis_absolute,,,,,,,,,,,,,,,,293.600000143,10.737666444153296,39.002171542761836,52.124773738328756,0.8203468976195188,1.35490751103649,,,3.156646467507585,,,,
P4-EVALUATION-90d75e8792bb,evaluation,P4_RELATED_UNCLASSIFIED,P4_P5_redesign_20260713,20260713,fly3,analysis_absolute,short,EVALUATED,DIAGNOSTIC_EVALUATION,COMPLIANT_EXPERIMENT_ROOT,C:/Users/baloney/Desktop/实验目录/P4_P5_redesign_20260713/runs/20260714_102214_short_visible_p4_only_global_baseline_both/fly3_persistent_p4_p4_only/analysis_absolute,,,,,,,,,,,,,,,,293.600000143,10.737666444153296,80.99035675536223,171.02885322386078,0.6612742152637671,1.3661316552231506,,,-1.7146203914924172,,,,
P4-EVALUATION-c168df03d2b0,evaluation,P4_RELATED_UNCLASSIFIED,P4_P5_redesign_20260713,20260713,fly3,analysis_absolute,short,EVALUATED,DIAGNOSTIC_EVALUATION,COMPLIANT_EXPERIMENT_ROOT,C:/Users/baloney/Desktop/实验目录/P4_P5_redesign_20260713/runs/20260714_104936_short_visible_p4_only_global_baseline_fly3/fly3_persistent_p4_p4_only/analysis_absolute,,,,,,,,,,,,,,,,293.600000143,10.737666444153296,64.5616750397163,148.26271668867665,0.7292770268674493,1.3366346345217262,,,1.42353357250758,,,,
P4-EVALUATION-ee81d91b2ec4,evaluation,P4_RELATED_UNCLASSIFIED,P4_P5_redesign_20260713,20260713,fly3,analysis_absolute,short,EVALUATED,DIAGNOSTIC_EVALUATION,COMPLIANT_EXPERIMENT_ROOT,C:/Users/baloney/Desktop/实验目录/P4_P5_redesign_20260713/runs/20260714_105833_short_visible_p4_only_global_baseline_fly3/fly3_persistent_p4_p4_only/analysis_absolute,,,,,,,,,,,,,,,,293.600000143,10.737666444153296,80.27367847508046,164.17667251657596,0.6644029032513459,1.3458467798209341,,,-2.5489247414924137,,,,
P4-EVALUATION-cd35d4abe714,evaluation,P4_RELATED_UNCLASSIFIED,P4_P5_redesign_20260713,20260713,fly3,fly3,full,EVALUATED,DIAGNOSTIC_EVALUATION,COMPLIANT_EXPERIMENT_ROOT,C:/Users/baloney/Desktop/实验目录/P4_P5_redesign_20260713/runs/20260715_151008_full_disabled_active_global_baseline_both/evaluation_full/fly3,,,,,,,,,,,,,,,,1094.799999952,41.095808403409926,209.31221112166935,338.1805329376948,2.330672739993989,3.806378671030139,,,102.39679285947155,,,,
P4-EVALUATION-283fec761a28,evaluation,P4_RELATED_UNCLASSIFIED,P4_P5_redesign_20260713,20260713,fly3,fly3,full,EVALUATED,DIAGNOSTIC_EVALUATION,COMPLIANT_EXPERIMENT_ROOT,C:/Users/baloney/Desktop/实验目录/P4_P5_redesign_20260713/runs/20260715_151008_full_disabled_p4_only_global_baseline_both/evaluation_full/fly3,,,,,,,,,,,,,,,,1094.799999952,41.095808403409926,231.63723387469636,777.9446311911001,3.0961859020089872,4.303241453610627,,,350.0425389444715,,,,
P4-RAW_RUN-43ee3ea4f7dd,raw_run,P4_RELATED_UNCLASSIFIED,P4_P5_redesign_20260713,20260713,fly3,fly3,full,ARTIFACT_WITHOUT_EXIT_RECEIPT,RUNTIME_ONLY,LEGACY_OUTSIDE_EXPERIMENT_ROOT,C:/Users/baloney/Desktop/P4_P5_redesign_20260713/P4_P5_full_validation_20260714/fly3,C:/Users/baloney/Desktop/P4_P5_redesign_20260713/P4_P5_full_validation_20260714/fly3/traj_nav.txt,,,,,,,,,,,11066,,3,,,,,,,,,,,,,1,missing_command
P4-RAW_RUN-73bafb43a3b6,raw_run,P4_RELATED_UNCLASSIFIED,P4_P5_redesign_20260713,20260713,fly3,fly3,full,ARTIFACT_WITHOUT_EXIT_RECEIPT,RUNTIME_ONLY,LEGACY_OUTSIDE_EXPERIMENT_ROOT,C:/Users/baloney/Desktop/P4_P5_redesign_20260713/P4_P5_full_validation_20260714_v2/fly3,C:/Users/baloney/Desktop/P4_P5_redesign_20260713/P4_P5_full_validation_20260714_v2/fly3/traj_nav.txt,,,,,,,,,,,36166,,3,,,,,,,,,,,,,1,missing_command
P4-RAW_RUN-96370e750ede,raw_run,P4_RELATED_UNCLASSIFIED,P4_P5_redesign_20260713,20260713,fly3,fly3,full,FAILED,RUNTIME_ONLY,LEGACY_OUTSIDE_EXPERIMENT_ROOT,C:/Users/baloney/Desktop/P4_P5_redesign_20260713/P4_P5_full_validation_20260714_v5/fly3,C:/Users/baloney/Desktop/P4_P5_redesign_20260713/P4_P5_full_validation_20260714_v5/fly3/traj_nav.txt,,,,,,,,,,n,36166,,3,,,,,,,,,,,,,1,missing_command
P4-RAW_RUN-2ed7e65cbc4b,raw_run,P4_RELATED_UNCLASSIFIED,P4_P5_redesign_20260713,20260713,fly3,fly3,short,ARTIFACT_WITHOUT_EXIT_RECEIPT,RUNTIME_ONLY,LEGACY_OUTSIDE_EXPERIMENT_ROOT,C:/Users/baloney/Desktop/P4_P5_redesign_20260713/P4_P5_short_validation_20260714_v3/fly3,C:/Users/baloney/Desktop/P4_P5_redesign_20260713/P4_P5_short_validation_20260714_v3/fly3/traj_nav.txt,,,,,,,,,,,8670,,3,,,,,,,,,,,,,1,missing_command
P4-RAW_RUN-bc4d4d7dde35,raw_run,P4_RELATED_UNCLASSIFIED,P4_P5_redesign_20260713,20260713,fly3,fly3,short,ARTIFACT_WITHOUT_EXIT_RECEIPT,RUNTIME_ONLY,LEGACY_OUTSIDE_EXPERIMENT_ROOT,C:/Users/baloney/Desktop/P4_P5_redesign_20260713/P4_P5_short_validation_20260714_v4/fly3,C:/Users/baloney/Desktop/P4_P5_redesign_20260713/P4_P5_short_validation_20260714_v4/fly3/traj_nav.txt,,,,,,,,,,,8670,,3,,,,,,,,,,,,,1,missing_command
P4-RAW_RUN-901b0e9f0c8e,raw_run,P4_RELATED_UNCLASSIFIED,P4_P5_redesign_20260713,20260713,fly3,fly3,short,ARTIFACT_WITHOUT_EXIT_RECEIPT,RUNTIME_ONLY,LEGACY_OUTSIDE_EXPERIMENT_ROOT,C:/Users/baloney/Desktop/P4_P5_redesign_20260713/P4_P5_short_validation_20260714_v6/fly3,C:/Users/baloney/Desktop/P4_P5_redesign_20260713/P4_P5_short_validation_20260714_v6/fly3/traj_nav.txt,,,,,,,,,,,8670,,3,,,,,,,,,,,,,1,missing_command
P4-RAW_RUN-52d6326cb0df,raw_run,P4_RELATED_UNCLASSIFIED,P4_P5_redesign_20260713,20260713,fly3,fly3,,ARTIFACT_WITHOUT_EXIT_RECEIPT,RUNTIME_ONLY,LEGACY_OUTSIDE_EXPERIMENT_ROOT,C:/Users/baloney/Desktop/P4_P5_redesign_20260713/angle_feedback_validation_20260714/fly3,C:/Users/baloney/Desktop/P4_P5_redesign_20260713/angle_feedback_validation_20260714/fly3/traj_nav.txt,,,,,,,,,,,8670,,3,,,,,,,,,,,,,1,missing_command
P4-RAW_RUN-c759840fc621,raw_run,P4_WITH_P5,P4_P5_redesign_20260713,20260713,fly3,fly3_persistent_p4_p4_only,full,SUCCESS_WITH_TRAJECTORY,RUNTIME_ONLY,LEGACY_OUTSIDE_EXPERIMENT_ROOT,C:/Users/baloney/Desktop/P4_P5_redesign_20260713/runs/20260714_152805_short_visible_p4_only_global_baseline_fly3/fly3_persistent_p4_p4_only,C:/Users/baloney/Desktop/P4_P5_redesign_20260713/runs/20260714_152805_short_visible_p4_only_global_baseline_fly3/fly3_persistent_p4_p4_only/traj_nav.txt,,618.0,920.0,online_multisensor_alignment,baseline,guarded,12,,,0,8670,,3,,,,,,,,,,,c8bd7b78f089e851bc2736ff517bc84e2415c12227f5ca979159035fac6abfd6,1,1,
P4-RAW_RUN-e10358cadbcd,raw_run,P4_WITH_P5,P4_P5_redesign_20260713,20260713,fly3,fly3_persistent_p4_p4_only,full,SUCCESS_WITH_TRAJECTORY,RUNTIME_ONLY,COMPLIANT_EXPERIMENT_ROOT,C:/Users/baloney/Desktop/实验目录/P4_P5_redesign_20260713/runs/20260714_095845_short_visible_p4_only_global_baseline_both/fly3_persistent_p4_p4_only,C:/Users/baloney/Desktop/实验目录/P4_P5_redesign_20260713/runs/20260714_095845_short_visible_p4_only_global_baseline_both/fly3_persistent_p4_p4_only/traj_nav.txt,,618.0,920.0,online_multisensor_alignment,baseline,guarded,12,,,0,8814,,3,,,,,,,,,,,b7632b9dd2735df98e19cc69c5631573637406c686ed8b98afddf1e06da4954c,1,1,
P4-RAW_RUN-fe1f3663d256,raw_run,P4_WITH_P5,P4_P5_redesign_20260713,20260713,fly3,fly3_persistent_p4_p4_only,full,SUCCESS_WITH_TRAJECTORY,RUNTIME_ONLY,COMPLIANT_EXPERIMENT_ROOT,C:/Users/baloney/Desktop/实验目录/P4_P5_redesign_20260713/runs/20260714_102214_short_visible_p4_only_global_baseline_both/fly3_persistent_p4_p4_only,C:/Users/baloney/Desktop/实验目录/P4_P5_redesign_20260713/runs/20260714_102214_short_visible_p4_only_global_baseline_both/fly3_persistent_p4_p4_only/traj_nav.txt,,618.0,920.0,online_multisensor_alignment,baseline,guarded,12,,,0,8814,,3,,,,,,,,,,,047312c9e61eb9b81f22c0e204af404e48ea339df8e648b5d100ff2ceece97fd,1,1,
P4-RAW_RUN-a2fb0e94bff8,raw_run,P4_WITH_P5,P4_P5_redesign_20260713,20260713,fly3,fly3_persistent_p4_p4_only,full,SUCCESS_WITH_TRAJECTORY,RUNTIME_ONLY,COMPLIANT_EXPERIMENT_ROOT,C:/Users/baloney/Desktop/实验目录/P4_P5_redesign_20260713/runs/20260714_104936_short_visible_p4_only_global_baseline_fly3/fly3_persistent_p4_p4_only,C:/Users/baloney/Desktop/实验目录/P4_P5_redesign_20260713/runs/20260714_104936_short_visible_p4_only_global_baseline_fly3/fly3_persistent_p4_p4_only/traj_nav.txt,,618.0,920.0,online_multisensor_alignment,baseline,guarded,12,,,0,8814,,3,,,,,,,,,,,2af822316d0b1baef784574db72e31adb013137302ebd070a94874f2b0f93539,1,1,
P4-RAW_RUN-1a9bcb45bb9f,raw_run,P4_WITH_P5,P4_P5_redesign_20260713,20260713,fly3,fly3_persistent_p4_p4_only,full,SUCCESS_WITH_TRAJECTORY,RUNTIME_ONLY,COMPLIANT_EXPERIMENT_ROOT,C:/Users/baloney/Desktop/实验目录/P4_P5_redesign_20260713/runs/20260714_105833_short_visible_p4_only_global_baseline_fly3/fly3_persistent_p4_p4_only,C:/Users/baloney/Desktop/实验目录/P4_P5_redesign_20260713/runs/20260714_105833_short_visible_p4_only_global_baseline_fly3/fly3_persistent_p4_p4_only/traj_nav.txt,,618.0,920.0,online_multisensor_alignment,baseline,guarded,12,,,0,8814,,3,,,,,,,,,,,b67e57f68f8a99fc24f0af9890bdbe6ea71b5d317a5390edc155c0e8816db3b4,1,1,
P4-RAW_RUN-98547b82164f,raw_run,P4_WITH_P5,P4_P5_redesign_20260713,20260713,fly3,fly3_formal_p4_active,full,SUCCESS_WITH_TRAJECTORY,RUNTIME_ONLY,COMPLIANT_EXPERIMENT_ROOT,C:/Users/baloney/Desktop/实验目录/P4_P5_redesign_20260713/runs/20260715_135654_short_disabled_active_global_baseline_both/fly3_formal_p4_active,C:/Users/baloney/Desktop/实验目录/P4_P5_redesign_20260713/runs/20260715_135654_short_disabled_active_global_baseline_both/fly3_formal_p4_active/traj_nav.txt,,618.0,920.0,online_multisensor_alignment,baseline,guarded,12,,,0,1,,,,,,,,,,,,,2df24c5e343707754beb644bdfe2524e50d0c65efe4a272fcdbbaf35e558d352,1,1,
P4-RAW_RUN-d5d712d66ad9,raw_run,P4_WITH_P5,P4_P5_redesign_20260713,20260713,fly3,fly3_formal_p4_p4_only,full,SUCCESS_WITH_TRAJECTORY,RUNTIME_ONLY,COMPLIANT_EXPERIMENT_ROOT,C:/Users/baloney/Desktop/实验目录/P4_P5_redesign_20260713/runs/20260715_135654_short_disabled_p4_only_global_baseline_both/fly3_formal_p4_p4_only,C:/Users/baloney/Desktop/实验目录/P4_P5_redesign_20260713/runs/20260715_135654_short_disabled_p4_only_global_baseline_both/fly3_formal_p4_p4_only/traj_nav.txt,,618.0,920.0,online_multisensor_alignment,baseline,guarded,12,,,0,1,,,,,,,,,,,,,0881ec5d3c183b529f719c85ed5e5db1e15b1497b47463d7028c3cced6594128,1,1,
P4-RAW_RUN-b4fe4110e194,raw_run,P4_WITH_P5,P4_P5_redesign_20260713,20260713,fly3,fly3_formal_p4_active,full,SUCCESS_WITH_TRAJECTORY,RUNTIME_ONLY,COMPLIANT_EXPERIMENT_ROOT,C:/Users/baloney/Desktop/实验目录/P4_P5_redesign_20260713/runs/20260715_151008_full_disabled_active_global_baseline_both/fly3_formal_p4_active,C:/Users/baloney/Desktop/实验目录/P4_P5_redesign_20260713/runs/20260715_151008_full_disabled_active_global_baseline_both/fly3_formal_p4_active/traj_nav.txt,,618.0,1837.0,online_multisensor_alignment,baseline,guarded,12,,,0,36244,,8,,,,,,,,,,,73645156bb5952f52a9e4357caa15736d73fe472b8337647123a609484d80073,1,1,
P4-RAW_RUN-572b3c22dae4,raw_run,P4_WITH_P5,P4_P5_redesign_20260713,20260713,fly3,fly3_formal_p4_p4_only,full,SUCCESS_WITH_TRAJECTORY,RUNTIME_ONLY,COMPLIANT_EXPERIMENT_ROOT,C:/Users/baloney/Desktop/实验目录/P4_P5_redesign_20260713/runs/20260715_151008_full_disabled_p4_only_global_baseline_both/fly3_formal_p4_p4_only,C:/Users/baloney/Desktop/实验目录/P4_P5_redesign_20260713/runs/20260715_151008_full_disabled_p4_only_global_baseline_both/fly3_formal_p4_p4_only/traj_nav.txt,,618.0,1837.0,online_multisensor_alignment,baseline,guarded,12,,,0,36244,,8,,,,,,,,,,,b7554bff0ab9612ce6dd1e617bdf8fd2cab77a966cabf31a54a7fe4567558c68,1,1,
P4-BATCH-6db2df381175,batch,P4_WITH_P5,P4_P5_batch_ascii_20260714,20260714,,20260714_164217_short_visible_p4_only_global_baseline_both,short,BATCH_RECEIPT_PRESENT,ORCHESTRATION_ONLY,LEGACY_OUTSIDE_EXPERIMENT_ROOT,C:/Users/baloney/Desktop/P4_P5_batch_ascii_20260714/P4_P5_redesign_20260713/runs/20260714_164217_short_visible_p4_only_global_baseline_both,,,,,,,,,,,,,,,,,,,,,,,,,,,,batch_exit_codes.csv
P4-EVALUATION-b5331a3413ac,evaluation,P4_RELATED_UNCLASSIFIED,P4_P5_redesign_20260714,20260714,fly1,20260714_fly1_nochange_frozen_absolute,,EVALUATED,DIAGNOSTIC_EVALUATION,COMPLIANT_EXPERIMENT_ROOT,C:/Users/baloney/Desktop/实验目录/P4_P5_redesign_20260714/20260714_fly1_nochange_frozen_absolute,,,,,,,,,,,,,,,,150.0000000000001,5.491563293449656,253.39056275931003,499.9397307289356,2.591482792480521,3.1043313625843934,,,240.7711897023407,,,,
P4-EVALUATION-c1f092fbfa88,evaluation,P4_RELATED_UNCLASSIFIED,P4_P5_redesign_20260714,20260714,fly1,20260714_fly1_nochange_frozen_full_absolute,full,EVALUATED,DIAGNOSTIC_EVALUATION,COMPLIANT_EXPERIMENT_ROOT,C:/Users/baloney/Desktop/实验目录/P4_P5_redesign_20260714/20260714_fly1_nochange_frozen_full_absolute,,,,,,,,,,,,,,,,765.6000001430001,29.358294408627852,737.4128127861532,727.4495945668812,12.503835685596423,15.177696272488571,,,127.7869495244062,,,,
P4-EVALUATION-1d7af1579fb2,evaluation,P4_RELATED_UNCLASSIFIED,P4_P5_redesign_20260714,20260714,fly1,20260714_fly1_p4_persistent_feedback_diagnostic,,EVALUATED,DIAGNOSTIC_EVALUATION,COMPLIANT_EXPERIMENT_ROOT,C:/Users/baloney/Desktop/实验目录/P4_P5_redesign_20260714/20260714_fly1_p4_persistent_feedback_diagnostic,,,,,,,,,,,,,,,,159.6000001430001,5.904622049746627,82.2928774267327,166.76983282517304,0.6799480228813617,1.8619079842817001,,,-0.7042701366592894,,,,
P4-EVALUATION-2af76697b118,evaluation,P4_RELATED_UNCLASSIFIED,P4_P5_redesign_20260714,20260714,fly1,20260714_fly1_persistent_feedback_full_absolute,full,EVALUATED,DIAGNOSTIC_EVALUATION,COMPLIANT_EXPERIMENT_ROOT,C:/Users/baloney/Desktop/实验目录/P4_P5_redesign_20260714/20260714_fly1_persistent_feedback_full_absolute,,,,,,,,,,,,,,,,772.6000001430001,29.66161292150172,198.55955152051138,327.7209501419903,1.9761376684388732,4.150411687567067,,,63.68466310740621,,,,
P4-EVALUATION-70363512a993,evaluation,P4_RELATED_UNCLASSIFIED,P4_P5_redesign_20260714,20260714,fly1,20260714_fly1_persistent_feedback_short_absolute,short,EVALUATED,DIAGNOSTIC_EVALUATION,COMPLIANT_EXPERIMENT_ROOT,C:/Users/baloney/Desktop/实验目录/P4_P5_redesign_20260714/20260714_fly1_persistent_feedback_short_absolute,,,,,,,,,,,,,,,,159.6000001430001,5.9046220497468695,82.2928774271884,166.76983282653546,0.6799480228902786,1.8619079843004942,,,-0.7042701378719585,,,,
P4-EVALUATION-971318ad8932,evaluation,P4_RELATED_UNCLASSIFIED,P4_P5_redesign_20260714,20260714,fly1,20260714_fly1_persistent_feedback_short_absolute_latest,short,EVALUATED,DIAGNOSTIC_EVALUATION,COMPLIANT_EXPERIMENT_ROOT,C:/Users/baloney/Desktop/实验目录/P4_P5_redesign_20260714/20260714_fly1_persistent_feedback_short_absolute_latest,,,,,,,,,,,,,,,,159.6000001430001,5.9046220497468695,83.762431012581,168.08605417758164,0.6653699184435876,1.862860261779848,,,-0.6454830488719665,,,,
P4-EVALUATION-fd9af37b78c1,evaluation,P4_RELATED_UNCLASSIFIED,P4_P5_redesign_20260714,20260714,fly3,20260714_fly3_nochange_frozen_absolute,,EVALUATED,DIAGNOSTIC_EVALUATION,COMPLIANT_EXPERIMENT_ROOT,C:/Users/baloney/Desktop/实验目录/P4_P5_redesign_20260714/20260714_fly3_nochange_frozen_absolute,,,,,,,,,,,,,,,,272.799999952,9.841155875682011,527.5683407251626,923.3089731948791,4.0564061824983115,5.4811280633495025,,,149.2206152865076,,,,
P4-EVALUATION-eb641322a16f,evaluation,P4_RELATED_UNCLASSIFIED,P4_P5_redesign_20260714,20260714,fly3,20260714_fly3_nochange_frozen_full_absolute,full,EVALUATED,DIAGNOSTIC_EVALUATION,COMPLIANT_EXPERIMENT_ROOT,C:/Users/baloney/Desktop/实验目录/P4_P5_redesign_20260714/20260714_fly3_nochange_frozen_full_absolute,,,,,,,,,,,,,,,,1094.599999904,41.08709163654364,1170.9111901125898,388.1461555419249,11.081775728265361,15.227107591136289,,,220.26171889247155,,,,
P4-EVALUATION-eedae5b7d678,evaluation,P4_RELATED_UNCLASSIFIED,P4_P5_redesign_20260714,20260714,fly3,20260714_fly3_p4_persistent_feedback_diagnostic,,EVALUATED,DIAGNOSTIC_EVALUATION,COMPLIANT_EXPERIMENT_ROOT,C:/Users/baloney/Desktop/实验目录/P4_P5_redesign_20260714/20260714_fly3_p4_persistent_feedback_diagnostic,,,,,,,,,,,,,,,,288.799999952,10.52912075530368,90.3514497112837,182.6305412241768,0.6390857357289431,1.430928429075147,,,-5.821292030492401,,,,
P4-EVALUATION-bac793aa4584,evaluation,P4_RELATED_UNCLASSIFIED,P4_P5_redesign_20260714,20260714,fly3,20260714_fly3_persistent_feedback_full_absolute,full,EVALUATED,DIAGNOSTIC_EVALUATION,COMPLIANT_EXPERIMENT_ROOT,C:/Users/baloney/Desktop/实验目录/P4_P5_redesign_20260714/20260714_fly3_persistent_feedback_full_absolute,,,,,,,,,,,,,,,,1092.199999809,40.98252203763968,239.88528918258797,618.4443713170585,2.4739498133480318,4.040562629596852,,,255.55193791147155,,,,
P4-EVALUATION-b4dc243112b5,evaluation,P4_RELATED_UNCLASSIFIED,P4_P5_redesign_20260714,20260714,fly3,20260714_fly3_persistent_feedback_full_absolute_latest,full,EVALUATED,DIAGNOSTIC_EVALUATION,COMPLIANT_EXPERIMENT_ROOT,C:/Users/baloney/Desktop/实验目录/P4_P5_redesign_20260714/20260714_fly3_persistent_feedback_full_absolute_latest,,,,,,,,,,,,,,,,1092.199999809,40.98252203763968,216.36499450622645,361.7685925091173,1.6527607023928887,3.6735399535383175,,,265.63703588747154,,,,
P4-EVALUATION-b2a71a695046,evaluation,P4_RELATED_UNCLASSIFIED,P4_P5_redesign_20260714,20260714,fly3,20260714_fly3_persistent_feedback_short_absolute,short,EVALUATED,DIAGNOSTIC_EVALUATION,COMPLIANT_EXPERIMENT_ROOT,C:/Users/baloney/Desktop/实验目录/P4_P5_redesign_20260714/20260714_fly3_persistent_feedback_short_absolute,,,,,,,,,,,,,,,,288.799999952,10.529120755304307,90.35144971033785,182.6305412230055,0.6390857357289431,1.430928429075147,,,-5.821292031415027,,,,
P4-EVALUATION-656f86270016,evaluation,P4_RELATED_UNCLASSIFIED,P4_P5_redesign_20260714,20260714,fly3,20260714_fly3_persistent_feedback_short_absolute_latest,short,EVALUATED,DIAGNOSTIC_EVALUATION,COMPLIANT_EXPERIMENT_ROOT,C:/Users/baloney/Desktop/实验目录/P4_P5_redesign_20260714/20260714_fly3_persistent_feedback_short_absolute_latest,,,,,,,,,,,,,,,,288.799999952,10.529120755304307,90.31406897177858,186.52212550777085,0.663922399029385,1.442976607813688,,,-6.213833204415039,,,,
P4-RAW_RUN-3126142bf507,raw_run,P4_RELATED_UNCLASSIFIED,P4_P5_window_count_full_20260714_v1,20260714,fly1,fly1,full,FAILED,RUNTIME_ONLY,LEGACY_OUTSIDE_EXPERIMENT_ROOT,C:/Users/baloney/Desktop/P4_P5_window_count_full_20260714_v1/fly1,C:/Users/baloney/Desktop/P4_P5_window_count_full_20260714_v1/fly1/traj_nav.txt,,,,,,,,,,True,29961,,8,,,,,,,,,,,,,1,missing_command
P4-RAW_RUN-33b6786b465e,raw_run,P4_RELATED_UNCLASSIFIED,P4_P5_window_count_full_20260714_v1,20260714,fly3,fly3,full,FAILED,RUNTIME_ONLY,LEGACY_OUTSIDE_EXPERIMENT_ROOT,C:/Users/baloney/Desktop/P4_P5_window_count_full_20260714_v1/fly3,C:/Users/baloney/Desktop/P4_P5_window_count_full_20260714_v1/fly3/traj_nav.txt,,,,,,,,,,True,36442,,3,,,,,,,,,,,,,1,missing_command
P4-EVALUATION-2cd5bfdc3ae7,evaluation,P4_RELATED_UNCLASSIFIED,P4_P5_window_count_full_20260714_v1_eval,20260714,fly1,fly1,full,EVALUATED,DIAGNOSTIC_EVALUATION,LEGACY_OUTSIDE_EXPERIMENT_ROOT,C:/Users/baloney/Desktop/P4_P5_window_count_full_20260714_v1_eval/fly1,,,,,,,,,,,,,,,,774.0000000000001,29.72162773575399,185.89932620714575,428.6112339902426,2.2070733951930466,4.372802278368844,,,32.83305102061888,,,,
P4-EVALUATION-10e998d8f32f,evaluation,P4_RELATED_UNCLASSIFIED,P4_P5_window_count_full_20260714_v1_eval,20260714,fly3,fly3,full,EVALUATED,DIAGNOSTIC_EVALUATION,LEGACY_OUTSIDE_EXPERIMENT_ROOT,C:/Users/baloney/Desktop/P4_P5_window_count_full_20260714_v1_eval/fly3,,,,,,,,,,,,,,,,1101.399999857,41.378232901485624,237.19678101768704,442.77594269089474,2.4066685038748656,4.178061294517781,,,257.3085058849324,,,,
P4-RAW_RUN-39517561bd70,raw_run,P4_RELATED_UNCLASSIFIED,P4_P5_window_count_full_20260714_v2,20260714,fly1,fly1,full,FAILED,RUNTIME_ONLY,LEGACY_OUTSIDE_EXPERIMENT_ROOT,C:/Users/baloney/Desktop/P4_P5_window_count_full_20260714_v2/fly1,C:/Users/baloney/Desktop/P4_P5_window_count_full_20260714_v2/fly1/traj_nav.txt,,,,,,,,,,True,29625,,8,,,,,,,,,,,,,1,missing_command
P4-RAW_RUN-cad9be8e4281,raw_run,P4_RELATED_UNCLASSIFIED,P4_P5_window_count_full_20260714_v2,20260714,fly3,fly3,full,FAILED,RUNTIME_ONLY,LEGACY_OUTSIDE_EXPERIMENT_ROOT,C:/Users/baloney/Desktop/P4_P5_window_count_full_20260714_v2/fly3,C:/Users/baloney/Desktop/P4_P5_window_count_full_20260714_v2/fly3/traj_nav.txt,,,,,,,,,,True,36154,,3,,,,,,,,,,,,,1,missing_command
P4-EVALUATION-765373ebb2d2,evaluation,P4_RELATED_UNCLASSIFIED,P4_P5_window_count_full_20260714_v2_eval,20260714,fly1,fly1,full,EVALUATED,DIAGNOSTIC_EVALUATION,LEGACY_OUTSIDE_EXPERIMENT_ROOT,C:/Users/baloney/Desktop/P4_P5_window_count_full_20260714_v2_eval/fly1,,,,,,,,,,,,,,,,762.7999999520001,29.24012732728954,164.1742310058655,236.7806367144348,1.9332883345907552,2.895219372504212,,,60.76972059561888,,,,
P4-EVALUATION-00b9c6176155,evaluation,P4_RELATED_UNCLASSIFIED,P4_P5_window_count_full_20260714_v2_eval,20260714,fly3,fly3,full,EVALUATED,DIAGNOSTIC_EVALUATION,LEGACY_OUTSIDE_EXPERIMENT_ROOT,C:/Users/baloney/Desktop/P4_P5_window_count_full_20260714_v2_eval/fly3,,,,,,,,,,,,,,,,1091.799999952,40.965124024123135,226.1471867660904,584.4220253056063,3.408101572332577,4.792807414144961,,,351.5676491519324,,,,
P4-RAW_RUN-6e02eb923c0e,raw_run,P4_RELATED_UNCLASSIFIED,P4_P5_window_count_short_20260714,20260714,fly1,fly1,short,INCOMPLETE_OR_ABANDONED,RUNTIME_ONLY,LEGACY_OUTSIDE_EXPERIMENT_ROOT,C:/Users/baloney/Desktop/P4_P5_window_count_short_20260714/fly1,,,,,,,,,,,,0,,,,,,,,,,,,,,,,missing_command
P4-RAW_RUN-8cf0cd91938c,raw_run,P4_RELATED_UNCLASSIFIED,P4_P5_window_count_short_20260714,20260714,fly3,fly3,short,INCOMPLETE_OR_ABANDONED,RUNTIME_ONLY,LEGACY_OUTSIDE_EXPERIMENT_ROOT,C:/Users/baloney/Desktop/P4_P5_window_count_short_20260714/fly3,,,,,,,,,,,,0,,,,,,,,,,,,,,,,missing_command
P4-RAW_RUN-ac41f3f36103,raw_run,P4_RELATED_UNCLASSIFIED,P4_P5_window_count_short_20260714_v2,20260714,fly1,fly1,short,FAILED,RUNTIME_ONLY,LEGACY_OUTSIDE_EXPERIMENT_ROOT,C:/Users/baloney/Desktop/P4_P5_window_count_short_20260714_v2/fly1,C:/Users/baloney/Desktop/P4_P5_window_count_short_20260714_v2/fly1/traj_nav.txt,,,,,,,,,,True,1,,,,,,,,,,,,,,,1,missing_command
P4-RAW_RUN-7606d951133e,raw_run,P4_RELATED_UNCLASSIFIED,P4_P5_window_count_short_20260714_v2,20260714,fly3,fly3,short,FAILED,RUNTIME_ONLY,LEGACY_OUTSIDE_EXPERIMENT_ROOT,C:/Users/baloney/Desktop/P4_P5_window_count_short_20260714_v2/fly3,C:/Users/baloney/Desktop/P4_P5_window_count_short_20260714_v2/fly3/traj_nav.txt,,,,,,,,,,True,1,,,,,,,,,,,,,,,1,missing_command
P4-RAW_RUN-e081cb96db3d,raw_run,P4_RELATED_UNCLASSIFIED,P4_P5_window_count_short_20260714_v3,20260714,fly1,fly1,short,FAILED,RUNTIME_ONLY,LEGACY_OUTSIDE_EXPERIMENT_ROOT,C:/Users/baloney/Desktop/P4_P5_window_count_short_20260714_v3/fly1,C:/Users/baloney/Desktop/P4_P5_window_count_short_20260714_v3/fly1/traj_nav.txt,,,,,,,,,,True,4832,,8,,,,,,,,,,,,,1,missing_command
P4-RAW_RUN-6ddb40d06c3c,raw_run,P4_RELATED_UNCLASSIFIED,P4_P5_window_count_short_20260714_v3,20260714,fly3,fly3,short,FAILED,RUNTIME_ONLY,LEGACY_OUTSIDE_EXPERIMENT_ROOT,C:/Users/baloney/Desktop/P4_P5_window_count_short_20260714_v3/fly3,C:/Users/baloney/Desktop/P4_P5_window_count_short_20260714_v3/fly3/traj_nav.txt,,,,,,,,,,True,8946,,3,,,,,,,,,,,,,1,missing_command
P4-EVALUATION-1b991f99c9fb,evaluation,P4_RELATED_UNCLASSIFIED,P4_P5_window_count_short_20260714_v3_eval,20260714,fly1,fly1,short,EVALUATED,DIAGNOSTIC_EVALUATION,LEGACY_OUTSIDE_EXPERIMENT_ROOT,C:/Users/baloney/Desktop/P4_P5_window_count_short_20260714_v3_eval/fly1,,,,,,,,,,,,,,,,161.0000000000001,5.964636863999205,103.0907219425261,193.70976011745475,1.2407430192946363,2.057229955557892,,,-0.4264355066592884,,,,
P4-EVALUATION-60f04da46436,evaluation,P4_RELATED_UNCLASSIFIED,P4_P5_window_count_short_20260714_v3_eval,20260714,fly3,fly3,short,EVALUATED,DIAGNOSTIC_EVALUATION,LEGACY_OUTSIDE_EXPERIMENT_ROOT,C:/Users/baloney/Desktop/P4_P5_window_count_short_20260714_v3_eval/fly3,,,,,,,,,,,,,,,,298.0,10.924831619149671,91.52600904354979,160.1021025319247,0.6626439454718024,1.5041040227970774,,,-5.970234186492405,,,,
P4-RAW_RUN-febc2bfd2081,raw_run,P4_RELATED_UNCLASSIFIED,P4_P5_window_count_short_20260714_v4,20260714,fly1,fly1,short,FAILED,RUNTIME_ONLY,LEGACY_OUTSIDE_EXPERIMENT_ROOT,C:/Users/baloney/Desktop/P4_P5_window_count_short_20260714_v4/fly1,C:/Users/baloney/Desktop/P4_P5_window_count_short_20260714_v4/fly1/traj_nav.txt,,,,,,,,,,True,4496,,8,,,,,,,,,,,,,1,missing_command
P4-RAW_RUN-8c67d59e1acc,raw_run,P4_RELATED_UNCLASSIFIED,P4_P5_window_count_short_20260714_v4,20260714,fly3,fly3,short,FAILED,RUNTIME_ONLY,LEGACY_OUTSIDE_EXPERIMENT_ROOT,C:/Users/baloney/Desktop/P4_P5_window_count_short_20260714_v4/fly3,C:/Users/baloney/Desktop/P4_P5_window_count_short_20260714_v4/fly3/traj_nav.txt,,,,,,,,,,True,8658,,3,,,,,,,,,,,,,1,missing_command
P4-EVALUATION-ebb878c59baa,evaluation,P4_RELATED_UNCLASSIFIED,P4_P5_window_count_short_20260714_v4_eval,20260714,fly1,fly1,short,EVALUATED,DIAGNOSTIC_EVALUATION,LEGACY_OUTSIDE_EXPERIMENT_ROOT,C:/Users/baloney/Desktop/P4_P5_window_count_short_20260714_v4_eval/fly1,,,,,,,,,,,,,,,,149.79999995200012,5.483136455534729,28.41976983645641,36.10298349353388,0.5154406436104985,0.6906783350045906,,,-0.7352503676592903,,,,
P4-EVALUATION-483db458ff2e,evaluation,P4_RELATED_UNCLASSIFIED,P4_P5_window_count_short_20260714_v4_eval,20260714,fly3,fly3,short,EVALUATED,DIAGNOSTIC_EVALUATION,LEGACY_OUTSIDE_EXPERIMENT_ROOT,C:/Users/baloney/Desktop/P4_P5_window_count_short_20260714_v4_eval/fly3,,,,,,,,,,,,,,,,288.400000095,10.51172274178719,89.27642115473932,162.20120028435923,0.6074971992639023,1.485152973785154,,,-5.425533007492419,,,,
P4-RAW_RUN-c8befadd4aac,raw_run,P4_RELATED_UNCLASSIFIED,P4_P5_window_count_short_20260714_v5,20260714,fly1,fly1,short,FAILED,RUNTIME_ONLY,LEGACY_OUTSIDE_EXPERIMENT_ROOT,C:/Users/baloney/Desktop/P4_P5_window_count_short_20260714_v5/fly1,,,,,,,,,,,True,0,,,,,,,,,,,,,,,,missing_command
P4-RAW_RUN-24e767c8aa8d,raw_run,P4_RELATED_UNCLASSIFIED,P4_P5_window_count_short_20260714_v5,20260714,fly3,fly3,short,FAILED,RUNTIME_ONLY,LEGACY_OUTSIDE_EXPERIMENT_ROOT,C:/Users/baloney/Desktop/P4_P5_window_count_short_20260714_v5/fly3,,,,,,,,,,,True,0,,,,,,,,,,,,,,,,missing_command
P4-RAW_RUN-4e5794cbdc1b,raw_run,P4_RELATED_UNCLASSIFIED,P4_P5_window_count_short_20260714_v6,20260714,fly1,fly1,short,ARTIFACT_WITHOUT_EXIT_RECEIPT,RUNTIME_ONLY,LEGACY_OUTSIDE_EXPERIMENT_ROOT,C:/Users/baloney/Desktop/P4_P5_window_count_short_20260714_v6/fly1,C:/Users/baloney/Desktop/P4_P5_window_count_short_20260714_v6/fly1/traj_nav.txt,,,,,,,,,,,1,,,,,,,,,,,,,,,1,missing_command
P4-RAW_RUN-448ee4a11e21,raw_run,P4_RELATED_UNCLASSIFIED,P4_P5_window_count_short_20260714_v7,20260714,fly1,fly1,short,ARTIFACT_WITHOUT_EXIT_RECEIPT,RUNTIME_ONLY,LEGACY_OUTSIDE_EXPERIMENT_ROOT,C:/Users/baloney/Desktop/P4_P5_window_count_short_20260714_v7/fly1,C:/Users/baloney/Desktop/P4_P5_window_count_short_20260714_v7/fly1/traj_nav.txt,,,,,,,,,,,1,,,,,,,,,,,,,,,1,missing_command
P4-BATCH-657bd513b4c7,batch,P4,P4_sliding_window_r1_20260714,20260714,,20260714_234134_short_shadow,short,FAILED,ORCHESTRATION_ONLY,LEGACY_OUTSIDE_EXPERIMENT_ROOT,C:/Users/baloney/Desktop/P4_sliding_window_r1_20260714/20260714_234134_short_shadow,,,,,,,,,,,,,,,,,,,,,,,,,,,,batch_exit_codes.csv
P4-BATCH-4efa4ea7eff8,batch,P4,P4_sliding_window_r1_20260714,20260714,,20260714_234817_short_shadow,short,FAILED,ORCHESTRATION_ONLY,LEGACY_OUTSIDE_EXPERIMENT_ROOT,C:/Users/baloney/Desktop/P4_sliding_window_r1_20260714/20260714_234817_short_shadow,,,,,,,,,,,,,,,,,,,,,,,,,,,,batch_exit_codes.csv
P4-BATCH-ceb9e3618191,batch,P4,P4_sliding_window_r1_20260714,20260714,,20260714_235508_short_shadow,short,BATCH_RECEIPT_PRESENT,ORCHESTRATION_ONLY,LEGACY_OUTSIDE_EXPERIMENT_ROOT,C:/Users/baloney/Desktop/P4_sliding_window_r1_20260714/20260714_235508_short_shadow,,,,,,,,,,,,,,,,,,,,,,,,,,,,batch_exit_codes.csv
P4-BATCH-49c1a998a18b,batch,P4,P4_sliding_window_r1_20260714,20260714,,20260717_094223_short_formal,short,FAILED,ORCHESTRATION_ONLY,LEGACY_OUTSIDE_EXPERIMENT_ROOT,C:/Users/baloney/Desktop/P4_sliding_window_r1_20260714/20260717_094223_short_formal,,,,,,,,,,,,,,,,,,,,,,,,,,,,batch_exit_codes.csv
P4-RAW_RUN-53c6d7b4075b,raw_run,P4,P4_sliding_window_r1_20260714,20260714,fly1,fly1,full,SUCCESS_WITH_TRAJECTORY,RUNTIME_ONLY,LEGACY_OUTSIDE_EXPERIMENT_ROOT,C:/Users/baloney/Desktop/P4_sliding_window_r1_20260714/20260714_234134_short_shadow/fly1,C:/Users/baloney/Desktop/P4_sliding_window_r1_20260714/20260714_234134_short_shadow/fly1/traj_nav.txt,,930.0,952.0,online_multisensor_alignment,baseline,guarded,12,,,0,1,,,,,,,,,,,,,6cb2e2cf1b00f7068bf733e1dc26102fd5ba4e2f248878d70b365e946205b8fb,1,1,acceptance=PASS
P4-RAW_RUN-7a51a59146f7,raw_run,P4_WITH_P5,P4_sliding_window_r1_20260714,20260714,fly1,fly1,full,SUCCESS_WITH_TRAJECTORY,RUNTIME_ONLY,LEGACY_OUTSIDE_EXPERIMENT_ROOT,C:/Users/baloney/Desktop/P4_sliding_window_r1_20260714/20260714_235508_short_shadow/fly1,C:/Users/baloney/Desktop/P4_sliding_window_r1_20260714/20260714_235508_short_shadow/fly1/traj_nav.txt,,930.0,952.0,online_multisensor_alignment,baseline,guarded,12,,,0,1,,,,,,,,,,,,,984d70dbcb4a3fc757ef75b5e23cb1394f1739324d8f4a0e3b08269812a32994,1,1,acceptance=PASS
P4-RAW_RUN-66295b5e5433,raw_run,P4_WITH_P5,P4_sliding_window_r1_20260714,20260714,fly2,fly2,full,FAILED,RUNTIME_ONLY,LEGACY_OUTSIDE_EXPERIMENT_ROOT,C:/Users/baloney/Desktop/P4_sliding_window_r1_20260714/20260717_094223_short_formal/fly2,,,700.0,1100.0,online_multisensor_alignment,baseline,guarded,12,,,1,0,,,,,,,,,,,,,c8ec5a4fd26087cda9f52e9be62115477f607ff1d064a430492b79c495e95d5e,1,,
P4-RAW_RUN-ffee56b704ed,raw_run,P4,P4_sliding_window_r1_20260714,20260714,fly3,fly3,full,SUCCESS_WITH_TRAJECTORY,RUNTIME_ONLY,LEGACY_OUTSIDE_EXPERIMENT_ROOT,C:/Users/baloney/Desktop/P4_sliding_window_r1_20260714/20260714_234134_short_shadow/fly3,C:/Users/baloney/Desktop/P4_sliding_window_r1_20260714/20260714_234134_short_shadow/fly3/traj_nav.txt,,618.0,640.0,online_multisensor_alignment,baseline,guarded,12,,,0,1,,,,,,,,,,,,,49559417e751aefc5f08e58b1b24c26ac49857a67426b206d1e4feba50666984,1,1,acceptance=FAIL
P4-RAW_RUN-8a36ff64f33a,raw_run,P4_WITH_P5,P4_sliding_window_r1_20260714,20260714,fly3,fly3,full,SUCCESS_WITH_TRAJECTORY,RUNTIME_ONLY,LEGACY_OUTSIDE_EXPERIMENT_ROOT,C:/Users/baloney/Desktop/P4_sliding_window_r1_20260714/20260714_234817_short_shadow/fly3,C:/Users/baloney/Desktop/P4_sliding_window_r1_20260714/20260714_234817_short_shadow/fly3/traj_nav.txt,,618.0,640.0,online_multisensor_alignment,baseline,guarded,12,,,0,1,,,,,,,,,,,,,4e7958e315bc2640a4c91d1865083ab2778280d2f8d5560ea223afaa474acc64,3,1,acceptance=FAIL
P4-RAW_RUN-045ca0af299d,raw_run,P4_WITH_P5,P4_sliding_window_r1_20260714,20260714,fly3,fly3,full,SUCCESS_WITH_TRAJECTORY,RUNTIME_ONLY,LEGACY_OUTSIDE_EXPERIMENT_ROOT,C:/Users/baloney/Desktop/P4_sliding_window_r1_20260714/20260714_235508_short_shadow/fly3,C:/Users/baloney/Desktop/P4_sliding_window_r1_20260714/20260714_235508_short_shadow/fly3/traj_nav.txt,,618.0,640.0,online_multisensor_alignment,baseline,guarded,12,,,0,1,,,,,,,,,,,,,4e7958e315bc2640a4c91d1865083ab2778280d2f8d5560ea223afaa474acc64,3,1,acceptance=PASS
P4-BATCH-a75ed66cc053,batch,P4_WITH_P5,P4_formal_20260715,20260715,,20260715_084619_full_visible_p4_only_global_baseline_both,full,FAILED,ORCHESTRATION_ONLY,COMPLIANT_EXPERIMENT_ROOT,C:/Users/baloney/Desktop/实验目录/P4_formal_20260715/P4_P5_redesign_20260713/runs/20260715_084619_full_visible_p4_only_global_baseline_both,,,,,,,,,,,,,,,,,,,,,,,,,,,,batch_exit_codes.csv
P4-BATCH-7fd6d3ef13ce,batch,P4_WITH_P5,P4_formal_20260715,20260715,,20260715_084759_full_visible_p4_only_global_baseline_both,full,FAILED,ORCHESTRATION_ONLY,COMPLIANT_EXPERIMENT_ROOT,C:/Users/baloney/Desktop/实验目录/P4_formal_20260715/P4_P5_redesign_20260713/runs/20260715_084759_full_visible_p4_only_global_baseline_both,,,,,,,,,,,,,,,,,,,,,,,,,,,,batch_exit_codes.csv
P4-BATCH-7083b8acc106,batch,P4_WITH_P5,P4_formal_20260715,20260715,,20260715_085330_full_visible_p4_only_global_baseline_both,full,FAILED,ORCHESTRATION_ONLY,COMPLIANT_EXPERIMENT_ROOT,C:/Users/baloney/Desktop/实验目录/P4_formal_20260715/P4_P5_redesign_20260713/runs/20260715_085330_full_visible_p4_only_global_baseline_both,,,,,,,,,,,,,,,,,,,,,,,,,,,,batch_exit_codes.csv
P4-BATCH-bbed2289d441,batch,P4_WITH_P5,P4_formal_20260715,20260715,,20260715_085610_full_visible_p4_only_global_baseline_both,full,BATCH_RECEIPT_PRESENT,ORCHESTRATION_ONLY,COMPLIANT_EXPERIMENT_ROOT,C:/Users/baloney/Desktop/实验目录/P4_formal_20260715/P4_P5_redesign_20260713/runs/20260715_085610_full_visible_p4_only_global_baseline_both,,,,,,,,,,,,,,,,,,,,,,,,,,,,batch_exit_codes.csv
P4-BATCH-f1adf2046ad9,batch,P5_ONLY_IN_P4_CAMPAIGN,P4_formal_20260715,20260715,,20260715_094918_short_visible_shadow_global_baseline_both,short,BATCH_RECEIPT_PRESENT,ORCHESTRATION_ONLY,COMPLIANT_EXPERIMENT_ROOT,C:/Users/baloney/Desktop/实验目录/P4_formal_20260715/P4_P5_redesign_20260713/runs/20260715_094918_short_visible_shadow_global_baseline_both,,,,,,,,,,,,,,,,,,,,,,,,,,,,batch_exit_codes.csv
P4-BATCH-0f33e365f3d1,batch,P5_ONLY_IN_P4_CAMPAIGN,P4_formal_20260715,20260715,,20260715_113003_short_visible_active_global_baseline_both,short,FAILED,ORCHESTRATION_ONLY,COMPLIANT_EXPERIMENT_ROOT,C:/Users/baloney/Desktop/实验目录/P4_formal_20260715/P4_P5_redesign_20260713/runs/20260715_113003_short_visible_active_global_baseline_both,,,,,,,,,,,,,,,,,,,,,,,,,,,,batch_exit_codes.csv
P4-BATCH-3daf7f957e96,batch,P5_ONLY_IN_P4_CAMPAIGN,P4_formal_20260715,20260715,,20260715_114429_short_visible_active_global_baseline_both,short,BATCH_RECEIPT_PRESENT,ORCHESTRATION_ONLY,COMPLIANT_EXPERIMENT_ROOT,C:/Users/baloney/Desktop/实验目录/P4_formal_20260715/P4_P5_redesign_20260713/runs/20260715_114429_short_visible_active_global_baseline_both,,,,,,,,,,,,,,,,,,,,,,,,,,,,batch_exit_codes.csv
P4-BATCH-c5a327ba1937,batch,P4_WITH_P5,P4_formal_20260715,20260715,,20260715_115150_short_visible_p4_only_global_baseline_both,short,BATCH_RECEIPT_PRESENT,ORCHESTRATION_ONLY,COMPLIANT_EXPERIMENT_ROOT,C:/Users/baloney/Desktop/实验目录/P4_formal_20260715/P4_P5_redesign_20260713/runs/20260715_115150_short_visible_p4_only_global_baseline_both,,,,,,,,,,,,,,,,,,,,,,,,,,,,batch_exit_codes.csv
P4-BATCH-f316127723e4,batch,P5_ONLY_IN_P4_CAMPAIGN,P4_formal_20260715,20260715,,20260715_121121_short_visible_active_global_baseline_both,short,BATCH_RECEIPT_PRESENT,ORCHESTRATION_ONLY,COMPLIANT_EXPERIMENT_ROOT,C:/Users/baloney/Desktop/实验目录/P4_formal_20260715/P4_P5_redesign_20260713/runs/20260715_121121_short_visible_active_global_baseline_both,,,,,,,,,,,,,,,,,,,,,,,,,,,,batch_exit_codes.csv
P4-BATCH-9506f985d2ed,batch,P5_ONLY_IN_P4_CAMPAIGN,P4_formal_20260715,20260715,,20260715_121948_full_visible_active_global_baseline_both,full,BATCH_RECEIPT_PRESENT,ORCHESTRATION_ONLY,COMPLIANT_EXPERIMENT_ROOT,C:/Users/baloney/Desktop/实验目录/P4_formal_20260715/P4_P5_redesign_20260713/runs/20260715_121948_full_visible_active_global_baseline_both,,,,,,,,,,,,,,,,,,,,,,,,,,,,batch_exit_codes.csv
P4-BATCH-fabe69c7fc8d,batch,P5_ONLY_IN_P4_CAMPAIGN,P4_formal_20260715,20260715,,20260715_130342_short_visible_active_global_baseline_both,short,BATCH_RECEIPT_PRESENT,ORCHESTRATION_ONLY,COMPLIANT_EXPERIMENT_ROOT,C:/Users/baloney/Desktop/实验目录/P4_formal_20260715/P4_P5_redesign_20260713/runs/20260715_130342_short_visible_active_global_baseline_both,,,,,,,,,,,,,,,,,,,,,,,,,,,,batch_exit_codes.csv
P4-BATCH-10871b042dc3,batch,P5_ONLY_IN_P4_CAMPAIGN,P4_formal_20260715,20260715,,20260715_131102_full_visible_active_global_baseline_both,full,BATCH_RECEIPT_PRESENT,ORCHESTRATION_ONLY,COMPLIANT_EXPERIMENT_ROOT,C:/Users/baloney/Desktop/实验目录/P4_formal_20260715/P4_P5_redesign_20260713/runs/20260715_131102_full_visible_active_global_baseline_both,,,,,,,,,,,,,,,,,,,,,,,,,,,,batch_exit_codes.csv
P4-BATCH-45b7e96103ea,batch,P5_ONLY_IN_P4_CAMPAIGN,P4_formal_20260715,20260715,,20260715_141056_short_disabled_active_global_baseline_both,short,BATCH_RECEIPT_PRESENT,ORCHESTRATION_ONLY,COMPLIANT_EXPERIMENT_ROOT,C:/Users/baloney/Desktop/实验目录/P4_formal_20260715/P4_P5_redesign_20260713/runs/20260715_141056_short_disabled_active_global_baseline_both,,,,,,,,,,,,,,,,,,,,,,,,,,,,batch_exit_codes.csv
P4-BATCH-6ddc09cca9c7,batch,P4_WITH_P5,P4_formal_20260715,20260715,,20260715_141056_short_disabled_p4_only_global_baseline_both,short,BATCH_RECEIPT_PRESENT,ORCHESTRATION_ONLY,COMPLIANT_EXPERIMENT_ROOT,C:/Users/baloney/Desktop/实验目录/P4_formal_20260715/P4_P5_redesign_20260713/runs/20260715_141056_short_disabled_p4_only_global_baseline_both,,,,,,,,,,,,,,,,,,,,,,,,,,,,batch_exit_codes.csv
P4-BATCH-b40092a85c24,batch,P5_ONLY_IN_P4_CAMPAIGN,P4_formal_20260715,20260715,,20260715_141612_full_disabled_active_global_baseline_both,full,BATCH_RECEIPT_PRESENT,ORCHESTRATION_ONLY,COMPLIANT_EXPERIMENT_ROOT,C:/Users/baloney/Desktop/实验目录/P4_formal_20260715/P4_P5_redesign_20260713/runs/20260715_141612_full_disabled_active_global_baseline_both,,,,,,,,,,,,,,,,,,,,,,,,,,,,batch_exit_codes.csv
P4-BATCH-9673a5106788,batch,P4_WITH_P5,P4_formal_20260715,20260715,,20260715_143016_full_disabled_p4_only_global_baseline_both,full,BATCH_RECEIPT_PRESENT,ORCHESTRATION_ONLY,COMPLIANT_EXPERIMENT_ROOT,C:/Users/baloney/Desktop/实验目录/P4_formal_20260715/P4_P5_redesign_20260713/runs/20260715_143016_full_disabled_p4_only_global_baseline_both,,,,,,,,,,,,,,,,,,,,,,,,,,,,batch_exit_codes.csv
P4-BATCH-ceb39ae04188,batch,P5_ONLY_IN_P4_CAMPAIGN,P4_formal_20260715,20260715,,20260715_145607_short_disabled_active_global_baseline_both,short,BATCH_RECEIPT_PRESENT,ORCHESTRATION_ONLY,COMPLIANT_EXPERIMENT_ROOT,C:/Users/baloney/Desktop/实验目录/P4_formal_20260715/P4_P5_redesign_20260713/runs/20260715_145607_short_disabled_active_global_baseline_both,,,,,,,,,,,,,,,,,,,,,,,,,,,,batch_exit_codes.csv
P4-BATCH-6cd85d759b24,batch,P4_WITH_P5,P4_formal_20260715,20260715,,20260715_145607_short_disabled_p4_only_global_baseline_both,short,BATCH_RECEIPT_PRESENT,ORCHESTRATION_ONLY,COMPLIANT_EXPERIMENT_ROOT,C:/Users/baloney/Desktop/实验目录/P4_formal_20260715/P4_P5_redesign_20260713/runs/20260715_145607_short_disabled_p4_only_global_baseline_both,,,,,,,,,,,,,,,,,,,,,,,,,,,,batch_exit_codes.csv
P4-BATCH-161f74c6fb36,batch,P5_ONLY_IN_P4_CAMPAIGN,P4_formal_20260715,20260715,,20260715_153122_full_disabled_active_global_baseline_both,full,BATCH_RECEIPT_PRESENT,ORCHESTRATION_ONLY,COMPLIANT_EXPERIMENT_ROOT,C:/Users/baloney/Desktop/实验目录/P4_formal_20260715/P4_P5_redesign_20260713/runs/20260715_153122_full_disabled_active_global_baseline_both,,,,,,,,,,,,,,,,,,,,,,,,,,,,batch_exit_codes.csv
P4-BATCH-fcee785123ce,batch,P4_WITH_P5,P4_formal_20260715,20260715,fly1,20260715_004401_short_visible_p4_only_global_baseline_fly1,short,FAILED,ORCHESTRATION_ONLY,LEGACY_OUTSIDE_EXPERIMENT_ROOT,C:/Users/baloney/Desktop/P4_formal_20260715/P4_P5_redesign_20260713/runs/20260715_004401_short_visible_p4_only_global_baseline_fly1,,,,,,,,,,,,,,,,,,,,,,,,,,,,batch_exit_codes.csv
P4-BATCH-5464c20efcba,batch,P5_ONLY_IN_P4_CAMPAIGN,P4_formal_20260715,20260715,fly1,20260715_100032_short_visible_shadow_global_baseline_fly1,short,BATCH_RECEIPT_PRESENT,ORCHESTRATION_ONLY,COMPLIANT_EXPERIMENT_ROOT,C:/Users/baloney/Desktop/实验目录/P4_formal_20260715/P4_P5_redesign_20260713/runs/20260715_100032_short_visible_shadow_global_baseline_fly1,,,,,,,,,,,,,,,,,,,,,,,,,,,,batch_exit_codes.csv
P4-BATCH-2017b8615c04,batch,P5_ONLY_IN_P4_CAMPAIGN,P4_formal_20260715,20260715,fly1,20260715_100521_short_visible_shadow_global_baseline_fly1,short,BATCH_RECEIPT_PRESENT,ORCHESTRATION_ONLY,COMPLIANT_EXPERIMENT_ROOT,C:/Users/baloney/Desktop/实验目录/P4_formal_20260715/P4_P5_redesign_20260713/runs/20260715_100521_short_visible_shadow_global_baseline_fly1,,,,,,,,,,,,,,,,,,,,,,,,,,,,batch_exit_codes.csv
P4-EVALUATION-2aaf4d61bb40,evaluation,P4_RELATED_UNCLASSIFIED,P4_formal_20260715,20260715,fly1,20260715_fly1_formal_p4_short_成功,short,EVALUATED,DIAGNOSTIC_EVALUATION,COMPLIANT_EXPERIMENT_ROOT,C:/Users/baloney/Desktop/实验目录/P4_formal_20260715/20260715_fly1_formal_p4_short_成功,,,,,,,,,,,,,,,,159.4000000950001,5.895892476055725,48.29227584006185,104.4887750776029,0.564016854722347,1.2111248281598517,,,-0.4178678029374794,,,,
P4-EVALUATION-1196fb31b45b,evaluation,P4_RELATED_UNCLASSIFIED,P4_formal_20260715,20260715,fly1,20260715_fly1_v6_reference_short_成功,short,EVALUATED,DIAGNOSTIC_EVALUATION,COMPLIANT_EXPERIMENT_ROOT,C:/Users/baloney/Desktop/实验目录/P4_formal_20260715/20260715_fly1_v6_reference_short_成功,,,,,,,,,,,,,,,,159.4000000950001,5.895892476055725,48.27044621640346,101.77635781387862,0.6395329360552596,1.2203467040060396,,,-0.16870275493747044,,,,
P4-EVALUATION-7791c64e6d62,evaluation,P4_RELATED_UNCLASSIFIED,P4_formal_20260715,20260715,fly1,fly1,short,EVALUATED,DIAGNOSTIC_EVALUATION,COMPLIANT_EXPERIMENT_ROOT,C:/Users/baloney/Desktop/实验目录/P4_formal_20260715/P4_P5_redesign_20260713/runs/20260715_114429_short_visible_active_global_baseline_both/evaluation_short/fly1,,,,,,,,,,,,,,,,159.4000000950001,5.895892476055967,74.75864671004427,149.26512195124147,0.47467849936749723,1.413837082053614,,,-0.28575141587197095,,,,
P4-EVALUATION-9bc2aae954c2,evaluation,P4_RELATED_UNCLASSIFIED,P4_formal_20260715,20260715,fly1,fly1,short,EVALUATED,DIAGNOSTIC_EVALUATION,COMPLIANT_EXPERIMENT_ROOT,C:/Users/baloney/Desktop/实验目录/P4_formal_20260715/P4_P5_redesign_20260713/runs/20260715_115150_short_visible_p4_only_global_baseline_both/evaluation_short/fly1,,,,,,,,,,,,,,,,159.4000000950001,5.895892476055967,101.3926794338454,204.0677645945139,0.5628099986777108,1.9888426775351702,,,-0.789351313871947,,,,
P4-EVALUATION-8541868be1bc,evaluation,P4_RELATED_UNCLASSIFIED,P4_formal_20260715,20260715,fly1,fly1,short,EVALUATED,DIAGNOSTIC_EVALUATION,COMPLIANT_EXPERIMENT_ROOT,C:/Users/baloney/Desktop/实验目录/P4_formal_20260715/P4_P5_redesign_20260713/runs/20260715_121121_short_visible_active_global_baseline_both/evaluation_short/fly1,,,,,,,,,,,,,,,,159.4000000950001,5.895892476055967,102.2161033914747,202.91896706565612,0.3682965933089601,1.7827105106271006,,,-0.6523216998719477,,,,
P4-EVALUATION-b2e56b5838c2,evaluation,P4_RELATED_UNCLASSIFIED,P4_formal_20260715,20260715,fly1,fly1,full,EVALUATED,DIAGNOSTIC_EVALUATION,COMPLIANT_EXPERIMENT_ROOT,C:/Users/baloney/Desktop/实验目录/P4_formal_20260715/P4_P5_redesign_20260713/runs/20260715_121948_full_visible_active_global_baseline_both/evaluation_full/fly1,,,,,,,,,,,,,,,,772.4000000950001,29.65288334781082,175.88979862794835,245.23359035647562,0.6518841543045778,3.7521949258714353,,,1.9679163514062044,,,,
P4-EVALUATION-b4fc71c1a2ca,evaluation,P4_RELATED_UNCLASSIFIED,P4_formal_20260715,20260715,fly1,fly1,short,EVALUATED,DIAGNOSTIC_EVALUATION,COMPLIANT_EXPERIMENT_ROOT,C:/Users/baloney/Desktop/实验目录/P4_formal_20260715/P4_P5_redesign_20260713/runs/20260715_130342_short_visible_active_global_baseline_both/evaluation_short/fly1,,,,,,,,,,,,,,,,159.4000000950001,5.895892476055967,112.7324470068988,221.43803109518637,0.3991455664298247,1.9394183710441815,,,-0.41397750587196924,,,,
P4-EVALUATION-d23ca080626d,evaluation,P4_RELATED_UNCLASSIFIED,P4_formal_20260715,20260715,fly1,fly1,full,EVALUATED,DIAGNOSTIC_EVALUATION,COMPLIANT_EXPERIMENT_ROOT,C:/Users/baloney/Desktop/实验目录/P4_formal_20260715/P4_P5_redesign_20260713/runs/20260715_131102_full_visible_active_global_baseline_both/evaluation_full/fly1,,,,,,,,,,,,,,,,772.4000000950001,29.65288334781082,175.69434615887755,346.4272448300986,1.3071894617368132,3.8576317936661253,,,3.6722371444062043,,,,
P4-EVALUATION-0988cca41a4a,evaluation,P4_RELATED_UNCLASSIFIED,P4_formal_20260715,20260715,fly1,fly1,short,EVALUATED,DIAGNOSTIC_EVALUATION,COMPLIANT_EXPERIMENT_ROOT,C:/Users/baloney/Desktop/实验目录/P4_formal_20260715/P4_P5_redesign_20260713/runs/20260715_141056_short_disabled_active_global_baseline_both/evaluation_short/fly1,,,,,,,,,,,,,,,,159.4000000950001,5.895892476055967,112.73284184711366,221.43888973375465,0.39914551429825984,1.9394228626552652,,,-0.41397663687195063,,,,
P4-EVALUATION-206c828a8a8a,evaluation,P4_RELATED_UNCLASSIFIED,P4_formal_20260715,20260715,fly1,fly1,short,EVALUATED,DIAGNOSTIC_EVALUATION,COMPLIANT_EXPERIMENT_ROOT,C:/Users/baloney/Desktop/实验目录/P4_formal_20260715/P4_P5_redesign_20260713/runs/20260715_141056_short_disabled_p4_only_global_baseline_both/evaluation_short/fly1,,,,,,,,,,,,,,,,159.4000000950001,5.895892476055967,112.90132742565878,224.1307572917491,0.4807060178387612,2.0316986811731623,,,-0.6263262148719662,,,,
P4-EVALUATION-79f667187f78,evaluation,P4_RELATED_UNCLASSIFIED,P4_formal_20260715,20260715,fly1,fly1,full,EVALUATED,DIAGNOSTIC_EVALUATION,COMPLIANT_EXPERIMENT_ROOT,C:/Users/baloney/Desktop/实验目录/P4_formal_20260715/P4_P5_redesign_20260713/runs/20260715_141612_full_disabled_active_global_baseline_both/evaluation_full/fly1,,,,,,,,,,,,,,,,772.4000000950001,29.65288334781082,175.69371849751187,346.434299164129,1.3072025628479589,3.8576224223501936,,,3.672202994406205,,,,
P4-EVALUATION-ea38553a18f7,evaluation,P4_RELATED_UNCLASSIFIED,P4_formal_20260715,20260715,fly1,fly1,full,EVALUATED,DIAGNOSTIC_EVALUATION,COMPLIANT_EXPERIMENT_ROOT,C:/Users/baloney/Desktop/实验目录/P4_formal_20260715/P4_P5_redesign_20260713/runs/20260715_143016_full_disabled_p4_only_global_baseline_both/evaluation_full/fly1,,,,,,,,,,,,,,,,772.4000000950001,29.65288334781082,211.46137647843506,590.5390056203431,3.566729115081946,5.42867711922938,,,160.5949664914062,,,,
P4-EVALUATION-756a37b32ed4,evaluation,P4_RELATED_UNCLASSIFIED,P4_formal_20260715,20260715,fly1,fly1,short,EVALUATED,DIAGNOSTIC_EVALUATION,COMPLIANT_EXPERIMENT_ROOT,C:/Users/baloney/Desktop/实验目录/P4_formal_20260715/P4_P5_redesign_20260713/runs/20260715_145607_short_disabled_active_global_baseline_both/evaluation_short/fly1,,,,,,,,,,,,,,,,159.4000000950001,5.895892476055967,102.04952617980304,196.55786315676966,0.5085473086855156,1.9356842699650516,,,-0.7600160308719524,,,,
P4-EVALUATION-5cde463f00a7,evaluation,P4_RELATED_UNCLASSIFIED,P4_formal_20260715,20260715,fly1,fly1,short,EVALUATED,DIAGNOSTIC_EVALUATION,COMPLIANT_EXPERIMENT_ROOT,C:/Users/baloney/Desktop/实验目录/P4_formal_20260715/P4_P5_redesign_20260713/runs/20260715_145607_short_disabled_p4_only_global_baseline_both/evaluation_short/fly1,,,,,,,,,,,,,,,,159.4000000950001,5.895892476055967,103.85696009952241,208.65434441594368,0.5640168547294468,2.0124988039880223,,,-0.7755968198719643,,,,
P4-EVALUATION-b6b8adb13dba,evaluation,P4_RELATED_UNCLASSIFIED,P4_formal_20260715,20260715,fly1,fly1,full,EVALUATED,DIAGNOSTIC_EVALUATION,COMPLIANT_EXPERIMENT_ROOT,C:/Users/baloney/Desktop/实验目录/P4_formal_20260715/P4_P5_redesign_20260713/runs/20260715_153122_full_disabled_active_global_baseline_both/evaluation_full/fly1,,,,,,,,,,,,,,,,772.4000000950001,29.65288334781082,160.93863217815857,244.08877303033893,0.5609592093147274,3.561508645463099,,,2.849297765406205,,,,
P4-EVALUATION-2ecd921ddbec,evaluation,P4_RELATED_UNCLASSIFIED,P4_formal_20260715,20260715,fly1,fly1,full,EVALUATED,DIAGNOSTIC_EVALUATION,COMPLIANT_EXPERIMENT_ROOT,C:/Users/baloney/Desktop/实验目录/P4_formal_20260715/evaluation/20260715_085610_full_p4_only/fly1,,,,,,,,,,,,,,,,772.4000000950001,29.65288334781082,205.24650014244224,323.064724977367,1.7910502414153178,4.396350267565407,,,62.5359398204062,,,,
P4-EVALUATION-dec30c82ae44,evaluation,P4_RELATED_UNCLASSIFIED,P4_formal_20260715,20260715,fly1,fly1_formal,full,EVALUATED,DIAGNOSTIC_EVALUATION,COMPLIANT_EXPERIMENT_ROOT,C:/Users/baloney/Desktop/实验目录/P4_formal_20260715/evaluation/20260715_085610_matched_full/fly1_formal,,,,,,,,,,,,,,,,772.4000000950001,29.65288334781082,205.24650014244224,323.064724977367,1.7872240340812229,4.395215427302744,,,62.5359398204062,,,,
P4-EVALUATION-847babae1021,evaluation,P4_RELATED_UNCLASSIFIED,P4_formal_20260715,20260715,fly1,fly1_reference,full,EVALUATED,DIAGNOSTIC_EVALUATION,COMPLIANT_EXPERIMENT_ROOT,C:/Users/baloney/Desktop/实验目录/P4_formal_20260715/evaluation/20260715_085610_matched_full/fly1_reference,,,,,,,,,,,,,,,,772.4000000950001,29.65288334781082,198.5858537687304,327.7209501419903,1.9679811064801858,4.147327695207761,,,63.68466310740621,,,,
P4-RAW_RUN-9265089521f0,raw_run,P4_WITH_P5,P4_formal_20260715,20260715,fly1,fly1_formal_p4_p4_only,full,SUCCESS_WITH_TRAJECTORY,RUNTIME_ONLY,LEGACY_OUTSIDE_EXPERIMENT_ROOT,C:/Users/baloney/Desktop/P4_formal_20260715/P4_P5_redesign_20260713/runs/20260715_004401_short_visible_p4_only_global_baseline_fly1/fly1_formal_p4_p4_only,C:/Users/baloney/Desktop/P4_formal_20260715/P4_P5_redesign_20260713/runs/20260715_004401_short_visible_p4_only_global_baseline_fly1/fly1_formal_p4_p4_only/traj_nav.txt,,930.0,1100.0,online_multisensor_alignment,baseline,guarded,12,,,0,4784,,8,,,,,,,,,,,ad09d39f531698e20f3f88655a15e9b6f55f721784e6177bba140489337fbd66,1,1,
P4-RAW_RUN-638ecc63f1b8,raw_run,P4_WITH_P5,P4_formal_20260715,20260715,fly1,fly1_formal_p4_p4_only,full,SUCCESS_WITH_TRAJECTORY,RUNTIME_ONLY,COMPLIANT_EXPERIMENT_ROOT,C:/Users/baloney/Desktop/实验目录/P4_formal_20260715/P4_P5_redesign_20260713/runs/20260715_085610_full_visible_p4_only_global_baseline_both/fly1_formal_p4_p4_only,C:/Users/baloney/Desktop/实验目录/P4_formal_20260715/P4_P5_redesign_20260713/runs/20260715_085610_full_visible_p4_only_global_baseline_both/fly1_formal_p4_p4_only/traj_nav.txt,,930.0,1938.0,online_multisensor_alignment,baseline,guarded,12,,,0,29913,,8,,,,,,,,,,,c7629fa2088fba729ddb4c844ba3e61f75c3d6a3d0fc0536fa028ccfd104e6f6,1,1,
P4-RAW_RUN-6c2c2774fcbc,raw_run,P4_WITH_P5,P4_formal_20260715,20260715,fly1,fly1_formal_p4_shadow,full,SUCCESS_WITH_TRAJECTORY,RUNTIME_ONLY,COMPLIANT_EXPERIMENT_ROOT,C:/Users/baloney/Desktop/实验目录/P4_formal_20260715/P4_P5_redesign_20260713/runs/20260715_094918_short_visible_shadow_global_baseline_both/fly1_formal_p4_shadow,C:/Users/baloney/Desktop/实验目录/P4_formal_20260715/P4_P5_redesign_20260713/runs/20260715_094918_short_visible_shadow_global_baseline_both/fly1_formal_p4_shadow/traj_nav.txt,,930.0,1100.0,online_multisensor_alignment,baseline,guarded,12,,,0,4786,,8,,,,,,,,,,,ad96880a75a163c67726f1b70c6b884d21ad71a48df14c914e2e49a453b79273,1,1,
P4-RAW_RUN-8b9b55e37573,raw_run,P4_WITH_P5,P4_formal_20260715,20260715,fly1,fly1_formal_p4_shadow,full,SUCCESS_WITH_TRAJECTORY,RUNTIME_ONLY,COMPLIANT_EXPERIMENT_ROOT,C:/Users/baloney/Desktop/实验目录/P4_formal_20260715/P4_P5_redesign_20260713/runs/20260715_100032_short_visible_shadow_global_baseline_fly1/fly1_formal_p4_shadow,C:/Users/baloney/Desktop/实验目录/P4_formal_20260715/P4_P5_redesign_20260713/runs/20260715_100032_short_visible_shadow_global_baseline_fly1/fly1_formal_p4_shadow/traj_nav.txt,,930.0,1100.0,online_multisensor_alignment,baseline,guarded,12,,,0,4784,,8,,,,,,,,,,,ad2efbd3bcc99952f49133b194669c2268106385b926ececc299c063c534b260,1,1,
P4-RAW_RUN-0929f6561d9f,raw_run,P4_WITH_P5,P4_formal_20260715,20260715,fly1,fly1_formal_p4_shadow,full,SUCCESS_WITH_TRAJECTORY,RUNTIME_ONLY,COMPLIANT_EXPERIMENT_ROOT,C:/Users/baloney/Desktop/实验目录/P4_formal_20260715/P4_P5_redesign_20260713/runs/20260715_100521_short_visible_shadow_global_baseline_fly1/fly1_formal_p4_shadow,C:/Users/baloney/Desktop/实验目录/P4_formal_20260715/P4_P5_redesign_20260713/runs/20260715_100521_short_visible_shadow_global_baseline_fly1/fly1_formal_p4_shadow/traj_nav.txt,,930.0,1100.0,online_multisensor_alignment,baseline,guarded,12,,,0,4784,,8,,,,,,,,,,,521a44baf1b32beb17ff03f93f97c06c8d00ff962f73aefb1ddee76c77a8c9bc,1,1,
P4-RAW_RUN-9d3748369ef0,raw_run,P4_WITH_P5,P4_formal_20260715,20260715,fly1,fly1_formal_p4_active,full,SUCCESS_WITH_TRAJECTORY,RUNTIME_ONLY,COMPLIANT_EXPERIMENT_ROOT,C:/Users/baloney/Desktop/实验目录/P4_formal_20260715/P4_P5_redesign_20260713/runs/20260715_113003_short_visible_active_global_baseline_both/fly1_formal_p4_active,C:/Users/baloney/Desktop/实验目录/P4_formal_20260715/P4_P5_redesign_20260713/runs/20260715_113003_short_visible_active_global_baseline_both/fly1_formal_p4_active/traj_nav.txt,,930.0,1100.0,online_multisensor_alignment,baseline,guarded,12,,,0,4784,,8,,,,,,,,,,,60df1c5665831015d9833cbafffbd044cd49ea2f05cd10833df0bd88d80bbd8b,1,1,
P4-RAW_RUN-c2b539632b0a,raw_run,P4_WITH_P5,P4_formal_20260715,20260715,fly1,fly1_formal_p4_active,full,SUCCESS_WITH_TRAJECTORY,RUNTIME_ONLY,COMPLIANT_EXPERIMENT_ROOT,C:/Users/baloney/Desktop/实验目录/P4_formal_20260715/P4_P5_redesign_20260713/runs/20260715_114429_short_visible_active_global_baseline_both/fly1_formal_p4_active,C:/Users/baloney/Desktop/实验目录/P4_formal_20260715/P4_P5_redesign_20260713/runs/20260715_114429_short_visible_active_global_baseline_both/fly1_formal_p4_active/traj_nav.txt,,930.0,1100.0,online_multisensor_alignment,baseline,guarded,12,,,0,4784,,8,,,,,,,,,,,efb315a1e00b5d3226f26f3e7b70c1e13d1f871a6054ecb198101d9c9b54750e,1,1,
P4-RAW_RUN-4c19f448c581,raw_run,P4_WITH_P5,P4_formal_20260715,20260715,fly1,fly1_formal_p4_p4_only,full,SUCCESS_WITH_TRAJECTORY,RUNTIME_ONLY,COMPLIANT_EXPERIMENT_ROOT,C:/Users/baloney/Desktop/实验目录/P4_formal_20260715/P4_P5_redesign_20260713/runs/20260715_115150_short_visible_p4_only_global_baseline_both/fly1_formal_p4_p4_only,C:/Users/baloney/Desktop/实验目录/P4_formal_20260715/P4_P5_redesign_20260713/runs/20260715_115150_short_visible_p4_only_global_baseline_both/fly1_formal_p4_p4_only/traj_nav.txt,,930.0,1100.0,online_multisensor_alignment,baseline,guarded,12,,,0,4784,,8,,,,,,,,,,,a0f13c7ee5f3c0e003f1453323b36a33e2f984782a51014d428bb6d24b972136,1,1,
P4-RAW_RUN-50a69cd46e8c,raw_run,P4_WITH_P5,P4_formal_20260715,20260715,fly1,fly1_formal_p4_active,full,SUCCESS_WITH_TRAJECTORY,RUNTIME_ONLY,COMPLIANT_EXPERIMENT_ROOT,C:/Users/baloney/Desktop/实验目录/P4_formal_20260715/P4_P5_redesign_20260713/runs/20260715_121121_short_visible_active_global_baseline_both/fly1_formal_p4_active,C:/Users/baloney/Desktop/实验目录/P4_formal_20260715/P4_P5_redesign_20260713/runs/20260715_121121_short_visible_active_global_baseline_both/fly1_formal_p4_active/traj_nav.txt,,930.0,1100.0,online_multisensor_alignment,baseline,guarded,12,,,0,4784,,8,,,,,,,,,,,26919f55e8c5748f07702d08f2f60020f2b3a919d633217e0cbf7b9d3b0b2b46,1,1,
P4-RAW_RUN-3f0ae35fd28c,raw_run,P4_WITH_P5,P4_formal_20260715,20260715,fly1,fly1_formal_p4_active,full,SUCCESS_WITH_TRAJECTORY,RUNTIME_ONLY,COMPLIANT_EXPERIMENT_ROOT,C:/Users/baloney/Desktop/实验目录/P4_formal_20260715/P4_P5_redesign_20260713/runs/20260715_121948_full_visible_active_global_baseline_both/fly1_formal_p4_active,C:/Users/baloney/Desktop/实验目录/P4_formal_20260715/P4_P5_redesign_20260713/runs/20260715_121948_full_visible_active_global_baseline_both/fly1_formal_p4_active/traj_nav.txt,,930.0,1938.0,online_multisensor_alignment,baseline,guarded,12,,,0,29913,,8,,,,,,,,,,,c561f90429523430633c20ed36921cc2f5572380048ef6e84f008d803941d38b,1,1,
P4-RAW_RUN-325b24010c7a,raw_run,P4_WITH_P5,P4_formal_20260715,20260715,fly1,fly1_formal_p4_active,full,SUCCESS_WITH_TRAJECTORY,RUNTIME_ONLY,COMPLIANT_EXPERIMENT_ROOT,C:/Users/baloney/Desktop/实验目录/P4_formal_20260715/P4_P5_redesign_20260713/runs/20260715_130342_short_visible_active_global_baseline_both/fly1_formal_p4_active,C:/Users/baloney/Desktop/实验目录/P4_formal_20260715/P4_P5_redesign_20260713/runs/20260715_130342_short_visible_active_global_baseline_both/fly1_formal_p4_active/traj_nav.txt,,930.0,1100.0,online_multisensor_alignment,baseline,guarded,12,,,0,4784,,8,,,,,,,,,,,eda415ee143570a8225a4b8397cb9dc5efc1a71d116b79fad91a489dbd89fe38,1,1,
P4-RAW_RUN-984238c86da9,raw_run,P4_WITH_P5,P4_formal_20260715,20260715,fly1,fly1_formal_p4_active,full,SUCCESS_WITH_TRAJECTORY,RUNTIME_ONLY,COMPLIANT_EXPERIMENT_ROOT,C:/Users/baloney/Desktop/实验目录/P4_formal_20260715/P4_P5_redesign_20260713/runs/20260715_131102_full_visible_active_global_baseline_both/fly1_formal_p4_active,C:/Users/baloney/Desktop/实验目录/P4_formal_20260715/P4_P5_redesign_20260713/runs/20260715_131102_full_visible_active_global_baseline_both/fly1_formal_p4_active/traj_nav.txt,,930.0,1938.0,online_multisensor_alignment,baseline,guarded,12,,,0,29913,,8,,,,,,,,,,,2b03571db6f3d4c742f99b3d2eabd4677eb3b0608f106f8a9b05b4af7ea118fa,1,1,
P4-RAW_RUN-0bb9a50ac63b,raw_run,P4_WITH_P5,P4_formal_20260715,20260715,fly1,fly1_formal_p4_active,full,SUCCESS_WITH_TRAJECTORY,RUNTIME_ONLY,COMPLIANT_EXPERIMENT_ROOT,C:/Users/baloney/Desktop/实验目录/P4_formal_20260715/P4_P5_redesign_20260713/runs/20260715_141056_short_disabled_active_global_baseline_both/fly1_formal_p4_active,C:/Users/baloney/Desktop/实验目录/P4_formal_20260715/P4_P5_redesign_20260713/runs/20260715_141056_short_disabled_active_global_baseline_both/fly1_formal_p4_active/traj_nav.txt,,930.0,1100.0,online_multisensor_alignment,baseline,guarded,12,,,0,4784,,8,,,,,,,,,,,6887d59c02e0e5b5cd6771665560992cb86a7d4717654a9dc8ef2987bec80a84,1,1,
P4-RAW_RUN-e3e6c2b46afd,raw_run,P4_WITH_P5,P4_formal_20260715,20260715,fly1,fly1_formal_p4_p4_only,full,SUCCESS_WITH_TRAJECTORY,RUNTIME_ONLY,COMPLIANT_EXPERIMENT_ROOT,C:/Users/baloney/Desktop/实验目录/P4_formal_20260715/P4_P5_redesign_20260713/runs/20260715_141056_short_disabled_p4_only_global_baseline_both/fly1_formal_p4_p4_only,C:/Users/baloney/Desktop/实验目录/P4_formal_20260715/P4_P5_redesign_20260713/runs/20260715_141056_short_disabled_p4_only_global_baseline_both/fly1_formal_p4_p4_only/traj_nav.txt,,930.0,1100.0,online_multisensor_alignment,baseline,guarded,12,,,0,4784,,8,,,,,,,,,,,234418c33249b2533ad6951d4a3b98157d750a1eb5ef51652f215823dbcf585c,1,1,
P4-RAW_RUN-43895437d39e,raw_run,P4_WITH_P5,P4_formal_20260715,20260715,fly1,fly1_formal_p4_active,full,SUCCESS_WITH_TRAJECTORY,RUNTIME_ONLY,COMPLIANT_EXPERIMENT_ROOT,C:/Users/baloney/Desktop/实验目录/P4_formal_20260715/P4_P5_redesign_20260713/runs/20260715_141612_full_disabled_active_global_baseline_both/fly1_formal_p4_active,C:/Users/baloney/Desktop/实验目录/P4_formal_20260715/P4_P5_redesign_20260713/runs/20260715_141612_full_disabled_active_global_baseline_both/fly1_formal_p4_active/traj_nav.txt,,930.0,1938.0,online_multisensor_alignment,baseline,guarded,12,,,0,29913,,8,,,,,,,,,,,e94dd783073242f3bb3d8673d48578d1151d720aec59e83bd6dbd87cb5b65c37,1,1,
P4-RAW_RUN-c9e6f1430496,raw_run,P4_WITH_P5,P4_formal_20260715,20260715,fly1,fly1_formal_p4_p4_only,full,SUCCESS_WITH_TRAJECTORY,RUNTIME_ONLY,COMPLIANT_EXPERIMENT_ROOT,C:/Users/baloney/Desktop/实验目录/P4_formal_20260715/P4_P5_redesign_20260713/runs/20260715_143016_full_disabled_p4_only_global_baseline_both/fly1_formal_p4_p4_only,C:/Users/baloney/Desktop/实验目录/P4_formal_20260715/P4_P5_redesign_20260713/runs/20260715_143016_full_disabled_p4_only_global_baseline_both/fly1_formal_p4_p4_only/traj_nav.txt,,930.0,1938.0,online_multisensor_alignment,baseline,guarded,12,,,0,29913,,8,,,,,,,,,,,55625f2e99043fa82e047d948e1013194052dd58067c11b7d7a3618ff909761f,1,1,
P4-RAW_RUN-1d8311666f95,raw_run,P4_WITH_P5,P4_formal_20260715,20260715,fly1,fly1_formal_p4_active,full,SUCCESS_WITH_TRAJECTORY,RUNTIME_ONLY,COMPLIANT_EXPERIMENT_ROOT,C:/Users/baloney/Desktop/实验目录/P4_formal_20260715/P4_P5_redesign_20260713/runs/20260715_145607_short_disabled_active_global_baseline_both/fly1_formal_p4_active,C:/Users/baloney/Desktop/实验目录/P4_formal_20260715/P4_P5_redesign_20260713/runs/20260715_145607_short_disabled_active_global_baseline_both/fly1_formal_p4_active/traj_nav.txt,,930.0,1100.0,online_multisensor_alignment,baseline,guarded,12,,,0,4784,,8,,,,,,,,,,,f95c762a54c3b34dc41a07db6732a50a130d93844bc7f8e5749d7a663da0f360,1,1,
P4-RAW_RUN-39f209748814,raw_run,P4_WITH_P5,P4_formal_20260715,20260715,fly1,fly1_formal_p4_p4_only,full,SUCCESS_WITH_TRAJECTORY,RUNTIME_ONLY,COMPLIANT_EXPERIMENT_ROOT,C:/Users/baloney/Desktop/实验目录/P4_formal_20260715/P4_P5_redesign_20260713/runs/20260715_145607_short_disabled_p4_only_global_baseline_both/fly1_formal_p4_p4_only,C:/Users/baloney/Desktop/实验目录/P4_formal_20260715/P4_P5_redesign_20260713/runs/20260715_145607_short_disabled_p4_only_global_baseline_both/fly1_formal_p4_p4_only/traj_nav.txt,,930.0,1100.0,online_multisensor_alignment,baseline,guarded,12,,,0,4784,,8,,,,,,,,,,,162fdd11df13adb01f6be22613ab8682fb85360b4285f26433b61cbb5c607e84,1,1,
P4-RAW_RUN-fbd02c2a3436,raw_run,P4_WITH_P5,P4_formal_20260715,20260715,fly1,fly1_formal_p4_active,full,SUCCESS_WITH_TRAJECTORY,RUNTIME_ONLY,COMPLIANT_EXPERIMENT_ROOT,C:/Users/baloney/Desktop/实验目录/P4_formal_20260715/P4_P5_redesign_20260713/runs/20260715_153122_full_disabled_active_global_baseline_both/fly1_formal_p4_active,C:/Users/baloney/Desktop/实验目录/P4_formal_20260715/P4_P5_redesign_20260713/runs/20260715_153122_full_disabled_active_global_baseline_both/fly1_formal_p4_active/traj_nav.txt,,930.0,1938.0,online_multisensor_alignment,baseline,guarded,12,,,0,29913,,8,,,,,,,,,,,69c6c72cd9ed3b62dc86f4e70ec8fec36436765895940bf3ce4a353a23a08efb,1,1,
P4-BATCH-07a1bd94dcf9,batch,P4_WITH_P5,P4_formal_20260715,20260715,fly3,20260715_011944_short_visible_p4_only_global_baseline_fly3,short,BATCH_RECEIPT_PRESENT,ORCHESTRATION_ONLY,COMPLIANT_EXPERIMENT_ROOT,C:/Users/baloney/Desktop/实验目录/P4_formal_20260715/P4_P5_redesign_20260713/runs/20260715_011944_short_visible_p4_only_global_baseline_fly3,,,,,,,,,,,,,,,,,,,,,,,,,,,,batch_exit_codes.csv
P4-BATCH-45c8312737c0,batch,P5_ONLY_IN_P4_CAMPAIGN,P4_formal_20260715,20260715,fly3,20260715_100808_short_visible_shadow_global_baseline_fly3,short,BATCH_RECEIPT_PRESENT,ORCHESTRATION_ONLY,COMPLIANT_EXPERIMENT_ROOT,C:/Users/baloney/Desktop/实验目录/P4_formal_20260715/P4_P5_redesign_20260713/runs/20260715_100808_short_visible_shadow_global_baseline_fly3,,,,,,,,,,,,,,,,,,,,,,,,,,,,batch_exit_codes.csv
P4-EVALUATION-ecf1cdb87e5e,evaluation,P4_RELATED_UNCLASSIFIED,P4_formal_20260715,20260715,fly3,20260715_fly3_formal_p4_short_成功,short,EVALUATED,DIAGNOSTIC_EVALUATION,COMPLIANT_EXPERIMENT_ROOT,C:/Users/baloney/Desktop/实验目录/P4_formal_20260715/20260715_fly3_formal_p4_short_成功,,,,,,,,,,,,,,,,291.400000095,10.642407121074767,79.59603929162168,153.78618741752203,0.7277724881217148,1.4886318717122593,,,-5.053104009854451,,,,
P4-EVALUATION-8c6e85296003,evaluation,P4_RELATED_UNCLASSIFIED,P4_formal_20260715,20260715,fly3,20260715_fly3_v6_reference_short_成功,short,EVALUATED,DIAGNOSTIC_EVALUATION,COMPLIANT_EXPERIMENT_ROOT,C:/Users/baloney/Desktop/实验目录/P4_formal_20260715/20260715_fly3_v6_reference_short_成功,,,,,,,,,,,,,,,,288.799999952,10.52912075530368,92.2520530322579,164.0932149866439,0.6830585384415472,1.5087571296422169,,,-5.025943830640415,,,,
P4-EVALUATION-8c0c696e1833,evaluation,P4_RELATED_UNCLASSIFIED,P4_formal_20260715,20260715,fly3,fly3,short,EVALUATED,DIAGNOSTIC_EVALUATION,COMPLIANT_EXPERIMENT_ROOT,C:/Users/baloney/Desktop/实验目录/P4_formal_20260715/P4_P5_redesign_20260713/runs/20260715_114429_short_visible_active_global_baseline_both/evaluation_short/fly3,,,,,,,,,,,,,,,,291.400000095,10.642407121074573,106.18077286983772,203.97142211326897,0.3603862857939865,1.2410919447482578,,,0.6354464255849734,,,,
P4-EVALUATION-7fda7ab0531d,evaluation,P4_RELATED_UNCLASSIFIED,P4_formal_20260715,20260715,fly3,fly3,short,EVALUATED,DIAGNOSTIC_EVALUATION,COMPLIANT_EXPERIMENT_ROOT,C:/Users/baloney/Desktop/实验目录/P4_formal_20260715/P4_P5_redesign_20260713/runs/20260715_115150_short_visible_p4_only_global_baseline_both/evaluation_short/fly3,,,,,,,,,,,,,,,,291.400000095,10.642407121074573,76.37727191947067,144.17786462470724,0.7274374302883319,1.4546686812490752,,,-4.796452055415045,,,,
P4-EVALUATION-6f1d960b4d33,evaluation,P4_RELATED_UNCLASSIFIED,P4_formal_20260715,20260715,fly3,fly3,short,EVALUATED,DIAGNOSTIC_EVALUATION,COMPLIANT_EXPERIMENT_ROOT,C:/Users/baloney/Desktop/实验目录/P4_formal_20260715/P4_P5_redesign_20260713/runs/20260715_121121_short_visible_active_global_baseline_both/evaluation_short/fly3,,,,,,,,,,,,,,,,291.400000095,10.642407121074573,57.853425166579534,102.89332174378934,0.5211596317389412,1.1191473101118807,,,-0.14704899041504405,,,,
P4-EVALUATION-271c3e68ce9e,evaluation,P4_RELATED_UNCLASSIFIED,P4_formal_20260715,20260715,fly3,fly3,full,EVALUATED,DIAGNOSTIC_EVALUATION,COMPLIANT_EXPERIMENT_ROOT,C:/Users/baloney/Desktop/实验目录/P4_formal_20260715/P4_P5_redesign_20260713/runs/20260715_121948_full_visible_active_global_baseline_both/evaluation_full/fly3,,,,,,,,,,,,,,,,1094.799999952,41.095808403409926,268.4344592235427,158.25128567022878,1.8396075773022076,3.7028817101022584,,,2.930056236471547,,,,
P4-EVALUATION-41aaf9a95347,evaluation,P4_RELATED_UNCLASSIFIED,P4_formal_20260715,20260715,fly3,fly3,short,EVALUATED,DIAGNOSTIC_EVALUATION,COMPLIANT_EXPERIMENT_ROOT,C:/Users/baloney/Desktop/实验目录/P4_formal_20260715/P4_P5_redesign_20260713/runs/20260715_130342_short_visible_active_global_baseline_both/evaluation_short/fly3,,,,,,,,,,,,,,,,291.400000095,10.642407121074573,65.99311300174821,101.01530674989266,0.9067643179969618,1.4788362542034794,,,0.4656225265849514,,,,
P4-EVALUATION-1d3a3a17f2e6,evaluation,P4_RELATED_UNCLASSIFIED,P4_formal_20260715,20260715,fly3,fly3,full,EVALUATED,DIAGNOSTIC_EVALUATION,COMPLIANT_EXPERIMENT_ROOT,C:/Users/baloney/Desktop/实验目录/P4_formal_20260715/P4_P5_redesign_20260713/runs/20260715_131102_full_visible_active_global_baseline_both/evaluation_full/fly3,,,,,,,,,,,,,,,,1094.799999952,41.095808403409926,214.9525917277773,194.0445414686577,2.1334476829474305,3.4363633258015946,,,5.155681130471547,,,,
P4-EVALUATION-e150990813f1,evaluation,P4_RELATED_UNCLASSIFIED,P4_formal_20260715,20260715,fly3,fly3,short,EVALUATED,DIAGNOSTIC_EVALUATION,COMPLIANT_EXPERIMENT_ROOT,C:/Users/baloney/Desktop/实验目录/P4_formal_20260715/P4_P5_redesign_20260713/runs/20260715_141056_short_disabled_active_global_baseline_both/evaluation_short/fly3,,,,,,,,,,,,,,,,291.400000095,10.642407121074573,65.99311300174821,101.01530674989266,0.9067643179969618,1.4788362542034794,,,0.4656225265849514,,,,
P4-EVALUATION-4899a26918a3,evaluation,P4_RELATED_UNCLASSIFIED,P4_formal_20260715,20260715,fly3,fly3,short,EVALUATED,DIAGNOSTIC_EVALUATION,COMPLIANT_EXPERIMENT_ROOT,C:/Users/baloney/Desktop/实验目录/P4_formal_20260715/P4_P5_redesign_20260713/runs/20260715_141056_short_disabled_p4_only_global_baseline_both/evaluation_short/fly3,,,,,,,,,,,,,,,,291.400000095,10.642407121074573,76.37727191947067,144.17786462470724,0.7274374302883319,1.4546686812490752,,,-4.796452055415045,,,,
P4-EVALUATION-f48263c09ac1,evaluation,P4_RELATED_UNCLASSIFIED,P4_formal_20260715,20260715,fly3,fly3,full,EVALUATED,DIAGNOSTIC_EVALUATION,COMPLIANT_EXPERIMENT_ROOT,C:/Users/baloney/Desktop/实验目录/P4_formal_20260715/P4_P5_redesign_20260713/runs/20260715_141612_full_disabled_active_global_baseline_both/evaluation_full/fly3,,,,,,,,,,,,,,,,1094.799999952,41.095808403409926,215.15376491773887,253.85099022908818,2.3142510764489472,3.5519201211543274,,,8.788108763471547,,,,
P4-EVALUATION-c2b21e0524ff,evaluation,P4_RELATED_UNCLASSIFIED,P4_formal_20260715,20260715,fly3,fly3,full,EVALUATED,DIAGNOSTIC_EVALUATION,COMPLIANT_EXPERIMENT_ROOT,C:/Users/baloney/Desktop/实验目录/P4_formal_20260715/P4_P5_redesign_20260713/runs/20260715_143016_full_disabled_p4_only_global_baseline_both/evaluation_full/fly3,,,,,,,,,,,,,,,,1094.799999952,41.095808403409926,227.41677293154964,784.03360100349,3.1307100199857856,4.292080478931342,,,337.4267792214715,,,,
P4-EVALUATION-7dec10647ce4,evaluation,P4_RELATED_UNCLASSIFIED,P4_formal_20260715,20260715,fly3,fly3,short,EVALUATED,DIAGNOSTIC_EVALUATION,COMPLIANT_EXPERIMENT_ROOT,C:/Users/baloney/Desktop/实验目录/P4_formal_20260715/P4_P5_redesign_20260713/runs/20260715_145607_short_disabled_active_global_baseline_both/evaluation_short/fly3,,,,,,,,,,,,,,,,291.400000095,10.642407121074573,69.98111931075162,105.97508477569995,1.106598500044764,1.6278239886046015,,,-5.923359502415025,,,,
P4-EVALUATION-9f6270831652,evaluation,P4_RELATED_UNCLASSIFIED,P4_formal_20260715,20260715,fly3,fly3,short,EVALUATED,DIAGNOSTIC_EVALUATION,COMPLIANT_EXPERIMENT_ROOT,C:/Users/baloney/Desktop/实验目录/P4_formal_20260715/P4_P5_redesign_20260713/runs/20260715_145607_short_disabled_p4_only_global_baseline_both/evaluation_short/fly3,,,,,,,,,,,,,,,,291.400000095,10.642407121074573,76.06862918233817,143.07012856735022,0.7277724881217155,1.4520979952085467,,,-5.085678617415027,,,,
P4-EVALUATION-6736d20a8e8c,evaluation,P4_RELATED_UNCLASSIFIED,P4_formal_20260715,20260715,fly3,fly3,full,EVALUATED,DIAGNOSTIC_EVALUATION,COMPLIANT_EXPERIMENT_ROOT,C:/Users/baloney/Desktop/实验目录/P4_formal_20260715/P4_P5_redesign_20260713/runs/20260715_153122_full_disabled_active_global_baseline_both/evaluation_full/fly3,,,,,,,,,,,,,,,,1094.799999952,41.095808403409926,209.42951841003833,366.4739233456538,2.478981720303892,4.121153142240868,,,150.06540900347153,,,,
P4-EVALUATION-7dea3084f01f,evaluation,P4_RELATED_UNCLASSIFIED,P4_formal_20260715,20260715,fly3,fly3,full,EVALUATED,DIAGNOSTIC_EVALUATION,COMPLIANT_EXPERIMENT_ROOT,C:/Users/baloney/Desktop/实验目录/P4_formal_20260715/evaluation/20260715_085610_full_p4_only/fly3,,,,,,,,,,,,,,,,1094.799999952,41.095808403409926,227.41677293154964,784.03360100349,3.1307100199857856,4.292080478931342,,,337.4267792214715,,,,
P4-EVALUATION-dfd8063ec4b8,evaluation,P4_RELATED_UNCLASSIFIED,P4_formal_20260715,20260715,fly3,fly3_formal,full,EVALUATED,DIAGNOSTIC_EVALUATION,COMPLIANT_EXPERIMENT_ROOT,C:/Users/baloney/Desktop/实验目录/P4_formal_20260715/evaluation/20260715_085610_matched_full/fly3_formal,,,,,,,,,,,,,,,,1092.199999809,40.98252203763968,227.69558160604703,784.03360100349,3.1345429466820605,4.297336290255523,,,337.4267792214715,,,,
P4-EVALUATION-e4a00e1a6e08,evaluation,P4_RELATED_UNCLASSIFIED,P4_formal_20260715,20260715,fly3,fly3_reference,full,EVALUATED,DIAGNOSTIC_EVALUATION,COMPLIANT_EXPERIMENT_ROOT,C:/Users/baloney/Desktop/实验目录/P4_formal_20260715/evaluation/20260715_085610_matched_full/fly3_reference,,,,,,,,,,,,,,,,1092.199999809,40.98252203763968,216.36499450622645,361.7685925091173,1.6527607023928887,3.6735399535383175,,,265.63703588747154,,,,
P4-RAW_RUN-f375f2921de5,raw_run,P4_WITH_P5,P4_formal_20260715,20260715,fly3,fly3_formal_p4_p4_only,full,SUCCESS_WITH_TRAJECTORY,RUNTIME_ONLY,COMPLIANT_EXPERIMENT_ROOT,C:/Users/baloney/Desktop/实验目录/P4_formal_20260715/P4_P5_redesign_20260713/runs/20260715_011944_short_visible_p4_only_global_baseline_fly3/fly3_formal_p4_p4_only,C:/Users/baloney/Desktop/实验目录/P4_formal_20260715/P4_P5_redesign_20260713/runs/20260715_011944_short_visible_p4_only_global_baseline_fly3/fly3_formal_p4_p4_only/traj_nav.txt,,618.0,920.0,online_multisensor_alignment,baseline,guarded,12,,,0,8748,,8,,,,,,,,,,,f043c7bb809787ec9f67da9c823de3d98d47a7336a9d05ee9a41f2b6faccf007,1,1,
P4-RAW_RUN-33d6eefed1d3,raw_run,P4_WITH_P5,P4_formal_20260715,20260715,fly3,fly3_formal_p4_p4_only,full,SUCCESS_WITH_TRAJECTORY,RUNTIME_ONLY,COMPLIANT_EXPERIMENT_ROOT,C:/Users/baloney/Desktop/实验目录/P4_formal_20260715/P4_P5_redesign_20260713/runs/20260715_085610_full_visible_p4_only_global_baseline_both/fly3_formal_p4_p4_only,C:/Users/baloney/Desktop/实验目录/P4_formal_20260715/P4_P5_redesign_20260713/runs/20260715_085610_full_visible_p4_only_global_baseline_both/fly3_formal_p4_p4_only/traj_nav.txt,,618.0,1837.0,online_multisensor_alignment,baseline,guarded,12,,,0,36244,,8,,,,,,,,,,,e4ce975bdbb1cb64f60a2df88b020092166ab74dd1c7c62fa365b00405d9821f,1,1,
P4-RAW_RUN-4592441130df,raw_run,P4_WITH_P5,P4_formal_20260715,20260715,fly3,fly3_formal_p4_shadow,full,SUCCESS_WITH_TRAJECTORY,RUNTIME_ONLY,COMPLIANT_EXPERIMENT_ROOT,C:/Users/baloney/Desktop/实验目录/P4_formal_20260715/P4_P5_redesign_20260713/runs/20260715_094918_short_visible_shadow_global_baseline_both/fly3_formal_p4_shadow,C:/Users/baloney/Desktop/实验目录/P4_formal_20260715/P4_P5_redesign_20260713/runs/20260715_094918_short_visible_shadow_global_baseline_both/fly3_formal_p4_shadow/traj_nav.txt,,618.0,920.0,online_multisensor_alignment,baseline,guarded,12,,,0,8743,,8,,,,,,,,,,,726d0b9b09bf2dc644ade4a9fa78b8a605f555754bf6df94874b1dc5687a4f02,1,1,
P4-RAW_RUN-8905c8ebd7f8,raw_run,P4_WITH_P5,P4_formal_20260715,20260715,fly3,fly3_formal_p4_shadow,full,SUCCESS_WITH_TRAJECTORY,RUNTIME_ONLY,COMPLIANT_EXPERIMENT_ROOT,C:/Users/baloney/Desktop/实验目录/P4_formal_20260715/P4_P5_redesign_20260713/runs/20260715_100808_short_visible_shadow_global_baseline_fly3/fly3_formal_p4_shadow,C:/Users/baloney/Desktop/实验目录/P4_formal_20260715/P4_P5_redesign_20260713/runs/20260715_100808_short_visible_shadow_global_baseline_fly3/fly3_formal_p4_shadow/traj_nav.txt,,618.0,920.0,online_multisensor_alignment,baseline,guarded,12,,,0,8748,,8,,,,,,,,,,,fc7e7f2ebdab157d237e65de191a2b20f41c59baaee0b385880f41c44f2f0007,1,1,
P4-RAW_RUN-023fb4390990,raw_run,P4_WITH_P5,P4_formal_20260715,20260715,fly3,fly3_formal_p4_active,full,SUCCESS_WITH_TRAJECTORY,RUNTIME_ONLY,COMPLIANT_EXPERIMENT_ROOT,C:/Users/baloney/Desktop/实验目录/P4_formal_20260715/P4_P5_redesign_20260713/runs/20260715_113003_short_visible_active_global_baseline_both/fly3_formal_p4_active,C:/Users/baloney/Desktop/实验目录/P4_formal_20260715/P4_P5_redesign_20260713/runs/20260715_113003_short_visible_active_global_baseline_both/fly3_formal_p4_active/traj_nav.txt,,618.0,920.0,online_multisensor_alignment,baseline,guarded,12,,,0,8748,,8,,,,,,,,,,,1b76fd4ad24cd3baaa81fe9c2b7f90bd9ceb8e4986e662270579057d85e538ae,1,1,
P4-RAW_RUN-06cb0a1d8127,raw_run,P4_WITH_P5,P4_formal_20260715,20260715,fly3,fly3_formal_p4_active,full,SUCCESS_WITH_TRAJECTORY,RUNTIME_ONLY,COMPLIANT_EXPERIMENT_ROOT,C:/Users/baloney/Desktop/实验目录/P4_formal_20260715/P4_P5_redesign_20260713/runs/20260715_114429_short_visible_active_global_baseline_both/fly3_formal_p4_active,C:/Users/baloney/Desktop/实验目录/P4_formal_20260715/P4_P5_redesign_20260713/runs/20260715_114429_short_visible_active_global_baseline_both/fly3_formal_p4_active/traj_nav.txt,,618.0,920.0,online_multisensor_alignment,baseline,guarded,12,,,0,8748,,8,,,,,,,,,,,be4e6f4a1e47a5fbb7965aff0b2cf25718dbdf8963d06764c916a9eb1ff48f80,1,1,
P4-RAW_RUN-952b1f61da58,raw_run,P4_WITH_P5,P4_formal_20260715,20260715,fly3,fly3_formal_p4_p4_only,full,SUCCESS_WITH_TRAJECTORY,RUNTIME_ONLY,COMPLIANT_EXPERIMENT_ROOT,C:/Users/baloney/Desktop/实验目录/P4_formal_20260715/P4_P5_redesign_20260713/runs/20260715_115150_short_visible_p4_only_global_baseline_both/fly3_formal_p4_p4_only,C:/Users/baloney/Desktop/实验目录/P4_formal_20260715/P4_P5_redesign_20260713/runs/20260715_115150_short_visible_p4_only_global_baseline_both/fly3_formal_p4_p4_only/traj_nav.txt,,618.0,920.0,online_multisensor_alignment,baseline,guarded,12,,,0,8748,,8,,,,,,,,,,,8c6962f69af65d0a30bcb30f58bf1ef016afd59b529e29c8d77a20758f0cbe28,1,1,
P4-RAW_RUN-99c8946dc5a4,raw_run,P4_WITH_P5,P4_formal_20260715,20260715,fly3,fly3_formal_p4_active,full,SUCCESS_WITH_TRAJECTORY,RUNTIME_ONLY,COMPLIANT_EXPERIMENT_ROOT,C:/Users/baloney/Desktop/实验目录/P4_formal_20260715/P4_P5_redesign_20260713/runs/20260715_121121_short_visible_active_global_baseline_both/fly3_formal_p4_active,C:/Users/baloney/Desktop/实验目录/P4_formal_20260715/P4_P5_redesign_20260713/runs/20260715_121121_short_visible_active_global_baseline_both/fly3_formal_p4_active/traj_nav.txt,,618.0,920.0,online_multisensor_alignment,baseline,guarded,12,,,0,8748,,8,,,,,,,,,,,242c439930bf2052ba92c07532ee88ecbbf42885521180bbcd47e1c72dc63994,1,1,
P4-RAW_RUN-941ae48da556,raw_run,P4_WITH_P5,P4_formal_20260715,20260715,fly3,fly3_formal_p4_active,full,SUCCESS_WITH_TRAJECTORY,RUNTIME_ONLY,COMPLIANT_EXPERIMENT_ROOT,C:/Users/baloney/Desktop/实验目录/P4_formal_20260715/P4_P5_redesign_20260713/runs/20260715_121948_full_visible_active_global_baseline_both/fly3_formal_p4_active,C:/Users/baloney/Desktop/实验目录/P4_formal_20260715/P4_P5_redesign_20260713/runs/20260715_121948_full_visible_active_global_baseline_both/fly3_formal_p4_active/traj_nav.txt,,618.0,1837.0,online_multisensor_alignment,baseline,guarded,12,,,0,36244,,8,,,,,,,,,,,26746f008a54169c91509dc6bb581c1cf1934980f52499d59826af31b5ecfe3e,1,1,
P4-RAW_RUN-4c6384a6955c,raw_run,P4_WITH_P5,P4_formal_20260715,20260715,fly3,fly3_formal_p4_active,full,SUCCESS_WITH_TRAJECTORY,RUNTIME_ONLY,COMPLIANT_EXPERIMENT_ROOT,C:/Users/baloney/Desktop/实验目录/P4_formal_20260715/P4_P5_redesign_20260713/runs/20260715_130342_short_visible_active_global_baseline_both/fly3_formal_p4_active,C:/Users/baloney/Desktop/实验目录/P4_formal_20260715/P4_P5_redesign_20260713/runs/20260715_130342_short_visible_active_global_baseline_both/fly3_formal_p4_active/traj_nav.txt,,618.0,920.0,online_multisensor_alignment,baseline,guarded,12,,,0,8748,,8,,,,,,,,,,,b7a0c5c7560a03f86402b6453ef3d7d39fd0afb951bd2bc6136f97e680569da1,1,1,
P4-RAW_RUN-50d6d38889c7,raw_run,P4_WITH_P5,P4_formal_20260715,20260715,fly3,fly3_formal_p4_active,full,SUCCESS_WITH_TRAJECTORY,RUNTIME_ONLY,COMPLIANT_EXPERIMENT_ROOT,C:/Users/baloney/Desktop/实验目录/P4_formal_20260715/P4_P5_redesign_20260713/runs/20260715_131102_full_visible_active_global_baseline_both/fly3_formal_p4_active,C:/Users/baloney/Desktop/实验目录/P4_formal_20260715/P4_P5_redesign_20260713/runs/20260715_131102_full_visible_active_global_baseline_both/fly3_formal_p4_active/traj_nav.txt,,618.0,1837.0,online_multisensor_alignment,baseline,guarded,12,,,0,36244,,8,,,,,,,,,,,626dd475009bcfda850efa7c90b50306e9cf082fb9774d1381464e785c6d8f1a,1,1,
P4-RAW_RUN-b787de5eb2c6,raw_run,P4_WITH_P5,P4_formal_20260715,20260715,fly3,fly3_formal_p4_active,full,SUCCESS_WITH_TRAJECTORY,RUNTIME_ONLY,COMPLIANT_EXPERIMENT_ROOT,C:/Users/baloney/Desktop/实验目录/P4_formal_20260715/P4_P5_redesign_20260713/runs/20260715_141056_short_disabled_active_global_baseline_both/fly3_formal_p4_active,C:/Users/baloney/Desktop/实验目录/P4_formal_20260715/P4_P5_redesign_20260713/runs/20260715_141056_short_disabled_active_global_baseline_both/fly3_formal_p4_active/traj_nav.txt,,618.0,920.0,online_multisensor_alignment,baseline,guarded,12,,,0,8748,,8,,,,,,,,,,,8c107c04fb765a08671deec1996090ee6440909b1810834a5fce488496d73701,1,1,
P4-RAW_RUN-df09faffa8e0,raw_run,P4_WITH_P5,P4_formal_20260715,20260715,fly3,fly3_formal_p4_p4_only,full,SUCCESS_WITH_TRAJECTORY,RUNTIME_ONLY,COMPLIANT_EXPERIMENT_ROOT,C:/Users/baloney/Desktop/实验目录/P4_formal_20260715/P4_P5_redesign_20260713/runs/20260715_141056_short_disabled_p4_only_global_baseline_both/fly3_formal_p4_p4_only,C:/Users/baloney/Desktop/实验目录/P4_formal_20260715/P4_P5_redesign_20260713/runs/20260715_141056_short_disabled_p4_only_global_baseline_both/fly3_formal_p4_p4_only/traj_nav.txt,,618.0,920.0,online_multisensor_alignment,baseline,guarded,12,,,0,8748,,8,,,,,,,,,,,27297cfe8598176d88a36a7e17f962d9661685f45930b1d2fa6516ec2fd643e1,1,1,
P4-RAW_RUN-587ea072536c,raw_run,P4_WITH_P5,P4_formal_20260715,20260715,fly3,fly3_formal_p4_active,full,SUCCESS_WITH_TRAJECTORY,RUNTIME_ONLY,COMPLIANT_EXPERIMENT_ROOT,C:/Users/baloney/Desktop/实验目录/P4_formal_20260715/P4_P5_redesign_20260713/runs/20260715_141612_full_disabled_active_global_baseline_both/fly3_formal_p4_active,C:/Users/baloney/Desktop/实验目录/P4_formal_20260715/P4_P5_redesign_20260713/runs/20260715_141612_full_disabled_active_global_baseline_both/fly3_formal_p4_active/traj_nav.txt,,618.0,1837.0,online_multisensor_alignment,baseline,guarded,12,,,0,36244,,8,,,,,,,,,,,f4df77e24579a259ecafc4b9bf319d7ca387f263426584e551234522ec5d5064,1,1,
P4-RAW_RUN-b44446dd5650,raw_run,P4_WITH_P5,P4_formal_20260715,20260715,fly3,fly3_formal_p4_p4_only,full,SUCCESS_WITH_TRAJECTORY,RUNTIME_ONLY,COMPLIANT_EXPERIMENT_ROOT,C:/Users/baloney/Desktop/实验目录/P4_formal_20260715/P4_P5_redesign_20260713/runs/20260715_143016_full_disabled_p4_only_global_baseline_both/fly3_formal_p4_p4_only,C:/Users/baloney/Desktop/实验目录/P4_formal_20260715/P4_P5_redesign_20260713/runs/20260715_143016_full_disabled_p4_only_global_baseline_both/fly3_formal_p4_p4_only/traj_nav.txt,,618.0,1837.0,online_multisensor_alignment,baseline,guarded,12,,,0,36244,,8,,,,,,,,,,,2fae004e86cde0c113c44640eff156c8d0ad988bea998aab13f3f72fa610dddb,1,1,
P4-RAW_RUN-aa383b257b37,raw_run,P4_WITH_P5,P4_formal_20260715,20260715,fly3,fly3_formal_p4_active,full,SUCCESS_WITH_TRAJECTORY,RUNTIME_ONLY,COMPLIANT_EXPERIMENT_ROOT,C:/Users/baloney/Desktop/实验目录/P4_formal_20260715/P4_P5_redesign_20260713/runs/20260715_145607_short_disabled_active_global_baseline_both/fly3_formal_p4_active,C:/Users/baloney/Desktop/实验目录/P4_formal_20260715/P4_P5_redesign_20260713/runs/20260715_145607_short_disabled_active_global_baseline_both/fly3_formal_p4_active/traj_nav.txt,,618.0,920.0,online_multisensor_alignment,baseline,guarded,12,,,0,8748,,8,,,,,,,,,,,b2df1401c1cab908c4e061d3f1f9f11a2bda38aaf7a5e3d29883d6aaa59988f4,1,1,
P4-RAW_RUN-345044fda5fc,raw_run,P4_WITH_P5,P4_formal_20260715,20260715,fly3,fly3_formal_p4_p4_only,full,SUCCESS_WITH_TRAJECTORY,RUNTIME_ONLY,COMPLIANT_EXPERIMENT_ROOT,C:/Users/baloney/Desktop/实验目录/P4_formal_20260715/P4_P5_redesign_20260713/runs/20260715_145607_short_disabled_p4_only_global_baseline_both/fly3_formal_p4_p4_only,C:/Users/baloney/Desktop/实验目录/P4_formal_20260715/P4_P5_redesign_20260713/runs/20260715_145607_short_disabled_p4_only_global_baseline_both/fly3_formal_p4_p4_only/traj_nav.txt,,618.0,920.0,online_multisensor_alignment,baseline,guarded,12,,,0,8748,,8,,,,,,,,,,,007c39a60e4f830d296eab991b688b097d4620069b2ac4f66e33d6784bf1694d,1,1,
P4-RAW_RUN-af385f8dab5c,raw_run,P4_WITH_P5,P4_formal_20260715,20260715,fly3,fly3_formal_p4_active,full,SUCCESS_WITH_TRAJECTORY,RUNTIME_ONLY,COMPLIANT_EXPERIMENT_ROOT,C:/Users/baloney/Desktop/实验目录/P4_formal_20260715/P4_P5_redesign_20260713/runs/20260715_153122_full_disabled_active_global_baseline_both/fly3_formal_p4_active,C:/Users/baloney/Desktop/实验目录/P4_formal_20260715/P4_P5_redesign_20260713/runs/20260715_153122_full_disabled_active_global_baseline_both/fly3_formal_p4_active/traj_nav.txt,,618.0,1837.0,online_multisensor_alignment,baseline,guarded,12,,,0,36244,,8,,,,,,,,,,,8a19483ab60fd1979229307b491579ce9f8ba69b2374cd9e5668c713ca408f92,1,1,
P4-BATCH-0b4470afdbdd,batch,P4_RELATED_UNCLASSIFIED,P4_yaw_drift_causal_ablation_20260715,20260715,,20260715_205002_focus_control_both,focus,FAILED,ORCHESTRATION_ONLY,COMPLIANT_EXPERIMENT_ROOT,C:/Users/baloney/Desktop/实验目录/P4_yaw_drift_causal_ablation_20260715/20260715_205002_focus_control_both,,,,,,,,,,,,,,,,,,,,,,,,,,,,batch_exit_codes.csv
P4-BATCH-32c6d5c874a4,batch,P4_RELATED_UNCLASSIFIED,P4_yaw_drift_causal_ablation_20260715,20260715,,20260715_205002_focus_no_gpsz_both,focus,FAILED,ORCHESTRATION_ONLY,COMPLIANT_EXPERIMENT_ROOT,C:/Users/baloney/Desktop/实验目录/P4_yaw_drift_causal_ablation_20260715/20260715_205002_focus_no_gpsz_both,,,,,,,,,,,,,,,,,,,,,,,,,,,,batch_exit_codes.csv
P4-BATCH-f68d5e10e039,batch,P4_RELATED_UNCLASSIFIED,P4_yaw_drift_causal_ablation_20260715,20260715,,20260715_205002_focus_retain_bias_both,focus,FAILED,ORCHESTRATION_ONLY,COMPLIANT_EXPERIMENT_ROOT,C:/Users/baloney/Desktop/实验目录/P4_yaw_drift_causal_ablation_20260715/20260715_205002_focus_retain_bias_both,,,,,,,,,,,,,,,,,,,,,,,,,,,,batch_exit_codes.csv
P4-BATCH-0b1a9d4a4b66,batch,P4_RELATED_UNCLASSIFIED,P4_yaw_drift_causal_ablation_20260715,20260715,,20260715_205002_focus_yaw_fej_both,focus,FAILED,ORCHESTRATION_ONLY,COMPLIANT_EXPERIMENT_ROOT,C:/Users/baloney/Desktop/实验目录/P4_yaw_drift_causal_ablation_20260715/20260715_205002_focus_yaw_fej_both,,,,,,,,,,,,,,,,,,,,,,,,,,,,batch_exit_codes.csv
P4-BATCH-5e4873f882d4,batch,P4_RELATED_UNCLASSIFIED,P4_yaw_drift_causal_ablation_20260715,20260715,,20260715_210856_focus_mechanism_control_both,focus,BATCH_RECEIPT_PRESENT,ORCHESTRATION_ONLY,COMPLIANT_EXPERIMENT_ROOT,C:/Users/baloney/Desktop/实验目录/P4_yaw_drift_causal_ablation_20260715/20260715_210856_focus_mechanism_control_both,,,,,,,,,,,,,,,,,,,,,,,,,,,,batch_exit_codes.csv
P4-BATCH-0f9b80336559,batch,P4_RELATED_UNCLASSIFIED,P4_yaw_drift_causal_ablation_20260715,20260715,,20260715_210856_focus_no_visual_bgz_both,focus,BATCH_RECEIPT_PRESENT,ORCHESTRATION_ONLY,COMPLIANT_EXPERIMENT_ROOT,C:/Users/baloney/Desktop/实验目录/P4_yaw_drift_causal_ablation_20260715/20260715_210856_focus_no_visual_bgz_both,,,,,,,,,,,,,,,,,,,,,,,,,,,,batch_exit_codes.csv
P4-BATCH-b3505d4d90ca,batch,P4_RELATED_UNCLASSIFIED,P4_yaw_drift_causal_ablation_20260715,20260715,,20260715_210856_focus_no_visual_yaw_both,focus,BATCH_RECEIPT_PRESENT,ORCHESTRATION_ONLY,COMPLIANT_EXPERIMENT_ROOT,C:/Users/baloney/Desktop/实验目录/P4_yaw_drift_causal_ablation_20260715/20260715_210856_focus_no_visual_yaw_both,,,,,,,,,,,,,,,,,,,,,,,,,,,,batch_exit_codes.csv
P4-BATCH-c3c712268889,batch,P4_RELATED_UNCLASSIFIED,P4_yaw_drift_causal_ablation_20260715,20260715,,20260715_213933_focus_gyro_z_minus_both,focus,BATCH_RECEIPT_PRESENT,ORCHESTRATION_ONLY,COMPLIANT_EXPERIMENT_ROOT,C:/Users/baloney/Desktop/实验目录/P4_yaw_drift_causal_ablation_20260715/20260715_213933_focus_gyro_z_minus_both,,,,,,,,,,,,,,,,,,,,,,,,,,,,batch_exit_codes.csv
P4-BATCH-bf17ef899539,batch,P4_RELATED_UNCLASSIFIED,P4_yaw_drift_causal_ablation_20260715,20260715,,20260715_213933_focus_gyro_z_plus_both,focus,BATCH_RECEIPT_PRESENT,ORCHESTRATION_ONLY,COMPLIANT_EXPERIMENT_ROOT,C:/Users/baloney/Desktop/实验目录/P4_yaw_drift_causal_ablation_20260715/20260715_213933_focus_gyro_z_plus_both,,,,,,,,,,,,,,,,,,,,,,,,,,,,batch_exit_codes.csv
P4-BATCH-082fe709a1cf,batch,P4_RELATED_UNCLASSIFIED,P4_yaw_drift_causal_ablation_20260715,20260715,,20260715_220129_focus_gpsz_nasa_lean_both,focus,BATCH_RECEIPT_PRESENT,ORCHESTRATION_ONLY,COMPLIANT_EXPERIMENT_ROOT,C:/Users/baloney/Desktop/实验目录/P4_yaw_drift_causal_ablation_20260715/20260715_220129_focus_gpsz_nasa_lean_both,,,,,,,,,,,,,,,,,,,,,,,,,,,,batch_exit_codes.csv
P4-BATCH-d9a641f83784,batch,P4_RELATED_UNCLASSIFIED,P4_yaw_drift_causal_ablation_20260715,20260715,,20260715_220129_focus_no_slam_both,focus,BATCH_RECEIPT_PRESENT,ORCHESTRATION_ONLY,COMPLIANT_EXPERIMENT_ROOT,C:/Users/baloney/Desktop/实验目录/P4_yaw_drift_causal_ablation_20260715/20260715_220129_focus_no_slam_both,,,,,,,,,,,,,,,,,,,,,,,,,,,,batch_exit_codes.csv
P4-BATCH-15041485cf5e,batch,P4_RELATED_UNCLASSIFIED,P4_yaw_drift_causal_ablation_20260715,20260715,,20260715_221540_focus_no_slam_both,focus,BATCH_RECEIPT_PRESENT,ORCHESTRATION_ONLY,COMPLIANT_EXPERIMENT_ROOT,C:/Users/baloney/Desktop/实验目录/P4_yaw_drift_causal_ablation_20260715/20260715_221540_focus_no_slam_both,,,,,,,,,,,,,,,,,,,,,,,,,,,,batch_exit_codes.csv
P4-BATCH-8a165fd47942,batch,P4_RELATED_UNCLASSIFIED,P4_yaw_drift_causal_ablation_20260715,20260715,,20260715_224220_focus_legacy_init_covariance_both,focus,BATCH_RECEIPT_PRESENT,ORCHESTRATION_ONLY,COMPLIANT_EXPERIMENT_ROOT,C:/Users/baloney/Desktop/实验目录/P4_yaw_drift_causal_ablation_20260715/20260715_224220_focus_legacy_init_covariance_both,,,,,,,,,,,,,,,,,,,,,,,,,,,,batch_exit_codes.csv
P4-BATCH-a534accfb1c9,batch,P4_RELATED_UNCLASSIFIED,P4_yaw_drift_causal_ablation_20260715,20260715,,20260715_224805_focus_targeted_slam_freeze_both,focus,BATCH_RECEIPT_PRESENT,ORCHESTRATION_ONLY,COMPLIANT_EXPERIMENT_ROOT,C:/Users/baloney/Desktop/实验目录/P4_yaw_drift_causal_ablation_20260715/20260715_224805_focus_targeted_slam_freeze_both,,,,,,,,,,,,,,,,,,,,,,,,,,,,batch_exit_codes.csv
P4-BATCH-2c0761898b55,batch,P4_RELATED_UNCLASSIFIED,P4_yaw_drift_causal_ablation_20260715,20260715,,20260715_231432_focus_gpsz_guard_pz_fallback_both,focus,BATCH_RECEIPT_PRESENT,ORCHESTRATION_ONLY,COMPLIANT_EXPERIMENT_ROOT,C:/Users/baloney/Desktop/实验目录/P4_yaw_drift_causal_ablation_20260715/20260715_231432_focus_gpsz_guard_pz_fallback_both,,,,,,,,,,,,,,,,,,,,,,,,,,,,batch_exit_codes.csv
P4-BATCH-645f426df872,batch,P4_RELATED_UNCLASSIFIED,P4_yaw_drift_causal_ablation_20260715,20260715,,20260715_232853_focus_gyro_z_observed_minus_both,focus,BATCH_RECEIPT_PRESENT,ORCHESTRATION_ONLY,COMPLIANT_EXPERIMENT_ROOT,C:/Users/baloney/Desktop/实验目录/P4_yaw_drift_causal_ablation_20260715/20260715_232853_focus_gyro_z_observed_minus_both,,,,,,,,,,,,,,,,,,,,,,,,,,,,batch_exit_codes.csv
P4-BATCH-8eaade961ea2,batch,P4_RELATED_UNCLASSIFIED,P4_yaw_drift_causal_ablation_20260715,20260715,,20260715_232853_focus_gyro_z_observed_plus_both,focus,BATCH_RECEIPT_PRESENT,ORCHESTRATION_ONLY,COMPLIANT_EXPERIMENT_ROOT,C:/Users/baloney/Desktop/实验目录/P4_yaw_drift_causal_ablation_20260715/20260715_232853_focus_gyro_z_observed_plus_both,,,,,,,,,,,,,,,,,,,,,,,,,,,,batch_exit_codes.csv
P4-BATCH-0458866222e1,batch,P4_RELATED_UNCLASSIFIED,P4_yaw_drift_causal_ablation_20260715,20260715,,20260715_234520_focus_fc_attitude_release_both,focus,BATCH_RECEIPT_PRESENT,ORCHESTRATION_ONLY,COMPLIANT_EXPERIMENT_ROOT,C:/Users/baloney/Desktop/实验目录/P4_yaw_drift_causal_ablation_20260715/20260715_234520_focus_fc_attitude_release_both,,,,,,,,,,,,,,,,,,,,,,,,,,,,batch_exit_codes.csv
P4-BATCH-c8f4b419fc95,batch,P4_RELATED_UNCLASSIFIED,P4_yaw_drift_causal_ablation_20260715,20260715,,20260715_235838_focus_cam_toff_converged_both,focus,FAILED,ORCHESTRATION_ONLY,COMPLIANT_EXPERIMENT_ROOT,C:/Users/baloney/Desktop/实验目录/P4_yaw_drift_causal_ablation_20260715/20260715_235838_focus_cam_toff_converged_both,,,,,,,,,,,,,,,,,,,,,,,,,,,,batch_exit_codes.csv
P4-BATCH-fb39803e03ab,batch,P4_RELATED_UNCLASSIFIED,P4_yaw_drift_causal_ablation_20260715,20260715,,20260715_235838_focus_cam_toff_opposite_both,focus,FAILED,ORCHESTRATION_ONLY,COMPLIANT_EXPERIMENT_ROOT,C:/Users/baloney/Desktop/实验目录/P4_yaw_drift_causal_ablation_20260715/20260715_235838_focus_cam_toff_opposite_both,,,,,,,,,,,,,,,,,,,,,,,,,,,,batch_exit_codes.csv
P4-BATCH-ce9fd395372a,batch,P5_ONLY_IN_P4_CAMPAIGN,P4_yaw_drift_causal_ablation_20260715,20260715,,20260716_001036_focus_adaptive_stride_active_both,focus,BATCH_RECEIPT_PRESENT,ORCHESTRATION_ONLY,COMPLIANT_EXPERIMENT_ROOT,C:/Users/baloney/Desktop/实验目录/P4_yaw_drift_causal_ablation_20260715/20260716_001036_focus_adaptive_stride_active_both,,,,,,,,,,,,,,,,,,,,,,,,,,,,batch_exit_codes.csv
P4-BATCH-2976ebdec7b7,batch,P4_RELATED_UNCLASSIFIED,P4_yaw_drift_causal_ablation_20260715,20260715,,20260716_001036_focus_full_rate_post_init_both,full,FAILED,ORCHESTRATION_ONLY,COMPLIANT_EXPERIMENT_ROOT,C:/Users/baloney/Desktop/实验目录/P4_yaw_drift_causal_ablation_20260715/20260716_001036_focus_full_rate_post_init_both,,,,,,,,,,,,,,,,,,,,,,,,,,,,batch_exit_codes.csv
P4-BATCH-801bd330de8d,batch,P4_RELATED_UNCLASSIFIED,P4_yaw_drift_causal_ablation_20260715,20260715,,20260716_001752_focus_full_rate_post_init_both,full,BATCH_RECEIPT_PRESENT,ORCHESTRATION_ONLY,COMPLIANT_EXPERIMENT_ROOT,C:/Users/baloney/Desktop/实验目录/P4_yaw_drift_causal_ablation_20260715/20260716_001752_focus_full_rate_post_init_both,,,,,,,,,,,,,,,,,,,,,,,,,,,,batch_exit_codes.csv
P4-BATCH-eb43217bb3fb,batch,P4_RELATED_UNCLASSIFIED,P4_yaw_drift_causal_ablation_20260715,20260715,,20260716_005511_focus_cam_extrinsic_rot_plus_both,focus,BATCH_RECEIPT_PRESENT,ORCHESTRATION_ONLY,COMPLIANT_EXPERIMENT_ROOT,C:/Users/baloney/Desktop/实验目录/P4_yaw_drift_causal_ablation_20260715/20260716_005511_focus_cam_extrinsic_rot_plus_both,,,,,,,,,,,,,,,,,,,,,,,,,,,,batch_exit_codes.csv
P4-BATCH-d36e189cebd4,batch,P4_RELATED_UNCLASSIFIED,P4_yaw_drift_causal_ablation_20260715,20260715,,20260716_005634_focus_cam_extrinsic_rot_minus_both,focus,BATCH_RECEIPT_PRESENT,ORCHESTRATION_ONLY,COMPLIANT_EXPERIMENT_ROOT,C:/Users/baloney/Desktop/实验目录/P4_yaw_drift_causal_ablation_20260715/20260716_005634_focus_cam_extrinsic_rot_minus_both,,,,,,,,,,,,,,,,,,,,,,,,,,,,batch_exit_codes.csv
P4-BATCH-006c88a0b7dd,batch,P4_RELATED_UNCLASSIFIED,P4_yaw_drift_causal_ablation_20260715,20260715,,20260716_005634_focus_cam_extrinsic_rot_plus_both,focus,BATCH_RECEIPT_PRESENT,ORCHESTRATION_ONLY,COMPLIANT_EXPERIMENT_ROOT,C:/Users/baloney/Desktop/实验目录/P4_yaw_drift_causal_ablation_20260715/20260716_005634_focus_cam_extrinsic_rot_plus_both,,,,,,,,,,,,,,,,,,,,,,,,,,,,batch_exit_codes.csv
P4-BATCH-b5af888396ff,batch,P4_RELATED_UNCLASSIFIED,P4_yaw_drift_causal_ablation_20260715,20260715,,20260716_011226_focus_cam_extrinsic_x_minus_both,focus,BATCH_RECEIPT_PRESENT,ORCHESTRATION_ONLY,COMPLIANT_EXPERIMENT_ROOT,C:/Users/baloney/Desktop/实验目录/P4_yaw_drift_causal_ablation_20260715/20260716_011226_focus_cam_extrinsic_x_minus_both,,,,,,,,,,,,,,,,,,,,,,,,,,,,batch_exit_codes.csv
P4-BATCH-077472b5178b,batch,P4_RELATED_UNCLASSIFIED,P4_yaw_drift_causal_ablation_20260715,20260715,,20260716_011226_focus_cam_extrinsic_x_plus_both,focus,BATCH_RECEIPT_PRESENT,ORCHESTRATION_ONLY,COMPLIANT_EXPERIMENT_ROOT,C:/Users/baloney/Desktop/实验目录/P4_yaw_drift_causal_ablation_20260715/20260716_011226_focus_cam_extrinsic_x_plus_both,,,,,,,,,,,,,,,,,,,,,,,,,,,,batch_exit_codes.csv
P4-BATCH-3212c34b67de,batch,P4_RELATED_UNCLASSIFIED,P4_yaw_drift_causal_ablation_20260715,20260715,,20260716_011226_focus_cam_extrinsic_y_minus_both,focus,BATCH_RECEIPT_PRESENT,ORCHESTRATION_ONLY,COMPLIANT_EXPERIMENT_ROOT,C:/Users/baloney/Desktop/实验目录/P4_yaw_drift_causal_ablation_20260715/20260716_011226_focus_cam_extrinsic_y_minus_both,,,,,,,,,,,,,,,,,,,,,,,,,,,,batch_exit_codes.csv
P4-BATCH-19ca463288c6,batch,P4_RELATED_UNCLASSIFIED,P4_yaw_drift_causal_ablation_20260715,20260715,,20260716_011226_focus_cam_extrinsic_y_plus_both,focus,BATCH_RECEIPT_PRESENT,ORCHESTRATION_ONLY,COMPLIANT_EXPERIMENT_ROOT,C:/Users/baloney/Desktop/实验目录/P4_yaw_drift_causal_ablation_20260715/20260716_011226_focus_cam_extrinsic_y_plus_both,,,,,,,,,,,,,,,,,,,,,,,,,,,,batch_exit_codes.csv
P4-BATCH-640c0e35fb2c,batch,P4_RELATED_UNCLASSIFIED,P4_yaw_drift_causal_ablation_20260715,20260715,,20260716_011226_focus_cam_extrinsic_z_minus_both,focus,BATCH_RECEIPT_PRESENT,ORCHESTRATION_ONLY,COMPLIANT_EXPERIMENT_ROOT,C:/Users/baloney/Desktop/实验目录/P4_yaw_drift_causal_ablation_20260715/20260716_011226_focus_cam_extrinsic_z_minus_both,,,,,,,,,,,,,,,,,,,,,,,,,,,,batch_exit_codes.csv
P4-BATCH-2d44550c1fa1,batch,P4_RELATED_UNCLASSIFIED,P4_yaw_drift_causal_ablation_20260715,20260715,,20260716_011226_focus_cam_extrinsic_z_plus_both,focus,BATCH_RECEIPT_PRESENT,ORCHESTRATION_ONLY,COMPLIANT_EXPERIMENT_ROOT,C:/Users/baloney/Desktop/实验目录/P4_yaw_drift_causal_ablation_20260715/20260716_011226_focus_cam_extrinsic_z_plus_both,,,,,,,,,,,,,,,,,,,,,,,,,,,,batch_exit_codes.csv
P4-BATCH-e0b75f7fd47e,batch,P4_RELATED_UNCLASSIFIED,P4_yaw_drift_causal_ablation_20260715,20260715,,20260716_013449_focus_fc_yaw_aid_both,focus,BATCH_RECEIPT_PRESENT,ORCHESTRATION_ONLY,COMPLIANT_EXPERIMENT_ROOT,C:/Users/baloney/Desktop/实验目录/P4_yaw_drift_causal_ablation_20260715/20260716_013449_focus_fc_yaw_aid_both,,,,,,,,,,,,,,,,,,,,,,,,,,,,batch_exit_codes.csv
P4-BATCH-f33bee1f46b4,batch,P4_RELATED_UNCLASSIFIED,P4_yaw_drift_causal_ablation_20260715,20260715,,20260716_014728_focus_fc_yaw_aid_both,focus,BATCH_RECEIPT_PRESENT,ORCHESTRATION_ONLY,COMPLIANT_EXPERIMENT_ROOT,C:/Users/baloney/Desktop/实验目录/P4_yaw_drift_causal_ablation_20260715/20260716_014728_focus_fc_yaw_aid_both,,,,,,,,,,,,,,,,,,,,,,,,,,,,batch_exit_codes.csv
P4-BATCH-7fd12822daa6,batch,P4_RELATED_UNCLASSIFIED,P4_yaw_drift_causal_ablation_20260715,20260715,,20260716_085044_focus_centered_yaw_oc_both,focus,FAILED,ORCHESTRATION_ONLY,COMPLIANT_EXPERIMENT_ROOT,C:/Users/baloney/Desktop/实验目录/P4_yaw_drift_causal_ablation_20260715/20260716_085044_focus_centered_yaw_oc_both,,,,,,,,,,,,,,,,,,,,,,,,,,,,batch_exit_codes.csv
P4-BATCH-83084b254259,batch,P4_RELATED_UNCLASSIFIED,P4_yaw_drift_causal_ablation_20260715,20260715,,20260716_090706_focus_local_estimator_origin_both,focus,FAILED,ORCHESTRATION_ONLY,COMPLIANT_EXPERIMENT_ROOT,C:/Users/baloney/Desktop/实验目录/P4_yaw_drift_causal_ablation_20260715/20260716_090706_focus_local_estimator_origin_both,,,,,,,,,,,,,,,,,,,,,,,,,,,,batch_exit_codes.csv
P4-BATCH-93312ad21cec,batch,P4_RELATED_UNCLASSIFIED,P4_yaw_drift_causal_ablation_20260715,20260715,,20260716_092312_focus_full_4d_oc_both,full,BATCH_RECEIPT_PRESENT,ORCHESTRATION_ONLY,COMPLIANT_EXPERIMENT_ROOT,C:/Users/baloney/Desktop/实验目录/P4_yaw_drift_causal_ablation_20260715/20260716_092312_focus_full_4d_oc_both,,,,,,,,,,,,,,,,,,,,,,,,,,,,batch_exit_codes.csv
P4-BATCH-28845e3c6c08,batch,P4_RELATED_UNCLASSIFIED,P4_yaw_drift_causal_ablation_20260715,20260715,,20260716_094239_focus_post_full_4d_oc_both,full,BATCH_RECEIPT_PRESENT,ORCHESTRATION_ONLY,COMPLIANT_EXPERIMENT_ROOT,C:/Users/baloney/Desktop/实验目录/P4_yaw_drift_causal_ablation_20260715/20260716_094239_focus_post_full_4d_oc_both,,,,,,,,,,,,,,,,,,,,,,,,,,,,batch_exit_codes.csv
P4-BATCH-926029f197a9,batch,P4_RELATED_UNCLASSIFIED,P4_yaw_drift_causal_ablation_20260715,20260715,,20260716_100046_focus_first_error_slam_freeze_both,focus,BATCH_RECEIPT_PRESENT,ORCHESTRATION_ONLY,COMPLIANT_EXPERIMENT_ROOT,C:/Users/baloney/Desktop/实验目录/P4_yaw_drift_causal_ablation_20260715/20260716_100046_focus_first_error_slam_freeze_both,,,,,,,,,,,,,,,,,,,,,,,,,,,,batch_exit_codes.csv
P4-BATCH-8809c8fbd619,batch,P4_RELATED_UNCLASSIFIED,P4_yaw_drift_causal_ablation_20260715,20260715,,20260716_101004_focus_first_error_deep_diag_both,focus,BATCH_RECEIPT_PRESENT,ORCHESTRATION_ONLY,COMPLIANT_EXPERIMENT_ROOT,C:/Users/baloney/Desktop/实验目录/P4_yaw_drift_causal_ablation_20260715/20260716_101004_focus_first_error_deep_diag_both,,,,,,,,,,,,,,,,,,,,,,,,,,,,batch_exit_codes.csv
P4-BATCH-e6c61f272a67,batch,P4_RELATED_UNCLASSIFIED,P4_yaw_drift_causal_ablation_20260715,20260715,,20260716_104330_focus_visual_roi_bottom_both,focus,BATCH_RECEIPT_PRESENT,ORCHESTRATION_ONLY,COMPLIANT_EXPERIMENT_ROOT,C:/Users/baloney/Desktop/实验目录/P4_yaw_drift_causal_ablation_20260715/20260716_104330_focus_visual_roi_bottom_both,,,,,,,,,,,,,,,,,,,,,,,,,,,,batch_exit_codes.csv
P4-BATCH-8ac1a1d60250,batch,P4_RELATED_UNCLASSIFIED,P4_yaw_drift_causal_ablation_20260715,20260715,,20260716_104330_focus_visual_roi_center_both,focus,BATCH_RECEIPT_PRESENT,ORCHESTRATION_ONLY,COMPLIANT_EXPERIMENT_ROOT,C:/Users/baloney/Desktop/实验目录/P4_yaw_drift_causal_ablation_20260715/20260716_104330_focus_visual_roi_center_both,,,,,,,,,,,,,,,,,,,,,,,,,,,,batch_exit_codes.csv
P4-BATCH-4d010da42197,batch,P4_RELATED_UNCLASSIFIED,P4_yaw_drift_causal_ablation_20260715,20260715,,20260716_104330_focus_visual_roi_left_both,focus,BATCH_RECEIPT_PRESENT,ORCHESTRATION_ONLY,COMPLIANT_EXPERIMENT_ROOT,C:/Users/baloney/Desktop/实验目录/P4_yaw_drift_causal_ablation_20260715/20260716_104330_focus_visual_roi_left_both,,,,,,,,,,,,,,,,,,,,,,,,,,,,batch_exit_codes.csv
P4-BATCH-646d832f35b1,batch,P4_RELATED_UNCLASSIFIED,P4_yaw_drift_causal_ablation_20260715,20260715,,20260716_104330_focus_visual_roi_right_both,focus,BATCH_RECEIPT_PRESENT,ORCHESTRATION_ONLY,COMPLIANT_EXPERIMENT_ROOT,C:/Users/baloney/Desktop/实验目录/P4_yaw_drift_causal_ablation_20260715/20260716_104330_focus_visual_roi_right_both,,,,,,,,,,,,,,,,,,,,,,,,,,,,batch_exit_codes.csv
P4-BATCH-870602b6374c,batch,P4_RELATED_UNCLASSIFIED,P4_yaw_drift_causal_ablation_20260715,20260715,,20260716_104330_focus_visual_roi_top_both,focus,BATCH_RECEIPT_PRESENT,ORCHESTRATION_ONLY,COMPLIANT_EXPERIMENT_ROOT,C:/Users/baloney/Desktop/实验目录/P4_yaw_drift_causal_ablation_20260715/20260716_104330_focus_visual_roi_top_both,,,,,,,,,,,,,,,,,,,,,,,,,,,,batch_exit_codes.csv
P4-BATCH-8264a7aba176,batch,P4_RELATED_UNCLASSIFIED,P4_yaw_drift_causal_ablation_20260715,20260715,,20260716_130458_screen_first_error_msckf_yaw_freeze_both,screen,BATCH_RECEIPT_PRESENT,ORCHESTRATION_ONLY,COMPLIANT_EXPERIMENT_ROOT,C:/Users/baloney/Desktop/实验目录/P4_yaw_drift_causal_ablation_20260715/20260716_130458_screen_first_error_msckf_yaw_freeze_both,,,,,,,,,,,,,,,,,,,,,,,,,,,,batch_exit_codes.csv
P4-BATCH-e8d651ea41ee,batch,P4_RELATED_UNCLASSIFIED,P4_yaw_drift_causal_ablation_20260715,20260715,,20260716_132622_screen_first_error_all_visual_yaw_gain_zero_both,screen,BATCH_RECEIPT_PRESENT,ORCHESTRATION_ONLY,COMPLIANT_EXPERIMENT_ROOT,C:/Users/baloney/Desktop/实验目录/P4_yaw_drift_causal_ablation_20260715/20260716_132622_screen_first_error_all_visual_yaw_gain_zero_both,,,,,,,,,,,,,,,,,,,,,,,,,,,,batch_exit_codes.csv
P4-BATCH-1a645da91b42,batch,P4_RELATED_UNCLASSIFIED,P4_yaw_drift_causal_ablation_20260715,20260715,,20260716_133506_screen_first_error_all_visual_yaw_gain_zero_both,screen,BATCH_RECEIPT_PRESENT,ORCHESTRATION_ONLY,COMPLIANT_EXPERIMENT_ROOT,C:/Users/baloney/Desktop/实验目录/P4_yaw_drift_causal_ablation_20260715/20260716_133506_screen_first_error_all_visual_yaw_gain_zero_both,,,,,,,,,,,,,,,,,,,,,,,,,,,,batch_exit_codes.csv
P4-BATCH-c3715ddbd98d,batch,P4_RELATED_UNCLASSIFIED,P4_yaw_drift_causal_ablation_20260715,20260715,,20260716_133900_screen_first_error_all_visual_yaw_gain_zero_both,screen,BATCH_RECEIPT_PRESENT,ORCHESTRATION_ONLY,COMPLIANT_EXPERIMENT_ROOT,C:/Users/baloney/Desktop/实验目录/P4_yaw_drift_causal_ablation_20260715/20260716_133900_screen_first_error_all_visual_yaw_gain_zero_both,,,,,,,,,,,,,,,,,,,,,,,,,,,,batch_exit_codes.csv
P4-BATCH-a52d59dc999f,batch,P4_RELATED_UNCLASSIFIED,P4_yaw_drift_causal_ablation_20260715,20260715,,20260716_151753_screen_visual_roi_dynamic_turn_both,screen,FAILED,ORCHESTRATION_ONLY,COMPLIANT_EXPERIMENT_ROOT,C:/Users/baloney/Desktop/实验目录/P4_yaw_drift_causal_ablation_20260715/20260716_151753_screen_visual_roi_dynamic_turn_both,,,,,,,,,,,,,,,,,,,,,,,,,,,,batch_exit_codes.csv
P4-BATCH-e67b1ba6bc87,batch,P4_RELATED_UNCLASSIFIED,P4_yaw_drift_causal_ablation_20260715,20260715,,20260716_152714_screen_visual_roi_dynamic_turn_both,screen,BATCH_RECEIPT_PRESENT,ORCHESTRATION_ONLY,COMPLIANT_EXPERIMENT_ROOT,C:/Users/baloney/Desktop/实验目录/P4_yaw_drift_causal_ablation_20260715/20260716_152714_screen_visual_roi_dynamic_turn_both,,,,,,,,,,,,,,,,,,,,,,,,,,,,batch_exit_codes.csv
P4-BATCH-79b2b6265a18,batch,P4_RELATED_UNCLASSIFIED,P4_yaw_drift_causal_ablation_20260715,20260715,,20260716_153115_screen_control_both,screen,BATCH_RECEIPT_PRESENT,ORCHESTRATION_ONLY,COMPLIANT_EXPERIMENT_ROOT,C:/Users/baloney/Desktop/实验目录/P4_yaw_drift_causal_ablation_20260715/20260716_153115_screen_control_both,,,,,,,,,,,,,,,,,,,,,,,,,,,,batch_exit_codes.csv
P4-BATCH-9d5be755df86,batch,P4_RELATED_UNCLASSIFIED,P4_yaw_drift_causal_ablation_20260715,20260715,,20260716_163014_screen_agl_scale_shadow_both,screen,BATCH_RECEIPT_PRESENT,ORCHESTRATION_ONLY,COMPLIANT_EXPERIMENT_ROOT,C:/Users/baloney/Desktop/实验目录/P4_yaw_drift_causal_ablation_20260715/20260716_163014_screen_agl_scale_shadow_both,,,,,,,,,,,,,,,,,,,,,,,,,,,,batch_exit_codes.csv
P4-BATCH-d2d54d01fd62,batch,P4_RELATED_UNCLASSIFIED,P4_yaw_drift_causal_ablation_20260715,20260715,,20260716_163014_screen_no_gpsz_both,screen,BATCH_RECEIPT_PRESENT,ORCHESTRATION_ONLY,COMPLIANT_EXPERIMENT_ROOT,C:/Users/baloney/Desktop/实验目录/P4_yaw_drift_causal_ablation_20260715/20260716_163014_screen_no_gpsz_both,,,,,,,,,,,,,,,,,,,,,,,,,,,,batch_exit_codes.csv
P4-BATCH-6488b8e4c09c,batch,P4_RELATED_UNCLASSIFIED,P4_yaw_drift_causal_ablation_20260715,20260715,,20260716_164317_screen_agl_scale_single_both,screen,BATCH_RECEIPT_PRESENT,ORCHESTRATION_ONLY,COMPLIANT_EXPERIMENT_ROOT,C:/Users/baloney/Desktop/实验目录/P4_yaw_drift_causal_ablation_20260715/20260716_164317_screen_agl_scale_single_both,,,,,,,,,,,,,,,,,,,,,,,,,,,,batch_exit_codes.csv
P4-BATCH-6c4130b81ff0,batch,P4_RELATED_UNCLASSIFIED,P4_yaw_drift_causal_ablation_20260715,20260715,fly1,20260716_113018_screen_first_error_deep_diag_fly1,screen,BATCH_RECEIPT_PRESENT,ORCHESTRATION_ONLY,COMPLIANT_EXPERIMENT_ROOT,C:/Users/baloney/Desktop/实验目录/P4_yaw_drift_causal_ablation_20260715/20260716_113018_screen_first_error_deep_diag_fly1,,,,,,,,,,,,,,,,,,,,,,,,,,,,batch_exit_codes.csv
P4-BATCH-4c532f83337a,batch,P4_RELATED_UNCLASSIFIED,P4_yaw_drift_causal_ablation_20260715,20260715,fly1,20260716_115241_screen_control_fly1,screen,BATCH_RECEIPT_PRESENT,ORCHESTRATION_ONLY,COMPLIANT_EXPERIMENT_ROOT,C:/Users/baloney/Desktop/实验目录/P4_yaw_drift_causal_ablation_20260715/20260716_115241_screen_control_fly1,,,,,,,,,,,,,,,,,,,,,,,,,,,,batch_exit_codes.csv
P4-BATCH-02d8439d6b82,batch,P4_RELATED_UNCLASSIFIED,P4_yaw_drift_causal_ablation_20260715,20260715,fly1,20260716_120549_screen_gyro_z_scale_down_fly1,screen,BATCH_RECEIPT_PRESENT,ORCHESTRATION_ONLY,COMPLIANT_EXPERIMENT_ROOT,C:/Users/baloney/Desktop/实验目录/P4_yaw_drift_causal_ablation_20260715/20260716_120549_screen_gyro_z_scale_down_fly1,,,,,,,,,,,,,,,,,,,,,,,,,,,,batch_exit_codes.csv
P4-BATCH-f6f02f76cdf6,batch,P4_RELATED_UNCLASSIFIED,P4_yaw_drift_causal_ablation_20260715,20260715,fly1,20260716_120549_screen_gyro_z_scale_up_fly1,screen,BATCH_RECEIPT_PRESENT,ORCHESTRATION_ONLY,COMPLIANT_EXPERIMENT_ROOT,C:/Users/baloney/Desktop/实验目录/P4_yaw_drift_causal_ablation_20260715/20260716_120549_screen_gyro_z_scale_up_fly1,,,,,,,,,,,,,,,,,,,,,,,,,,,,batch_exit_codes.csv
P4-BATCH-2da11f07d445,batch,P4_RELATED_UNCLASSIFIED,P4_yaw_drift_causal_ablation_20260715,20260715,fly1,20260716_121320_screen_gyro_z_scale_down_fly1,screen,BATCH_RECEIPT_PRESENT,ORCHESTRATION_ONLY,COMPLIANT_EXPERIMENT_ROOT,C:/Users/baloney/Desktop/实验目录/P4_yaw_drift_causal_ablation_20260715/20260716_121320_screen_gyro_z_scale_down_fly1,,,,,,,,,,,,,,,,,,,,,,,,,,,,batch_exit_codes.csv
P4-BATCH-596e02013195,batch,P4_RELATED_UNCLASSIFIED,P4_yaw_drift_causal_ablation_20260715,20260715,fly1,20260716_121320_screen_gyro_z_scale_up_fly1,screen,BATCH_RECEIPT_PRESENT,ORCHESTRATION_ONLY,COMPLIANT_EXPERIMENT_ROOT,C:/Users/baloney/Desktop/实验目录/P4_yaw_drift_causal_ablation_20260715/20260716_121320_screen_gyro_z_scale_up_fly1,,,,,,,,,,,,,,,,,,,,,,,,,,,,batch_exit_codes.csv
P4-BATCH-cc6c5dff035c,batch,P4_RELATED_UNCLASSIFIED,P4_yaw_drift_causal_ablation_20260715,20260715,fly1,20260716_123252_screen_gyro_z_turn_scale_down_fly1,screen,BATCH_RECEIPT_PRESENT,ORCHESTRATION_ONLY,COMPLIANT_EXPERIMENT_ROOT,C:/Users/baloney/Desktop/实验目录/P4_yaw_drift_causal_ablation_20260715/20260716_123252_screen_gyro_z_turn_scale_down_fly1,,,,,,,,,,,,,,,,,,,,,,,,,,,,batch_exit_codes.csv
P4-BATCH-37a0d65ab3fe,batch,P4_RELATED_UNCLASSIFIED,P4_yaw_drift_causal_ablation_20260715,20260715,fly1,20260716_123252_screen_gyro_z_turn_scale_up_fly1,screen,BATCH_RECEIPT_PRESENT,ORCHESTRATION_ONLY,COMPLIANT_EXPERIMENT_ROOT,C:/Users/baloney/Desktop/实验目录/P4_yaw_drift_causal_ablation_20260715/20260716_123252_screen_gyro_z_turn_scale_up_fly1,,,,,,,,,,,,,,,,,,,,,,,,,,,,batch_exit_codes.csv
P4-BATCH-f0d6b32fec37,batch,P4_RELATED_UNCLASSIFIED,P4_yaw_drift_causal_ablation_20260715,20260715,fly1,20260716_125103_screen_first_error_msckf_yaw_freeze_fly1,screen,BATCH_RECEIPT_PRESENT,ORCHESTRATION_ONLY,COMPLIANT_EXPERIMENT_ROOT,C:/Users/baloney/Desktop/实验目录/P4_yaw_drift_causal_ablation_20260715/20260716_125103_screen_first_error_msckf_yaw_freeze_fly1,,,,,,,,,,,,,,,,,,,,,,,,,,,,batch_exit_codes.csv
P4-EVALUATION-bfe2e15e7db3,evaluation,P4_RELATED_UNCLASSIFIED,P4_yaw_drift_causal_ablation_20260715,20260715,fly1,fly1_shadow,,EVALUATED,DIAGNOSTIC_EVALUATION,COMPLIANT_EXPERIMENT_ROOT,C:/Users/baloney/Desktop/实验目录/P4_yaw_drift_causal_ablation_20260715/20260716_AGL_SCENE_SCALE_CAUSAL_EVALUATION/absolute_navigation_no_post_alignment/fly1_shadow,,,,,,,,,,,,,,,,210.4000000950001,7.765764893748898,121.0112169739433,176.088965892492,0.6822702277561593,2.050569044505831,,,36.39548176582102,,,,
P4-EVALUATION-c975fc2ab801,evaluation,P4_RELATED_UNCLASSIFIED,P4_yaw_drift_causal_ablation_20260715,20260715,fly1,fly1_single,,EVALUATED,DIAGNOSTIC_EVALUATION,COMPLIANT_EXPERIMENT_ROOT,C:/Users/baloney/Desktop/实验目录/P4_yaw_drift_causal_ablation_20260715/20260716_AGL_SCENE_SCALE_CAUSAL_EVALUATION/absolute_navigation_no_post_alignment/fly1_single,,,,,,,,,,,,,,,,210.4000000950001,7.765764893748898,166.3374855188998,187.3706887923239,1.9301384149387852,2.689144117263328,,,49.26804917982102,,,,
P4-EVALUATION-e5b39a42b6fe,evaluation,P4_RELATED_UNCLASSIFIED,P4_yaw_drift_causal_ablation_20260715,20260715,fly1,fly1_shadow,,EVALUATED,DIAGNOSTIC_EVALUATION,COMPLIANT_EXPERIMENT_ROOT,C:/Users/baloney/Desktop/实验目录/P4_yaw_drift_causal_ablation_20260715/20260716_AGL_SCENE_SCALE_CAUSAL_EVALUATION/start_heading/fly1_shadow,,,,,,,,,,,,,,,,210.4000000950001,7.765764893748898,77.81890025766106,122.28940184280735,0.6822702277561592,1.5737119807609188,,,36.91711686554285,,,,
P4-EVALUATION-75cb9b549396,evaluation,P4_RELATED_UNCLASSIFIED,P4_yaw_drift_causal_ablation_20260715,20260715,fly1,fly1_single,,EVALUATED,DIAGNOSTIC_EVALUATION,COMPLIANT_EXPERIMENT_ROOT,C:/Users/baloney/Desktop/实验目录/P4_yaw_drift_causal_ablation_20260715/20260716_AGL_SCENE_SCALE_CAUSAL_EVALUATION/start_heading/fly1_single,,,,,,,,,,,,,,,,210.4000000950001,7.765764893748898,136.36146719109806,146.5648684623348,1.9301384149387864,2.371576771519113,,,49.789684279542854,,,,
P4-EVALUATION-189cf48fe6c9,evaluation,P4_RELATED_UNCLASSIFIED,P4_yaw_drift_causal_ablation_20260715,20260715,fly1,fly1,,EVALUATED,DIAGNOSTIC_EVALUATION,COMPLIANT_EXPERIMENT_ROOT,C:/Users/baloney/Desktop/实验目录/P4_yaw_drift_causal_ablation_20260715/20260716_FAST_OUTPUT_EVALUATION/fly1,,,,,,,,,,,,,,,,210.20000004700012,7.757105538839034,133.97170461201048,186.53224683905114,0.5599162145955423,2.132893619445477,,,-0.61872180454111,,,,
P4-EVALUATION-36dcdf0fe8d7,evaluation,P4_RELATED_UNCLASSIFIED,P4_yaw_drift_causal_ablation_20260715,20260715,fly1,fly1_all_visual_yaw_gain_zero,,EVALUATED,DIAGNOSTIC_EVALUATION,COMPLIANT_EXPERIMENT_ROOT,C:/Users/baloney/Desktop/实验目录/P4_yaw_drift_causal_ablation_20260715/20260716_FORMAL_ALL_VISUAL_YAW_GAIN_ZERO_COMPARE/fly1_all_visual_yaw_gain_zero,,,,,,,,,,,,,,,,210.20000004700012,7.757105538839034,129.56671278901638,183.08879139128035,0.5873679979351392,2.10548921935055,,,-0.5821805315410984,,,,
P4-EVALUATION-962d2b12a412,evaluation,P4_RELATED_UNCLASSIFIED,P4_yaw_drift_causal_ablation_20260715,20260715,fly1,fly1_control,,EVALUATED,DIAGNOSTIC_EVALUATION,COMPLIANT_EXPERIMENT_ROOT,C:/Users/baloney/Desktop/实验目录/P4_yaw_drift_causal_ablation_20260715/20260716_FORMAL_ALL_VISUAL_YAW_GAIN_ZERO_COMPARE/fly1_control,,,,,,,,,,,,,,,,210.20000004700012,7.757105538839034,133.97170461201048,186.53224683905114,0.5599162145955423,2.132893619445477,,,-0.61872180454111,,,,
P4-EVALUATION-ffcb8a02056e,evaluation,P4_RELATED_UNCLASSIFIED,P4_yaw_drift_causal_ablation_20260715,20260715,fly1,fly1_down,,EVALUATED,DIAGNOSTIC_EVALUATION,COMPLIANT_EXPERIMENT_ROOT,C:/Users/baloney/Desktop/实验目录/P4_yaw_drift_causal_ablation_20260715/20260716_GYRO_Z_SCALE_EVALUATION/fly1_down,,,,,,,,,,,,,,,,210.20000004700012,7.757105538839034,116.00983082631025,166.80346447764958,0.628618841659486,2.0112288213747305,,,-0.5868008155410962,,,,
P4-EVALUATION-ed9f218cb46d,evaluation,P4_RELATED_UNCLASSIFIED,P4_yaw_drift_causal_ablation_20260715,20260715,fly1,fly1_up,,EVALUATED,DIAGNOSTIC_EVALUATION,COMPLIANT_EXPERIMENT_ROOT,C:/Users/baloney/Desktop/实验目录/P4_yaw_drift_causal_ablation_20260715/20260716_GYRO_Z_SCALE_EVALUATION/fly1_up,,,,,,,,,,,,,,,,210.20000004700012,7.757105538839034,135.4931838528839,188.53389682413538,0.5522825978167972,2.1472906918297148,,,-0.6598010735411037,,,,
P4-EVALUATION-fb17764ca828,evaluation,P4_RELATED_UNCLASSIFIED,P4_yaw_drift_causal_ablation_20260715,20260715,fly1,fly1_down,,EVALUATED,DIAGNOSTIC_EVALUATION,COMPLIANT_EXPERIMENT_ROOT,C:/Users/baloney/Desktop/实验目录/P4_yaw_drift_causal_ablation_20260715/20260716_GYRO_Z_TURN_SCALE_EVALUATION/fly1_down,,,,,,,,,,,,,,,,210.20000004700012,7.757105538839034,114.47802830655586,163.09382202882185,0.6090561440845202,1.9809370350553677,,,-0.5821070245411022,,,,
P4-EVALUATION-3a77973c30cc,evaluation,P4_RELATED_UNCLASSIFIED,P4_yaw_drift_causal_ablation_20260715,20260715,fly1,fly1_up,,EVALUATED,DIAGNOSTIC_EVALUATION,COMPLIANT_EXPERIMENT_ROOT,C:/Users/baloney/Desktop/实验目录/P4_yaw_drift_causal_ablation_20260715/20260716_GYRO_Z_TURN_SCALE_EVALUATION/fly1_up,,,,,,,,,,,,,,,,210.20000004700012,7.757105538839034,118.0587874963499,172.79070138950897,0.6451248616961394,2.030912652325533,,,-0.6565254525411035,,,,
P4-EVALUATION-7b3e8ed69330,evaluation,P4_RELATED_UNCLASSIFIED,P4_yaw_drift_causal_ablation_20260715,20260715,fly1,fly1_control,,EVALUATED,DIAGNOSTIC_EVALUATION,COMPLIANT_EXPERIMENT_ROOT,C:/Users/baloney/Desktop/实验目录/P4_yaw_drift_causal_ablation_20260715/20260716_MSCKF_CURRENT_IMU_YAW_GAIN_ZERO_FORMAL/fly1_control,,,,,,,,,,,,,,,,210.20000004700012,7.757105538839034,133.97170461201048,186.53224683905114,0.5599162145955423,2.132893619445477,,,-0.61872180454111,,,,
P4-EVALUATION-83a95b3ff017,evaluation,P4_RELATED_UNCLASSIFIED,P4_yaw_drift_causal_ablation_20260715,20260715,fly1,fly1_gain_zero,,EVALUATED,DIAGNOSTIC_EVALUATION,COMPLIANT_EXPERIMENT_ROOT,C:/Users/baloney/Desktop/实验目录/P4_yaw_drift_causal_ablation_20260715/20260716_MSCKF_CURRENT_IMU_YAW_GAIN_ZERO_FORMAL/fly1_gain_zero,,,,,,,,,,,,,,,,210.20000004700012,7.757105538839034,134.00317431996996,187.5516165353537,0.5700999877408178,2.1427972099158676,,,-0.6000730485411054,,,,
P4-EVALUATION-60a8c3a7fc58,evaluation,P4_RELATED_UNCLASSIFIED,P4_yaw_drift_causal_ablation_20260715,20260715,fly1,fly1_agl_causal,,EVALUATED,DIAGNOSTIC_EVALUATION,COMPLIANT_EXPERIMENT_ROOT,C:/Users/baloney/Desktop/实验目录/P4_yaw_drift_causal_ablation_20260715/20260716_agl_scene_scale_postprocess/formal_eval/fly1_agl_causal,,,,,,,,,,,,,,,,359.4000000950001,14.059150544184957,179.49578352366052,231.1739711134275,2.01260403862401,3.645486629236294,,,-6.066796769825089,,,,
P4-EVALUATION-6c49f4392ed4,evaluation,P4_RELATED_UNCLASSIFIED,P4_yaw_drift_causal_ablation_20260715,20260715,fly1,fly1_agl_static,,EVALUATED,DIAGNOSTIC_EVALUATION,COMPLIANT_EXPERIMENT_ROOT,C:/Users/baloney/Desktop/实验目录/P4_yaw_drift_causal_ablation_20260715/20260716_agl_scene_scale_postprocess/formal_eval/fly1_agl_static,,,,,,,,,,,,,,,,359.4000000950001,14.059150544184957,186.15987658926073,243.13845154377097,2.2530426118973463,3.6833414472044717,,,-8.404232787825094,,,,
P4-EVALUATION-5a989b17f34c,evaluation,P4_RELATED_UNCLASSIFIED,P4_yaw_drift_causal_ablation_20260715,20260715,fly1,fly1_control,,EVALUATED,DIAGNOSTIC_EVALUATION,COMPLIANT_EXPERIMENT_ROOT,C:/Users/baloney/Desktop/实验目录/P4_yaw_drift_causal_ablation_20260715/20260716_agl_scene_scale_postprocess/formal_eval/fly1_control,,,,,,,,,,,,,,,,359.4000000950001,14.059150544184957,156.94385464378385,199.39646033528382,0.843681626824492,3.0939363447214983,,,0.14321391217490032,,,,
P4-EVALUATION-381e1e80a020,evaluation,P4_RELATED_UNCLASSIFIED,P4_yaw_drift_causal_ablation_20260715,20260715,fly1,fly1,focus,EVALUATED,DIAGNOSTIC_EVALUATION,COMPLIANT_EXPERIMENT_ROOT,C:/Users/baloney/Desktop/实验目录/P4_yaw_drift_causal_ablation_20260715/evaluation_focus/adaptive_stride_active/absolute_navigation_no_post_alignment/fly1,,,,,,,,,,,,,,,,359.4000000950001,14.059150544184957,132.61187390269959,132.96839139348413,0.541469742924643,2.7739073306779107,,,-0.5219194698250931,,,,
P4-EVALUATION-3ab9e249db70,evaluation,P4_RELATED_UNCLASSIFIED,P4_yaw_drift_causal_ablation_20260715,20260715,fly1,fly1,focus,EVALUATED,DIAGNOSTIC_EVALUATION,COMPLIANT_EXPERIMENT_ROOT,C:/Users/baloney/Desktop/实验目录/P4_yaw_drift_causal_ablation_20260715/evaluation_focus/adaptive_stride_active/start_heading/fly1,,,,,,,,,,,,,,,,359.4000000950001,14.059150544184957,81.79782714834394,124.12323354830627,0.541469742924643,1.840498708809135,,,-0.08636484110326137,,,,
P4-EVALUATION-2c3e815adb98,evaluation,P4_RELATED_UNCLASSIFIED,P4_yaw_drift_causal_ablation_20260715,20260715,fly1,fly1,focus,EVALUATED,DIAGNOSTIC_EVALUATION,COMPLIANT_EXPERIMENT_ROOT,C:/Users/baloney/Desktop/实验目录/P4_yaw_drift_causal_ablation_20260715/evaluation_focus/cam_extrinsic_rot_minus/absolute_navigation_no_post_alignment/fly1,,,,,,,,,,,,,,,,359.4000000950001,14.059150544184957,142.37831591524358,191.11479285368762,0.7748838502642579,2.616446951172303,,,0.09081915317491962,,,,
P4-EVALUATION-99e8626bfd10,evaluation,P4_RELATED_UNCLASSIFIED,P4_yaw_drift_causal_ablation_20260715,20260715,fly1,fly1,focus,EVALUATED,DIAGNOSTIC_EVALUATION,COMPLIANT_EXPERIMENT_ROOT,C:/Users/baloney/Desktop/实验目录/P4_yaw_drift_causal_ablation_20260715/evaluation_focus/cam_extrinsic_rot_plus/absolute_navigation_no_post_alignment/fly1,,,,,,,,,,,,,,,,359.4000000950001,14.059150544184957,178.38687374539376,189.04312821157149,0.8039513150848729,3.4854197532790856,,,-0.01643559982508691,,,,
P4-EVALUATION-97df042055ac,evaluation,P4_RELATED_UNCLASSIFIED,P4_yaw_drift_causal_ablation_20260715,20260715,fly1,fly1,focus,EVALUATED,DIAGNOSTIC_EVALUATION,COMPLIANT_EXPERIMENT_ROOT,C:/Users/baloney/Desktop/实验目录/P4_yaw_drift_causal_ablation_20260715/evaluation_focus/cam_extrinsic_x_minus/absolute_navigation_no_post_alignment/fly1,,,,,,,,,,,,,,,,359.4000000950001,14.059150544184957,153.74164698852798,198.92325850601344,0.793614775946232,2.895510390658309,,,-0.050969446825092746,,,,
P4-EVALUATION-7a88949f83ff,evaluation,P4_RELATED_UNCLASSIFIED,P4_yaw_drift_causal_ablation_20260715,20260715,fly1,fly1,focus,EVALUATED,DIAGNOSTIC_EVALUATION,COMPLIANT_EXPERIMENT_ROOT,C:/Users/baloney/Desktop/实验目录/P4_yaw_drift_causal_ablation_20260715/evaluation_focus/cam_extrinsic_x_plus/absolute_navigation_no_post_alignment/fly1,,,,,,,,,,,,,,,,359.4000000950001,14.059150544184957,165.5742237868874,201.7139357090833,0.8570319452262222,3.0754975189652716,,,0.0771707501749006,,,,
P4-EVALUATION-2aa75e817867,evaluation,P4_RELATED_UNCLASSIFIED,P4_yaw_drift_causal_ablation_20260715,20260715,fly1,fly1,focus,EVALUATED,DIAGNOSTIC_EVALUATION,COMPLIANT_EXPERIMENT_ROOT,C:/Users/baloney/Desktop/实验目录/P4_yaw_drift_causal_ablation_20260715/evaluation_focus/cam_extrinsic_y_minus/absolute_navigation_no_post_alignment/fly1,,,,,,,,,,,,,,,,359.4000000950001,14.059150544184957,159.72570308321065,188.19359052456932,0.7867592594411875,3.088436664449955,,,0.09031274317490556,,,,
P4-EVALUATION-f914b4075b3d,evaluation,P4_RELATED_UNCLASSIFIED,P4_yaw_drift_causal_ablation_20260715,20260715,fly1,fly1,focus,EVALUATED,DIAGNOSTIC_EVALUATION,COMPLIANT_EXPERIMENT_ROOT,C:/Users/baloney/Desktop/实验目录/P4_yaw_drift_causal_ablation_20260715/evaluation_focus/cam_extrinsic_y_plus/absolute_navigation_no_post_alignment/fly1,,,,,,,,,,,,,,,,359.4000000950001,14.059150544184957,151.77111485852126,184.48923696299573,0.7971443994651409,2.9915291658325787,,,-0.059496242825076706,,,,
P4-EVALUATION-0ba32beab10b,evaluation,P4_RELATED_UNCLASSIFIED,P4_yaw_drift_causal_ablation_20260715,20260715,fly1,fly1,focus,EVALUATED,DIAGNOSTIC_EVALUATION,COMPLIANT_EXPERIMENT_ROOT,C:/Users/baloney/Desktop/实验目录/P4_yaw_drift_causal_ablation_20260715/evaluation_focus/cam_extrinsic_z_minus/absolute_navigation_no_post_alignment/fly1,,,,,,,,,,,,,,,,359.4000000950001,14.059150544184957,149.64388100168767,195.6554044649431,0.8702953549347681,2.894543769806516,,,0.03370711217490907,,,,
P4-EVALUATION-e69327a55575,evaluation,P4_RELATED_UNCLASSIFIED,P4_yaw_drift_causal_ablation_20260715,20260715,fly1,fly1,focus,EVALUATED,DIAGNOSTIC_EVALUATION,COMPLIANT_EXPERIMENT_ROOT,C:/Users/baloney/Desktop/实验目录/P4_yaw_drift_causal_ablation_20260715/evaluation_focus/cam_extrinsic_z_plus/absolute_navigation_no_post_alignment/fly1,,,,,,,,,,,,,,,,359.4000000950001,14.059150544184957,161.24968547485705,187.27275969517868,0.7836022973665162,3.213606323636762,,,0.11042442017492249,,,,
P4-EVALUATION-591a0f5e63bc,evaluation,P4_RELATED_UNCLASSIFIED,P4_yaw_drift_causal_ablation_20260715,20260715,fly1,fly1,focus,EVALUATED,DIAGNOSTIC_EVALUATION,COMPLIANT_EXPERIMENT_ROOT,C:/Users/baloney/Desktop/实验目录/P4_yaw_drift_causal_ablation_20260715/evaluation_focus/cam_toff_converged/absolute_navigation_no_post_alignment/fly1,,,,,,,,,,,,,,,,359.4000000950001,14.059150544184957,155.0351091217675,183.92868522743652,0.7781370188083901,2.981270372125846,,,0.005940058174900287,,,,
P4-EVALUATION-21fa07b156e4,evaluation,P4_RELATED_UNCLASSIFIED,P4_yaw_drift_causal_ablation_20260715,20260715,fly1,fly1,focus,EVALUATED,DIAGNOSTIC_EVALUATION,COMPLIANT_EXPERIMENT_ROOT,C:/Users/baloney/Desktop/实验目录/P4_yaw_drift_causal_ablation_20260715/evaluation_focus/cam_toff_converged/start_heading/fly1,,,,,,,,,,,,,,,,359.4000000950001,14.059150544184957,118.1082279979935,189.4406401010513,0.7781370188083903,2.1535401513012573,,,0.35563323289673576,,,,
P4-EVALUATION-4c07213d4e0e,evaluation,P4_RELATED_UNCLASSIFIED,P4_yaw_drift_causal_ablation_20260715,20260715,fly1,fly1,focus,EVALUATED,DIAGNOSTIC_EVALUATION,COMPLIANT_EXPERIMENT_ROOT,C:/Users/baloney/Desktop/实验目录/P4_yaw_drift_causal_ablation_20260715/evaluation_focus/cam_toff_opposite/absolute_navigation_no_post_alignment/fly1,,,,,,,,,,,,,,,,359.4000000950001,14.059150544184957,148.09064206321727,183.82730642972783,0.7952422508537678,3.0185691950412648,,,0.045324785174926774,,,,
P4-EVALUATION-b000f9718792,evaluation,P4_RELATED_UNCLASSIFIED,P4_yaw_drift_causal_ablation_20260715,20260715,fly1,fly1,focus,EVALUATED,DIAGNOSTIC_EVALUATION,COMPLIANT_EXPERIMENT_ROOT,C:/Users/baloney/Desktop/实验目录/P4_yaw_drift_causal_ablation_20260715/evaluation_focus/cam_toff_opposite/start_heading/fly1,,,,,,,,,,,,,,,,359.4000000950001,14.059150544184957,105.99241917755593,185.67219992889346,0.7952422508537673,2.103831801469894,,,0.4110282368967546,,,,
P4-EVALUATION-797c99eb47fd,evaluation,P4_RELATED_UNCLASSIFIED,P4_yaw_drift_causal_ablation_20260715,20260715,fly1,fly1,focus,EVALUATED,DIAGNOSTIC_EVALUATION,COMPLIANT_EXPERIMENT_ROOT,C:/Users/baloney/Desktop/实验目录/P4_yaw_drift_causal_ablation_20260715/evaluation_focus/centered_yaw_oc/absolute_navigation_no_post_alignment/fly1,,,,,,,,,,,,,,,,359.4000000950001,14.059150544184957,119.5697125064646,210.62202395193614,0.4818946340227262,2.513673386662786,,,0.2495027481749048,,,,
P4-EVALUATION-0409ddd7f7d6,evaluation,P4_RELATED_UNCLASSIFIED,P4_yaw_drift_causal_ablation_20260715,20260715,fly1,fly1,focus,EVALUATED,DIAGNOSTIC_EVALUATION,COMPLIANT_EXPERIMENT_ROOT,C:/Users/baloney/Desktop/实验目录/P4_yaw_drift_causal_ablation_20260715/evaluation_focus/control/absolute_navigation_no_post_alignment/fly1,,,,,,,,,,,,,,,,359.4000000950001,14.059150544184957,156.94385464378385,199.39646033528382,0.843681626824492,3.0939363447214983,,,0.14321391217490032,,,,
P4-EVALUATION-8ea2fb5ae792,evaluation,P4_RELATED_UNCLASSIFIED,P4_yaw_drift_causal_ablation_20260715,20260715,fly1,fly1,focus,EVALUATED,DIAGNOSTIC_EVALUATION,COMPLIANT_EXPERIMENT_ROOT,C:/Users/baloney/Desktop/实验目录/P4_yaw_drift_causal_ablation_20260715/evaluation_focus/control/start_heading/fly1,,,,,,,,,,,,,,,,359.4000000950001,14.059150544184957,116.6839361019568,201.37107323447864,0.8436816268244934,2.2284948077644753,,,0.5009429278967161,,,,
P4-EVALUATION-bc92ed96994a,evaluation,P4_RELATED_UNCLASSIFIED,P4_yaw_drift_causal_ablation_20260715,20260715,fly1,fly1,focus,EVALUATED,DIAGNOSTIC_EVALUATION,COMPLIANT_EXPERIMENT_ROOT,C:/Users/baloney/Desktop/实验目录/P4_yaw_drift_causal_ablation_20260715/evaluation_focus/fc_attitude_release/absolute_navigation_no_post_alignment/fly1,,,,,,,,,,,,,,,,359.4000000950001,14.059150544184957,131.70555930302203,188.86448954769,0.741644361421576,2.6248139758936646,,,0.04460732017491864,,,,
P4-EVALUATION-9ac72c9d97d5,evaluation,P4_RELATED_UNCLASSIFIED,P4_yaw_drift_causal_ablation_20260715,20260715,fly1,fly1,focus,EVALUATED,DIAGNOSTIC_EVALUATION,COMPLIANT_EXPERIMENT_ROOT,C:/Users/baloney/Desktop/实验目录/P4_yaw_drift_causal_ablation_20260715/evaluation_focus/fc_attitude_release/start_heading/fly1,,,,,,,,,,,,,,,,359.4000000950001,14.059150544184957,113.67445944714392,189.78048662572542,0.7416443614215766,2.2099465998704932,,,0.44339563089673106,,,,
P4-EVALUATION-112cbb13a5e2,evaluation,P4_RELATED_UNCLASSIFIED,P4_yaw_drift_causal_ablation_20260715,20260715,fly1,fly1,focus,EVALUATED,DIAGNOSTIC_EVALUATION,COMPLIANT_EXPERIMENT_ROOT,C:/Users/baloney/Desktop/实验目录/P4_yaw_drift_causal_ablation_20260715/evaluation_focus/fc_yaw_aid/absolute_navigation_no_post_alignment/fly1,,,,,,,,,,,,,,,,359.4000000950001,14.059150544184957,69.16362722814038,122.82932662659267,0.7962760589132728,1.3935688983477037,,,0.2387411001749058,,,,
P4-EVALUATION-36a8a96d2b40,evaluation,P4_RELATED_UNCLASSIFIED,P4_yaw_drift_causal_ablation_20260715,20260715,fly1,fly1,focus,EVALUATED,DIAGNOSTIC_EVALUATION,COMPLIANT_EXPERIMENT_ROOT,C:/Users/baloney/Desktop/实验目录/P4_yaw_drift_causal_ablation_20260715/evaluation_focus/first_error_slam_freeze/absolute_navigation_no_post_alignment/fly1,,,,,,,,,,,,,,,,359.4000000950001,14.059150544184957,175.74161951056948,204.9816444137062,0.8721971194275715,3.284090220838559,,,0.11971383617492393,,,,
P4-EVALUATION-6465fc57cdd5,evaluation,P4_RELATED_UNCLASSIFIED,P4_yaw_drift_causal_ablation_20260715,20260715,fly1,fly1,full,EVALUATED,DIAGNOSTIC_EVALUATION,COMPLIANT_EXPERIMENT_ROOT,C:/Users/baloney/Desktop/实验目录/P4_yaw_drift_causal_ablation_20260715/evaluation_focus/full_4d_oc/absolute_navigation_no_post_alignment/fly1,,,,,,,,,,,,,,,,359.4000000950001,14.059150544184957,136.52818519142915,187.62594401102953,0.845512190224841,2.8814087463752482,,,0.048888547174925634,,,,
P4-EVALUATION-5cb5089e5ede,evaluation,P4_RELATED_UNCLASSIFIED,P4_yaw_drift_causal_ablation_20260715,20260715,fly1,fly1,full,EVALUATED,DIAGNOSTIC_EVALUATION,COMPLIANT_EXPERIMENT_ROOT,C:/Users/baloney/Desktop/实验目录/P4_yaw_drift_causal_ablation_20260715/evaluation_focus/full_rate_post_init/absolute_navigation_no_post_alignment/fly1,,,,,,,,,,,,,,,,359.4000000950001,14.059150544184957,106.19496993106979,103.04128621471722,0.31984114735464486,2.1261243064357074,,,-0.9971927898250783,,,,
P4-EVALUATION-e5e4e4508119,evaluation,P4_RELATED_UNCLASSIFIED,P4_yaw_drift_causal_ablation_20260715,20260715,fly1,fly1,full,EVALUATED,DIAGNOSTIC_EVALUATION,COMPLIANT_EXPERIMENT_ROOT,C:/Users/baloney/Desktop/实验目录/P4_yaw_drift_causal_ablation_20260715/evaluation_focus/full_rate_post_init/start_heading/fly1,,,,,,,,,,,,,,,,359.4000000950001,14.059150544184957,66.60901575692861,92.25337276029224,0.3198411473546447,1.4260732405508354,,,-0.48217305610324956,,,,
P4-EVALUATION-9791932181e0,evaluation,P4_RELATED_UNCLASSIFIED,P4_yaw_drift_causal_ablation_20260715,20260715,fly1,fly1,focus,EVALUATED,DIAGNOSTIC_EVALUATION,COMPLIANT_EXPERIMENT_ROOT,C:/Users/baloney/Desktop/实验目录/P4_yaw_drift_causal_ablation_20260715/evaluation_focus/gpsz_guard_pz_fallback/absolute_navigation_no_post_alignment/fly1,,,,,,,,,,,,,,,,359.4000000950001,14.059150544184957,155.1309652373611,199.72623522453384,0.7983065634115712,2.942030028959425,,,0.2911368841749038,,,,
P4-EVALUATION-6c7a775f76e8,evaluation,P4_RELATED_UNCLASSIFIED,P4_yaw_drift_causal_ablation_20260715,20260715,fly1,fly1,focus,EVALUATED,DIAGNOSTIC_EVALUATION,COMPLIANT_EXPERIMENT_ROOT,C:/Users/baloney/Desktop/实验目录/P4_yaw_drift_causal_ablation_20260715/evaluation_focus/gpsz_guard_pz_fallback/start_heading/fly1,,,,,,,,,,,,,,,,359.4000000950001,14.059150544184957,119.2192989967585,205.5005204264965,0.798306563411571,2.079344940955908,,,0.6488658998967196,,,,
P4-EVALUATION-7e94d7112b0b,evaluation,P4_RELATED_UNCLASSIFIED,P4_yaw_drift_causal_ablation_20260715,20260715,fly1,fly1,focus,EVALUATED,DIAGNOSTIC_EVALUATION,COMPLIANT_EXPERIMENT_ROOT,C:/Users/baloney/Desktop/实验目录/P4_yaw_drift_causal_ablation_20260715/evaluation_focus/gpsz_nasa_lean/absolute_navigation_no_post_alignment/fly1,,,,,,,,,,,,,,,,359.4000000950001,14.059150544184957,156.86195163687265,196.8144093774725,0.8147216129032686,3.0940051396752293,,,0.27201700917490257,,,,
P4-EVALUATION-d4e0b42885d7,evaluation,P4_RELATED_UNCLASSIFIED,P4_yaw_drift_causal_ablation_20260715,20260715,fly1,fly1,focus,EVALUATED,DIAGNOSTIC_EVALUATION,COMPLIANT_EXPERIMENT_ROOT,C:/Users/baloney/Desktop/实验目录/P4_yaw_drift_causal_ablation_20260715/evaluation_focus/gpsz_nasa_lean/start_heading/fly1,,,,,,,,,,,,,,,,359.4000000950001,14.059150544184957,115.42059959959789,198.13707179053722,0.8147216129032684,2.2297310707380493,,,0.6297460248967184,,,,
P4-EVALUATION-36c90f8b1892,evaluation,P4_RELATED_UNCLASSIFIED,P4_yaw_drift_causal_ablation_20260715,20260715,fly1,fly1,focus,EVALUATED,DIAGNOSTIC_EVALUATION,COMPLIANT_EXPERIMENT_ROOT,C:/Users/baloney/Desktop/实验目录/P4_yaw_drift_causal_ablation_20260715/evaluation_focus/gyro_z_minus/absolute_navigation_no_post_alignment/fly1,,,,,,,,,,,,,,,,359.4000000950001,14.059150544184957,158.2280815024566,197.72618340249116,0.7814351718208183,3.0164465905935476,,,0.09941601817490664,,,,
P4-EVALUATION-16f33fd58310,evaluation,P4_RELATED_UNCLASSIFIED,P4_yaw_drift_causal_ablation_20260715,20260715,fly1,fly1,focus,EVALUATED,DIAGNOSTIC_EVALUATION,COMPLIANT_EXPERIMENT_ROOT,C:/Users/baloney/Desktop/实验目录/P4_yaw_drift_causal_ablation_20260715/evaluation_focus/gyro_z_minus/start_heading/fly1,,,,,,,,,,,,,,,,359.4000000950001,14.059150544184957,122.06936021989796,203.49949170106532,0.7814351718208177,2.168278833108967,,,0.45714503389672245,,,,
P4-EVALUATION-51e6598f99f0,evaluation,P4_RELATED_UNCLASSIFIED,P4_yaw_drift_causal_ablation_20260715,20260715,fly1,fly1,focus,EVALUATED,DIAGNOSTIC_EVALUATION,COMPLIANT_EXPERIMENT_ROOT,C:/Users/baloney/Desktop/实验目录/P4_yaw_drift_causal_ablation_20260715/evaluation_focus/gyro_z_observed_minus/absolute_navigation_no_post_alignment/fly1,,,,,,,,,,,,,,,,359.4000000950001,14.059150544184957,161.762600072278,198.70909405006165,0.7894796164990617,3.093301722859023,,,0.06797142317492444,,,,
P4-EVALUATION-06aa35346a4c,evaluation,P4_RELATED_UNCLASSIFIED,P4_yaw_drift_causal_ablation_20260715,20260715,fly1,fly1,focus,EVALUATED,DIAGNOSTIC_EVALUATION,COMPLIANT_EXPERIMENT_ROOT,C:/Users/baloney/Desktop/实验目录/P4_yaw_drift_causal_ablation_20260715/evaluation_focus/gyro_z_observed_minus/start_heading/fly1,,,,,,,,,,,,,,,,359.4000000950001,14.059150544184957,123.4282420655422,203.07958976075287,0.7894796164990621,2.2496715268607037,,,0.42570043889674025,,,,
P4-EVALUATION-e63cfc5c824f,evaluation,P4_RELATED_UNCLASSIFIED,P4_yaw_drift_causal_ablation_20260715,20260715,fly1,fly1,focus,EVALUATED,DIAGNOSTIC_EVALUATION,COMPLIANT_EXPERIMENT_ROOT,C:/Users/baloney/Desktop/实验目录/P4_yaw_drift_causal_ablation_20260715/evaluation_focus/gyro_z_observed_plus/absolute_navigation_no_post_alignment/fly1,,,,,,,,,,,,,,,,359.4000000950001,14.059150544184957,153.2422289207207,196.21372563528988,0.8561649161035109,3.082061486292699,,,0.09212567917489878,,,,
P4-EVALUATION-e7295631c745,evaluation,P4_RELATED_UNCLASSIFIED,P4_yaw_drift_causal_ablation_20260715,20260715,fly1,fly1,focus,EVALUATED,DIAGNOSTIC_EVALUATION,COMPLIANT_EXPERIMENT_ROOT,C:/Users/baloney/Desktop/实验目录/P4_yaw_drift_causal_ablation_20260715/evaluation_focus/gyro_z_observed_plus/start_heading/fly1,,,,,,,,,,,,,,,,359.4000000950001,14.059150544184957,113.30344770043939,196.71552804431892,0.8561649161035114,2.255623474812843,,,0.4498546948967146,,,,
P4-EVALUATION-e33f61ac8a84,evaluation,P4_RELATED_UNCLASSIFIED,P4_yaw_drift_causal_ablation_20260715,20260715,fly1,fly1,focus,EVALUATED,DIAGNOSTIC_EVALUATION,COMPLIANT_EXPERIMENT_ROOT,C:/Users/baloney/Desktop/实验目录/P4_yaw_drift_causal_ablation_20260715/evaluation_focus/gyro_z_plus/absolute_navigation_no_post_alignment/fly1,,,,,,,,,,,,,,,,359.4000000950001,14.059150544184957,149.93707277040383,192.73953872185427,0.7685149203610044,2.880254313489292,,,0.11071226917491117,,,,
P4-EVALUATION-13b0738df630,evaluation,P4_RELATED_UNCLASSIFIED,P4_yaw_drift_causal_ablation_20260715,20260715,fly1,fly1,focus,EVALUATED,DIAGNOSTIC_EVALUATION,COMPLIANT_EXPERIMENT_ROOT,C:/Users/baloney/Desktop/实验目录/P4_yaw_drift_causal_ablation_20260715/evaluation_focus/gyro_z_plus/start_heading/fly1,,,,,,,,,,,,,,,,359.4000000950001,14.059150544184957,115.97975293662557,198.06338220939338,0.768514920361005,2.0483511914652204,,,0.468441284896727,,,,
P4-EVALUATION-c15768118df0,evaluation,P4_RELATED_UNCLASSIFIED,P4_yaw_drift_causal_ablation_20260715,20260715,fly1,fly1,focus,EVALUATED,DIAGNOSTIC_EVALUATION,COMPLIANT_EXPERIMENT_ROOT,C:/Users/baloney/Desktop/实验目录/P4_yaw_drift_causal_ablation_20260715/evaluation_focus/historical_global_baseline/start_heading/fly1,,,,,,,,,,,,,,,,964.0000000000001,30.681337457679422,9873.071396737196,52382.71465510055,147.7793855915208,147.9039354272362,,,-0.7488423369986776,,,,
P4-EVALUATION-fc2c266ec3bd,evaluation,P4_RELATED_UNCLASSIFIED,P4_yaw_drift_causal_ablation_20260715,20260715,fly1,fly1,focus,EVALUATED,DIAGNOSTIC_EVALUATION,COMPLIANT_EXPERIMENT_ROOT,C:/Users/baloney/Desktop/实验目录/P4_yaw_drift_causal_ablation_20260715/evaluation_focus/legacy_init_covariance/absolute_navigation_no_post_alignment/fly1,,,,,,,,,,,,,,,,359.4000000950001,14.059150544184957,634.1455976783309,721.0037945636687,2.6666919094137618,5.48125111421243,,,0.09367189117492103,,,,
P4-EVALUATION-c19c16272c60,evaluation,P4_RELATED_UNCLASSIFIED,P4_yaw_drift_causal_ablation_20260715,20260715,fly1,fly1,focus,EVALUATED,DIAGNOSTIC_EVALUATION,COMPLIANT_EXPERIMENT_ROOT,C:/Users/baloney/Desktop/实验目录/P4_yaw_drift_causal_ablation_20260715/evaluation_focus/legacy_init_covariance/start_heading/fly1,,,,,,,,,,,,,,,,359.4000000950001,14.059150544184957,642.4034890958956,726.3635775837628,2.6666919094137613,5.651473353679353,,,0.45140090689673684,,,,
P4-EVALUATION-f1437dcb3922,evaluation,P4_RELATED_UNCLASSIFIED,P4_yaw_drift_causal_ablation_20260715,20260715,fly1,fly1,focus,EVALUATED,DIAGNOSTIC_EVALUATION,COMPLIANT_EXPERIMENT_ROOT,C:/Users/baloney/Desktop/实验目录/P4_yaw_drift_causal_ablation_20260715/evaluation_focus/local_estimator_origin/absolute_navigation_no_post_alignment/fly1,,,,,,,,,,,,,,,,359.4000000950001,14.059150544184957,122.28566112357316,171.64853771775796,0.7306613570572131,2.7628654206474463,,,0.24557663617491698,,,,
P4-EVALUATION-64ddaf200215,evaluation,P4_RELATED_UNCLASSIFIED,P4_yaw_drift_causal_ablation_20260715,20260715,fly1,fly1,focus,EVALUATED,DIAGNOSTIC_EVALUATION,COMPLIANT_EXPERIMENT_ROOT,C:/Users/baloney/Desktop/实验目录/P4_yaw_drift_causal_ablation_20260715/evaluation_focus/mechanism_control/absolute_navigation_no_post_alignment/fly1,,,,,,,,,,,,,,,,359.4000000950001,14.059150544184957,158.94859072243483,196.19841990572004,0.8274169888766619,3.132481256362268,,,0.15740001617490407,,,,
P4-EVALUATION-ff28ea910b50,evaluation,P4_RELATED_UNCLASSIFIED,P4_yaw_drift_causal_ablation_20260715,20260715,fly1,fly1,focus,EVALUATED,DIAGNOSTIC_EVALUATION,COMPLIANT_EXPERIMENT_ROOT,C:/Users/baloney/Desktop/实验目录/P4_yaw_drift_causal_ablation_20260715/evaluation_focus/mechanism_control/start_heading/fly1,,,,,,,,,,,,,,,,359.4000000950001,14.059150544184957,117.64087989931886,197.87613164909735,0.8274169888766616,2.262438395244723,,,0.5151290318967199,,,,
P4-EVALUATION-7e9537a299d5,evaluation,P4_RELATED_UNCLASSIFIED,P4_yaw_drift_causal_ablation_20260715,20260715,fly1,fly1,focus,EVALUATED,DIAGNOSTIC_EVALUATION,COMPLIANT_EXPERIMENT_ROOT,C:/Users/baloney/Desktop/实验目录/P4_yaw_drift_causal_ablation_20260715/evaluation_focus/no_gpsz/absolute_navigation_no_post_alignment/fly1,,,,,,,,,,,,,,,,359.4000000950001,14.059150544184957,151.96449952303473,191.40752044666067,0.6701887921130532,2.9288215163226523,,,83.54804911417489,,,,
P4-EVALUATION-c859d928d8d1,evaluation,P4_RELATED_UNCLASSIFIED,P4_yaw_drift_causal_ablation_20260715,20260715,fly1,fly1,focus,EVALUATED,DIAGNOSTIC_EVALUATION,COMPLIANT_EXPERIMENT_ROOT,C:/Users/baloney/Desktop/实验目录/P4_yaw_drift_causal_ablation_20260715/evaluation_focus/no_gpsz/start_heading/fly1,,,,,,,,,,,,,,,,359.4000000950001,14.059150544184957,116.13402106352633,195.1491399576746,0.6701887921130538,2.046924659186765,,,83.9057781298967,,,,
P4-EVALUATION-60ccc1515352,evaluation,P4_RELATED_UNCLASSIFIED,P4_yaw_drift_causal_ablation_20260715,20260715,fly1,fly1,focus,EVALUATED,DIAGNOSTIC_EVALUATION,COMPLIANT_EXPERIMENT_ROOT,C:/Users/baloney/Desktop/实验目录/P4_yaw_drift_causal_ablation_20260715/evaluation_focus/no_slam/absolute_navigation_no_post_alignment/fly1,,,,,,,,,,,,,,,,359.4000000950001,14.059150544184957,147.30854658875114,220.12844344854093,1.0793261871919744,2.8184019586222,,,0.15811888017492493,,,,
P4-EVALUATION-2848cfd0289f,evaluation,P4_RELATED_UNCLASSIFIED,P4_yaw_drift_causal_ablation_20260715,20260715,fly1,fly1,focus,EVALUATED,DIAGNOSTIC_EVALUATION,COMPLIANT_EXPERIMENT_ROOT,C:/Users/baloney/Desktop/实验目录/P4_yaw_drift_causal_ablation_20260715/evaluation_focus/no_slam/start_heading/fly1,,,,,,,,,,,,,,,,359.4000000950001,14.059150544184957,119.55209164826334,225.53246078846593,1.0793261871919728,2.1619871423569026,,,0.5158478958967407,,,,
P4-EVALUATION-e9562af984f1,evaluation,P4_RELATED_UNCLASSIFIED,P4_yaw_drift_causal_ablation_20260715,20260715,fly1,fly1,focus,EVALUATED,DIAGNOSTIC_EVALUATION,COMPLIANT_EXPERIMENT_ROOT,C:/Users/baloney/Desktop/实验目录/P4_yaw_drift_causal_ablation_20260715/evaluation_focus/no_visual_bgz/absolute_navigation_no_post_alignment/fly1,,,,,,,,,,,,,,,,359.4000000950001,14.059150544184957,161.51644839970993,195.40824531274032,0.8228203757527311,3.168505769570774,,,0.11832793117491747,,,,
P4-EVALUATION-05f47ad7ecdc,evaluation,P4_RELATED_UNCLASSIFIED,P4_yaw_drift_causal_ablation_20260715,20260715,fly1,fly1,focus,EVALUATED,DIAGNOSTIC_EVALUATION,COMPLIANT_EXPERIMENT_ROOT,C:/Users/baloney/Desktop/实验目录/P4_yaw_drift_causal_ablation_20260715/evaluation_focus/no_visual_bgz/start_heading/fly1,,,,,,,,,,,,,,,,359.4000000950001,14.059150544184957,117.3246078357438,196.3763903768064,0.8228203757527309,2.298015188668761,,,0.4760569468967333,,,,
P4-EVALUATION-a43f31c21ab3,evaluation,P4_RELATED_UNCLASSIFIED,P4_yaw_drift_causal_ablation_20260715,20260715,fly1,fly1,focus,EVALUATED,DIAGNOSTIC_EVALUATION,COMPLIANT_EXPERIMENT_ROOT,C:/Users/baloney/Desktop/实验目录/P4_yaw_drift_causal_ablation_20260715/evaluation_focus/no_visual_yaw/absolute_navigation_no_post_alignment/fly1,,,,,,,,,,,,,,,,359.4000000950001,14.059150544184957,1003.0700413182359,1832.9097910253447,1.6389909975939958,9.913357037627142,,,-0.9772057918250994,,,,
P4-EVALUATION-260744ee9b29,evaluation,P4_RELATED_UNCLASSIFIED,P4_yaw_drift_causal_ablation_20260715,20260715,fly1,fly1,focus,EVALUATED,DIAGNOSTIC_EVALUATION,COMPLIANT_EXPERIMENT_ROOT,C:/Users/baloney/Desktop/实验目录/P4_yaw_drift_causal_ablation_20260715/evaluation_focus/no_visual_yaw/start_heading/fly1,,,,,,,,,,,,,,,,359.4000000950001,14.059150544184957,995.0529968686297,1843.267617617459,1.6389909975939962,10.288536091517503,,,-0.6194767761032836,,,,
P4-EVALUATION-39096adf32ce,evaluation,P4_RELATED_UNCLASSIFIED,P4_yaw_drift_causal_ablation_20260715,20260715,fly1,fly1,full,EVALUATED,DIAGNOSTIC_EVALUATION,COMPLIANT_EXPERIMENT_ROOT,C:/Users/baloney/Desktop/实验目录/P4_yaw_drift_causal_ablation_20260715/evaluation_focus/post_full_4d_oc/absolute_navigation_no_post_alignment/fly1,,,,,,,,,,,,,,,,359.4000000950001,14.059150544184957,133.41155659483877,179.3242819274909,0.7022222036342897,2.904493937843699,,,44.73280210317492,,,,
P4-EVALUATION-de1283b4be95,evaluation,P4_RELATED_UNCLASSIFIED,P4_yaw_drift_causal_ablation_20260715,20260715,fly1,fly1,focus,EVALUATED,DIAGNOSTIC_EVALUATION,COMPLIANT_EXPERIMENT_ROOT,C:/Users/baloney/Desktop/实验目录/P4_yaw_drift_causal_ablation_20260715/evaluation_focus/retain_bias/absolute_navigation_no_post_alignment/fly1,,,,,,,,,,,,,,,,359.4000000950001,14.059150544184957,158.13415966585825,180.30479762387787,0.7506798335091838,3.0924837889673458,,,0.11677965617491282,,,,
P4-EVALUATION-983dc6ade5df,evaluation,P4_RELATED_UNCLASSIFIED,P4_yaw_drift_causal_ablation_20260715,20260715,fly1,fly1,focus,EVALUATED,DIAGNOSTIC_EVALUATION,COMPLIANT_EXPERIMENT_ROOT,C:/Users/baloney/Desktop/实验目录/P4_yaw_drift_causal_ablation_20260715/evaluation_focus/retain_bias/start_heading/fly1,,,,,,,,,,,,,,,,359.4000000950001,14.059150544184957,113.37245897911136,182.40580061498497,0.7506798335091839,2.2047181694193316,,,0.47446894989673183,,,,
P4-EVALUATION-240255924971,evaluation,P4_RELATED_UNCLASSIFIED,P4_yaw_drift_causal_ablation_20260715,20260715,fly1,fly1,focus,EVALUATED,DIAGNOSTIC_EVALUATION,COMPLIANT_EXPERIMENT_ROOT,C:/Users/baloney/Desktop/实验目录/P4_yaw_drift_causal_ablation_20260715/evaluation_focus/targeted_slam_freeze/absolute_navigation_no_post_alignment/fly1,,,,,,,,,,,,,,,,359.4000000950001,14.059150544184957,171.67090554660612,227.6747219217694,1.0542092185058831,3.2458916901182966,,,0.2177281341749051,,,,
P4-EVALUATION-230bbf1f18f5,evaluation,P4_RELATED_UNCLASSIFIED,P4_yaw_drift_causal_ablation_20260715,20260715,fly1,fly1,focus,EVALUATED,DIAGNOSTIC_EVALUATION,COMPLIANT_EXPERIMENT_ROOT,C:/Users/baloney/Desktop/实验目录/P4_yaw_drift_causal_ablation_20260715/evaluation_focus/targeted_slam_freeze/start_heading/fly1,,,,,,,,,,,,,,,,359.4000000950001,14.059150544184957,134.25222495592524,233.95239429872714,1.0542092185058844,2.404156145448971,,,0.5754571498967209,,,,
P4-EVALUATION-0ea600f9d680,evaluation,P4_RELATED_UNCLASSIFIED,P4_yaw_drift_causal_ablation_20260715,20260715,fly1,fly1,focus,EVALUATED,DIAGNOSTIC_EVALUATION,COMPLIANT_EXPERIMENT_ROOT,C:/Users/baloney/Desktop/实验目录/P4_yaw_drift_causal_ablation_20260715/evaluation_focus/yaw_fej/absolute_navigation_no_post_alignment/fly1,,,,,,,,,,,,,,,,359.4000000950001,14.059150544184957,137.86586847359214,187.21799511308126,0.821748987124423,2.920218417845282,,,0.04559333517491382,,,,
P4-EVALUATION-5e55980b91de,evaluation,P4_RELATED_UNCLASSIFIED,P4_yaw_drift_causal_ablation_20260715,20260715,fly1,fly1,focus,EVALUATED,DIAGNOSTIC_EVALUATION,COMPLIANT_EXPERIMENT_ROOT,C:/Users/baloney/Desktop/实验目录/P4_yaw_drift_causal_ablation_20260715/evaluation_focus/yaw_fej/start_heading/fly1,,,,,,,,,,,,,,,,359.4000000950001,14.059150544184957,98.67319204512981,188.15925317327657,0.8217489871244231,2.0579073783504573,,,0.40332235089672963,,,,
P4-EVALUATION-cab926f13e34,evaluation,P4_RELATED_UNCLASSIFIED,P4_yaw_drift_causal_ablation_20260715,20260715,fly1,fly1_control,screen,EVALUATED,DIAGNOSTIC_EVALUATION,COMPLIANT_EXPERIMENT_ROOT,C:/Users/baloney/Desktop/实验目录/P4_yaw_drift_causal_ablation_20260715/evaluation_screen_roi_20260716/fly1_control,,,,,,,,,,,,,,,,210.20000004700012,7.757105538839034,134.05892406250496,182.95746210062316,0.5353673617285488,2.2604108321607113,,,-0.8109428445411027,,,,
P4-EVALUATION-a90e7f39f463,evaluation,P4_RELATED_UNCLASSIFIED,P4_yaw_drift_causal_ablation_20260715,20260715,fly1,fly1_visual_roi_bottom,screen,EVALUATED,DIAGNOSTIC_EVALUATION,COMPLIANT_EXPERIMENT_ROOT,C:/Users/baloney/Desktop/实验目录/P4_yaw_drift_causal_ablation_20260715/evaluation_screen_roi_20260716/fly1_visual_roi_bottom,,,,,,,,,,,,,,,,210.20000004700012,7.757105538839034,350.6922790908696,543.2069819155214,1.3907268706147935,4.89751995592298,,,-0.19289007654111856,,,,
P4-EVALUATION-0a02324b15b8,evaluation,P4_RELATED_UNCLASSIFIED,P4_yaw_drift_causal_ablation_20260715,20260715,fly1,fly1_visual_roi_center,screen,EVALUATED,DIAGNOSTIC_EVALUATION,COMPLIANT_EXPERIMENT_ROOT,C:/Users/baloney/Desktop/实验目录/P4_yaw_drift_causal_ablation_20260715/evaluation_screen_roi_20260716/fly1_visual_roi_center,,,,,,,,,,,,,,,,210.20000004700012,7.757105538839034,661.3764702499263,847.129983178638,4.473199603526294,7.357229427256872,,,-8.5743724685411,,,,
P4-EVALUATION-3dc66fba8cc2,evaluation,P4_RELATED_UNCLASSIFIED,P4_yaw_drift_causal_ablation_20260715,20260715,fly1,fly1_visual_roi_left,screen,EVALUATED,DIAGNOSTIC_EVALUATION,COMPLIANT_EXPERIMENT_ROOT,C:/Users/baloney/Desktop/实验目录/P4_yaw_drift_causal_ablation_20260715/evaluation_screen_roi_20260716/fly1_visual_roi_left,,,,,,,,,,,,,,,,210.20000004700012,7.757105538839034,245.82001751361756,376.73636271832214,1.0906341028641755,3.1638202137936187,,,-1.2619570215411215,,,,
P4-EVALUATION-4bc0403cfba1,evaluation,P4_RELATED_UNCLASSIFIED,P4_yaw_drift_causal_ablation_20260715,20260715,fly1,fly1_visual_roi_right,screen,EVALUATED,DIAGNOSTIC_EVALUATION,COMPLIANT_EXPERIMENT_ROOT,C:/Users/baloney/Desktop/实验目录/P4_yaw_drift_causal_ablation_20260715/evaluation_screen_roi_20260716/fly1_visual_roi_right,,,,,,,,,,,,,,,,210.20000004700012,7.757105538839034,103.16406829568828,188.0928041383801,1.0912313549676569,1.9361366255969599,,,-0.7195174725410993,,,,
P4-EVALUATION-a1403e299531,evaluation,P4_RELATED_UNCLASSIFIED,P4_yaw_drift_causal_ablation_20260715,20260715,fly1,fly1_visual_roi_top,screen,EVALUATED,DIAGNOSTIC_EVALUATION,COMPLIANT_EXPERIMENT_ROOT,C:/Users/baloney/Desktop/实验目录/P4_yaw_drift_causal_ablation_20260715/evaluation_screen_roi_20260716/fly1_visual_roi_top,,,,,,,,,,,,,,,,210.20000004700012,7.757105538839034,238.92330855424063,330.0088730573806,1.8633811249533805,2.8804126309859077,,,-2.90666847154111,,,,
P4-RAW_RUN-d6d763a2f7e3,raw_run,P4_WITH_P5,P4_yaw_drift_causal_ablation_20260715,20260715,fly1,fly1_control,full,SUCCESS_WITH_TRAJECTORY,RUNTIME_ONLY,COMPLIANT_EXPERIMENT_ROOT,C:/Users/baloney/Desktop/实验目录/P4_yaw_drift_causal_ablation_20260715/20260715_205002_focus_control_both/fly1_control,C:/Users/baloney/Desktop/实验目录/P4_yaw_drift_causal_ablation_20260715/20260715_205002_focus_control_both/fly1_control/traj_nav.txt,,930.0,1300.0,online_multisensor_alignment,baseline,guarded,12,,,0,10781,,8,,,,,,,,,,,2c9dc81ac59b8b56830233b6b41f867883a85ad4816d7f117c2ffa3934e500f6,1,1,
P4-RAW_RUN-764139c58f4a,raw_run,P4_WITH_P5,P4_yaw_drift_causal_ablation_20260715,20260715,fly1,fly1_no_gpsz,full,SUCCESS_WITH_TRAJECTORY,RUNTIME_ONLY,COMPLIANT_EXPERIMENT_ROOT,C:/Users/baloney/Desktop/实验目录/P4_yaw_drift_causal_ablation_20260715/20260715_205002_focus_no_gpsz_both/fly1_no_gpsz,C:/Users/baloney/Desktop/实验目录/P4_yaw_drift_causal_ablation_20260715/20260715_205002_focus_no_gpsz_both/fly1_no_gpsz/traj_nav.txt,,930.0,1300.0,online_multisensor_alignment,baseline,,12,,,0,10781,,8,,,,,,,,,,,0149e2d4ba0373972e5bcad31777c04b9c6454bd479b239347a7ab5d62d56d3c,1,1,
P4-RAW_RUN-1d69d82db5a4,raw_run,P4_WITH_P5,P4_yaw_drift_causal_ablation_20260715,20260715,fly1,fly1_retain_bias,full,SUCCESS_WITH_TRAJECTORY,RUNTIME_ONLY,COMPLIANT_EXPERIMENT_ROOT,C:/Users/baloney/Desktop/实验目录/P4_yaw_drift_causal_ablation_20260715/20260715_205002_focus_retain_bias_both/fly1_retain_bias,C:/Users/baloney/Desktop/实验目录/P4_yaw_drift_causal_ablation_20260715/20260715_205002_focus_retain_bias_both/fly1_retain_bias/traj_nav.txt,,930.0,1300.0,online_multisensor_alignment,baseline,guarded,12,,,0,10781,,8,,,,,,,,,,,78f2e7c0586077f396f4fef0d1b67708b0a94b6a1dd254416ecda0e85e6101f8,1,1,
P4-RAW_RUN-b88c35ea06db,raw_run,P4_WITH_P5,P4_yaw_drift_causal_ablation_20260715,20260715,fly1,fly1_yaw_fej,full,SUCCESS_WITH_TRAJECTORY,RUNTIME_ONLY,COMPLIANT_EXPERIMENT_ROOT,C:/Users/baloney/Desktop/实验目录/P4_yaw_drift_causal_ablation_20260715/20260715_205002_focus_yaw_fej_both/fly1_yaw_fej,C:/Users/baloney/Desktop/实验目录/P4_yaw_drift_causal_ablation_20260715/20260715_205002_focus_yaw_fej_both/fly1_yaw_fej/traj_nav.txt,,930.0,1300.0,online_multisensor_alignment,fej,guarded,12,,,0,10781,,8,,,,,,,,,,,a23d2d045a9684c29db71a952d107c9f97f9deb57804f18bda58a528139df281,1,1,
P4-RAW_RUN-860acdf72b39,raw_run,P4_WITH_P5,P4_yaw_drift_causal_ablation_20260715,20260715,fly1,fly1_mechanism_control,full,SUCCESS_WITH_TRAJECTORY,RUNTIME_ONLY,COMPLIANT_EXPERIMENT_ROOT,C:/Users/baloney/Desktop/实验目录/P4_yaw_drift_causal_ablation_20260715/20260715_210856_focus_mechanism_control_both/fly1_mechanism_control,C:/Users/baloney/Desktop/实验目录/P4_yaw_drift_causal_ablation_20260715/20260715_210856_focus_mechanism_control_both/fly1_mechanism_control/traj_nav.txt,,930.0,1300.0,online_multisensor_alignment,baseline,guarded,12,,,0,10781,,8,,,,,,,,,,,11b0c1763e2031390f70bfc93793dfa8349a09ca9abb22b3d2600d554426383c,1,1,
P4-RAW_RUN-1fdde4b7e33d,raw_run,P4_WITH_P5,P4_yaw_drift_causal_ablation_20260715,20260715,fly1,fly1_no_visual_bgz,full,SUCCESS_WITH_TRAJECTORY,RUNTIME_ONLY,COMPLIANT_EXPERIMENT_ROOT,C:/Users/baloney/Desktop/实验目录/P4_yaw_drift_causal_ablation_20260715/20260715_210856_focus_no_visual_bgz_both/fly1_no_visual_bgz,C:/Users/baloney/Desktop/实验目录/P4_yaw_drift_causal_ablation_20260715/20260715_210856_focus_no_visual_bgz_both/fly1_no_visual_bgz/traj_nav.txt,,930.0,1300.0,online_multisensor_alignment,baseline,guarded,12,,,0,10781,,8,,,,,,,,,,,80efc11581e909a5c1b6d1f0ce0b1b83a309b18983867bb82be6553911ab10fb,1,1,
P4-RAW_RUN-a0e637270efc,raw_run,P4_WITH_P5,P4_yaw_drift_causal_ablation_20260715,20260715,fly1,fly1_no_visual_yaw,full,SUCCESS_WITH_TRAJECTORY,RUNTIME_ONLY,COMPLIANT_EXPERIMENT_ROOT,C:/Users/baloney/Desktop/实验目录/P4_yaw_drift_causal_ablation_20260715/20260715_210856_focus_no_visual_yaw_both/fly1_no_visual_yaw,C:/Users/baloney/Desktop/实验目录/P4_yaw_drift_causal_ablation_20260715/20260715_210856_focus_no_visual_yaw_both/fly1_no_visual_yaw/traj_nav.txt,,930.0,1300.0,online_multisensor_alignment,,guarded,12,,,0,10781,,8,,,,,,,,,,,9d35e135f62e157736f6d7433c7defc15fb361ac267fe509a17f2ec5f1ceb549,1,1,
P4-RAW_RUN-ea389635e38e,raw_run,P4_WITH_P5,P4_yaw_drift_causal_ablation_20260715,20260715,fly1,fly1_gyro_z_minus,full,SUCCESS_WITH_TRAJECTORY,RUNTIME_ONLY,COMPLIANT_EXPERIMENT_ROOT,C:/Users/baloney/Desktop/实验目录/P4_yaw_drift_causal_ablation_20260715/20260715_213933_focus_gyro_z_minus_both/fly1_gyro_z_minus,C:/Users/baloney/Desktop/实验目录/P4_yaw_drift_causal_ablation_20260715/20260715_213933_focus_gyro_z_minus_both/fly1_gyro_z_minus/traj_nav.txt,,930.0,1300.0,online_multisensor_alignment,baseline,guarded,12,,,0,10781,,8,,,,,,,,,,,9c4143555c3825f018953920121711a56b7f394de3c5d05aa72f157b43971511,1,1,
P4-RAW_RUN-a00aadd930f0,raw_run,P4_WITH_P5,P4_yaw_drift_causal_ablation_20260715,20260715,fly1,fly1_gyro_z_plus,full,SUCCESS_WITH_TRAJECTORY,RUNTIME_ONLY,COMPLIANT_EXPERIMENT_ROOT,C:/Users/baloney/Desktop/实验目录/P4_yaw_drift_causal_ablation_20260715/20260715_213933_focus_gyro_z_plus_both/fly1_gyro_z_plus,C:/Users/baloney/Desktop/实验目录/P4_yaw_drift_causal_ablation_20260715/20260715_213933_focus_gyro_z_plus_both/fly1_gyro_z_plus/traj_nav.txt,,930.0,1300.0,online_multisensor_alignment,baseline,guarded,12,,,0,10781,,8,,,,,,,,,,,34536c061bd8221b4011340f81b0b9ad73c647041bd12729aeafdf73067fe33a,1,1,
P4-RAW_RUN-588cf1565b53,raw_run,P4_WITH_P5,P4_yaw_drift_causal_ablation_20260715,20260715,fly1,fly1_gpsz_nasa_lean,full,SUCCESS_WITH_TRAJECTORY,RUNTIME_ONLY,COMPLIANT_EXPERIMENT_ROOT,C:/Users/baloney/Desktop/实验目录/P4_yaw_drift_causal_ablation_20260715/20260715_220129_focus_gpsz_nasa_lean_both/fly1_gpsz_nasa_lean,C:/Users/baloney/Desktop/实验目录/P4_yaw_drift_causal_ablation_20260715/20260715_220129_focus_gpsz_nasa_lean_both/fly1_gpsz_nasa_lean/traj_nav.txt,,930.0,1300.0,online_multisensor_alignment,baseline,nasa-lean,12,,,0,10781,,8,,,,,,,,,,,70d6e84d3aa9e0c8072e7cfbeac904e34730a8039fe41ce02703526466f4a46c,1,1,
P4-RAW_RUN-5e539e4bfe8b,raw_run,P4_WITH_P5,P4_yaw_drift_causal_ablation_20260715,20260715,fly1,fly1_no_slam,full,SUCCESS_WITH_TRAJECTORY,RUNTIME_ONLY,COMPLIANT_EXPERIMENT_ROOT,C:/Users/baloney/Desktop/实验目录/P4_yaw_drift_causal_ablation_20260715/20260715_220129_focus_no_slam_both/fly1_no_slam,C:/Users/baloney/Desktop/实验目录/P4_yaw_drift_causal_ablation_20260715/20260715_220129_focus_no_slam_both/fly1_no_slam/traj_nav.txt,,930.0,1300.0,online_multisensor_alignment,baseline,guarded,12,,,0,10781,,8,,,,,,,,,,,e3e1df6a932557d2cf50a98e24de895e606f2525fde0bd7ec657e246da9bffce,1,1,
P4-RAW_RUN-6f2205e2bfbc,raw_run,P4_WITH_P5,P4_yaw_drift_causal_ablation_20260715,20260715,fly1,fly1_no_slam,full,SUCCESS_WITH_TRAJECTORY,RUNTIME_ONLY,COMPLIANT_EXPERIMENT_ROOT,C:/Users/baloney/Desktop/实验目录/P4_yaw_drift_causal_ablation_20260715/20260715_221540_focus_no_slam_both/fly1_no_slam,C:/Users/baloney/Desktop/实验目录/P4_yaw_drift_causal_ablation_20260715/20260715_221540_focus_no_slam_both/fly1_no_slam/traj_nav.txt,,930.0,1300.0,online_multisensor_alignment,baseline,guarded,12,,,0,10781,,8,,,,,,,,,,,34c8e5d49564b236f3d36a689892ae3f7bb08b698045d6d43350cc21abe83387,1,1,
P4-RAW_RUN-bbb668884e0d,raw_run,P4_WITH_P5,P4_yaw_drift_causal_ablation_20260715,20260715,fly1,fly1_legacy_init_covariance,full,SUCCESS_WITH_TRAJECTORY,RUNTIME_ONLY,COMPLIANT_EXPERIMENT_ROOT,C:/Users/baloney/Desktop/实验目录/P4_yaw_drift_causal_ablation_20260715/20260715_224220_focus_legacy_init_covariance_both/fly1_legacy_init_covariance,C:/Users/baloney/Desktop/实验目录/P4_yaw_drift_causal_ablation_20260715/20260715_224220_focus_legacy_init_covariance_both/fly1_legacy_init_covariance/traj_nav.txt,,930.0,1300.0,online_multisensor_alignment,baseline,guarded,12,,,0,10781,,8,,,,,,,,,,,245e28b0e750b301316c28c29859e11e6d0649320d77de99d17bba01697a1d41,1,1,
P4-RAW_RUN-d1c7932e65dc,raw_run,P4_WITH_P5,P4_yaw_drift_causal_ablation_20260715,20260715,fly1,fly1_targeted_slam_freeze,full,SUCCESS_WITH_TRAJECTORY,RUNTIME_ONLY,COMPLIANT_EXPERIMENT_ROOT,C:/Users/baloney/Desktop/实验目录/P4_yaw_drift_causal_ablation_20260715/20260715_224805_focus_targeted_slam_freeze_both/fly1_targeted_slam_freeze,C:/Users/baloney/Desktop/实验目录/P4_yaw_drift_causal_ablation_20260715/20260715_224805_focus_targeted_slam_freeze_both/fly1_targeted_slam_freeze/traj_nav.txt,,930.0,1300.0,online_multisensor_alignment,baseline,guarded,12,,,0,10781,,8,,,,,,,,,,,d768d290e2eafaf93360223209c83915d7a802f0390e9c82e9181e3a470ecc70,1,1,
P4-RAW_RUN-7a247bae79e0,raw_run,P4_WITH_P5,P4_yaw_drift_causal_ablation_20260715,20260715,fly1,fly1_gpsz_guard_pz_fallback,full,SUCCESS_WITH_TRAJECTORY,RUNTIME_ONLY,COMPLIANT_EXPERIMENT_ROOT,C:/Users/baloney/Desktop/实验目录/P4_yaw_drift_causal_ablation_20260715/20260715_231432_focus_gpsz_guard_pz_fallback_both/fly1_gpsz_guard_pz_fallback,C:/Users/baloney/Desktop/实验目录/P4_yaw_drift_causal_ablation_20260715/20260715_231432_focus_gpsz_guard_pz_fallback_both/fly1_gpsz_guard_pz_fallback/traj_nav.txt,,930.0,1300.0,online_multisensor_alignment,baseline,guarded,12,,,0,10781,,8,,,,,,,,,,,a5ef929f379213d31ba8657c3ca8f02337d7f8f5e786e3f57626cc5280c5693a,1,1,
P4-RAW_RUN-84dab63ca21e,raw_run,P4_WITH_P5,P4_yaw_drift_causal_ablation_20260715,20260715,fly1,fly1_gyro_z_observed_minus,full,SUCCESS_WITH_TRAJECTORY,RUNTIME_ONLY,COMPLIANT_EXPERIMENT_ROOT,C:/Users/baloney/Desktop/实验目录/P4_yaw_drift_causal_ablation_20260715/20260715_232853_focus_gyro_z_observed_minus_both/fly1_gyro_z_observed_minus,C:/Users/baloney/Desktop/实验目录/P4_yaw_drift_causal_ablation_20260715/20260715_232853_focus_gyro_z_observed_minus_both/fly1_gyro_z_observed_minus/traj_nav.txt,,930.0,1300.0,online_multisensor_alignment,baseline,guarded,12,,,0,10781,,8,,,,,,,,,,,57295ad1844ae89d1c574300452338e2a86efa5ac3ec0756467cad14e57f91fc,1,1,
P4-RAW_RUN-b044c949c2ad,raw_run,P4_WITH_P5,P4_yaw_drift_causal_ablation_20260715,20260715,fly1,fly1_gyro_z_observed_plus,full,SUCCESS_WITH_TRAJECTORY,RUNTIME_ONLY,COMPLIANT_EXPERIMENT_ROOT,C:/Users/baloney/Desktop/实验目录/P4_yaw_drift_causal_ablation_20260715/20260715_232853_focus_gyro_z_observed_plus_both/fly1_gyro_z_observed_plus,C:/Users/baloney/Desktop/实验目录/P4_yaw_drift_causal_ablation_20260715/20260715_232853_focus_gyro_z_observed_plus_both/fly1_gyro_z_observed_plus/traj_nav.txt,,930.0,1300.0,online_multisensor_alignment,baseline,guarded,12,,,0,10781,,8,,,,,,,,,,,eb1945c36bfea803a8cc4a273b8ca66cbe8c3fce65821171edce37d44d825ea1,1,1,
P4-RAW_RUN-215e2d3489f7,raw_run,P4_WITH_P5,P4_yaw_drift_causal_ablation_20260715,20260715,fly1,fly1_fc_attitude_release,full,SUCCESS_WITH_TRAJECTORY,RUNTIME_ONLY,COMPLIANT_EXPERIMENT_ROOT,C:/Users/baloney/Desktop/实验目录/P4_yaw_drift_causal_ablation_20260715/20260715_234520_focus_fc_attitude_release_both/fly1_fc_attitude_release,C:/Users/baloney/Desktop/实验目录/P4_yaw_drift_causal_ablation_20260715/20260715_234520_focus_fc_attitude_release_both/fly1_fc_attitude_release/traj_nav.txt,,930.0,1300.0,online_multisensor_alignment,baseline,guarded,12,,,0,10781,,8,,,,,,,,,,,7ef2004a4bad024476a797093897eac4439d023b46c6610428c72e12acfa6e2e,1,1,
P4-RAW_RUN-cb78cdcab6fd,raw_run,P4_WITH_P5,P4_yaw_drift_causal_ablation_20260715,20260715,fly1,fly1_cam_toff_converged,full,SUCCESS_WITH_TRAJECTORY,RUNTIME_ONLY,COMPLIANT_EXPERIMENT_ROOT,C:/Users/baloney/Desktop/实验目录/P4_yaw_drift_causal_ablation_20260715/20260715_235838_focus_cam_toff_converged_both/fly1_cam_toff_converged,C:/Users/baloney/Desktop/实验目录/P4_yaw_drift_causal_ablation_20260715/20260715_235838_focus_cam_toff_converged_both/fly1_cam_toff_converged/traj_nav.txt,,930.0,1300.0,online_multisensor_alignment,baseline,guarded,12,,,0,10781,,8,,,,,,,,,,,fcf77997e80db914c63a52c5a7de8953a2efe1783e39a17e9db74d5d52f756f0,1,1,
P4-RAW_RUN-cb647fd55446,raw_run,P4_WITH_P5,P4_yaw_drift_causal_ablation_20260715,20260715,fly1,fly1_cam_toff_opposite,full,SUCCESS_WITH_TRAJECTORY,RUNTIME_ONLY,COMPLIANT_EXPERIMENT_ROOT,C:/Users/baloney/Desktop/实验目录/P4_yaw_drift_causal_ablation_20260715/20260715_235838_focus_cam_toff_opposite_both/fly1_cam_toff_opposite,C:/Users/baloney/Desktop/实验目录/P4_yaw_drift_causal_ablation_20260715/20260715_235838_focus_cam_toff_opposite_both/fly1_cam_toff_opposite/traj_nav.txt,,930.0,1300.0,online_multisensor_alignment,baseline,guarded,12,,,0,10781,,8,,,,,,,,,,,58e3f6a0d3b65dfe1468deb6a6084c9a69f32e31f56063b90cb13d416d5a1a2c,1,1,
P4-RAW_RUN-d0b3a13a4e0a,raw_run,P4_WITH_P5,P4_yaw_drift_causal_ablation_20260715,20260715,fly1,fly1_adaptive_stride_active,full,SUCCESS_WITH_TRAJECTORY,RUNTIME_ONLY,COMPLIANT_EXPERIMENT_ROOT,C:/Users/baloney/Desktop/实验目录/P4_yaw_drift_causal_ablation_20260715/20260716_001036_focus_adaptive_stride_active_both/fly1_adaptive_stride_active,C:/Users/baloney/Desktop/实验目录/P4_yaw_drift_causal_ablation_20260715/20260716_001036_focus_adaptive_stride_active_both/fly1_adaptive_stride_active/traj_nav.txt,,930.0,1300.0,online_multisensor_alignment,baseline,guarded,12,,,0,10781,,8,,,,,,,,,,,7dc2d1a4a0561a4a62be8c23e26216b795aa8df37b1e63fefe957378c5aacedf,1,1,
P4-RAW_RUN-b7bce94b433b,raw_run,P4_WITH_P5,P4_yaw_drift_causal_ablation_20260715,20260715,fly1,fly1_full_rate_post_init,full,FAILED,RUNTIME_ONLY,COMPLIANT_EXPERIMENT_ROOT,C:/Users/baloney/Desktop/实验目录/P4_yaw_drift_causal_ablation_20260715/20260716_001036_focus_full_rate_post_init_both/fly1_full_rate_post_init,,,930.0,1300.0,online_multisensor_alignment,baseline,guarded,1,,,1,0,,,,,,,,,,,,,2f9ca15ddd11b850b5c3ca4402b041b2ea9077efce2180169bfcac7595f157df,1,,
P4-RAW_RUN-ad8a7eb4603b,raw_run,P4_WITH_P5,P4_yaw_drift_causal_ablation_20260715,20260715,fly1,fly1_full_rate_post_init,full,SUCCESS_WITH_TRAJECTORY,RUNTIME_ONLY,COMPLIANT_EXPERIMENT_ROOT,C:/Users/baloney/Desktop/实验目录/P4_yaw_drift_causal_ablation_20260715/20260716_001752_focus_full_rate_post_init_both/fly1_full_rate_post_init,C:/Users/baloney/Desktop/实验目录/P4_yaw_drift_causal_ablation_20260715/20260716_001752_focus_full_rate_post_init_both/fly1_full_rate_post_init/traj_nav.txt,,930.0,1300.0,online_multisensor_alignment,baseline,guarded,12,,,0,10781,,8,,,,,,,,,,,5120de02bb4c343c61e47c0f7a9b870f556b29932ad0a98c86aef1d1d0e31afd,1,1,
P4-RAW_RUN-745bb77c32a2,raw_run,P4_WITH_P5,P4_yaw_drift_causal_ablation_20260715,20260715,fly1,fly1_cam_extrinsic_rot_plus,full,SUCCESS_WITH_TRAJECTORY,RUNTIME_ONLY,COMPLIANT_EXPERIMENT_ROOT,C:/Users/baloney/Desktop/实验目录/P4_yaw_drift_causal_ablation_20260715/20260716_005511_focus_cam_extrinsic_rot_plus_both/fly1_cam_extrinsic_rot_plus,C:/Users/baloney/Desktop/实验目录/P4_yaw_drift_causal_ablation_20260715/20260716_005511_focus_cam_extrinsic_rot_plus_both/fly1_cam_extrinsic_rot_plus/traj_nav.txt,,930.0,1300.0,online_multisensor_alignment,baseline,guarded,12,,,0,10781,,8,,,,,,,,,,,403cb04ccb39b03310959f01eea0689d74a9c4d1491bf47fe271ab1d5708c3bf,1,1,
P4-RAW_RUN-42b6aaa37b7e,raw_run,P4_WITH_P5,P4_yaw_drift_causal_ablation_20260715,20260715,fly1,fly1_cam_extrinsic_rot_minus,full,SUCCESS_WITH_TRAJECTORY,RUNTIME_ONLY,COMPLIANT_EXPERIMENT_ROOT,C:/Users/baloney/Desktop/实验目录/P4_yaw_drift_causal_ablation_20260715/20260716_005634_focus_cam_extrinsic_rot_minus_both/fly1_cam_extrinsic_rot_minus,C:/Users/baloney/Desktop/实验目录/P4_yaw_drift_causal_ablation_20260715/20260716_005634_focus_cam_extrinsic_rot_minus_both/fly1_cam_extrinsic_rot_minus/traj_nav.txt,,930.0,1300.0,online_multisensor_alignment,baseline,guarded,12,,,0,10781,,8,,,,,,,,,,,2149b1ab5522401f6a4b9089ef9722a7d1fb4383aac933d4735a0bbc2152217c,1,1,
P4-RAW_RUN-81c159910ebb,raw_run,P4_WITH_P5,P4_yaw_drift_causal_ablation_20260715,20260715,fly1,fly1_cam_extrinsic_rot_plus,full,SUCCESS_WITH_TRAJECTORY,RUNTIME_ONLY,COMPLIANT_EXPERIMENT_ROOT,C:/Users/baloney/Desktop/实验目录/P4_yaw_drift_causal_ablation_20260715/20260716_005634_focus_cam_extrinsic_rot_plus_both/fly1_cam_extrinsic_rot_plus,C:/Users/baloney/Desktop/实验目录/P4_yaw_drift_causal_ablation_20260715/20260716_005634_focus_cam_extrinsic_rot_plus_both/fly1_cam_extrinsic_rot_plus/traj_nav.txt,,930.0,1300.0,online_multisensor_alignment,baseline,guarded,12,,,0,10781,,8,,,,,,,,,,,7634c70212e47b9bf400d3c6ecdfa9a668a6fce104a4c9fbfb7cd3ebcd04d26b,1,1,
P4-RAW_RUN-8cc368931afe,raw_run,P4_WITH_P5,P4_yaw_drift_causal_ablation_20260715,20260715,fly1,fly1_cam_extrinsic_x_minus,full,SUCCESS_WITH_TRAJECTORY,RUNTIME_ONLY,COMPLIANT_EXPERIMENT_ROOT,C:/Users/baloney/Desktop/实验目录/P4_yaw_drift_causal_ablation_20260715/20260716_011226_focus_cam_extrinsic_x_minus_both/fly1_cam_extrinsic_x_minus,C:/Users/baloney/Desktop/实验目录/P4_yaw_drift_causal_ablation_20260715/20260716_011226_focus_cam_extrinsic_x_minus_both/fly1_cam_extrinsic_x_minus/traj_nav.txt,,930.0,1300.0,online_multisensor_alignment,baseline,guarded,12,,,0,10781,,8,,,,,,,,,,,3145b7f2e5d091be8754a02adb3f0f9548e97ea582a1d15cda24e4030f2a5e7c,1,1,
P4-RAW_RUN-fc1c81a067c6,raw_run,P4_WITH_P5,P4_yaw_drift_causal_ablation_20260715,20260715,fly1,fly1_cam_extrinsic_x_plus,full,SUCCESS_WITH_TRAJECTORY,RUNTIME_ONLY,COMPLIANT_EXPERIMENT_ROOT,C:/Users/baloney/Desktop/实验目录/P4_yaw_drift_causal_ablation_20260715/20260716_011226_focus_cam_extrinsic_x_plus_both/fly1_cam_extrinsic_x_plus,C:/Users/baloney/Desktop/实验目录/P4_yaw_drift_causal_ablation_20260715/20260716_011226_focus_cam_extrinsic_x_plus_both/fly1_cam_extrinsic_x_plus/traj_nav.txt,,930.0,1300.0,online_multisensor_alignment,baseline,guarded,12,,,0,10781,,8,,,,,,,,,,,822d7ade95214ff6bc87d573716aa9bdbe15da521c1fc6c63d37f378afc35739,1,1,
P4-RAW_RUN-12bcf699940e,raw_run,P4_WITH_P5,P4_yaw_drift_causal_ablation_20260715,20260715,fly1,fly1_cam_extrinsic_y_minus,full,SUCCESS_WITH_TRAJECTORY,RUNTIME_ONLY,COMPLIANT_EXPERIMENT_ROOT,C:/Users/baloney/Desktop/实验目录/P4_yaw_drift_causal_ablation_20260715/20260716_011226_focus_cam_extrinsic_y_minus_both/fly1_cam_extrinsic_y_minus,C:/Users/baloney/Desktop/实验目录/P4_yaw_drift_causal_ablation_20260715/20260716_011226_focus_cam_extrinsic_y_minus_both/fly1_cam_extrinsic_y_minus/traj_nav.txt,,930.0,1300.0,online_multisensor_alignment,baseline,guarded,12,,,0,10781,,8,,,,,,,,,,,b134911b744718eb8415a7b8e3e691180098b0b618baf3ff202875c8d67b843e,1,1,
P4-RAW_RUN-a228cf3fb1d3,raw_run,P4_WITH_P5,P4_yaw_drift_causal_ablation_20260715,20260715,fly1,fly1_cam_extrinsic_y_plus,full,SUCCESS_WITH_TRAJECTORY,RUNTIME_ONLY,COMPLIANT_EXPERIMENT_ROOT,C:/Users/baloney/Desktop/实验目录/P4_yaw_drift_causal_ablation_20260715/20260716_011226_focus_cam_extrinsic_y_plus_both/fly1_cam_extrinsic_y_plus,C:/Users/baloney/Desktop/实验目录/P4_yaw_drift_causal_ablation_20260715/20260716_011226_focus_cam_extrinsic_y_plus_both/fly1_cam_extrinsic_y_plus/traj_nav.txt,,930.0,1300.0,online_multisensor_alignment,baseline,guarded,12,,,0,10781,,8,,,,,,,,,,,f6e50f3cf017493b806f2be26f8489cee951adb7512d5d6c1e4571a5281dfe3a,1,1,
P4-RAW_RUN-feee53766eb9,raw_run,P4_WITH_P5,P4_yaw_drift_causal_ablation_20260715,20260715,fly1,fly1_cam_extrinsic_z_minus,full,SUCCESS_WITH_TRAJECTORY,RUNTIME_ONLY,COMPLIANT_EXPERIMENT_ROOT,C:/Users/baloney/Desktop/实验目录/P4_yaw_drift_causal_ablation_20260715/20260716_011226_focus_cam_extrinsic_z_minus_both/fly1_cam_extrinsic_z_minus,C:/Users/baloney/Desktop/实验目录/P4_yaw_drift_causal_ablation_20260715/20260716_011226_focus_cam_extrinsic_z_minus_both/fly1_cam_extrinsic_z_minus/traj_nav.txt,,930.0,1300.0,online_multisensor_alignment,baseline,guarded,12,,,0,10781,,8,,,,,,,,,,,15392f68ac6f4c36d0224fb350693e5ad983422af67bef4120c72de76554d3ef,1,1,
P4-RAW_RUN-c3d449dcb67f,raw_run,P4_WITH_P5,P4_yaw_drift_causal_ablation_20260715,20260715,fly1,fly1_cam_extrinsic_z_plus,full,SUCCESS_WITH_TRAJECTORY,RUNTIME_ONLY,COMPLIANT_EXPERIMENT_ROOT,C:/Users/baloney/Desktop/实验目录/P4_yaw_drift_causal_ablation_20260715/20260716_011226_focus_cam_extrinsic_z_plus_both/fly1_cam_extrinsic_z_plus,C:/Users/baloney/Desktop/实验目录/P4_yaw_drift_causal_ablation_20260715/20260716_011226_focus_cam_extrinsic_z_plus_both/fly1_cam_extrinsic_z_plus/traj_nav.txt,,930.0,1300.0,online_multisensor_alignment,baseline,guarded,12,,,0,10781,,8,,,,,,,,,,,a54e29d8a22565a829719b2db8d526af979969af67487a9545691b59fe1ad1d9,1,1,
P4-RAW_RUN-8609bebfa9f7,raw_run,P4_WITH_P5,P4_yaw_drift_causal_ablation_20260715,20260715,fly1,fly1_fc_yaw_aid,full,SUCCESS_WITH_TRAJECTORY,RUNTIME_ONLY,COMPLIANT_EXPERIMENT_ROOT,C:/Users/baloney/Desktop/实验目录/P4_yaw_drift_causal_ablation_20260715/20260716_013449_focus_fc_yaw_aid_both/fly1_fc_yaw_aid,C:/Users/baloney/Desktop/实验目录/P4_yaw_drift_causal_ablation_20260715/20260716_013449_focus_fc_yaw_aid_both/fly1_fc_yaw_aid/traj_nav.txt,,930.0,1300.0,online_multisensor_alignment,baseline,guarded,12,,,0,10781,,8,,,,,,,,,,,ab3526d61f26f63edb9ee7bda11dc741c7efb8b273d664092bb59b4dc45fd297,1,1,
P4-RAW_RUN-ddc3cd2269b0,raw_run,P4_WITH_P5,P4_yaw_drift_causal_ablation_20260715,20260715,fly1,fly1_fc_yaw_aid,full,SUCCESS_WITH_TRAJECTORY,RUNTIME_ONLY,COMPLIANT_EXPERIMENT_ROOT,C:/Users/baloney/Desktop/实验目录/P4_yaw_drift_causal_ablation_20260715/20260716_014728_focus_fc_yaw_aid_both/fly1_fc_yaw_aid,C:/Users/baloney/Desktop/实验目录/P4_yaw_drift_causal_ablation_20260715/20260716_014728_focus_fc_yaw_aid_both/fly1_fc_yaw_aid/traj_nav.txt,,930.0,1300.0,online_multisensor_alignment,baseline,guarded,12,,,0,10781,,8,,,,,,,,,,,624dc660d7f9aea4bd94221e5a10fd6bbb0f563a247f5e95f44321a9a7fe7f7c,1,1,
P4-RAW_RUN-40f9ce993b2b,raw_run,P4_WITH_P5,P4_yaw_drift_causal_ablation_20260715,20260715,fly1,fly1_centered_yaw_oc,full,SUCCESS_WITH_TRAJECTORY,RUNTIME_ONLY,COMPLIANT_EXPERIMENT_ROOT,C:/Users/baloney/Desktop/实验目录/P4_yaw_drift_causal_ablation_20260715/20260716_085044_focus_centered_yaw_oc_both/fly1_centered_yaw_oc,C:/Users/baloney/Desktop/实验目录/P4_yaw_drift_causal_ablation_20260715/20260716_085044_focus_centered_yaw_oc_both/fly1_centered_yaw_oc/traj_nav.txt,,930.0,1300.0,online_multisensor_alignment,,guarded,12,,,0,10781,,8,,,,,,,,,,,bd90ef1e87b3e8ee3b0fcceacef34a05befe5762dba73fccec362b96a07ff4a7,1,1,
P4-RAW_RUN-72423e886779,raw_run,P4_WITH_P5,P4_yaw_drift_causal_ablation_20260715,20260715,fly1,fly1_local_estimator_origin,full,SUCCESS_WITH_TRAJECTORY,RUNTIME_ONLY,COMPLIANT_EXPERIMENT_ROOT,C:/Users/baloney/Desktop/实验目录/P4_yaw_drift_causal_ablation_20260715/20260716_090706_focus_local_estimator_origin_both/fly1_local_estimator_origin,C:/Users/baloney/Desktop/实验目录/P4_yaw_drift_causal_ablation_20260715/20260716_090706_focus_local_estimator_origin_both/fly1_local_estimator_origin/traj_nav.txt,,930.0,1300.0,online_multisensor_alignment,baseline,guarded,12,,,0,10781,,8,,,,,,,,,,,483f50006c65ed87aacad2e05eab29cdb39e65bcee4712cac3d826180d4cef01,1,1,
P4-RAW_RUN-fe47564afcf6,raw_run,P4_WITH_P5,P4_yaw_drift_causal_ablation_20260715,20260715,fly1,fly1_full_4d_oc,full,SUCCESS_WITH_TRAJECTORY,RUNTIME_ONLY,COMPLIANT_EXPERIMENT_ROOT,C:/Users/baloney/Desktop/实验目录/P4_yaw_drift_causal_ablation_20260715/20260716_092312_focus_full_4d_oc_both/fly1_full_4d_oc,C:/Users/baloney/Desktop/实验目录/P4_yaw_drift_causal_ablation_20260715/20260716_092312_focus_full_4d_oc_both/fly1_full_4d_oc/traj_nav.txt,,930.0,1300.0,online_multisensor_alignment,,guarded,12,,,0,10781,,8,,,,,,,,,,,bb8b9636e0c654585ef082c70465cbac6554c36cf18bb33dbef0b93e89e20afe,1,1,
P4-RAW_RUN-289e2301f5d4,raw_run,P4_WITH_P5,P4_yaw_drift_causal_ablation_20260715,20260715,fly1,fly1_post_full_4d_oc,full,SUCCESS_WITH_TRAJECTORY,RUNTIME_ONLY,COMPLIANT_EXPERIMENT_ROOT,C:/Users/baloney/Desktop/实验目录/P4_yaw_drift_causal_ablation_20260715/20260716_094239_focus_post_full_4d_oc_both/fly1_post_full_4d_oc,C:/Users/baloney/Desktop/实验目录/P4_yaw_drift_causal_ablation_20260715/20260716_094239_focus_post_full_4d_oc_both/fly1_post_full_4d_oc/traj_nav.txt,,930.0,1300.0,online_multisensor_alignment,,guarded,12,,,0,10781,,8,,,,,,,,,,,9f57ad58e3c05af288739ed4b572a28b7711bdfe002c1c92eb48f21e603b7b2f,1,1,
P4-RAW_RUN-e4a87786a0f7,raw_run,P4_WITH_P5,P4_yaw_drift_causal_ablation_20260715,20260715,fly1,fly1_first_error_slam_freeze,full,SUCCESS_WITH_TRAJECTORY,RUNTIME_ONLY,COMPLIANT_EXPERIMENT_ROOT,C:/Users/baloney/Desktop/实验目录/P4_yaw_drift_causal_ablation_20260715/20260716_100046_focus_first_error_slam_freeze_both/fly1_first_error_slam_freeze,C:/Users/baloney/Desktop/实验目录/P4_yaw_drift_causal_ablation_20260715/20260716_100046_focus_first_error_slam_freeze_both/fly1_first_error_slam_freeze/traj_nav.txt,,930.0,1300.0,online_multisensor_alignment,baseline,guarded,12,,,0,10781,,8,,,,,,,,,,,1044042d1092d3b7f35c0d6c6811d0d4a838d498298b83b802d289dfc0412eb1,1,1,
P4-RAW_RUN-99dcf2eba1d0,raw_run,P4_WITH_P5,P4_yaw_drift_causal_ablation_20260715,20260715,fly1,fly1_first_error_deep_diag,full,SUCCESS_WITH_TRAJECTORY,RUNTIME_ONLY,COMPLIANT_EXPERIMENT_ROOT,C:/Users/baloney/Desktop/实验目录/P4_yaw_drift_causal_ablation_20260715/20260716_101004_focus_first_error_deep_diag_both/fly1_first_error_deep_diag,C:/Users/baloney/Desktop/实验目录/P4_yaw_drift_causal_ablation_20260715/20260716_101004_focus_first_error_deep_diag_both/fly1_first_error_deep_diag/traj_nav.txt,,930.0,1300.0,online_multisensor_alignment,baseline,guarded,12,,,0,10781,,8,,,,,,,,,,,268e66f4c65635a4555eaa1d0627700cdcb0ecde075521221d37ca3235637921,1,1,
P4-RAW_RUN-7391fe7e3c5a,raw_run,P4_WITH_P5,P4_yaw_drift_causal_ablation_20260715,20260715,fly1,fly1_visual_roi_bottom,full,SUCCESS_WITH_TRAJECTORY,RUNTIME_ONLY,COMPLIANT_EXPERIMENT_ROOT,C:/Users/baloney/Desktop/实验目录/P4_yaw_drift_causal_ablation_20260715/20260716_104330_focus_visual_roi_bottom_both/fly1_visual_roi_bottom,C:/Users/baloney/Desktop/实验目录/P4_yaw_drift_causal_ablation_20260715/20260716_104330_focus_visual_roi_bottom_both/fly1_visual_roi_bottom/traj_nav.txt,,930.0,1300.0,online_multisensor_alignment,baseline,guarded,12,,,0,10781,,8,,,,,,,,,,,129a5dea7b3fdebd917223133f479862d8b91d52fa26fc5cdc99af5ba7cebe11,1,1,
P4-RAW_RUN-bef61a4037e8,raw_run,P4_WITH_P5,P4_yaw_drift_causal_ablation_20260715,20260715,fly1,fly1_visual_roi_center,full,SUCCESS_WITH_TRAJECTORY,RUNTIME_ONLY,COMPLIANT_EXPERIMENT_ROOT,C:/Users/baloney/Desktop/实验目录/P4_yaw_drift_causal_ablation_20260715/20260716_104330_focus_visual_roi_center_both/fly1_visual_roi_center,C:/Users/baloney/Desktop/实验目录/P4_yaw_drift_causal_ablation_20260715/20260716_104330_focus_visual_roi_center_both/fly1_visual_roi_center/traj_nav.txt,,930.0,1300.0,online_multisensor_alignment,baseline,guarded,12,,,0,10781,,8,,,,,,,,,,,5b4229c452c28d09962f5251e6cee93bcfd4c21aac446f0c866c5c218a434606,1,1,
P4-RAW_RUN-3a37337df022,raw_run,P4_WITH_P5,P4_yaw_drift_causal_ablation_20260715,20260715,fly1,fly1_visual_roi_left,full,SUCCESS_WITH_TRAJECTORY,RUNTIME_ONLY,COMPLIANT_EXPERIMENT_ROOT,C:/Users/baloney/Desktop/实验目录/P4_yaw_drift_causal_ablation_20260715/20260716_104330_focus_visual_roi_left_both/fly1_visual_roi_left,C:/Users/baloney/Desktop/实验目录/P4_yaw_drift_causal_ablation_20260715/20260716_104330_focus_visual_roi_left_both/fly1_visual_roi_left/traj_nav.txt,,930.0,1300.0,online_multisensor_alignment,baseline,guarded,12,,,0,10781,,8,,,,,,,,,,,c48453de563bccfb3e6a9ef7c1ead721aea6b58562919dc1a06c37f4adf1881a,1,1,
P4-RAW_RUN-859fa60abb9e,raw_run,P4_WITH_P5,P4_yaw_drift_causal_ablation_20260715,20260715,fly1,fly1_visual_roi_right,full,SUCCESS_WITH_TRAJECTORY,RUNTIME_ONLY,COMPLIANT_EXPERIMENT_ROOT,C:/Users/baloney/Desktop/实验目录/P4_yaw_drift_causal_ablation_20260715/20260716_104330_focus_visual_roi_right_both/fly1_visual_roi_right,C:/Users/baloney/Desktop/实验目录/P4_yaw_drift_causal_ablation_20260715/20260716_104330_focus_visual_roi_right_both/fly1_visual_roi_right/traj_nav.txt,,930.0,1300.0,online_multisensor_alignment,baseline,guarded,12,,,0,10781,,8,,,,,,,,,,,ca90d0764e3d079150d928b047eed66a2954bba2179bae3cf85557ecf89eebc8,1,1,
P4-RAW_RUN-f10c7228b1b8,raw_run,P4_WITH_P5,P4_yaw_drift_causal_ablation_20260715,20260715,fly1,fly1_visual_roi_top,full,SUCCESS_WITH_TRAJECTORY,RUNTIME_ONLY,COMPLIANT_EXPERIMENT_ROOT,C:/Users/baloney/Desktop/实验目录/P4_yaw_drift_causal_ablation_20260715/20260716_104330_focus_visual_roi_top_both/fly1_visual_roi_top,C:/Users/baloney/Desktop/实验目录/P4_yaw_drift_causal_ablation_20260715/20260716_104330_focus_visual_roi_top_both/fly1_visual_roi_top/traj_nav.txt,,930.0,1300.0,online_multisensor_alignment,baseline,guarded,12,,,0,10781,,8,,,,,,,,,,,1d8bc1b674e796833bbc8f90d1c0a4974240bc46cf18e440fc159611c00bd858,1,1,
P4-RAW_RUN-7b276104a4cb,raw_run,P4_WITH_P5,P4_yaw_drift_causal_ablation_20260715,20260715,fly1,fly1_first_error_deep_diag,full,SUCCESS_WITH_TRAJECTORY,RUNTIME_ONLY,COMPLIANT_EXPERIMENT_ROOT,C:/Users/baloney/Desktop/实验目录/P4_yaw_drift_causal_ablation_20260715/20260716_113018_screen_first_error_deep_diag_fly1/fly1_first_error_deep_diag,C:/Users/baloney/Desktop/实验目录/P4_yaw_drift_causal_ablation_20260715/20260716_113018_screen_first_error_deep_diag_fly1/fly1_first_error_deep_diag/traj_nav.txt,,930.0,1151.0,online_multisensor_alignment,baseline,guarded,12,,,0,6313,,8,,,,,,,,,,,70b755e33fb9febb5a5e9125c0a6c3b2fb9e52e62815568dc476f27c2c5cbe36,1,1,
P4-RAW_RUN-0a40fed31894,raw_run,P4_WITH_P5,P4_yaw_drift_causal_ablation_20260715,20260715,fly1,fly1_control,full,SUCCESS_WITH_TRAJECTORY,RUNTIME_ONLY,COMPLIANT_EXPERIMENT_ROOT,C:/Users/baloney/Desktop/实验目录/P4_yaw_drift_causal_ablation_20260715/20260716_115241_screen_control_fly1/fly1_control,C:/Users/baloney/Desktop/实验目录/P4_yaw_drift_causal_ablation_20260715/20260716_115241_screen_control_fly1/fly1_control/traj_nav.txt,,930.0,1151.0,online_multisensor_alignment,baseline,guarded,12,,,0,6313,,8,,,,,,,,,,,d45bee8b874234baa6240b3fafd968405a63f2d130795d2b6842456636ca9fdc,1,1,
P4-RAW_RUN-008583d6a565,raw_run,P4_WITH_P5,P4_yaw_drift_causal_ablation_20260715,20260715,fly1,fly1_gyro_z_scale_down,full,SUCCESS_WITH_TRAJECTORY,RUNTIME_ONLY,COMPLIANT_EXPERIMENT_ROOT,C:/Users/baloney/Desktop/实验目录/P4_yaw_drift_causal_ablation_20260715/20260716_120549_screen_gyro_z_scale_down_fly1/fly1_gyro_z_scale_down,C:/Users/baloney/Desktop/实验目录/P4_yaw_drift_causal_ablation_20260715/20260716_120549_screen_gyro_z_scale_down_fly1/fly1_gyro_z_scale_down/traj_nav.txt,,930.0,1151.0,online_multisensor_alignment,baseline,guarded,12,,,0,6313,,8,,,,,,,,,,,08993d104401dff1ad80df8fbf2e7aa4582050442045bb16210577e9bb39ba1c,1,1,
P4-RAW_RUN-544905622160,raw_run,P4_WITH_P5,P4_yaw_drift_causal_ablation_20260715,20260715,fly1,fly1_gyro_z_scale_up,full,SUCCESS_WITH_TRAJECTORY,RUNTIME_ONLY,COMPLIANT_EXPERIMENT_ROOT,C:/Users/baloney/Desktop/实验目录/P4_yaw_drift_causal_ablation_20260715/20260716_120549_screen_gyro_z_scale_up_fly1/fly1_gyro_z_scale_up,C:/Users/baloney/Desktop/实验目录/P4_yaw_drift_causal_ablation_20260715/20260716_120549_screen_gyro_z_scale_up_fly1/fly1_gyro_z_scale_up/traj_nav.txt,,930.0,1151.0,online_multisensor_alignment,baseline,guarded,12,,,0,6313,,8,,,,,,,,,,,71cb4a553d5cac47ce5745e202484d5fe8d9836dd3197ac852903437b2795b03,1,1,
P4-RAW_RUN-fb96f8594f50,raw_run,P4_WITH_P5,P4_yaw_drift_causal_ablation_20260715,20260715,fly1,fly1_gyro_z_scale_down,full,SUCCESS_WITH_TRAJECTORY,RUNTIME_ONLY,COMPLIANT_EXPERIMENT_ROOT,C:/Users/baloney/Desktop/实验目录/P4_yaw_drift_causal_ablation_20260715/20260716_121320_screen_gyro_z_scale_down_fly1/fly1_gyro_z_scale_down,C:/Users/baloney/Desktop/实验目录/P4_yaw_drift_causal_ablation_20260715/20260716_121320_screen_gyro_z_scale_down_fly1/fly1_gyro_z_scale_down/traj_nav.txt,,930.0,1151.0,online_multisensor_alignment,baseline,guarded,12,,,0,6313,,8,,,,,,,,,,,dd244707903740fcbbf5baf921873dcce8048755ddff757f1067917ac513d563,1,1,
P4-RAW_RUN-8c58fe2e6c67,raw_run,P4_WITH_P5,P4_yaw_drift_causal_ablation_20260715,20260715,fly1,fly1_gyro_z_scale_up,full,SUCCESS_WITH_TRAJECTORY,RUNTIME_ONLY,COMPLIANT_EXPERIMENT_ROOT,C:/Users/baloney/Desktop/实验目录/P4_yaw_drift_causal_ablation_20260715/20260716_121320_screen_gyro_z_scale_up_fly1/fly1_gyro_z_scale_up,C:/Users/baloney/Desktop/实验目录/P4_yaw_drift_causal_ablation_20260715/20260716_121320_screen_gyro_z_scale_up_fly1/fly1_gyro_z_scale_up/traj_nav.txt,,930.0,1151.0,online_multisensor_alignment,baseline,guarded,12,,,0,6313,,8,,,,,,,,,,,f5eff4878c11f6a5b260a7ab215658a826762404f91b658004a2f38105f8e959,1,1,
P4-RAW_RUN-e831305b45c5,raw_run,P4_WITH_P5,P4_yaw_drift_causal_ablation_20260715,20260715,fly1,fly1_gyro_z_turn_scale_down,full,SUCCESS_WITH_TRAJECTORY,RUNTIME_ONLY,COMPLIANT_EXPERIMENT_ROOT,C:/Users/baloney/Desktop/实验目录/P4_yaw_drift_causal_ablation_20260715/20260716_123252_screen_gyro_z_turn_scale_down_fly1/fly1_gyro_z_turn_scale_down,C:/Users/baloney/Desktop/实验目录/P4_yaw_drift_causal_ablation_20260715/20260716_123252_screen_gyro_z_turn_scale_down_fly1/fly1_gyro_z_turn_scale_down/traj_nav.txt,,930.0,1151.0,online_multisensor_alignment,baseline,guarded,12,,,0,6313,,8,,,,,,,,,,,c5dbdcdb7fc7c5f910ad3a0c117200e6af6f16607911f0f6f89ba56f4baef598,1,1,
P4-RAW_RUN-270a34af156e,raw_run,P4_WITH_P5,P4_yaw_drift_causal_ablation_20260715,20260715,fly1,fly1_gyro_z_turn_scale_up,full,SUCCESS_WITH_TRAJECTORY,RUNTIME_ONLY,COMPLIANT_EXPERIMENT_ROOT,C:/Users/baloney/Desktop/实验目录/P4_yaw_drift_causal_ablation_20260715/20260716_123252_screen_gyro_z_turn_scale_up_fly1/fly1_gyro_z_turn_scale_up,C:/Users/baloney/Desktop/实验目录/P4_yaw_drift_causal_ablation_20260715/20260716_123252_screen_gyro_z_turn_scale_up_fly1/fly1_gyro_z_turn_scale_up/traj_nav.txt,,930.0,1151.0,online_multisensor_alignment,baseline,guarded,12,,,0,6313,,8,,,,,,,,,,,87c5fec8afae18334a1630006f6269c9eb607bfe6dc23c3a076b7be25ad06ef4,1,1,
P4-RAW_RUN-9c266cd53738,raw_run,P4_WITH_P5,P4_yaw_drift_causal_ablation_20260715,20260715,fly1,fly1_first_error_msckf_yaw_freeze,full,SUCCESS_WITH_TRAJECTORY,RUNTIME_ONLY,COMPLIANT_EXPERIMENT_ROOT,C:/Users/baloney/Desktop/实验目录/P4_yaw_drift_causal_ablation_20260715/20260716_125103_screen_first_error_msckf_yaw_freeze_fly1/fly1_first_error_msckf_yaw_freeze,C:/Users/baloney/Desktop/实验目录/P4_yaw_drift_causal_ablation_20260715/20260716_125103_screen_first_error_msckf_yaw_freeze_fly1/fly1_first_error_msckf_yaw_freeze/traj_nav.txt,,930.0,1151.0,online_multisensor_alignment,baseline,guarded,12,,,0,6313,,8,,,,,,,,,,,2073d7d17e6e908e7e6b86c5a972884b52df5ab42e275a789463340158742002,1,1,
P4-RAW_RUN-f23b73f137e5,raw_run,P4_WITH_P5,P4_yaw_drift_causal_ablation_20260715,20260715,fly1,fly1_first_error_msckf_yaw_freeze,full,SUCCESS_WITH_TRAJECTORY,RUNTIME_ONLY,COMPLIANT_EXPERIMENT_ROOT,C:/Users/baloney/Desktop/实验目录/P4_yaw_drift_causal_ablation_20260715/20260716_130458_screen_first_error_msckf_yaw_freeze_both/fly1_first_error_msckf_yaw_freeze,C:/Users/baloney/Desktop/实验目录/P4_yaw_drift_causal_ablation_20260715/20260716_130458_screen_first_error_msckf_yaw_freeze_both/fly1_first_error_msckf_yaw_freeze/traj_nav.txt,,930.0,1151.0,online_multisensor_alignment,baseline,guarded,12,,,0,6313,,8,,,,,,,,,,,218813842abc0d77855907cd90fffbdfb005d4d58c15f169cdba1f51cbdf4cfa,1,1,
P4-RAW_RUN-4eb0bc7cba4c,raw_run,P4_WITH_P5,P4_yaw_drift_causal_ablation_20260715,20260715,fly1,fly1_first_error_all_visual_yaw_gain_zero,full,SUCCESS_WITH_TRAJECTORY,RUNTIME_ONLY,COMPLIANT_EXPERIMENT_ROOT,C:/Users/baloney/Desktop/实验目录/P4_yaw_drift_causal_ablation_20260715/20260716_132622_screen_first_error_all_visual_yaw_gain_zero_both/fly1_first_error_all_visual_yaw_gain_zero,C:/Users/baloney/Desktop/实验目录/P4_yaw_drift_causal_ablation_20260715/20260716_132622_screen_first_error_all_visual_yaw_gain_zero_both/fly1_first_error_all_visual_yaw_gain_zero/traj_nav.txt,,930.0,1151.0,online_multisensor_alignment,baseline,guarded,12,,,0,6313,,8,,,,,,,,,,,f472007e6a910ccd392ab3cf698e427f4f529bb034bb235408c599a71f45d160,1,1,
P4-RAW_RUN-67c64756fcc6,raw_run,P4_WITH_P5,P4_yaw_drift_causal_ablation_20260715,20260715,fly1,fly1_first_error_all_visual_yaw_gain_zero,full,SUCCESS_WITH_TRAJECTORY,RUNTIME_ONLY,COMPLIANT_EXPERIMENT_ROOT,C:/Users/baloney/Desktop/实验目录/P4_yaw_drift_causal_ablation_20260715/20260716_133506_screen_first_error_all_visual_yaw_gain_zero_both/fly1_first_error_all_visual_yaw_gain_zero,C:/Users/baloney/Desktop/实验目录/P4_yaw_drift_causal_ablation_20260715/20260716_133506_screen_first_error_all_visual_yaw_gain_zero_both/fly1_first_error_all_visual_yaw_gain_zero/traj_nav.txt,,930.0,1151.0,online_multisensor_alignment,baseline,guarded,12,,,0,6313,,8,,,,,,,,,,,3bfc22b484d77d81852a7c14bdd8afe6a6e9bf9e040da4c46d3ecb347b36f3fc,1,1,
P4-RAW_RUN-2d25a5497ed3,raw_run,P4_WITH_P5,P4_yaw_drift_causal_ablation_20260715,20260715,fly1,fly1_first_error_all_visual_yaw_gain_zero,full,SUCCESS_WITH_TRAJECTORY,RUNTIME_ONLY,COMPLIANT_EXPERIMENT_ROOT,C:/Users/baloney/Desktop/实验目录/P4_yaw_drift_causal_ablation_20260715/20260716_133900_screen_first_error_all_visual_yaw_gain_zero_both/fly1_first_error_all_visual_yaw_gain_zero,C:/Users/baloney/Desktop/实验目录/P4_yaw_drift_causal_ablation_20260715/20260716_133900_screen_first_error_all_visual_yaw_gain_zero_both/fly1_first_error_all_visual_yaw_gain_zero/traj_nav.txt,,930.0,1151.0,online_multisensor_alignment,baseline,guarded,12,,,0,6313,,8,,,,,,,,,,,4943bf3643448244f630d7f376b9d21d76507c46c116696b353a96ce9600c2e6,1,1,
P4-RAW_RUN-2e0b0110f74b,raw_run,P4_WITH_P5,P4_yaw_drift_causal_ablation_20260715,20260715,fly1,fly1_visual_roi_dynamic_turn,full,FAILED,RUNTIME_ONLY,COMPLIANT_EXPERIMENT_ROOT,C:/Users/baloney/Desktop/实验目录/P4_yaw_drift_causal_ablation_20260715/20260716_151753_screen_visual_roi_dynamic_turn_both/fly1_visual_roi_dynamic_turn,C:/Users/baloney/Desktop/实验目录/P4_yaw_drift_causal_ablation_20260715/20260716_151753_screen_visual_roi_dynamic_turn_both/fly1_visual_roi_dynamic_turn/traj_nav.txt,,930.0,1151.0,online_multisensor_alignment,baseline,guarded,12,,,143,4162,,8,,,,,,,,,,,c98594f5b665ec12337ce471645cae9a70499fd208415ac64ef2b8048860cdf9,1,1,
P4-RAW_RUN-ca1bd4771508,raw_run,P4_WITH_P5,P4_yaw_drift_causal_ablation_20260715,20260715,fly1,fly1_visual_roi_dynamic_turn,full,SUCCESS_WITH_TRAJECTORY,RUNTIME_ONLY,COMPLIANT_EXPERIMENT_ROOT,C:/Users/baloney/Desktop/实验目录/P4_yaw_drift_causal_ablation_20260715/20260716_152714_screen_visual_roi_dynamic_turn_both/fly1_visual_roi_dynamic_turn,C:/Users/baloney/Desktop/实验目录/P4_yaw_drift_causal_ablation_20260715/20260716_152714_screen_visual_roi_dynamic_turn_both/fly1_visual_roi_dynamic_turn/traj_nav.txt,,930.0,1151.0,online_multisensor_alignment,baseline,guarded,12,,,0,6313,,8,,,,,,,,,,,707d51bbccf0db5e8ecec2a998b99f891497b2c73f3ce877e0e23fd8cc6099a5,1,2,
P4-RAW_RUN-4c311d33a57c,raw_run,P4_WITH_P5,P4_yaw_drift_causal_ablation_20260715,20260715,fly1,fly1_control,full,SUCCESS_WITH_TRAJECTORY,RUNTIME_ONLY,COMPLIANT_EXPERIMENT_ROOT,C:/Users/baloney/Desktop/实验目录/P4_yaw_drift_causal_ablation_20260715/20260716_153115_screen_control_both/fly1_control,C:/Users/baloney/Desktop/实验目录/P4_yaw_drift_causal_ablation_20260715/20260716_153115_screen_control_both/fly1_control/traj_nav.txt,,930.0,1151.0,online_multisensor_alignment,baseline,guarded,12,,,0,6313,,8,,,,,,,,,,,ae85a93144a5bf6cef07975cd693aa7248f073ab900b7ed65e2795e43a57aaec,1,2,
P4-RAW_RUN-2bc0963d7958,raw_run,P4_WITH_P5,P4_yaw_drift_causal_ablation_20260715,20260715,fly1,fly1_agl_scale_shadow,full,SUCCESS_WITH_TRAJECTORY,RUNTIME_ONLY,COMPLIANT_EXPERIMENT_ROOT,C:/Users/baloney/Desktop/实验目录/P4_yaw_drift_causal_ablation_20260715/20260716_163014_screen_agl_scale_shadow_both/fly1_agl_scale_shadow,C:/Users/baloney/Desktop/实验目录/P4_yaw_drift_causal_ablation_20260715/20260716_163014_screen_agl_scale_shadow_both/fly1_agl_scale_shadow/traj_nav.txt,,930.0,1151.0,online_multisensor_alignment,baseline,,12,,,0,6313,,8,,,,,,,,,,,58530e417204344fec0fd3bd4841892b21e2a2d6a0b41cbc5fbedda3b2291716,1,1,
P4-RAW_RUN-47c695538843,raw_run,P4_WITH_P5,P4_yaw_drift_causal_ablation_20260715,20260715,fly1,fly1_no_gpsz,full,SUCCESS_WITH_TRAJECTORY,RUNTIME_ONLY,COMPLIANT_EXPERIMENT_ROOT,C:/Users/baloney/Desktop/实验目录/P4_yaw_drift_causal_ablation_20260715/20260716_163014_screen_no_gpsz_both/fly1_no_gpsz,C:/Users/baloney/Desktop/实验目录/P4_yaw_drift_causal_ablation_20260715/20260716_163014_screen_no_gpsz_both/fly1_no_gpsz/traj_nav.txt,,930.0,1151.0,online_multisensor_alignment,baseline,,12,,,0,6313,,8,,,,,,,,,,,41720b6811bb8138b5b86c8d4a62e6b2e2b11d3a98906cf6f36fcc7e0ad429d3,1,1,
P4-RAW_RUN-8b2e63ba918d,raw_run,P4_WITH_P5,P4_yaw_drift_causal_ablation_20260715,20260715,fly1,fly1_agl_scale_single,full,SUCCESS_WITH_TRAJECTORY,RUNTIME_ONLY,COMPLIANT_EXPERIMENT_ROOT,C:/Users/baloney/Desktop/实验目录/P4_yaw_drift_causal_ablation_20260715/20260716_164317_screen_agl_scale_single_both/fly1_agl_scale_single,C:/Users/baloney/Desktop/实验目录/P4_yaw_drift_causal_ablation_20260715/20260716_164317_screen_agl_scale_single_both/fly1_agl_scale_single/traj_nav.txt,,930.0,1151.0,online_multisensor_alignment,baseline,,12,,,0,6313,,8,,,,,,,,,,,0137f60c41f53d4baf1a771737bd3f0269d6a46a408d01bb2e9923611d0e3576,1,1,
P4-BATCH-5afb38dd4fe8,batch,P4_RELATED_UNCLASSIFIED,P4_yaw_drift_causal_ablation_20260715,20260715,fly3,20260716_111539_screen_first_turn_deep_diag_fly3,screen,BATCH_RECEIPT_PRESENT,ORCHESTRATION_ONLY,COMPLIANT_EXPERIMENT_ROOT,C:/Users/baloney/Desktop/实验目录/P4_yaw_drift_causal_ablation_20260715/20260716_111539_screen_first_turn_deep_diag_fly3,,,,,,,,,,,,,,,,,,,,,,,,,,,,batch_exit_codes.csv
P4-BATCH-334114fa8c11,batch,P4_RELATED_UNCLASSIFIED,P4_yaw_drift_causal_ablation_20260715,20260715,fly3,20260716_113018_screen_first_turn_deep_diag_fly3,screen,BATCH_RECEIPT_PRESENT,ORCHESTRATION_ONLY,COMPLIANT_EXPERIMENT_ROOT,C:/Users/baloney/Desktop/实验目录/P4_yaw_drift_causal_ablation_20260715/20260716_113018_screen_first_turn_deep_diag_fly3,,,,,,,,,,,,,,,,,,,,,,,,,,,,batch_exit_codes.csv
P4-BATCH-f2681a4770a8,batch,P4_RELATED_UNCLASSIFIED,P4_yaw_drift_causal_ablation_20260715,20260715,fly3,20260716_113410_screen_first_error_deep_diag_fly3,screen,BATCH_RECEIPT_PRESENT,ORCHESTRATION_ONLY,COMPLIANT_EXPERIMENT_ROOT,C:/Users/baloney/Desktop/实验目录/P4_yaw_drift_causal_ablation_20260715/20260716_113410_screen_first_error_deep_diag_fly3,,,,,,,,,,,,,,,,,,,,,,,,,,,,batch_exit_codes.csv
P4-BATCH-35540aa161f2,batch,P4_RELATED_UNCLASSIFIED,P4_yaw_drift_causal_ablation_20260715,20260715,fly3,20260716_115241_screen_control_fly3,screen,BATCH_RECEIPT_PRESENT,ORCHESTRATION_ONLY,COMPLIANT_EXPERIMENT_ROOT,C:/Users/baloney/Desktop/实验目录/P4_yaw_drift_causal_ablation_20260715/20260716_115241_screen_control_fly3,,,,,,,,,,,,,,,,,,,,,,,,,,,,batch_exit_codes.csv
P4-BATCH-491c94b95940,batch,P4_RELATED_UNCLASSIFIED,P4_yaw_drift_causal_ablation_20260715,20260715,fly3,20260716_120549_screen_gyro_z_scale_down_fly3,screen,BATCH_RECEIPT_PRESENT,ORCHESTRATION_ONLY,COMPLIANT_EXPERIMENT_ROOT,C:/Users/baloney/Desktop/实验目录/P4_yaw_drift_causal_ablation_20260715/20260716_120549_screen_gyro_z_scale_down_fly3,,,,,,,,,,,,,,,,,,,,,,,,,,,,batch_exit_codes.csv
P4-BATCH-70e5f9f33c7f,batch,P4_RELATED_UNCLASSIFIED,P4_yaw_drift_causal_ablation_20260715,20260715,fly3,20260716_120549_screen_gyro_z_scale_up_fly3,screen,BATCH_RECEIPT_PRESENT,ORCHESTRATION_ONLY,COMPLIANT_EXPERIMENT_ROOT,C:/Users/baloney/Desktop/实验目录/P4_yaw_drift_causal_ablation_20260715/20260716_120549_screen_gyro_z_scale_up_fly3,,,,,,,,,,,,,,,,,,,,,,,,,,,,batch_exit_codes.csv
P4-BATCH-e393d82a3249,batch,P4_RELATED_UNCLASSIFIED,P4_yaw_drift_causal_ablation_20260715,20260715,fly3,20260716_121320_screen_gyro_z_scale_down_fly3,screen,BATCH_RECEIPT_PRESENT,ORCHESTRATION_ONLY,COMPLIANT_EXPERIMENT_ROOT,C:/Users/baloney/Desktop/实验目录/P4_yaw_drift_causal_ablation_20260715/20260716_121320_screen_gyro_z_scale_down_fly3,,,,,,,,,,,,,,,,,,,,,,,,,,,,batch_exit_codes.csv
P4-BATCH-c7defca754b3,batch,P4_RELATED_UNCLASSIFIED,P4_yaw_drift_causal_ablation_20260715,20260715,fly3,20260716_121320_screen_gyro_z_scale_up_fly3,screen,BATCH_RECEIPT_PRESENT,ORCHESTRATION_ONLY,COMPLIANT_EXPERIMENT_ROOT,C:/Users/baloney/Desktop/实验目录/P4_yaw_drift_causal_ablation_20260715/20260716_121320_screen_gyro_z_scale_up_fly3,,,,,,,,,,,,,,,,,,,,,,,,,,,,batch_exit_codes.csv
P4-BATCH-eefc9a3335db,batch,P4_RELATED_UNCLASSIFIED,P4_yaw_drift_causal_ablation_20260715,20260715,fly3,20260716_123252_screen_gyro_z_turn_scale_down_fly3,screen,BATCH_RECEIPT_PRESENT,ORCHESTRATION_ONLY,COMPLIANT_EXPERIMENT_ROOT,C:/Users/baloney/Desktop/实验目录/P4_yaw_drift_causal_ablation_20260715/20260716_123252_screen_gyro_z_turn_scale_down_fly3,,,,,,,,,,,,,,,,,,,,,,,,,,,,batch_exit_codes.csv
P4-BATCH-80ea2a4ae477,batch,P4_RELATED_UNCLASSIFIED,P4_yaw_drift_causal_ablation_20260715,20260715,fly3,20260716_123252_screen_gyro_z_turn_scale_up_fly3,screen,BATCH_RECEIPT_PRESENT,ORCHESTRATION_ONLY,COMPLIANT_EXPERIMENT_ROOT,C:/Users/baloney/Desktop/实验目录/P4_yaw_drift_causal_ablation_20260715/20260716_123252_screen_gyro_z_turn_scale_up_fly3,,,,,,,,,,,,,,,,,,,,,,,,,,,,batch_exit_codes.csv
P4-BATCH-69daecad0d7f,batch,P4_RELATED_UNCLASSIFIED,P4_yaw_drift_causal_ablation_20260715,20260715,fly3,20260716_125103_screen_first_error_msckf_yaw_freeze_fly3,screen,BATCH_RECEIPT_PRESENT,ORCHESTRATION_ONLY,COMPLIANT_EXPERIMENT_ROOT,C:/Users/baloney/Desktop/实验目录/P4_yaw_drift_causal_ablation_20260715/20260716_125103_screen_first_error_msckf_yaw_freeze_fly3,,,,,,,,,,,,,,,,,,,,,,,,,,,,batch_exit_codes.csv
P4-BATCH-44d418af946d,batch,P4_RELATED_UNCLASSIFIED,P4_yaw_drift_causal_ablation_20260715,20260715,fly3,20260716_163907_screen_agl_scale_shadow_fly3,screen,BATCH_RECEIPT_PRESENT,ORCHESTRATION_ONLY,COMPLIANT_EXPERIMENT_ROOT,C:/Users/baloney/Desktop/实验目录/P4_yaw_drift_causal_ablation_20260715/20260716_163907_screen_agl_scale_shadow_fly3,,,,,,,,,,,,,,,,,,,,,,,,,,,,batch_exit_codes.csv
P4-BATCH-f3b756087252,batch,P4_RELATED_UNCLASSIFIED,P4_yaw_drift_causal_ablation_20260715,20260715,fly3,20260716_163907_screen_no_gpsz_fly3,screen,BATCH_RECEIPT_PRESENT,ORCHESTRATION_ONLY,COMPLIANT_EXPERIMENT_ROOT,C:/Users/baloney/Desktop/实验目录/P4_yaw_drift_causal_ablation_20260715/20260716_163907_screen_no_gpsz_fly3,,,,,,,,,,,,,,,,,,,,,,,,,,,,batch_exit_codes.csv
P4-EVALUATION-ab8b41e8caa5,evaluation,P4_RELATED_UNCLASSIFIED,P4_yaw_drift_causal_ablation_20260715,20260715,fly3,fly3_shadow,,EVALUATED,DIAGNOSTIC_EVALUATION,COMPLIANT_EXPERIMENT_ROOT,C:/Users/baloney/Desktop/实验目录/P4_yaw_drift_causal_ablation_20260715/20260716_AGL_SCENE_SCALE_CAUSAL_EVALUATION/absolute_navigation_no_post_alignment/fly3_shadow,,,,,,,,,,,,,,,,318.400000095,11.852642306399051,72.04022286770133,33.48816399746305,1.0260762410054187,1.5251495417399754,,,-75.28520599669248,,,,
P4-EVALUATION-05260b59f571,evaluation,P4_RELATED_UNCLASSIFIED,P4_yaw_drift_causal_ablation_20260715,20260715,fly3,fly3_single,,EVALUATED,DIAGNOSTIC_EVALUATION,COMPLIANT_EXPERIMENT_ROOT,C:/Users/baloney/Desktop/实验目录/P4_yaw_drift_causal_ablation_20260715/20260716_AGL_SCENE_SCALE_CAUSAL_EVALUATION/absolute_navigation_no_post_alignment/fly3_single,,,,,,,,,,,,,,,,318.400000095,11.852642306399051,145.75713604297644,157.0473733065422,2.7820835424403607,2.8692260877492526,,,-57.78881000969247,,,,
P4-EVALUATION-99a3bb99ab9c,evaluation,P4_RELATED_UNCLASSIFIED,P4_yaw_drift_causal_ablation_20260715,20260715,fly3,fly3_shadow,,EVALUATED,DIAGNOSTIC_EVALUATION,COMPLIANT_EXPERIMENT_ROOT,C:/Users/baloney/Desktop/实验目录/P4_yaw_drift_causal_ablation_20260715/20260716_AGL_SCENE_SCALE_CAUSAL_EVALUATION/start_heading/fly3_shadow,,,,,,,,,,,,,,,,318.400000095,11.852642306399051,77.01154495057249,41.9935427415145,1.026076241005418,1.5837378485436404,,,-75.30372972105452,,,,
P4-EVALUATION-a687584cc204,evaluation,P4_RELATED_UNCLASSIFIED,P4_yaw_drift_causal_ablation_20260715,20260715,fly3,fly3_single,,EVALUATED,DIAGNOSTIC_EVALUATION,COMPLIANT_EXPERIMENT_ROOT,C:/Users/baloney/Desktop/实验目录/P4_yaw_drift_causal_ablation_20260715/20260716_AGL_SCENE_SCALE_CAUSAL_EVALUATION/start_heading/fly3_single,,,,,,,,,,,,,,,,318.400000095,11.852642306399051,146.54132350424985,156.92822689133422,2.7820835424403603,2.8799266187419024,,,-57.80733373405451,,,,
P4-EVALUATION-425e2d80c1df,evaluation,P4_RELATED_UNCLASSIFIED,P4_yaw_drift_causal_ablation_20260715,20260715,fly3,fly3,,EVALUATED,DIAGNOSTIC_EVALUATION,COMPLIANT_EXPERIMENT_ROOT,C:/Users/baloney/Desktop/实验目录/P4_yaw_drift_causal_ablation_20260715/20260716_FAST_OUTPUT_EVALUATION/fly3,,,,,,,,,,,,,,,,253.200000048,9.03040938015823,90.17319446599544,98.27951427707404,0.8108687545436003,1.4074939480049127,,,-19.322516053587236,,,,
P4-EVALUATION-df11dc3af773,evaluation,P4_RELATED_UNCLASSIFIED,P4_yaw_drift_causal_ablation_20260715,20260715,fly3,fly3_all_visual_yaw_gain_zero,,EVALUATED,DIAGNOSTIC_EVALUATION,COMPLIANT_EXPERIMENT_ROOT,C:/Users/baloney/Desktop/实验目录/P4_yaw_drift_causal_ablation_20260715/20260716_FORMAL_ALL_VISUAL_YAW_GAIN_ZERO_COMPARE/fly3_all_visual_yaw_gain_zero,,,,,,,,,,,,,,,,253.200000048,9.03040938015823,94.36453495173733,103.17545373371942,0.8191843026890046,1.4419945948506216,,,-18.571523868587235,,,,
P4-EVALUATION-8f7d5145bc2e,evaluation,P4_RELATED_UNCLASSIFIED,P4_yaw_drift_causal_ablation_20260715,20260715,fly3,fly3_control,,EVALUATED,DIAGNOSTIC_EVALUATION,COMPLIANT_EXPERIMENT_ROOT,C:/Users/baloney/Desktop/实验目录/P4_yaw_drift_causal_ablation_20260715/20260716_FORMAL_ALL_VISUAL_YAW_GAIN_ZERO_COMPARE/fly3_control,,,,,,,,,,,,,,,,253.200000048,9.03040938015823,90.17319446599544,98.27951427707404,0.8108687545436003,1.4074939480049127,,,-19.322516053587236,,,,
P4-EVALUATION-491817a9e31c,evaluation,P4_RELATED_UNCLASSIFIED,P4_yaw_drift_causal_ablation_20260715,20260715,fly3,fly3_down,,EVALUATED,DIAGNOSTIC_EVALUATION,COMPLIANT_EXPERIMENT_ROOT,C:/Users/baloney/Desktop/实验目录/P4_yaw_drift_causal_ablation_20260715/20260716_GYRO_Z_SCALE_EVALUATION/fly3_down,,,,,,,,,,,,,,,,253.200000048,9.03040938015823,88.53914311705637,97.61106871627098,0.8136821391112656,1.3998279070224986,,,-17.81007370558723,,,,
P4-EVALUATION-41a670ba38aa,evaluation,P4_RELATED_UNCLASSIFIED,P4_yaw_drift_causal_ablation_20260715,20260715,fly3,fly3_up,,EVALUATED,DIAGNOSTIC_EVALUATION,COMPLIANT_EXPERIMENT_ROOT,C:/Users/baloney/Desktop/实验目录/P4_yaw_drift_causal_ablation_20260715/20260716_GYRO_Z_SCALE_EVALUATION/fly3_up,,,,,,,,,,,,,,,,253.200000048,9.03040938015823,88.17333608040968,95.52517545573534,0.7969748360624819,1.3823903643102309,,,-19.251184543587243,,,,
P4-EVALUATION-c614640f0820,evaluation,P4_RELATED_UNCLASSIFIED,P4_yaw_drift_causal_ablation_20260715,20260715,fly3,fly3_down,,EVALUATED,DIAGNOSTIC_EVALUATION,COMPLIANT_EXPERIMENT_ROOT,C:/Users/baloney/Desktop/实验目录/P4_yaw_drift_causal_ablation_20260715/20260716_GYRO_Z_TURN_SCALE_EVALUATION/fly3_down,,,,,,,,,,,,,,,,253.200000048,9.03040938015823,90.64366291275431,101.93229881941166,0.8129297555405485,1.4129958200104211,,,-19.921522384587234,,,,
P4-EVALUATION-d909f0e130e4,evaluation,P4_RELATED_UNCLASSIFIED,P4_yaw_drift_causal_ablation_20260715,20260715,fly3,fly3_up,,EVALUATED,DIAGNOSTIC_EVALUATION,COMPLIANT_EXPERIMENT_ROOT,C:/Users/baloney/Desktop/实验目录/P4_yaw_drift_causal_ablation_20260715/20260716_GYRO_Z_TURN_SCALE_EVALUATION/fly3_up,,,,,,,,,,,,,,,,253.200000048,9.03040938015823,88.57284035982318,93.59927869696979,0.8271996372380721,1.40695475046927,,,-18.70837714058723,,,,
P4-EVALUATION-c1b424f8b107,evaluation,P4_RELATED_UNCLASSIFIED,P4_yaw_drift_causal_ablation_20260715,20260715,fly3,fly3_control,,EVALUATED,DIAGNOSTIC_EVALUATION,COMPLIANT_EXPERIMENT_ROOT,C:/Users/baloney/Desktop/实验目录/P4_yaw_drift_causal_ablation_20260715/20260716_MSCKF_CURRENT_IMU_YAW_GAIN_ZERO_FORMAL/fly3_control,,,,,,,,,,,,,,,,253.200000048,9.03040938015823,90.17319446599544,98.27951427707404,0.8108687545436003,1.4074939480049127,,,-19.322516053587236,,,,
P4-EVALUATION-3d9697121026,evaluation,P4_RELATED_UNCLASSIFIED,P4_yaw_drift_causal_ablation_20260715,20260715,fly3,fly3_gain_zero,,EVALUATED,DIAGNOSTIC_EVALUATION,COMPLIANT_EXPERIMENT_ROOT,C:/Users/baloney/Desktop/实验目录/P4_yaw_drift_causal_ablation_20260715/20260716_MSCKF_CURRENT_IMU_YAW_GAIN_ZERO_FORMAL/fly3_gain_zero,,,,,,,,,,,,,,,,253.200000048,9.03040938015823,90.69764273591477,93.93453481370084,0.8318273042626674,1.4443440157248986,,,-18.69467964358725,,,,
P4-EVALUATION-7fe30b9cba80,evaluation,P4_RELATED_UNCLASSIFIED,P4_yaw_drift_causal_ablation_20260715,20260715,fly3,fly3_agl_causal,,EVALUATED,DIAGNOSTIC_EVALUATION,COMPLIANT_EXPERIMENT_ROOT,C:/Users/baloney/Desktop/实验目录/P4_yaw_drift_causal_ablation_20260715/20260716_agl_scene_scale_postprocess/formal_eval/fly3_agl_causal,,,,,,,,,,,,,,,,521.400000095,20.05485372316279,139.91411488982445,105.69034179344699,2.40076263618257,2.923292849284328,,,-12.163101119903672,,,,
P4-EVALUATION-2f42c27cb13f,evaluation,P4_RELATED_UNCLASSIFIED,P4_yaw_drift_causal_ablation_20260715,20260715,fly3,fly3_agl_static,,EVALUATED,DIAGNOSTIC_EVALUATION,COMPLIANT_EXPERIMENT_ROOT,C:/Users/baloney/Desktop/实验目录/P4_yaw_drift_causal_ablation_20260715/20260716_agl_scene_scale_postprocess/formal_eval/fly3_agl_static,,,,,,,,,,,,,,,,521.400000095,20.05485372316279,139.66247672752297,90.39081158856854,2.0548471089359346,2.5781897245208967,,,-10.663569461903649,,,,
P4-EVALUATION-1cfdadcf70b3,evaluation,P4_RELATED_UNCLASSIFIED,P4_yaw_drift_causal_ablation_20260715,20260715,fly3,fly3_control,,EVALUATED,DIAGNOSTIC_EVALUATION,COMPLIANT_EXPERIMENT_ROOT,C:/Users/baloney/Desktop/实验目录/P4_yaw_drift_causal_ablation_20260715/20260716_agl_scene_scale_postprocess/formal_eval/fly3_control,,,,,,,,,,,,,,,,521.400000095,20.05485372316279,87.309546341968,82.87507232360068,0.8948880602749607,1.8328435712998001,,,-0.164389045903647,,,,
P4-EVALUATION-02e99bceaab9,evaluation,P4_RELATED_UNCLASSIFIED,P4_yaw_drift_causal_ablation_20260715,20260715,fly3,fly3,focus,EVALUATED,DIAGNOSTIC_EVALUATION,COMPLIANT_EXPERIMENT_ROOT,C:/Users/baloney/Desktop/实验目录/P4_yaw_drift_causal_ablation_20260715/evaluation_focus/adaptive_stride_active/absolute_navigation_no_post_alignment/fly3,,,,,,,,,,,,,,,,521.400000095,20.05485372316279,104.836478415663,124.75746410599874,1.1268205079673914,1.9516841977578117,,,-0.0963173979036469,,,,
P4-EVALUATION-ffe4930b8e3f,evaluation,P4_RELATED_UNCLASSIFIED,P4_yaw_drift_causal_ablation_20260715,20260715,fly3,fly3,focus,EVALUATED,DIAGNOSTIC_EVALUATION,COMPLIANT_EXPERIMENT_ROOT,C:/Users/baloney/Desktop/实验目录/P4_yaw_drift_causal_ablation_20260715/evaluation_focus/adaptive_stride_active/start_heading/fly3,,,,,,,,,,,,,,,,521.400000095,20.05485372316279,113.08458457309828,134.44603754246793,1.1268205079673907,2.051778666009091,,,-0.09316639426569395,,,,
P4-EVALUATION-50485cdb85ee,evaluation,P4_RELATED_UNCLASSIFIED,P4_yaw_drift_causal_ablation_20260715,20260715,fly3,fly3,focus,EVALUATED,DIAGNOSTIC_EVALUATION,COMPLIANT_EXPERIMENT_ROOT,C:/Users/baloney/Desktop/实验目录/P4_yaw_drift_causal_ablation_20260715/evaluation_focus/cam_extrinsic_rot_minus/absolute_navigation_no_post_alignment/fly3,,,,,,,,,,,,,,,,521.400000095,20.05485372316279,87.25135462368377,107.53798268882547,0.934087088171427,1.7626026265002233,,,-0.15261332690366203,,,,
P4-EVALUATION-7bd8a166b74e,evaluation,P4_RELATED_UNCLASSIFIED,P4_yaw_drift_causal_ablation_20260715,20260715,fly3,fly3,focus,EVALUATED,DIAGNOSTIC_EVALUATION,COMPLIANT_EXPERIMENT_ROOT,C:/Users/baloney/Desktop/实验目录/P4_yaw_drift_causal_ablation_20260715/evaluation_focus/cam_extrinsic_rot_plus/absolute_navigation_no_post_alignment/fly3,,,,,,,,,,,,,,,,521.400000095,20.05485372316279,100.93908305779553,98.86625551247022,0.9502221963643552,2.0120878249592433,,,-0.18860155890365604,,,,
P4-EVALUATION-a4274d49b0b5,evaluation,P4_RELATED_UNCLASSIFIED,P4_yaw_drift_causal_ablation_20260715,20260715,fly3,fly3,focus,EVALUATED,DIAGNOSTIC_EVALUATION,COMPLIANT_EXPERIMENT_ROOT,C:/Users/baloney/Desktop/实验目录/P4_yaw_drift_causal_ablation_20260715/evaluation_focus/cam_extrinsic_x_minus/absolute_navigation_no_post_alignment/fly3,,,,,,,,,,,,,,,,521.400000095,20.05485372316279,88.1439635747565,99.54464956272552,0.9372928285858296,1.8480135758389595,,,-0.16403069990366248,,,,
P4-EVALUATION-7d24c1cf4535,evaluation,P4_RELATED_UNCLASSIFIED,P4_yaw_drift_causal_ablation_20260715,20260715,fly3,fly3,focus,EVALUATED,DIAGNOSTIC_EVALUATION,COMPLIANT_EXPERIMENT_ROOT,C:/Users/baloney/Desktop/实验目录/P4_yaw_drift_causal_ablation_20260715/evaluation_focus/cam_extrinsic_x_plus/absolute_navigation_no_post_alignment/fly3,,,,,,,,,,,,,,,,521.400000095,20.05485372316279,100.09210628097743,106.06402479640987,0.8723379010252431,1.8805391415983919,,,-0.1426571189036565,,,,
P4-EVALUATION-f7b02274c158,evaluation,P4_RELATED_UNCLASSIFIED,P4_yaw_drift_causal_ablation_20260715,20260715,fly3,fly3,focus,EVALUATED,DIAGNOSTIC_EVALUATION,COMPLIANT_EXPERIMENT_ROOT,C:/Users/baloney/Desktop/实验目录/P4_yaw_drift_causal_ablation_20260715/evaluation_focus/cam_extrinsic_y_minus/absolute_navigation_no_post_alignment/fly3,,,,,,,,,,,,,,,,521.400000095,20.05485372316279,93.50798262258573,100.73642056891542,0.9246884282862878,1.9050174576940182,,,-0.18225251290365918,,,,
P4-EVALUATION-4b9056e2d752,evaluation,P4_RELATED_UNCLASSIFIED,P4_yaw_drift_causal_ablation_20260715,20260715,fly3,fly3,focus,EVALUATED,DIAGNOSTIC_EVALUATION,COMPLIANT_EXPERIMENT_ROOT,C:/Users/baloney/Desktop/实验目录/P4_yaw_drift_causal_ablation_20260715/evaluation_focus/cam_extrinsic_y_plus/absolute_navigation_no_post_alignment/fly3,,,,,,,,,,,,,,,,521.400000095,20.05485372316279,77.38880145410474,67.54811154770951,0.9133622296395463,1.7590037976680457,,,-0.15632666890365954,,,,
P4-EVALUATION-85131130b5da,evaluation,P4_RELATED_UNCLASSIFIED,P4_yaw_drift_causal_ablation_20260715,20260715,fly3,fly3,focus,EVALUATED,DIAGNOSTIC_EVALUATION,COMPLIANT_EXPERIMENT_ROOT,C:/Users/baloney/Desktop/实验目录/P4_yaw_drift_causal_ablation_20260715/evaluation_focus/cam_extrinsic_z_minus/absolute_navigation_no_post_alignment/fly3,,,,,,,,,,,,,,,,521.400000095,20.05485372316279,88.07543134372631,93.80455821708239,0.8941741963746623,1.7544863457059032,,,-0.1640828809036634,,,,
P4-EVALUATION-a9856f7a1e3c,evaluation,P4_RELATED_UNCLASSIFIED,P4_yaw_drift_causal_ablation_20260715,20260715,fly3,fly3,focus,EVALUATED,DIAGNOSTIC_EVALUATION,COMPLIANT_EXPERIMENT_ROOT,C:/Users/baloney/Desktop/实验目录/P4_yaw_drift_causal_ablation_20260715/evaluation_focus/cam_extrinsic_z_plus/absolute_navigation_no_post_alignment/fly3,,,,,,,,,,,,,,,,521.400000095,20.05485372316279,95.11362328150518,98.21928865516661,0.9158842434008803,1.9197852197149703,,,-0.1889184759036482,,,,
P4-EVALUATION-fe42624b6aef,evaluation,P4_RELATED_UNCLASSIFIED,P4_yaw_drift_causal_ablation_20260715,20260715,fly3,fly3,focus,EVALUATED,DIAGNOSTIC_EVALUATION,COMPLIANT_EXPERIMENT_ROOT,C:/Users/baloney/Desktop/实验目录/P4_yaw_drift_causal_ablation_20260715/evaluation_focus/cam_toff_converged/absolute_navigation_no_post_alignment/fly3,,,,,,,,,,,,,,,,521.400000095,20.05485372316279,101.83170886899757,114.87022101829835,0.9191867061419461,1.9600933504860725,,,-0.16839808290365,,,,
P4-EVALUATION-101c25701498,evaluation,P4_RELATED_UNCLASSIFIED,P4_yaw_drift_causal_ablation_20260715,20260715,fly3,fly3,focus,EVALUATED,DIAGNOSTIC_EVALUATION,COMPLIANT_EXPERIMENT_ROOT,C:/Users/baloney/Desktop/实验目录/P4_yaw_drift_causal_ablation_20260715/evaluation_focus/cam_toff_converged/start_heading/fly3,,,,,,,,,,,,,,,,521.400000095,20.05485372316279,108.01763431899765,122.31978047008525,0.9191867061419459,2.0346379883420647,,,-0.13502646526569606,,,,
P4-EVALUATION-4d8c02f469ac,evaluation,P4_RELATED_UNCLASSIFIED,P4_yaw_drift_causal_ablation_20260715,20260715,fly3,fly3,focus,EVALUATED,DIAGNOSTIC_EVALUATION,COMPLIANT_EXPERIMENT_ROOT,C:/Users/baloney/Desktop/实验目录/P4_yaw_drift_causal_ablation_20260715/evaluation_focus/cam_toff_opposite/absolute_navigation_no_post_alignment/fly3,,,,,,,,,,,,,,,,521.400000095,20.05485372316279,84.15349477575316,75.46720518434081,0.8843653772828508,1.7803644835626697,,,-0.17554200690366883,,,,
P4-EVALUATION-1bc6cfb598ca,evaluation,P4_RELATED_UNCLASSIFIED,P4_yaw_drift_causal_ablation_20260715,20260715,fly3,fly3,focus,EVALUATED,DIAGNOSTIC_EVALUATION,COMPLIANT_EXPERIMENT_ROOT,C:/Users/baloney/Desktop/实验目录/P4_yaw_drift_causal_ablation_20260715/evaluation_focus/cam_toff_opposite/start_heading/fly3,,,,,,,,,,,,,,,,521.400000095,20.05485372316279,89.55772374170934,81.68944154255813,0.8843653772828507,1.8410833775191804,,,-0.14381896726570176,,,,
P4-EVALUATION-d867dc8c5ae5,evaluation,P4_RELATED_UNCLASSIFIED,P4_yaw_drift_causal_ablation_20260715,20260715,fly3,fly3,focus,EVALUATED,DIAGNOSTIC_EVALUATION,COMPLIANT_EXPERIMENT_ROOT,C:/Users/baloney/Desktop/实验目录/P4_yaw_drift_causal_ablation_20260715/evaluation_focus/centered_yaw_oc/absolute_navigation_no_post_alignment/fly3,,,,,,,,,,,,,,,,521.400000095,20.05485372316279,192.5065044649659,380.07225202255626,0.9268689408431425,2.3044094321530046,,,-0.2002873699036627,,,,
P4-EVALUATION-0a6658701846,evaluation,P4_RELATED_UNCLASSIFIED,P4_yaw_drift_causal_ablation_20260715,20260715,fly3,fly3,focus,EVALUATED,DIAGNOSTIC_EVALUATION,COMPLIANT_EXPERIMENT_ROOT,C:/Users/baloney/Desktop/实验目录/P4_yaw_drift_causal_ablation_20260715/evaluation_focus/control/absolute_navigation_no_post_alignment/fly3,,,,,,,,,,,,,,,,521.400000095,20.05485372316279,87.309546341968,82.87507232360068,0.8948880602749607,1.8328435712998001,,,-0.164389045903647,,,,
P4-EVALUATION-5a3cfe1decf6,evaluation,P4_RELATED_UNCLASSIFIED,P4_yaw_drift_causal_ablation_20260715,20260715,fly3,fly3,focus,EVALUATED,DIAGNOSTIC_EVALUATION,COMPLIANT_EXPERIMENT_ROOT,C:/Users/baloney/Desktop/实验目录/P4_yaw_drift_causal_ablation_20260715/evaluation_focus/control/start_heading/fly3,,,,,,,,,,,,,,,,521.400000095,20.05485372316279,93.16291397645598,89.69443721960329,0.8948880602749604,1.8999022153855312,,,-0.13181443926569614,,,,
P4-EVALUATION-918cd6b20700,evaluation,P4_RELATED_UNCLASSIFIED,P4_yaw_drift_causal_ablation_20260715,20260715,fly3,fly3,focus,EVALUATED,DIAGNOSTIC_EVALUATION,COMPLIANT_EXPERIMENT_ROOT,C:/Users/baloney/Desktop/实验目录/P4_yaw_drift_causal_ablation_20260715/evaluation_focus/fc_attitude_release/absolute_navigation_no_post_alignment/fly3,,,,,,,,,,,,,,,,521.400000095,20.05485372316279,89.55567624552151,104.93471884749799,0.8826559513060134,1.6696281998779579,,,-0.20013058390367178,,,,
P4-EVALUATION-75fe91c75cec,evaluation,P4_RELATED_UNCLASSIFIED,P4_yaw_drift_causal_ablation_20260715,20260715,fly3,fly3,focus,EVALUATED,DIAGNOSTIC_EVALUATION,COMPLIANT_EXPERIMENT_ROOT,C:/Users/baloney/Desktop/实验目录/P4_yaw_drift_causal_ablation_20260715/evaluation_focus/fc_attitude_release/start_heading/fly3,,,,,,,,,,,,,,,,521.400000095,20.05485372316279,121.783270986257,134.93074594521903,0.8826559513060134,2.1571732143024516,,,-0.1610999862657252,,,,
P4-EVALUATION-63c40caa9598,evaluation,P4_RELATED_UNCLASSIFIED,P4_yaw_drift_causal_ablation_20260715,20260715,fly3,fly3,focus,EVALUATED,DIAGNOSTIC_EVALUATION,COMPLIANT_EXPERIMENT_ROOT,C:/Users/baloney/Desktop/实验目录/P4_yaw_drift_causal_ablation_20260715/evaluation_focus/fc_yaw_aid/absolute_navigation_no_post_alignment/fly3,,,,,,,,,,,,,,,,521.400000095,20.05485372316279,63.817530106118426,97.29922073701421,0.9240105166913665,1.472674528396428,,,-0.15884215390366307,,,,
P4-EVALUATION-100288cb4c74,evaluation,P4_RELATED_UNCLASSIFIED,P4_yaw_drift_causal_ablation_20260715,20260715,fly3,fly3,focus,EVALUATED,DIAGNOSTIC_EVALUATION,COMPLIANT_EXPERIMENT_ROOT,C:/Users/baloney/Desktop/实验目录/P4_yaw_drift_causal_ablation_20260715/evaluation_focus/first_error_slam_freeze/absolute_navigation_no_post_alignment/fly3,,,,,,,,,,,,,,,,521.400000095,20.05485372316279,96.00027614691267,111.03351325479458,1.093472051794193,1.9722461993852678,,,-0.17155471090364927,,,,
P4-EVALUATION-5891fcc19bb0,evaluation,P4_RELATED_UNCLASSIFIED,P4_yaw_drift_causal_ablation_20260715,20260715,fly3,fly3,full,EVALUATED,DIAGNOSTIC_EVALUATION,COMPLIANT_EXPERIMENT_ROOT,C:/Users/baloney/Desktop/实验目录/P4_yaw_drift_causal_ablation_20260715/evaluation_focus/full_4d_oc/absolute_navigation_no_post_alignment/fly3,,,,,,,,,,,,,,,,521.400000095,20.05485372316279,144.13126388251231,173.03403462927636,0.9809718850374853,2.1709802550041917,,,-35.192821115903655,,,,
P4-EVALUATION-2b59d5a3f540,evaluation,P4_RELATED_UNCLASSIFIED,P4_yaw_drift_causal_ablation_20260715,20260715,fly3,fly3,full,EVALUATED,DIAGNOSTIC_EVALUATION,COMPLIANT_EXPERIMENT_ROOT,C:/Users/baloney/Desktop/实验目录/P4_yaw_drift_causal_ablation_20260715/evaluation_focus/full_rate_post_init/absolute_navigation_no_post_alignment/fly3,,,,,,,,,,,,,,,,521.400000095,20.05485372316279,139.29553479712712,175.6434458790953,1.143046327551353,2.109843203841892,,,0.3027208370963308,,,,
P4-EVALUATION-95828d8f4188,evaluation,P4_RELATED_UNCLASSIFIED,P4_yaw_drift_causal_ablation_20260715,20260715,fly3,fly3,full,EVALUATED,DIAGNOSTIC_EVALUATION,COMPLIANT_EXPERIMENT_ROOT,C:/Users/baloney/Desktop/实验目录/P4_yaw_drift_causal_ablation_20260715/evaluation_focus/full_rate_post_init/start_heading/fly3,,,,,,,,,,,,,,,,521.400000095,20.05485372316279,144.4260872633226,181.42862120835957,1.1430463275513532,2.200522906295728,,,0.2761135657342777,,,,
P4-EVALUATION-376e7b325c9e,evaluation,P4_RELATED_UNCLASSIFIED,P4_yaw_drift_causal_ablation_20260715,20260715,fly3,fly3,focus,EVALUATED,DIAGNOSTIC_EVALUATION,COMPLIANT_EXPERIMENT_ROOT,C:/Users/baloney/Desktop/实验目录/P4_yaw_drift_causal_ablation_20260715/evaluation_focus/gpsz_guard_pz_fallback/absolute_navigation_no_post_alignment/fly3,,,,,,,,,,,,,,,,521.400000095,20.05485372316279,137.19198027568387,214.9641623229769,1.0857922141408656,2.1875457805671013,,,-0.2238598879036715,,,,
P4-EVALUATION-94ee60a923d6,evaluation,P4_RELATED_UNCLASSIFIED,P4_yaw_drift_causal_ablation_20260715,20260715,fly3,fly3,focus,EVALUATED,DIAGNOSTIC_EVALUATION,COMPLIANT_EXPERIMENT_ROOT,C:/Users/baloney/Desktop/实验目录/P4_yaw_drift_causal_ablation_20260715/evaluation_focus/gpsz_guard_pz_fallback/start_heading/fly3,,,,,,,,,,,,,,,,521.400000095,20.05485372316279,141.6487086796489,219.67825134683738,1.085792214140866,2.2634401083043763,,,-0.19128528126572064,,,,
P4-EVALUATION-2091ff067dfe,evaluation,P4_RELATED_UNCLASSIFIED,P4_yaw_drift_causal_ablation_20260715,20260715,fly3,fly3,focus,EVALUATED,DIAGNOSTIC_EVALUATION,COMPLIANT_EXPERIMENT_ROOT,C:/Users/baloney/Desktop/实验目录/P4_yaw_drift_causal_ablation_20260715/evaluation_focus/gpsz_nasa_lean/absolute_navigation_no_post_alignment/fly3,,,,,,,,,,,,,,,,521.400000095,20.05485372316279,160.5036089530877,268.17289103935263,1.6635603595094148,2.281489987825393,,,-0.2404434259036634,,,,
P4-EVALUATION-f181cf3755aa,evaluation,P4_RELATED_UNCLASSIFIED,P4_yaw_drift_causal_ablation_20260715,20260715,fly3,fly3,focus,EVALUATED,DIAGNOSTIC_EVALUATION,COMPLIANT_EXPERIMENT_ROOT,C:/Users/baloney/Desktop/实验目录/P4_yaw_drift_causal_ablation_20260715/evaluation_focus/gpsz_nasa_lean/start_heading/fly3,,,,,,,,,,,,,,,,521.400000095,20.05485372316279,162.72025615031237,270.23310131917833,1.663560359509416,2.3355938925089084,,,-0.20786881926571255,,,,
P4-EVALUATION-8b402dcea2eb,evaluation,P4_RELATED_UNCLASSIFIED,P4_yaw_drift_causal_ablation_20260715,20260715,fly3,fly3,focus,EVALUATED,DIAGNOSTIC_EVALUATION,COMPLIANT_EXPERIMENT_ROOT,C:/Users/baloney/Desktop/实验目录/P4_yaw_drift_causal_ablation_20260715/evaluation_focus/gyro_z_minus/absolute_navigation_no_post_alignment/fly3,,,,,,,,,,,,,,,,521.400000095,20.05485372316279,96.48257659664144,104.91834535299446,0.8943703840729943,1.8995343289590034,,,-0.14019705390364834,,,,
P4-EVALUATION-1d3edf7ec248,evaluation,P4_RELATED_UNCLASSIFIED,P4_yaw_drift_causal_ablation_20260715,20260715,fly3,fly3,focus,EVALUATED,DIAGNOSTIC_EVALUATION,COMPLIANT_EXPERIMENT_ROOT,C:/Users/baloney/Desktop/实验目录/P4_yaw_drift_causal_ablation_20260715/evaluation_focus/gyro_z_minus/start_heading/fly3,,,,,,,,,,,,,,,,521.400000095,20.05485372316279,102.3826344452138,111.74785933954064,0.8943703840729941,1.9692047061240525,,,-0.10762244726569747,,,,
P4-EVALUATION-4c77514fe254,evaluation,P4_RELATED_UNCLASSIFIED,P4_yaw_drift_causal_ablation_20260715,20260715,fly3,fly3,focus,EVALUATED,DIAGNOSTIC_EVALUATION,COMPLIANT_EXPERIMENT_ROOT,C:/Users/baloney/Desktop/实验目录/P4_yaw_drift_causal_ablation_20260715/evaluation_focus/gyro_z_observed_minus/absolute_navigation_no_post_alignment/fly3,,,,,,,,,,,,,,,,521.400000095,20.05485372316279,92.250813118157,93.13332530919452,0.8936569967938085,1.8810593859056057,,,-0.14944861990366576,,,,
P4-EVALUATION-e96c0a2f2665,evaluation,P4_RELATED_UNCLASSIFIED,P4_yaw_drift_causal_ablation_20260715,20260715,fly3,fly3,focus,EVALUATED,DIAGNOSTIC_EVALUATION,COMPLIANT_EXPERIMENT_ROOT,C:/Users/baloney/Desktop/实验目录/P4_yaw_drift_causal_ablation_20260715/evaluation_focus/gyro_z_observed_minus/start_heading/fly3,,,,,,,,,,,,,,,,521.400000095,20.05485372316279,97.89343418058087,99.76403340159361,0.8936569967938084,1.9463643919939377,,,-0.1168740132657149,,,,
P4-EVALUATION-12bb18c6bec5,evaluation,P4_RELATED_UNCLASSIFIED,P4_yaw_drift_causal_ablation_20260715,20260715,fly3,fly3,focus,EVALUATED,DIAGNOSTIC_EVALUATION,COMPLIANT_EXPERIMENT_ROOT,C:/Users/baloney/Desktop/实验目录/P4_yaw_drift_causal_ablation_20260715/evaluation_focus/gyro_z_observed_plus/absolute_navigation_no_post_alignment/fly3,,,,,,,,,,,,,,,,521.400000095,20.05485372316279,88.36721412373495,91.89531403953171,0.9017473283020825,1.8165060377299287,,,-0.18544353990367313,,,,
P4-EVALUATION-784e33c6736c,evaluation,P4_RELATED_UNCLASSIFIED,P4_yaw_drift_causal_ablation_20260715,20260715,fly3,fly3,focus,EVALUATED,DIAGNOSTIC_EVALUATION,COMPLIANT_EXPERIMENT_ROOT,C:/Users/baloney/Desktop/实验目录/P4_yaw_drift_causal_ablation_20260715/evaluation_focus/gyro_z_observed_plus/start_heading/fly3,,,,,,,,,,,,,,,,521.400000095,20.05485372316279,94.45663448983166,98.80440486285063,0.9017473283020825,1.8861165448153072,,,-0.15286893326572226,,,,
P4-EVALUATION-4745ed693e40,evaluation,P4_RELATED_UNCLASSIFIED,P4_yaw_drift_causal_ablation_20260715,20260715,fly3,fly3,focus,EVALUATED,DIAGNOSTIC_EVALUATION,COMPLIANT_EXPERIMENT_ROOT,C:/Users/baloney/Desktop/实验目录/P4_yaw_drift_causal_ablation_20260715/evaluation_focus/gyro_z_plus/absolute_navigation_no_post_alignment/fly3,,,,,,,,,,,,,,,,521.400000095,20.05485372316279,84.63878433039851,77.30431373791626,0.8971518787499617,1.8151461717152304,,,-0.16632644490366033,,,,
P4-EVALUATION-a6c36fc8464c,evaluation,P4_RELATED_UNCLASSIFIED,P4_yaw_drift_causal_ablation_20260715,20260715,fly3,fly3,focus,EVALUATED,DIAGNOSTIC_EVALUATION,COMPLIANT_EXPERIMENT_ROOT,C:/Users/baloney/Desktop/实验目录/P4_yaw_drift_causal_ablation_20260715/evaluation_focus/gyro_z_plus/start_heading/fly3,,,,,,,,,,,,,,,,521.400000095,20.05485372316279,90.49963573872319,84.07184504699043,0.8971518787499618,1.8812875093062986,,,-0.13375183826570947,,,,
P4-EVALUATION-520fdc32d7f2,evaluation,P4_RELATED_UNCLASSIFIED,P4_yaw_drift_causal_ablation_20260715,20260715,fly3,fly3,focus,EVALUATED,DIAGNOSTIC_EVALUATION,COMPLIANT_EXPERIMENT_ROOT,C:/Users/baloney/Desktop/实验目录/P4_yaw_drift_causal_ablation_20260715/evaluation_focus/historical_global_baseline/start_heading/fly3,,,,,,,,,,,,,,,,1217.0,41.97849345062866,3170.72346014095,24128.9551750499,78.43730202905222,78.57480880899438,,,-0.21777868962490743,,,,
P4-EVALUATION-cde34afe7131,evaluation,P4_RELATED_UNCLASSIFIED,P4_yaw_drift_causal_ablation_20260715,20260715,fly3,fly3,focus,EVALUATED,DIAGNOSTIC_EVALUATION,COMPLIANT_EXPERIMENT_ROOT,C:/Users/baloney/Desktop/实验目录/P4_yaw_drift_causal_ablation_20260715/evaluation_focus/legacy_init_covariance/absolute_navigation_no_post_alignment/fly3,,,,,,,,,,,,,,,,521.400000095,20.05485372316279,811.105962694784,565.2346377990415,5.493763548915708,6.450048378278883,,,-385.96828594990365,,,,
P4-EVALUATION-b56c6b699ec9,evaluation,P4_RELATED_UNCLASSIFIED,P4_yaw_drift_causal_ablation_20260715,20260715,fly3,fly3,focus,EVALUATED,DIAGNOSTIC_EVALUATION,COMPLIANT_EXPERIMENT_ROOT,C:/Users/baloney/Desktop/实验目录/P4_yaw_drift_causal_ablation_20260715/evaluation_focus/legacy_init_covariance/start_heading/fly3,,,,,,,,,,,,,,,,521.400000095,20.05485372316279,813.7344984754442,558.5205295597852,5.493763548915708,6.506033866388078,,,-385.93571134326567,,,,
P4-EVALUATION-5b6c05f966d5,evaluation,P4_RELATED_UNCLASSIFIED,P4_yaw_drift_causal_ablation_20260715,20260715,fly3,fly3,focus,EVALUATED,DIAGNOSTIC_EVALUATION,COMPLIANT_EXPERIMENT_ROOT,C:/Users/baloney/Desktop/实验目录/P4_yaw_drift_causal_ablation_20260715/evaluation_focus/local_estimator_origin/absolute_navigation_no_post_alignment/fly3,,,,,,,,,,,,,,,,521.400000095,20.05485372316279,124.46388102557695,174.1823881257168,1.102356364926845,2.1176035237102657,,,-0.216073059903664,,,,
P4-EVALUATION-41f9518c5bf1,evaluation,P4_RELATED_UNCLASSIFIED,P4_yaw_drift_causal_ablation_20260715,20260715,fly3,fly3,focus,EVALUATED,DIAGNOSTIC_EVALUATION,COMPLIANT_EXPERIMENT_ROOT,C:/Users/baloney/Desktop/实验目录/P4_yaw_drift_causal_ablation_20260715/evaluation_focus/mechanism_control/absolute_navigation_no_post_alignment/fly3,,,,,,,,,,,,,,,,521.400000095,20.05485372316279,82.96360044805519,71.77324701264172,0.901969650829577,1.8041500997816737,,,-0.14197122790366734,,,,
P4-EVALUATION-40a9fa6e8047,evaluation,P4_RELATED_UNCLASSIFIED,P4_yaw_drift_causal_ablation_20260715,20260715,fly3,fly3,focus,EVALUATED,DIAGNOSTIC_EVALUATION,COMPLIANT_EXPERIMENT_ROOT,C:/Users/baloney/Desktop/实验目录/P4_yaw_drift_causal_ablation_20260715/evaluation_focus/mechanism_control/start_heading/fly3,,,,,,,,,,,,,,,,521.400000095,20.05485372316279,88.72606200763744,78.40413842007017,0.901969650829577,1.869325187631548,,,-0.10939662126571648,,,,
P4-EVALUATION-5fcedbdc79cf,evaluation,P4_RELATED_UNCLASSIFIED,P4_yaw_drift_causal_ablation_20260715,20260715,fly3,fly3,focus,EVALUATED,DIAGNOSTIC_EVALUATION,COMPLIANT_EXPERIMENT_ROOT,C:/Users/baloney/Desktop/实验目录/P4_yaw_drift_causal_ablation_20260715/evaluation_focus/no_gpsz/absolute_navigation_no_post_alignment/fly3,,,,,,,,,,,,,,,,521.400000095,20.05485372316279,215.86402246478286,363.95453733921295,1.9339193672422597,2.6182093851658306,,,-128.60996922790366,,,,
P4-EVALUATION-1f5de4a9e5ae,evaluation,P4_RELATED_UNCLASSIFIED,P4_yaw_drift_causal_ablation_20260715,20260715,fly3,fly3,focus,EVALUATED,DIAGNOSTIC_EVALUATION,COMPLIANT_EXPERIMENT_ROOT,C:/Users/baloney/Desktop/实验目录/P4_yaw_drift_causal_ablation_20260715/evaluation_focus/no_gpsz/start_heading/fly3,,,,,,,,,,,,,,,,521.400000095,20.05485372316279,217.91031678000476,366.9103208399555,1.9339193672422603,2.6755341725260036,,,-128.5773946212657,,,,
P4-EVALUATION-d98ba868b2cd,evaluation,P4_RELATED_UNCLASSIFIED,P4_yaw_drift_causal_ablation_20260715,20260715,fly3,fly3,focus,EVALUATED,DIAGNOSTIC_EVALUATION,COMPLIANT_EXPERIMENT_ROOT,C:/Users/baloney/Desktop/实验目录/P4_yaw_drift_causal_ablation_20260715/evaluation_focus/no_slam/absolute_navigation_no_post_alignment/fly3,,,,,,,,,,,,,,,,521.400000095,20.05485372316279,339.4347923967045,604.4649305306106,3.7337539894563245,4.040835545741516,,,-16.45847207790365,,,,
P4-EVALUATION-4665e145f443,evaluation,P4_RELATED_UNCLASSIFIED,P4_yaw_drift_causal_ablation_20260715,20260715,fly3,fly3,focus,EVALUATED,DIAGNOSTIC_EVALUATION,COMPLIANT_EXPERIMENT_ROOT,C:/Users/baloney/Desktop/实验目录/P4_yaw_drift_causal_ablation_20260715/evaluation_focus/no_slam/start_heading/fly3,,,,,,,,,,,,,,,,521.400000095,20.05485372316279,341.70006572244625,605.8654180099196,3.733753989456326,4.055798655725311,,,-16.4258974712657,,,,
P4-EVALUATION-6b3e91c2df94,evaluation,P4_RELATED_UNCLASSIFIED,P4_yaw_drift_causal_ablation_20260715,20260715,fly3,fly3,focus,EVALUATED,DIAGNOSTIC_EVALUATION,COMPLIANT_EXPERIMENT_ROOT,C:/Users/baloney/Desktop/实验目录/P4_yaw_drift_causal_ablation_20260715/evaluation_focus/no_visual_bgz/absolute_navigation_no_post_alignment/fly3,,,,,,,,,,,,,,,,521.400000095,20.05485372316279,84.90073312233922,87.6976978386988,0.9252126251789164,1.8531265373844221,,,-0.15834707690365235,,,,
P4-EVALUATION-4ef9930df82e,evaluation,P4_RELATED_UNCLASSIFIED,P4_yaw_drift_causal_ablation_20260715,20260715,fly3,fly3,focus,EVALUATED,DIAGNOSTIC_EVALUATION,COMPLIANT_EXPERIMENT_ROOT,C:/Users/baloney/Desktop/实验目录/P4_yaw_drift_causal_ablation_20260715/evaluation_focus/no_visual_bgz/start_heading/fly3,,,,,,,,,,,,,,,,521.400000095,20.05485372316279,90.8535288325722,95.51495973453495,0.9252126251789166,1.919852614470549,,,-0.12577247026570149,,,,
P4-EVALUATION-aa0c355378f8,evaluation,P4_RELATED_UNCLASSIFIED,P4_yaw_drift_causal_ablation_20260715,20260715,fly3,fly3,focus,EVALUATED,DIAGNOSTIC_EVALUATION,COMPLIANT_EXPERIMENT_ROOT,C:/Users/baloney/Desktop/实验目录/P4_yaw_drift_causal_ablation_20260715/evaluation_focus/no_visual_yaw/absolute_navigation_no_post_alignment/fly3,,,,,,,,,,,,,,,,521.400000095,20.05485372316279,2489.4188963092747,2410.6459206507484,3.3908383298287084,36.45548072662074,,,-404.00656255690365,,,,
P4-EVALUATION-c2e8c1e6eeab,evaluation,P4_RELATED_UNCLASSIFIED,P4_yaw_drift_causal_ablation_20260715,20260715,fly3,fly3,focus,EVALUATED,DIAGNOSTIC_EVALUATION,COMPLIANT_EXPERIMENT_ROOT,C:/Users/baloney/Desktop/实验目录/P4_yaw_drift_causal_ablation_20260715/evaluation_focus/no_visual_yaw/start_heading/fly3,,,,,,,,,,,,,,,,521.400000095,20.05485372316279,2487.646410301626,2407.9155234694317,3.3908383298287093,36.43036534125111,,,-403.9739879502657,,,,
P4-EVALUATION-47d8b1d87f67,evaluation,P4_RELATED_UNCLASSIFIED,P4_yaw_drift_causal_ablation_20260715,20260715,fly3,fly3,full,EVALUATED,DIAGNOSTIC_EVALUATION,COMPLIANT_EXPERIMENT_ROOT,C:/Users/baloney/Desktop/实验目录/P4_yaw_drift_causal_ablation_20260715/evaluation_focus/post_full_4d_oc/absolute_navigation_no_post_alignment/fly3,,,,,,,,,,,,,,,,521.400000095,20.05485372316279,157.90693810237744,227.5239039941767,1.002747285698993,2.1112069339633837,,,-0.12254591290366079,,,,
P4-EVALUATION-9dcbad82e99f,evaluation,P4_RELATED_UNCLASSIFIED,P4_yaw_drift_causal_ablation_20260715,20260715,fly3,fly3,focus,EVALUATED,DIAGNOSTIC_EVALUATION,COMPLIANT_EXPERIMENT_ROOT,C:/Users/baloney/Desktop/实验目录/P4_yaw_drift_causal_ablation_20260715/evaluation_focus/retain_bias/absolute_navigation_no_post_alignment/fly3,,,,,,,,,,,,,,,,521.400000095,20.05485372316279,88.60102303001682,85.06366007976871,0.9717957474633496,1.7988162451869973,,,-0.13193703990364725,,,,
P4-EVALUATION-17b1817ae71a,evaluation,P4_RELATED_UNCLASSIFIED,P4_yaw_drift_causal_ablation_20260715,20260715,fly3,fly3,focus,EVALUATED,DIAGNOSTIC_EVALUATION,COMPLIANT_EXPERIMENT_ROOT,C:/Users/baloney/Desktop/实验目录/P4_yaw_drift_causal_ablation_20260715/evaluation_focus/retain_bias/start_heading/fly3,,,,,,,,,,,,,,,,521.400000095,20.05485372316279,93.26407258536236,90.73236931491557,0.9717957474633492,1.8478913758824724,,,-0.09974490926569501,,,,
P4-EVALUATION-e0cde4c848d2,evaluation,P4_RELATED_UNCLASSIFIED,P4_yaw_drift_causal_ablation_20260715,20260715,fly3,fly3,focus,EVALUATED,DIAGNOSTIC_EVALUATION,COMPLIANT_EXPERIMENT_ROOT,C:/Users/baloney/Desktop/实验目录/P4_yaw_drift_causal_ablation_20260715/evaluation_focus/targeted_slam_freeze/absolute_navigation_no_post_alignment/fly3,,,,,,,,,,,,,,,,521.400000095,20.05485372316279,120.27279833218975,160.65276615993685,1.1770630118137222,2.091876190007043,,,-0.1456441949036673,,,,
P4-EVALUATION-6e7844117085,evaluation,P4_RELATED_UNCLASSIFIED,P4_yaw_drift_causal_ablation_20260715,20260715,fly3,fly3,focus,EVALUATED,DIAGNOSTIC_EVALUATION,COMPLIANT_EXPERIMENT_ROOT,C:/Users/baloney/Desktop/实验目录/P4_yaw_drift_causal_ablation_20260715/evaluation_focus/targeted_slam_freeze/start_heading/fly3,,,,,,,,,,,,,,,,521.400000095,20.05485372316279,126.01442827567256,166.916557764903,1.1770630118137217,2.1579602037645986,,,-0.11306958826571645,,,,
P4-EVALUATION-4ffe3ff0e6d2,evaluation,P4_RELATED_UNCLASSIFIED,P4_yaw_drift_causal_ablation_20260715,20260715,fly3,fly3,focus,EVALUATED,DIAGNOSTIC_EVALUATION,COMPLIANT_EXPERIMENT_ROOT,C:/Users/baloney/Desktop/实验目录/P4_yaw_drift_causal_ablation_20260715/evaluation_focus/yaw_fej/absolute_navigation_no_post_alignment/fly3,,,,,,,,,,,,,,,,521.400000095,20.05485372316279,152.62490545033694,187.1110930886868,0.9842122499095515,2.236521945431631,,,-34.580055069903665,,,,
P4-EVALUATION-11392e9c2e69,evaluation,P4_RELATED_UNCLASSIFIED,P4_yaw_drift_causal_ablation_20260715,20260715,fly3,fly3,focus,EVALUATED,DIAGNOSTIC_EVALUATION,COMPLIANT_EXPERIMENT_ROOT,C:/Users/baloney/Desktop/实验目录/P4_yaw_drift_causal_ablation_20260715/evaluation_focus/yaw_fej/start_heading/fly3,,,,,,,,,,,,,,,,521.400000095,20.05485372316279,158.57804026610037,193.12300754901509,0.9842122499095513,2.318326347475495,,,-34.547480463265714,,,,
P4-EVALUATION-a9a9bde285ad,evaluation,P4_RELATED_UNCLASSIFIED,P4_yaw_drift_causal_ablation_20260715,20260715,fly3,fly3_control,screen,EVALUATED,DIAGNOSTIC_EVALUATION,COMPLIANT_EXPERIMENT_ROOT,C:/Users/baloney/Desktop/实验目录/P4_yaw_drift_causal_ablation_20260715/evaluation_screen_roi_20260716/fly3_control,,,,,,,,,,,,,,,,318.200000048,11.843778687778993,80.61547430039873,97.87279225010451,0.8449938134307619,1.5507086837198525,,,-18.57546955858723,,,,
P4-EVALUATION-285c7e16130d,evaluation,P4_RELATED_UNCLASSIFIED,P4_yaw_drift_causal_ablation_20260715,20260715,fly3,fly3_visual_roi_bottom,screen,EVALUATED,DIAGNOSTIC_EVALUATION,COMPLIANT_EXPERIMENT_ROOT,C:/Users/baloney/Desktop/实验目录/P4_yaw_drift_causal_ablation_20260715/evaluation_screen_roi_20260716/fly3_visual_roi_bottom,,,,,,,,,,,,,,,,318.200000048,11.843778687778993,3123.2913468352613,6329.818960416487,36.97439874789488,41.23282307144139,,,-900.3553982655873,,,,
P4-EVALUATION-01015abc1b4a,evaluation,P4_RELATED_UNCLASSIFIED,P4_yaw_drift_causal_ablation_20260715,20260715,fly3,fly3_visual_roi_center,screen,EVALUATED,DIAGNOSTIC_EVALUATION,COMPLIANT_EXPERIMENT_ROOT,C:/Users/baloney/Desktop/实验目录/P4_yaw_drift_causal_ablation_20260715/evaluation_screen_roi_20260716/fly3_visual_roi_center,,,,,,,,,,,,,,,,318.200000048,11.843778687778993,766.0506115013543,1123.0465435251892,8.215386563454988,8.812124351096644,,,-261.54164423858725,,,,
P4-EVALUATION-db69bb28fbb6,evaluation,P4_RELATED_UNCLASSIFIED,P4_yaw_drift_causal_ablation_20260715,20260715,fly3,fly3_visual_roi_left,screen,EVALUATED,DIAGNOSTIC_EVALUATION,COMPLIANT_EXPERIMENT_ROOT,C:/Users/baloney/Desktop/实验目录/P4_yaw_drift_causal_ablation_20260715/evaluation_screen_roi_20260716/fly3_visual_roi_left,,,,,,,,,,,,,,,,318.200000048,11.843778687778993,243.1847743186925,357.72631167730935,2.3185110029027745,2.778103428987333,,,-35.34736101658723,,,,
P4-EVALUATION-a68d9afecf1e,evaluation,P4_RELATED_UNCLASSIFIED,P4_yaw_drift_causal_ablation_20260715,20260715,fly3,fly3_visual_roi_right,screen,EVALUATED,DIAGNOSTIC_EVALUATION,COMPLIANT_EXPERIMENT_ROOT,C:/Users/baloney/Desktop/实验目录/P4_yaw_drift_causal_ablation_20260715/evaluation_screen_roi_20260716/fly3_visual_roi_right,,,,,,,,,,,,,,,,318.200000048,11.843778687778993,521.7265458471832,796.7005930112117,4.74223007550941,5.13570288883744,,,-33.52065761358725,,,,
P4-EVALUATION-4f916d78211f,evaluation,P4_RELATED_UNCLASSIFIED,P4_yaw_drift_causal_ablation_20260715,20260715,fly3,fly3_visual_roi_top,screen,EVALUATED,DIAGNOSTIC_EVALUATION,COMPLIANT_EXPERIMENT_ROOT,C:/Users/baloney/Desktop/实验目录/P4_yaw_drift_causal_ablation_20260715/evaluation_screen_roi_20260716/fly3_visual_roi_top,,,,,,,,,,,,,,,,318.200000048,11.843778687778993,1154.7233886146182,2333.8725445950763,11.236846853226389,11.97572506480115,,,-19.513024754587235,,,,
P4-RAW_RUN-f86274a4e109,raw_run,P4_WITH_P5,P4_yaw_drift_causal_ablation_20260715,20260715,fly3,fly3_control,full,SUCCESS_WITH_TRAJECTORY,RUNTIME_ONLY,COMPLIANT_EXPERIMENT_ROOT,C:/Users/baloney/Desktop/实验目录/P4_yaw_drift_causal_ablation_20260715/20260715_205002_focus_control_both/fly3_control,C:/Users/baloney/Desktop/实验目录/P4_yaw_drift_causal_ablation_20260715/20260715_205002_focus_control_both/fly3_control/traj_nav.txt,,618.0,1150.0,online_multisensor_alignment,baseline,guarded,12,,,0,15644,,8,,,,,,,,,,,afaf2f5e7a375deed46ef44b62f7cd74b0722d0b3183b285be1a2aab64b84e6b,1,1,
P4-RAW_RUN-ee5b16028e31,raw_run,P4_WITH_P5,P4_yaw_drift_causal_ablation_20260715,20260715,fly3,fly3_no_gpsz,full,SUCCESS_WITH_TRAJECTORY,RUNTIME_ONLY,COMPLIANT_EXPERIMENT_ROOT,C:/Users/baloney/Desktop/实验目录/P4_yaw_drift_causal_ablation_20260715/20260715_205002_focus_no_gpsz_both/fly3_no_gpsz,C:/Users/baloney/Desktop/实验目录/P4_yaw_drift_causal_ablation_20260715/20260715_205002_focus_no_gpsz_both/fly3_no_gpsz/traj_nav.txt,,618.0,1150.0,online_multisensor_alignment,baseline,,12,,,0,15644,,8,,,,,,,,,,,77ab3004fcff1084bd1b630d6ba545316317d97c8fabbe0f0b786aeeb5555300,1,1,
P4-RAW_RUN-adc47224852a,raw_run,P4_WITH_P5,P4_yaw_drift_causal_ablation_20260715,20260715,fly3,fly3_retain_bias,full,SUCCESS_WITH_TRAJECTORY,RUNTIME_ONLY,COMPLIANT_EXPERIMENT_ROOT,C:/Users/baloney/Desktop/实验目录/P4_yaw_drift_causal_ablation_20260715/20260715_205002_focus_retain_bias_both/fly3_retain_bias,C:/Users/baloney/Desktop/实验目录/P4_yaw_drift_causal_ablation_20260715/20260715_205002_focus_retain_bias_both/fly3_retain_bias/traj_nav.txt,,618.0,1150.0,online_multisensor_alignment,baseline,guarded,12,,,0,15644,,8,,,,,,,,,,,c88680f934de849ff9e1b1e592089b652406b43172ed3a09c3f52b042810efe9,1,1,
P4-RAW_RUN-3741dc67af2a,raw_run,P4_WITH_P5,P4_yaw_drift_causal_ablation_20260715,20260715,fly3,fly3_yaw_fej,full,SUCCESS_WITH_TRAJECTORY,RUNTIME_ONLY,COMPLIANT_EXPERIMENT_ROOT,C:/Users/baloney/Desktop/实验目录/P4_yaw_drift_causal_ablation_20260715/20260715_205002_focus_yaw_fej_both/fly3_yaw_fej,C:/Users/baloney/Desktop/实验目录/P4_yaw_drift_causal_ablation_20260715/20260715_205002_focus_yaw_fej_both/fly3_yaw_fej/traj_nav.txt,,618.0,1150.0,online_multisensor_alignment,fej,guarded,12,,,0,15644,,8,,,,,,,,,,,9cd4dfbfa2a18af755c8d3ccc777f67a67cec0920d5047bb600d9267d3eab79b,1,1,
P4-RAW_RUN-1cf30756e042,raw_run,P4_WITH_P5,P4_yaw_drift_causal_ablation_20260715,20260715,fly3,fly3_mechanism_control,full,SUCCESS_WITH_TRAJECTORY,RUNTIME_ONLY,COMPLIANT_EXPERIMENT_ROOT,C:/Users/baloney/Desktop/实验目录/P4_yaw_drift_causal_ablation_20260715/20260715_210856_focus_mechanism_control_both/fly3_mechanism_control,C:/Users/baloney/Desktop/实验目录/P4_yaw_drift_causal_ablation_20260715/20260715_210856_focus_mechanism_control_both/fly3_mechanism_control/traj_nav.txt,,618.0,1150.0,online_multisensor_alignment,baseline,guarded,12,,,0,15644,,8,,,,,,,,,,,3632e811425c8e5887ab9edaf6c2782c4486a7ec28447f6b316915ce23869759,1,1,
P4-RAW_RUN-785b525fce02,raw_run,P4_WITH_P5,P4_yaw_drift_causal_ablation_20260715,20260715,fly3,fly3_no_visual_bgz,full,SUCCESS_WITH_TRAJECTORY,RUNTIME_ONLY,COMPLIANT_EXPERIMENT_ROOT,C:/Users/baloney/Desktop/实验目录/P4_yaw_drift_causal_ablation_20260715/20260715_210856_focus_no_visual_bgz_both/fly3_no_visual_bgz,C:/Users/baloney/Desktop/实验目录/P4_yaw_drift_causal_ablation_20260715/20260715_210856_focus_no_visual_bgz_both/fly3_no_visual_bgz/traj_nav.txt,,618.0,1150.0,online_multisensor_alignment,baseline,guarded,12,,,0,15644,,8,,,,,,,,,,,d1522ee4a40af4946a01111ca651a90ed858e70ecfdd67b6b2792d3c1a22a2b9,1,1,
P4-RAW_RUN-bec9dbe6e2b4,raw_run,P4_WITH_P5,P4_yaw_drift_causal_ablation_20260715,20260715,fly3,fly3_no_visual_yaw,full,SUCCESS_WITH_TRAJECTORY,RUNTIME_ONLY,COMPLIANT_EXPERIMENT_ROOT,C:/Users/baloney/Desktop/实验目录/P4_yaw_drift_causal_ablation_20260715/20260715_210856_focus_no_visual_yaw_both/fly3_no_visual_yaw,C:/Users/baloney/Desktop/实验目录/P4_yaw_drift_causal_ablation_20260715/20260715_210856_focus_no_visual_yaw_both/fly3_no_visual_yaw/traj_nav.txt,,618.0,1150.0,online_multisensor_alignment,,guarded,12,,,0,15644,,8,,,,,,,,,,,f943424e0401d02f81f942d51606cbdab92a174c4bbdcf4c155fd6c6b0739022,1,1,
P4-RAW_RUN-907b2d9eee63,raw_run,P4_WITH_P5,P4_yaw_drift_causal_ablation_20260715,20260715,fly3,fly3_gyro_z_minus,full,SUCCESS_WITH_TRAJECTORY,RUNTIME_ONLY,COMPLIANT_EXPERIMENT_ROOT,C:/Users/baloney/Desktop/实验目录/P4_yaw_drift_causal_ablation_20260715/20260715_213933_focus_gyro_z_minus_both/fly3_gyro_z_minus,C:/Users/baloney/Desktop/实验目录/P4_yaw_drift_causal_ablation_20260715/20260715_213933_focus_gyro_z_minus_both/fly3_gyro_z_minus/traj_nav.txt,,618.0,1150.0,online_multisensor_alignment,baseline,guarded,12,,,0,15644,,8,,,,,,,,,,,5a28103af402bb2ceb22a13ce9e242be226067cef4f3608c7cdd4dbc038459a0,1,1,
P4-RAW_RUN-5bd194ce111c,raw_run,P4_WITH_P5,P4_yaw_drift_causal_ablation_20260715,20260715,fly3,fly3_gyro_z_plus,full,SUCCESS_WITH_TRAJECTORY,RUNTIME_ONLY,COMPLIANT_EXPERIMENT_ROOT,C:/Users/baloney/Desktop/实验目录/P4_yaw_drift_causal_ablation_20260715/20260715_213933_focus_gyro_z_plus_both/fly3_gyro_z_plus,C:/Users/baloney/Desktop/实验目录/P4_yaw_drift_causal_ablation_20260715/20260715_213933_focus_gyro_z_plus_both/fly3_gyro_z_plus/traj_nav.txt,,618.0,1150.0,online_multisensor_alignment,baseline,guarded,12,,,0,15644,,8,,,,,,,,,,,713e236c8998ac9cc59533a329fc0e4add179daee6c8324bb84807d626b8064c,1,1,
P4-RAW_RUN-64009fce874d,raw_run,P4_WITH_P5,P4_yaw_drift_causal_ablation_20260715,20260715,fly3,fly3_gpsz_nasa_lean,full,SUCCESS_WITH_TRAJECTORY,RUNTIME_ONLY,COMPLIANT_EXPERIMENT_ROOT,C:/Users/baloney/Desktop/实验目录/P4_yaw_drift_causal_ablation_20260715/20260715_220129_focus_gpsz_nasa_lean_both/fly3_gpsz_nasa_lean,C:/Users/baloney/Desktop/实验目录/P4_yaw_drift_causal_ablation_20260715/20260715_220129_focus_gpsz_nasa_lean_both/fly3_gpsz_nasa_lean/traj_nav.txt,,618.0,1150.0,online_multisensor_alignment,baseline,nasa-lean,12,,,0,15644,,8,,,,,,,,,,,76b22a98e762ed0e9b14ccedf4b87372ae0385241bf05485319f947a34a0c08d,1,1,
P4-RAW_RUN-13add2f24fe9,raw_run,P4_WITH_P5,P4_yaw_drift_causal_ablation_20260715,20260715,fly3,fly3_no_slam,full,SUCCESS_WITH_TRAJECTORY,RUNTIME_ONLY,COMPLIANT_EXPERIMENT_ROOT,C:/Users/baloney/Desktop/实验目录/P4_yaw_drift_causal_ablation_20260715/20260715_220129_focus_no_slam_both/fly3_no_slam,C:/Users/baloney/Desktop/实验目录/P4_yaw_drift_causal_ablation_20260715/20260715_220129_focus_no_slam_both/fly3_no_slam/traj_nav.txt,,618.0,1150.0,online_multisensor_alignment,baseline,guarded,12,,,0,15644,,8,,,,,,,,,,,ef6c8537773c64d6e5e0e78040477dab3d5cea3b6d675f8212e822b26522f427,1,1,
P4-RAW_RUN-4b652c24dc68,raw_run,P4_WITH_P5,P4_yaw_drift_causal_ablation_20260715,20260715,fly3,fly3_no_slam,full,SUCCESS_WITH_TRAJECTORY,RUNTIME_ONLY,COMPLIANT_EXPERIMENT_ROOT,C:/Users/baloney/Desktop/实验目录/P4_yaw_drift_causal_ablation_20260715/20260715_221540_focus_no_slam_both/fly3_no_slam,C:/Users/baloney/Desktop/实验目录/P4_yaw_drift_causal_ablation_20260715/20260715_221540_focus_no_slam_both/fly3_no_slam/traj_nav.txt,,618.0,1150.0,online_multisensor_alignment,baseline,guarded,12,,,0,15644,,8,,,,,,,,,,,109c07412847e0292293682d4e838df3546de85009d020916a8146c14f932fe8,1,1,
P4-RAW_RUN-85ed9f82ba9f,raw_run,P4_WITH_P5,P4_yaw_drift_causal_ablation_20260715,20260715,fly3,fly3_legacy_init_covariance,full,SUCCESS_WITH_TRAJECTORY,RUNTIME_ONLY,COMPLIANT_EXPERIMENT_ROOT,C:/Users/baloney/Desktop/实验目录/P4_yaw_drift_causal_ablation_20260715/20260715_224220_focus_legacy_init_covariance_both/fly3_legacy_init_covariance,C:/Users/baloney/Desktop/实验目录/P4_yaw_drift_causal_ablation_20260715/20260715_224220_focus_legacy_init_covariance_both/fly3_legacy_init_covariance/traj_nav.txt,,618.0,1150.0,online_multisensor_alignment,baseline,guarded,12,,,0,15644,,8,,,,,,,,,,,326b3986cf045b6f751dd3e02e58ddcdd7b8220db120363f52c5739e0070a6ea,1,1,
P4-RAW_RUN-b14e42904753,raw_run,P4_WITH_P5,P4_yaw_drift_causal_ablation_20260715,20260715,fly3,fly3_targeted_slam_freeze,full,SUCCESS_WITH_TRAJECTORY,RUNTIME_ONLY,COMPLIANT_EXPERIMENT_ROOT,C:/Users/baloney/Desktop/实验目录/P4_yaw_drift_causal_ablation_20260715/20260715_224805_focus_targeted_slam_freeze_both/fly3_targeted_slam_freeze,C:/Users/baloney/Desktop/实验目录/P4_yaw_drift_causal_ablation_20260715/20260715_224805_focus_targeted_slam_freeze_both/fly3_targeted_slam_freeze/traj_nav.txt,,618.0,1150.0,online_multisensor_alignment,baseline,guarded,12,,,0,15644,,8,,,,,,,,,,,0ddf70f772bb876f735cb1efc29a05ce06c197763742991c077f8a3670bdf112,1,1,
P4-RAW_RUN-4f3193dc306a,raw_run,P4_WITH_P5,P4_yaw_drift_causal_ablation_20260715,20260715,fly3,fly3_gpsz_guard_pz_fallback,full,SUCCESS_WITH_TRAJECTORY,RUNTIME_ONLY,COMPLIANT_EXPERIMENT_ROOT,C:/Users/baloney/Desktop/实验目录/P4_yaw_drift_causal_ablation_20260715/20260715_231432_focus_gpsz_guard_pz_fallback_both/fly3_gpsz_guard_pz_fallback,C:/Users/baloney/Desktop/实验目录/P4_yaw_drift_causal_ablation_20260715/20260715_231432_focus_gpsz_guard_pz_fallback_both/fly3_gpsz_guard_pz_fallback/traj_nav.txt,,618.0,1150.0,online_multisensor_alignment,baseline,guarded,12,,,0,15644,,8,,,,,,,,,,,af2e0785da2a65a742ba9aaddfdeecb852aa6e46c229f4841f576b6b1514cef5,1,1,
P4-RAW_RUN-a3cc7c204f17,raw_run,P4_WITH_P5,P4_yaw_drift_causal_ablation_20260715,20260715,fly3,fly3_gyro_z_observed_minus,full,SUCCESS_WITH_TRAJECTORY,RUNTIME_ONLY,COMPLIANT_EXPERIMENT_ROOT,C:/Users/baloney/Desktop/实验目录/P4_yaw_drift_causal_ablation_20260715/20260715_232853_focus_gyro_z_observed_minus_both/fly3_gyro_z_observed_minus,C:/Users/baloney/Desktop/实验目录/P4_yaw_drift_causal_ablation_20260715/20260715_232853_focus_gyro_z_observed_minus_both/fly3_gyro_z_observed_minus/traj_nav.txt,,618.0,1150.0,online_multisensor_alignment,baseline,guarded,12,,,0,15644,,8,,,,,,,,,,,7f9a1d22a49a2a7f17ee6aa0607ff5208898b98557171bb8bdd3edb1cc25e7e9,1,1,
P4-RAW_RUN-c85e314185a7,raw_run,P4_WITH_P5,P4_yaw_drift_causal_ablation_20260715,20260715,fly3,fly3_gyro_z_observed_plus,full,SUCCESS_WITH_TRAJECTORY,RUNTIME_ONLY,COMPLIANT_EXPERIMENT_ROOT,C:/Users/baloney/Desktop/实验目录/P4_yaw_drift_causal_ablation_20260715/20260715_232853_focus_gyro_z_observed_plus_both/fly3_gyro_z_observed_plus,C:/Users/baloney/Desktop/实验目录/P4_yaw_drift_causal_ablation_20260715/20260715_232853_focus_gyro_z_observed_plus_both/fly3_gyro_z_observed_plus/traj_nav.txt,,618.0,1150.0,online_multisensor_alignment,baseline,guarded,12,,,0,15644,,8,,,,,,,,,,,0a68dabe9933b940c2263faf207158ab05584df11497c3eef1bd8cb911c466f1,1,1,
P4-RAW_RUN-f19469ec3f31,raw_run,P4_WITH_P5,P4_yaw_drift_causal_ablation_20260715,20260715,fly3,fly3_fc_attitude_release,full,SUCCESS_WITH_TRAJECTORY,RUNTIME_ONLY,COMPLIANT_EXPERIMENT_ROOT,C:/Users/baloney/Desktop/实验目录/P4_yaw_drift_causal_ablation_20260715/20260715_234520_focus_fc_attitude_release_both/fly3_fc_attitude_release,C:/Users/baloney/Desktop/实验目录/P4_yaw_drift_causal_ablation_20260715/20260715_234520_focus_fc_attitude_release_both/fly3_fc_attitude_release/traj_nav.txt,,618.0,1150.0,online_multisensor_alignment,baseline,guarded,12,,,0,15644,,8,,,,,,,,,,,c87a0533969f99ac9e548e8c429cc0b61d64dd7995190fd072772009c1090ced,1,1,
P4-RAW_RUN-15d6ccb2b08c,raw_run,P4_WITH_P5,P4_yaw_drift_causal_ablation_20260715,20260715,fly3,fly3_cam_toff_converged,full,SUCCESS_WITH_TRAJECTORY,RUNTIME_ONLY,COMPLIANT_EXPERIMENT_ROOT,C:/Users/baloney/Desktop/实验目录/P4_yaw_drift_causal_ablation_20260715/20260715_235838_focus_cam_toff_converged_both/fly3_cam_toff_converged,C:/Users/baloney/Desktop/实验目录/P4_yaw_drift_causal_ablation_20260715/20260715_235838_focus_cam_toff_converged_both/fly3_cam_toff_converged/traj_nav.txt,,618.0,1150.0,online_multisensor_alignment,baseline,guarded,12,,,0,15644,,8,,,,,,,,,,,d5f882553e0bbf93180df51e1e420c0d038fb9e465fa77ac7a4efbd33f4eca11,1,1,
P4-RAW_RUN-40f5ae552c8e,raw_run,P4_WITH_P5,P4_yaw_drift_causal_ablation_20260715,20260715,fly3,fly3_cam_toff_opposite,full,SUCCESS_WITH_TRAJECTORY,RUNTIME_ONLY,COMPLIANT_EXPERIMENT_ROOT,C:/Users/baloney/Desktop/实验目录/P4_yaw_drift_causal_ablation_20260715/20260715_235838_focus_cam_toff_opposite_both/fly3_cam_toff_opposite,C:/Users/baloney/Desktop/实验目录/P4_yaw_drift_causal_ablation_20260715/20260715_235838_focus_cam_toff_opposite_both/fly3_cam_toff_opposite/traj_nav.txt,,618.0,1150.0,online_multisensor_alignment,baseline,guarded,12,,,0,15644,,8,,,,,,,,,,,2cb786a5271723e7fc95181423978b264fa423fd1323c6a58222c37377d23bc8,1,1,
P4-RAW_RUN-214c6ddf79e2,raw_run,P4_WITH_P5,P4_yaw_drift_causal_ablation_20260715,20260715,fly3,fly3_adaptive_stride_active,full,SUCCESS_WITH_TRAJECTORY,RUNTIME_ONLY,COMPLIANT_EXPERIMENT_ROOT,C:/Users/baloney/Desktop/实验目录/P4_yaw_drift_causal_ablation_20260715/20260716_001036_focus_adaptive_stride_active_both/fly3_adaptive_stride_active,C:/Users/baloney/Desktop/实验目录/P4_yaw_drift_causal_ablation_20260715/20260716_001036_focus_adaptive_stride_active_both/fly3_adaptive_stride_active/traj_nav.txt,,618.0,1150.0,online_multisensor_alignment,baseline,guarded,12,,,0,15644,,8,,,,,,,,,,,91a6334fbb4ada88a3de0453c03efc1137655bed1f0ea2da1a1554337b03d54d,1,1,
P4-RAW_RUN-f3467fa45eb1,raw_run,P4_WITH_P5,P4_yaw_drift_causal_ablation_20260715,20260715,fly3,fly3_full_rate_post_init,full,FAILED,RUNTIME_ONLY,COMPLIANT_EXPERIMENT_ROOT,C:/Users/baloney/Desktop/实验目录/P4_yaw_drift_causal_ablation_20260715/20260716_001036_focus_full_rate_post_init_both/fly3_full_rate_post_init,,,618.0,1150.0,online_multisensor_alignment,baseline,guarded,1,,,1,0,,,,,,,,,,,,,b6ea5ebb5d57cfbdf0a35b16ec2a4ab4cd47d9b5a14be92b54debe475575e77d,1,,
P4-RAW_RUN-5ad713398c92,raw_run,P4_WITH_P5,P4_yaw_drift_causal_ablation_20260715,20260715,fly3,fly3_full_rate_post_init,full,SUCCESS_WITH_TRAJECTORY,RUNTIME_ONLY,COMPLIANT_EXPERIMENT_ROOT,C:/Users/baloney/Desktop/实验目录/P4_yaw_drift_causal_ablation_20260715/20260716_001752_focus_full_rate_post_init_both/fly3_full_rate_post_init,C:/Users/baloney/Desktop/实验目录/P4_yaw_drift_causal_ablation_20260715/20260716_001752_focus_full_rate_post_init_both/fly3_full_rate_post_init/traj_nav.txt,,618.0,1150.0,online_multisensor_alignment,baseline,guarded,12,,,0,15644,,8,,,,,,,,,,,a327b7e21bfb89a6f463ddcdc8fb7d0d5f094124d714238243a1b174fe035b3b,1,1,
P4-RAW_RUN-c9312354f9b9,raw_run,P4_WITH_P5,P4_yaw_drift_causal_ablation_20260715,20260715,fly3,fly3_cam_extrinsic_rot_plus,full,SUCCESS_WITH_TRAJECTORY,RUNTIME_ONLY,COMPLIANT_EXPERIMENT_ROOT,C:/Users/baloney/Desktop/实验目录/P4_yaw_drift_causal_ablation_20260715/20260716_005511_focus_cam_extrinsic_rot_plus_both/fly3_cam_extrinsic_rot_plus,C:/Users/baloney/Desktop/实验目录/P4_yaw_drift_causal_ablation_20260715/20260716_005511_focus_cam_extrinsic_rot_plus_both/fly3_cam_extrinsic_rot_plus/traj_nav.txt,,618.0,1150.0,online_multisensor_alignment,baseline,guarded,12,,,0,15644,,8,,,,,,,,,,,bafa1deb1729a1973666c3e133f7ba749cfb50ec7a97afbb6057f6098d20373b,1,1,
P4-RAW_RUN-9335aadc6404,raw_run,P4_WITH_P5,P4_yaw_drift_causal_ablation_20260715,20260715,fly3,fly3_cam_extrinsic_rot_minus,full,SUCCESS_WITH_TRAJECTORY,RUNTIME_ONLY,COMPLIANT_EXPERIMENT_ROOT,C:/Users/baloney/Desktop/实验目录/P4_yaw_drift_causal_ablation_20260715/20260716_005634_focus_cam_extrinsic_rot_minus_both/fly3_cam_extrinsic_rot_minus,C:/Users/baloney/Desktop/实验目录/P4_yaw_drift_causal_ablation_20260715/20260716_005634_focus_cam_extrinsic_rot_minus_both/fly3_cam_extrinsic_rot_minus/traj_nav.txt,,618.0,1150.0,online_multisensor_alignment,baseline,guarded,12,,,0,15644,,8,,,,,,,,,,,449a94c7d1305b50b0860e71ffd1b53771623a0b874ddf8736d0b31c1db90afc,1,1,
P4-RAW_RUN-f65f7b9d1e5f,raw_run,P4_WITH_P5,P4_yaw_drift_causal_ablation_20260715,20260715,fly3,fly3_cam_extrinsic_rot_plus,full,SUCCESS_WITH_TRAJECTORY,RUNTIME_ONLY,COMPLIANT_EXPERIMENT_ROOT,C:/Users/baloney/Desktop/实验目录/P4_yaw_drift_causal_ablation_20260715/20260716_005634_focus_cam_extrinsic_rot_plus_both/fly3_cam_extrinsic_rot_plus,C:/Users/baloney/Desktop/实验目录/P4_yaw_drift_causal_ablation_20260715/20260716_005634_focus_cam_extrinsic_rot_plus_both/fly3_cam_extrinsic_rot_plus/traj_nav.txt,,618.0,1150.0,online_multisensor_alignment,baseline,guarded,12,,,0,15644,,8,,,,,,,,,,,ca5fb4030162e8fc474820d44fb72fbcce05f50bfe3b5312d6f2c699db6a6030,1,1,
P4-RAW_RUN-43168752c0cf,raw_run,P4_WITH_P5,P4_yaw_drift_causal_ablation_20260715,20260715,fly3,fly3_cam_extrinsic_x_minus,full,SUCCESS_WITH_TRAJECTORY,RUNTIME_ONLY,COMPLIANT_EXPERIMENT_ROOT,C:/Users/baloney/Desktop/实验目录/P4_yaw_drift_causal_ablation_20260715/20260716_011226_focus_cam_extrinsic_x_minus_both/fly3_cam_extrinsic_x_minus,C:/Users/baloney/Desktop/实验目录/P4_yaw_drift_causal_ablation_20260715/20260716_011226_focus_cam_extrinsic_x_minus_both/fly3_cam_extrinsic_x_minus/traj_nav.txt,,618.0,1150.0,online_multisensor_alignment,baseline,guarded,12,,,0,15644,,8,,,,,,,,,,,554a6dddc4ce7ace16c0dcc5b937e3aa98610a49a75430ece56742c21b22b62c,1,1,
P4-RAW_RUN-aa21ef244106,raw_run,P4_WITH_P5,P4_yaw_drift_causal_ablation_20260715,20260715,fly3,fly3_cam_extrinsic_x_plus,full,SUCCESS_WITH_TRAJECTORY,RUNTIME_ONLY,COMPLIANT_EXPERIMENT_ROOT,C:/Users/baloney/Desktop/实验目录/P4_yaw_drift_causal_ablation_20260715/20260716_011226_focus_cam_extrinsic_x_plus_both/fly3_cam_extrinsic_x_plus,C:/Users/baloney/Desktop/实验目录/P4_yaw_drift_causal_ablation_20260715/20260716_011226_focus_cam_extrinsic_x_plus_both/fly3_cam_extrinsic_x_plus/traj_nav.txt,,618.0,1150.0,online_multisensor_alignment,baseline,guarded,12,,,0,15644,,8,,,,,,,,,,,54ed8d49509aa425079e401cef2f22f9d3bb941891772781c3fc21ad11924148,1,1,
P4-RAW_RUN-1ec00e07a7fd,raw_run,P4_WITH_P5,P4_yaw_drift_causal_ablation_20260715,20260715,fly3,fly3_cam_extrinsic_y_minus,full,SUCCESS_WITH_TRAJECTORY,RUNTIME_ONLY,COMPLIANT_EXPERIMENT_ROOT,C:/Users/baloney/Desktop/实验目录/P4_yaw_drift_causal_ablation_20260715/20260716_011226_focus_cam_extrinsic_y_minus_both/fly3_cam_extrinsic_y_minus,C:/Users/baloney/Desktop/实验目录/P4_yaw_drift_causal_ablation_20260715/20260716_011226_focus_cam_extrinsic_y_minus_both/fly3_cam_extrinsic_y_minus/traj_nav.txt,,618.0,1150.0,online_multisensor_alignment,baseline,guarded,12,,,0,15644,,8,,,,,,,,,,,799543c48540b9a3f3c91fa255d81070403f757d29cd22de0d71948714970243,1,1,
P4-RAW_RUN-09ff8613ad77,raw_run,P4_WITH_P5,P4_yaw_drift_causal_ablation_20260715,20260715,fly3,fly3_cam_extrinsic_y_plus,full,SUCCESS_WITH_TRAJECTORY,RUNTIME_ONLY,COMPLIANT_EXPERIMENT_ROOT,C:/Users/baloney/Desktop/实验目录/P4_yaw_drift_causal_ablation_20260715/20260716_011226_focus_cam_extrinsic_y_plus_both/fly3_cam_extrinsic_y_plus,C:/Users/baloney/Desktop/实验目录/P4_yaw_drift_causal_ablation_20260715/20260716_011226_focus_cam_extrinsic_y_plus_both/fly3_cam_extrinsic_y_plus/traj_nav.txt,,618.0,1150.0,online_multisensor_alignment,baseline,guarded,12,,,0,15644,,8,,,,,,,,,,,db169789fdc7228175f3d2b943f9343df7863c98c730c95307031fe325826ca0,1,1,
P4-RAW_RUN-1d4dd200b4bb,raw_run,P4_WITH_P5,P4_yaw_drift_causal_ablation_20260715,20260715,fly3,fly3_cam_extrinsic_z_minus,full,SUCCESS_WITH_TRAJECTORY,RUNTIME_ONLY,COMPLIANT_EXPERIMENT_ROOT,C:/Users/baloney/Desktop/实验目录/P4_yaw_drift_causal_ablation_20260715/20260716_011226_focus_cam_extrinsic_z_minus_both/fly3_cam_extrinsic_z_minus,C:/Users/baloney/Desktop/实验目录/P4_yaw_drift_causal_ablation_20260715/20260716_011226_focus_cam_extrinsic_z_minus_both/fly3_cam_extrinsic_z_minus/traj_nav.txt,,618.0,1150.0,online_multisensor_alignment,baseline,guarded,12,,,0,15644,,8,,,,,,,,,,,0adf18d2f1c956710ce6aefcaa79afce627f9800cc09360201e5ffb88e41a769,1,1,
P4-RAW_RUN-1cf7ac8dafa4,raw_run,P4_WITH_P5,P4_yaw_drift_causal_ablation_20260715,20260715,fly3,fly3_cam_extrinsic_z_plus,full,SUCCESS_WITH_TRAJECTORY,RUNTIME_ONLY,COMPLIANT_EXPERIMENT_ROOT,C:/Users/baloney/Desktop/实验目录/P4_yaw_drift_causal_ablation_20260715/20260716_011226_focus_cam_extrinsic_z_plus_both/fly3_cam_extrinsic_z_plus,C:/Users/baloney/Desktop/实验目录/P4_yaw_drift_causal_ablation_20260715/20260716_011226_focus_cam_extrinsic_z_plus_both/fly3_cam_extrinsic_z_plus/traj_nav.txt,,618.0,1150.0,online_multisensor_alignment,baseline,guarded,12,,,0,15644,,8,,,,,,,,,,,20ffc32f761682004055ab309413e082ef7af09093963b2ee3200bb344882550,1,1,
P4-RAW_RUN-f08dcae953f3,raw_run,P4_WITH_P5,P4_yaw_drift_causal_ablation_20260715,20260715,fly3,fly3_fc_yaw_aid,full,SUCCESS_WITH_TRAJECTORY,RUNTIME_ONLY,COMPLIANT_EXPERIMENT_ROOT,C:/Users/baloney/Desktop/实验目录/P4_yaw_drift_causal_ablation_20260715/20260716_013449_focus_fc_yaw_aid_both/fly3_fc_yaw_aid,C:/Users/baloney/Desktop/实验目录/P4_yaw_drift_causal_ablation_20260715/20260716_013449_focus_fc_yaw_aid_both/fly3_fc_yaw_aid/traj_nav.txt,,618.0,1150.0,online_multisensor_alignment,baseline,guarded,12,,,0,15644,,8,,,,,,,,,,,4c66d112dd480c802f4d730b081d0d04fd04114e2ff15b2cccbdc3e5a3012e56,1,1,
P4-RAW_RUN-7d51f9dbf281,raw_run,P4_WITH_P5,P4_yaw_drift_causal_ablation_20260715,20260715,fly3,fly3_fc_yaw_aid,full,SUCCESS_WITH_TRAJECTORY,RUNTIME_ONLY,COMPLIANT_EXPERIMENT_ROOT,C:/Users/baloney/Desktop/实验目录/P4_yaw_drift_causal_ablation_20260715/20260716_014728_focus_fc_yaw_aid_both/fly3_fc_yaw_aid,C:/Users/baloney/Desktop/实验目录/P4_yaw_drift_causal_ablation_20260715/20260716_014728_focus_fc_yaw_aid_both/fly3_fc_yaw_aid/traj_nav.txt,,618.0,1150.0,online_multisensor_alignment,baseline,guarded,12,,,0,15644,,8,,,,,,,,,,,ae353b20d914f53c6b12627a65cf7a68370fc35aed1a76d4a5b9a3cf74db700f,1,2,
P4-RAW_RUN-f755d0a05096,raw_run,P4_WITH_P5,P4_yaw_drift_causal_ablation_20260715,20260715,fly3,fly3_centered_yaw_oc,full,SUCCESS_WITH_TRAJECTORY,RUNTIME_ONLY,COMPLIANT_EXPERIMENT_ROOT,C:/Users/baloney/Desktop/实验目录/P4_yaw_drift_causal_ablation_20260715/20260716_085044_focus_centered_yaw_oc_both/fly3_centered_yaw_oc,C:/Users/baloney/Desktop/实验目录/P4_yaw_drift_causal_ablation_20260715/20260716_085044_focus_centered_yaw_oc_both/fly3_centered_yaw_oc/traj_nav.txt,,618.0,1150.0,online_multisensor_alignment,,guarded,12,,,0,15644,,8,,,,,,,,,,,d37ab6a4e9bfb339dffe889c9566c72bbcc4d53811aeece732fdfa5ed3d24cd8,1,2,
P4-RAW_RUN-5fa53fdcf423,raw_run,P4_WITH_P5,P4_yaw_drift_causal_ablation_20260715,20260715,fly3,fly3_local_estimator_origin,full,SUCCESS_WITH_TRAJECTORY,RUNTIME_ONLY,COMPLIANT_EXPERIMENT_ROOT,C:/Users/baloney/Desktop/实验目录/P4_yaw_drift_causal_ablation_20260715/20260716_090706_focus_local_estimator_origin_both/fly3_local_estimator_origin,C:/Users/baloney/Desktop/实验目录/P4_yaw_drift_causal_ablation_20260715/20260716_090706_focus_local_estimator_origin_both/fly3_local_estimator_origin/traj_nav.txt,,618.0,1150.0,online_multisensor_alignment,baseline,guarded,12,,,0,15644,,8,,,,,,,,,,,921a4cd545671bbffd8a1ebe25de214f1e5b2537c546c2a8ee60381782f00e14,1,1,
P4-RAW_RUN-f672c329fb65,raw_run,P4_WITH_P5,P4_yaw_drift_causal_ablation_20260715,20260715,fly3,fly3_full_4d_oc,full,SUCCESS_WITH_TRAJECTORY,RUNTIME_ONLY,COMPLIANT_EXPERIMENT_ROOT,C:/Users/baloney/Desktop/实验目录/P4_yaw_drift_causal_ablation_20260715/20260716_092312_focus_full_4d_oc_both/fly3_full_4d_oc,C:/Users/baloney/Desktop/实验目录/P4_yaw_drift_causal_ablation_20260715/20260716_092312_focus_full_4d_oc_both/fly3_full_4d_oc/traj_nav.txt,,618.0,1150.0,online_multisensor_alignment,,guarded,12,,,0,15644,,8,,,,,,,,,,,342e41eebaeafcf030a1fe3e123d72d89a5eb9bd90b0d18db80f93713333c3ef,1,1,
P4-RAW_RUN-6bccc1fa6a62,raw_run,P4_WITH_P5,P4_yaw_drift_causal_ablation_20260715,20260715,fly3,fly3_post_full_4d_oc,full,SUCCESS_WITH_TRAJECTORY,RUNTIME_ONLY,COMPLIANT_EXPERIMENT_ROOT,C:/Users/baloney/Desktop/实验目录/P4_yaw_drift_causal_ablation_20260715/20260716_094239_focus_post_full_4d_oc_both/fly3_post_full_4d_oc,C:/Users/baloney/Desktop/实验目录/P4_yaw_drift_causal_ablation_20260715/20260716_094239_focus_post_full_4d_oc_both/fly3_post_full_4d_oc/traj_nav.txt,,618.0,1150.0,online_multisensor_alignment,,guarded,12,,,0,15644,,8,,,,,,,,,,,2b54242b07926695576d8361c701ee6a95e596d90fa1e58072baedb06e6a7579,1,1,
P4-RAW_RUN-327eea21c9d1,raw_run,P4_WITH_P5,P4_yaw_drift_causal_ablation_20260715,20260715,fly3,fly3_first_error_slam_freeze,full,SUCCESS_WITH_TRAJECTORY,RUNTIME_ONLY,COMPLIANT_EXPERIMENT_ROOT,C:/Users/baloney/Desktop/实验目录/P4_yaw_drift_causal_ablation_20260715/20260716_100046_focus_first_error_slam_freeze_both/fly3_first_error_slam_freeze,C:/Users/baloney/Desktop/实验目录/P4_yaw_drift_causal_ablation_20260715/20260716_100046_focus_first_error_slam_freeze_both/fly3_first_error_slam_freeze/traj_nav.txt,,618.0,1150.0,online_multisensor_alignment,baseline,guarded,12,,,0,15644,,8,,,,,,,,,,,509ab746452a5886a18894e58b88c3cf4cc637fdb941862d865c8c29bb15c241,1,1,
P4-RAW_RUN-4f3e6c9558e3,raw_run,P4_WITH_P5,P4_yaw_drift_causal_ablation_20260715,20260715,fly3,fly3_first_error_deep_diag,full,SUCCESS_WITH_TRAJECTORY,RUNTIME_ONLY,COMPLIANT_EXPERIMENT_ROOT,C:/Users/baloney/Desktop/实验目录/P4_yaw_drift_causal_ablation_20260715/20260716_101004_focus_first_error_deep_diag_both/fly3_first_error_deep_diag,C:/Users/baloney/Desktop/实验目录/P4_yaw_drift_causal_ablation_20260715/20260716_101004_focus_first_error_deep_diag_both/fly3_first_error_deep_diag/traj_nav.txt,,618.0,1150.0,online_multisensor_alignment,baseline,guarded,12,,,0,15644,,8,,,,,,,,,,,c495a729caf1d857cffbbcc8502a8b19faa90a37f70c8fc9a663b575d60b9043,1,1,
P4-RAW_RUN-0497e19aee75,raw_run,P4_WITH_P5,P4_yaw_drift_causal_ablation_20260715,20260715,fly3,fly3_visual_roi_bottom,full,SUCCESS_WITH_TRAJECTORY,RUNTIME_ONLY,COMPLIANT_EXPERIMENT_ROOT,C:/Users/baloney/Desktop/实验目录/P4_yaw_drift_causal_ablation_20260715/20260716_104330_focus_visual_roi_bottom_both/fly3_visual_roi_bottom,C:/Users/baloney/Desktop/实验目录/P4_yaw_drift_causal_ablation_20260715/20260716_104330_focus_visual_roi_bottom_both/fly3_visual_roi_bottom/traj_nav.txt,,618.0,1150.0,online_multisensor_alignment,baseline,guarded,12,,,0,15644,,8,,,,,,,,,,,22275d46953ee1995ede58c6c2e3b1125e761485e972d22952ae90a2b662e37a,1,1,
P4-RAW_RUN-d59c353bd6ab,raw_run,P4_WITH_P5,P4_yaw_drift_causal_ablation_20260715,20260715,fly3,fly3_visual_roi_center,full,SUCCESS_WITH_TRAJECTORY,RUNTIME_ONLY,COMPLIANT_EXPERIMENT_ROOT,C:/Users/baloney/Desktop/实验目录/P4_yaw_drift_causal_ablation_20260715/20260716_104330_focus_visual_roi_center_both/fly3_visual_roi_center,C:/Users/baloney/Desktop/实验目录/P4_yaw_drift_causal_ablation_20260715/20260716_104330_focus_visual_roi_center_both/fly3_visual_roi_center/traj_nav.txt,,618.0,1150.0,online_multisensor_alignment,baseline,guarded,12,,,0,15644,,8,,,,,,,,,,,0fab75106c99b0d48482b84c5c3feead768cca7f01bf5725025f891dcd2526e2,1,1,
P4-RAW_RUN-d927a0a368d7,raw_run,P4_WITH_P5,P4_yaw_drift_causal_ablation_20260715,20260715,fly3,fly3_visual_roi_left,full,SUCCESS_WITH_TRAJECTORY,RUNTIME_ONLY,COMPLIANT_EXPERIMENT_ROOT,C:/Users/baloney/Desktop/实验目录/P4_yaw_drift_causal_ablation_20260715/20260716_104330_focus_visual_roi_left_both/fly3_visual_roi_left,C:/Users/baloney/Desktop/实验目录/P4_yaw_drift_causal_ablation_20260715/20260716_104330_focus_visual_roi_left_both/fly3_visual_roi_left/traj_nav.txt,,618.0,1150.0,online_multisensor_alignment,baseline,guarded,12,,,0,15644,,8,,,,,,,,,,,6ea25d7fb36b01ca9c3a0b13dc48912fd113538d7dc502da0304c78420adbcbb,1,1,
P4-RAW_RUN-c7ac94836afd,raw_run,P4_WITH_P5,P4_yaw_drift_causal_ablation_20260715,20260715,fly3,fly3_visual_roi_right,full,SUCCESS_WITH_TRAJECTORY,RUNTIME_ONLY,COMPLIANT_EXPERIMENT_ROOT,C:/Users/baloney/Desktop/实验目录/P4_yaw_drift_causal_ablation_20260715/20260716_104330_focus_visual_roi_right_both/fly3_visual_roi_right,C:/Users/baloney/Desktop/实验目录/P4_yaw_drift_causal_ablation_20260715/20260716_104330_focus_visual_roi_right_both/fly3_visual_roi_right/traj_nav.txt,,618.0,1150.0,online_multisensor_alignment,baseline,guarded,12,,,0,15644,,8,,,,,,,,,,,8a58820f4274d95dec9304f0650f511d17e58b8ad67f8b4b741714a8ac3c1af4,1,1,
P4-RAW_RUN-a0af83011c2f,raw_run,P4_WITH_P5,P4_yaw_drift_causal_ablation_20260715,20260715,fly3,fly3_visual_roi_top,full,SUCCESS_WITH_TRAJECTORY,RUNTIME_ONLY,COMPLIANT_EXPERIMENT_ROOT,C:/Users/baloney/Desktop/实验目录/P4_yaw_drift_causal_ablation_20260715/20260716_104330_focus_visual_roi_top_both/fly3_visual_roi_top,C:/Users/baloney/Desktop/实验目录/P4_yaw_drift_causal_ablation_20260715/20260716_104330_focus_visual_roi_top_both/fly3_visual_roi_top/traj_nav.txt,,618.0,1150.0,online_multisensor_alignment,baseline,guarded,12,,,0,15644,,8,,,,,,,,,,,dbd35ddd8314b20f8f7560cdd6e45a134d77acbb7a478829e6d7053f49924006,1,1,
P4-RAW_RUN-f93cc09c9cde,raw_run,P4_WITH_P5,P4_yaw_drift_causal_ablation_20260715,20260715,fly3,fly3_first_turn_deep_diag,full,SUCCESS_WITH_TRAJECTORY,RUNTIME_ONLY,COMPLIANT_EXPERIMENT_ROOT,C:/Users/baloney/Desktop/实验目录/P4_yaw_drift_causal_ablation_20260715/20260716_111539_screen_first_turn_deep_diag_fly3/fly3_first_turn_deep_diag,C:/Users/baloney/Desktop/实验目录/P4_yaw_drift_causal_ablation_20260715/20260716_111539_screen_first_turn_deep_diag_fly3/fly3_first_turn_deep_diag/traj_nav.txt,,618.0,947.0,online_multisensor_alignment,baseline,guarded,12,,,0,9557,,8,,,,,,,,,,,adf9f81efe19fa5633ac372d6ebab818c3336842d37792883e1d8e43d3c02374,1,1,
P4-RAW_RUN-47baef456faa,raw_run,P4_WITH_P5,P4_yaw_drift_causal_ablation_20260715,20260715,fly3,fly3_first_turn_deep_diag,full,SUCCESS_WITH_TRAJECTORY,RUNTIME_ONLY,COMPLIANT_EXPERIMENT_ROOT,C:/Users/baloney/Desktop/实验目录/P4_yaw_drift_causal_ablation_20260715/20260716_113018_screen_first_turn_deep_diag_fly3/fly3_first_turn_deep_diag,C:/Users/baloney/Desktop/实验目录/P4_yaw_drift_causal_ablation_20260715/20260716_113018_screen_first_turn_deep_diag_fly3/fly3_first_turn_deep_diag/traj_nav.txt,,618.0,947.0,online_multisensor_alignment,baseline,guarded,12,,,0,9557,,8,,,,,,,,,,,714cacc2574dbf949b29a2bc23a8b3b5cc3c36e54d55520a04d811081996fd12,1,1,
P4-RAW_RUN-a6631c561206,raw_run,P4_WITH_P5,P4_yaw_drift_causal_ablation_20260715,20260715,fly3,fly3_first_error_deep_diag,full,SUCCESS_WITH_TRAJECTORY,RUNTIME_ONLY,COMPLIANT_EXPERIMENT_ROOT,C:/Users/baloney/Desktop/实验目录/P4_yaw_drift_causal_ablation_20260715/20260716_113410_screen_first_error_deep_diag_fly3/fly3_first_error_deep_diag,C:/Users/baloney/Desktop/实验目录/P4_yaw_drift_causal_ablation_20260715/20260716_113410_screen_first_error_deep_diag_fly3/fly3_first_error_deep_diag/traj_nav.txt,,618.0,947.0,online_multisensor_alignment,baseline,guarded,12,,,0,9557,,8,,,,,,,,,,,0ced1c4db6998922f0a6aa5259ba992d7aeb1391f514b6c95d75fea3eee07b0b,1,1,
P4-RAW_RUN-a285d6ad7b05,raw_run,P4_WITH_P5,P4_yaw_drift_causal_ablation_20260715,20260715,fly3,fly3_control,full,SUCCESS_WITH_TRAJECTORY,RUNTIME_ONLY,COMPLIANT_EXPERIMENT_ROOT,C:/Users/baloney/Desktop/实验目录/P4_yaw_drift_causal_ablation_20260715/20260716_115241_screen_control_fly3/fly3_control,C:/Users/baloney/Desktop/实验目录/P4_yaw_drift_causal_ablation_20260715/20260716_115241_screen_control_fly3/fly3_control/traj_nav.txt,,618.0,947.0,online_multisensor_alignment,baseline,guarded,12,,,0,9557,,8,,,,,,,,,,,f19b2251f9affa521da37df27c2cd51327eefa6c6bf4beae6aa2330a65ec1e34,1,1,
P4-RAW_RUN-bf616d0b39f6,raw_run,P4_WITH_P5,P4_yaw_drift_causal_ablation_20260715,20260715,fly3,fly3_gyro_z_scale_down,full,SUCCESS_WITH_TRAJECTORY,RUNTIME_ONLY,COMPLIANT_EXPERIMENT_ROOT,C:/Users/baloney/Desktop/实验目录/P4_yaw_drift_causal_ablation_20260715/20260716_120549_screen_gyro_z_scale_down_fly3/fly3_gyro_z_scale_down,C:/Users/baloney/Desktop/实验目录/P4_yaw_drift_causal_ablation_20260715/20260716_120549_screen_gyro_z_scale_down_fly3/fly3_gyro_z_scale_down/traj_nav.txt,,618.0,947.0,online_multisensor_alignment,baseline,guarded,12,,,0,9557,,8,,,,,,,,,,,ef078f66c656f7a940d00e53fa490fd2210aaea4eb6f5f2c3b11c13c93906f56,1,1,
P4-RAW_RUN-2ed538632301,raw_run,P4_WITH_P5,P4_yaw_drift_causal_ablation_20260715,20260715,fly3,fly3_gyro_z_scale_up,full,SUCCESS_WITH_TRAJECTORY,RUNTIME_ONLY,COMPLIANT_EXPERIMENT_ROOT,C:/Users/baloney/Desktop/实验目录/P4_yaw_drift_causal_ablation_20260715/20260716_120549_screen_gyro_z_scale_up_fly3/fly3_gyro_z_scale_up,C:/Users/baloney/Desktop/实验目录/P4_yaw_drift_causal_ablation_20260715/20260716_120549_screen_gyro_z_scale_up_fly3/fly3_gyro_z_scale_up/traj_nav.txt,,618.0,947.0,online_multisensor_alignment,baseline,guarded,12,,,0,9557,,8,,,,,,,,,,,d4276d0cc5e779d791645c0077a8e9ad535ec3ef3a89c71168521f1d4c35f320,1,1,
P4-RAW_RUN-a4edf627eb45,raw_run,P4_WITH_P5,P4_yaw_drift_causal_ablation_20260715,20260715,fly3,fly3_gyro_z_scale_down,full,SUCCESS_WITH_TRAJECTORY,RUNTIME_ONLY,COMPLIANT_EXPERIMENT_ROOT,C:/Users/baloney/Desktop/实验目录/P4_yaw_drift_causal_ablation_20260715/20260716_121320_screen_gyro_z_scale_down_fly3/fly3_gyro_z_scale_down,C:/Users/baloney/Desktop/实验目录/P4_yaw_drift_causal_ablation_20260715/20260716_121320_screen_gyro_z_scale_down_fly3/fly3_gyro_z_scale_down/traj_nav.txt,,618.0,947.0,online_multisensor_alignment,baseline,guarded,12,,,0,9557,,8,,,,,,,,,,,cedba0978a3e622595a820644dda414055f6ae5d516811f271eb47be143b9cd3,1,1,
P4-RAW_RUN-c169df19c79a,raw_run,P4_WITH_P5,P4_yaw_drift_causal_ablation_20260715,20260715,fly3,fly3_gyro_z_scale_up,full,SUCCESS_WITH_TRAJECTORY,RUNTIME_ONLY,COMPLIANT_EXPERIMENT_ROOT,C:/Users/baloney/Desktop/实验目录/P4_yaw_drift_causal_ablation_20260715/20260716_121320_screen_gyro_z_scale_up_fly3/fly3_gyro_z_scale_up,C:/Users/baloney/Desktop/实验目录/P4_yaw_drift_causal_ablation_20260715/20260716_121320_screen_gyro_z_scale_up_fly3/fly3_gyro_z_scale_up/traj_nav.txt,,618.0,947.0,online_multisensor_alignment,baseline,guarded,12,,,0,9557,,8,,,,,,,,,,,4de1a1845278bcb03bb1bfbf53095fc9da172c0c9bbe89451fc1cfb6c6481a33,1,1,
P4-RAW_RUN-ceaf23b07a9e,raw_run,P4_WITH_P5,P4_yaw_drift_causal_ablation_20260715,20260715,fly3,fly3_gyro_z_turn_scale_down,full,SUCCESS_WITH_TRAJECTORY,RUNTIME_ONLY,COMPLIANT_EXPERIMENT_ROOT,C:/Users/baloney/Desktop/实验目录/P4_yaw_drift_causal_ablation_20260715/20260716_123252_screen_gyro_z_turn_scale_down_fly3/fly3_gyro_z_turn_scale_down,C:/Users/baloney/Desktop/实验目录/P4_yaw_drift_causal_ablation_20260715/20260716_123252_screen_gyro_z_turn_scale_down_fly3/fly3_gyro_z_turn_scale_down/traj_nav.txt,,618.0,947.0,online_multisensor_alignment,baseline,guarded,12,,,0,9557,,8,,,,,,,,,,,678b4792293ab7cd9ad613a25c56faf26483fa1ab262e84cbc3ab8354de20cf0,1,1,
P4-RAW_RUN-52b16d8d7b5d,raw_run,P4_WITH_P5,P4_yaw_drift_causal_ablation_20260715,20260715,fly3,fly3_gyro_z_turn_scale_up,full,SUCCESS_WITH_TRAJECTORY,RUNTIME_ONLY,COMPLIANT_EXPERIMENT_ROOT,C:/Users/baloney/Desktop/实验目录/P4_yaw_drift_causal_ablation_20260715/20260716_123252_screen_gyro_z_turn_scale_up_fly3/fly3_gyro_z_turn_scale_up,C:/Users/baloney/Desktop/实验目录/P4_yaw_drift_causal_ablation_20260715/20260716_123252_screen_gyro_z_turn_scale_up_fly3/fly3_gyro_z_turn_scale_up/traj_nav.txt,,618.0,947.0,online_multisensor_alignment,baseline,guarded,12,,,0,9557,,8,,,,,,,,,,,46e197574d1c344f66f34e0abc8d87423c2a5deb604dceb8c4379d67151427ba,1,1,
P4-RAW_RUN-47c4b396deb1,raw_run,P4_WITH_P5,P4_yaw_drift_causal_ablation_20260715,20260715,fly3,fly3_first_error_msckf_yaw_freeze,full,SUCCESS_WITH_TRAJECTORY,RUNTIME_ONLY,COMPLIANT_EXPERIMENT_ROOT,C:/Users/baloney/Desktop/实验目录/P4_yaw_drift_causal_ablation_20260715/20260716_125103_screen_first_error_msckf_yaw_freeze_fly3/fly3_first_error_msckf_yaw_freeze,C:/Users/baloney/Desktop/实验目录/P4_yaw_drift_causal_ablation_20260715/20260716_125103_screen_first_error_msckf_yaw_freeze_fly3/fly3_first_error_msckf_yaw_freeze/traj_nav.txt,,618.0,947.0,online_multisensor_alignment,baseline,guarded,12,,,0,9557,,8,,,,,,,,,,,d24fcc549d3c8373e65339052bfeea10e16baec7758342b23ef9debfa860a61c,1,1,
P4-RAW_RUN-cd8bb84113ff,raw_run,P4_WITH_P5,P4_yaw_drift_causal_ablation_20260715,20260715,fly3,fly3_first_error_msckf_yaw_freeze,full,SUCCESS_WITH_TRAJECTORY,RUNTIME_ONLY,COMPLIANT_EXPERIMENT_ROOT,C:/Users/baloney/Desktop/实验目录/P4_yaw_drift_causal_ablation_20260715/20260716_130458_screen_first_error_msckf_yaw_freeze_both/fly3_first_error_msckf_yaw_freeze,C:/Users/baloney/Desktop/实验目录/P4_yaw_drift_causal_ablation_20260715/20260716_130458_screen_first_error_msckf_yaw_freeze_both/fly3_first_error_msckf_yaw_freeze/traj_nav.txt,,618.0,947.0,online_multisensor_alignment,baseline,guarded,12,,,0,9557,,8,,,,,,,,,,,c006c3c737cf60bfb406e01cbfd348045fb5dc6c951deb1692d62238f241b159,1,1,
P4-RAW_RUN-22e252e79b91,raw_run,P4_WITH_P5,P4_yaw_drift_causal_ablation_20260715,20260715,fly3,fly3_first_error_all_visual_yaw_gain_zero,full,SUCCESS_WITH_TRAJECTORY,RUNTIME_ONLY,COMPLIANT_EXPERIMENT_ROOT,C:/Users/baloney/Desktop/实验目录/P4_yaw_drift_causal_ablation_20260715/20260716_132622_screen_first_error_all_visual_yaw_gain_zero_both/fly3_first_error_all_visual_yaw_gain_zero,C:/Users/baloney/Desktop/实验目录/P4_yaw_drift_causal_ablation_20260715/20260716_132622_screen_first_error_all_visual_yaw_gain_zero_both/fly3_first_error_all_visual_yaw_gain_zero/traj_nav.txt,,618.0,947.0,online_multisensor_alignment,baseline,guarded,12,,,0,9557,,8,,,,,,,,,,,fc5ec4bb1e7f5abf3b1693841a3ceb9d94ed73bb79f5e41d3bf5ca45cda90665,1,1,
P4-RAW_RUN-309e22770fe1,raw_run,P4_WITH_P5,P4_yaw_drift_causal_ablation_20260715,20260715,fly3,fly3_first_error_all_visual_yaw_gain_zero,full,SUCCESS_WITH_TRAJECTORY,RUNTIME_ONLY,COMPLIANT_EXPERIMENT_ROOT,C:/Users/baloney/Desktop/实验目录/P4_yaw_drift_causal_ablation_20260715/20260716_133506_screen_first_error_all_visual_yaw_gain_zero_both/fly3_first_error_all_visual_yaw_gain_zero,C:/Users/baloney/Desktop/实验目录/P4_yaw_drift_causal_ablation_20260715/20260716_133506_screen_first_error_all_visual_yaw_gain_zero_both/fly3_first_error_all_visual_yaw_gain_zero/traj_nav.txt,,618.0,947.0,online_multisensor_alignment,baseline,guarded,12,,,0,9557,,8,,,,,,,,,,,252c920751fe49e67ae3166f120340fcff7e5e85b431436b9007db7a4f7dba50,1,1,
P4-RAW_RUN-1a75c6c72868,raw_run,P4_WITH_P5,P4_yaw_drift_causal_ablation_20260715,20260715,fly3,fly3_first_error_all_visual_yaw_gain_zero,full,SUCCESS_WITH_TRAJECTORY,RUNTIME_ONLY,COMPLIANT_EXPERIMENT_ROOT,C:/Users/baloney/Desktop/实验目录/P4_yaw_drift_causal_ablation_20260715/20260716_133900_screen_first_error_all_visual_yaw_gain_zero_both/fly3_first_error_all_visual_yaw_gain_zero,C:/Users/baloney/Desktop/实验目录/P4_yaw_drift_causal_ablation_20260715/20260716_133900_screen_first_error_all_visual_yaw_gain_zero_both/fly3_first_error_all_visual_yaw_gain_zero/traj_nav.txt,,618.0,947.0,online_multisensor_alignment,baseline,guarded,12,,,0,9557,,8,,,,,,,,,,,de89f9664f1ef00bab3d673b4615c8b5803b601883e769d4d0c518517872fa7c,1,1,
P4-RAW_RUN-f77d23c7729a,raw_run,P4_WITH_P5,P4_yaw_drift_causal_ablation_20260715,20260715,fly3,fly3_visual_roi_dynamic_turn,full,FAILED,RUNTIME_ONLY,COMPLIANT_EXPERIMENT_ROOT,C:/Users/baloney/Desktop/实验目录/P4_yaw_drift_causal_ablation_20260715/20260716_151753_screen_visual_roi_dynamic_turn_both/fly3_visual_roi_dynamic_turn,C:/Users/baloney/Desktop/实验目录/P4_yaw_drift_causal_ablation_20260715/20260716_151753_screen_visual_roi_dynamic_turn_both/fly3_visual_roi_dynamic_turn/traj_nav.txt,,618.0,947.0,online_multisensor_alignment,baseline,guarded,12,,,143,4362,,8,,,,,,,,,,,a45b72872ec8e852009a5eb724c607e1f58cb8d81dca9994679f41a001bcc2bf,1,1,
P4-RAW_RUN-0466aca68c81,raw_run,P4_WITH_P5,P4_yaw_drift_causal_ablation_20260715,20260715,fly3,fly3_visual_roi_dynamic_turn,full,SUCCESS_WITH_TRAJECTORY,RUNTIME_ONLY,COMPLIANT_EXPERIMENT_ROOT,C:/Users/baloney/Desktop/实验目录/P4_yaw_drift_causal_ablation_20260715/20260716_152714_screen_visual_roi_dynamic_turn_both/fly3_visual_roi_dynamic_turn,C:/Users/baloney/Desktop/实验目录/P4_yaw_drift_causal_ablation_20260715/20260716_152714_screen_visual_roi_dynamic_turn_both/fly3_visual_roi_dynamic_turn/traj_nav.txt,,618.0,947.0,online_multisensor_alignment,baseline,guarded,12,,,0,9557,,8,,,,,,,,,,,072c10b0bca9a61756847b29d0e0e9b32d761e0f27f5d8333c8542e712457b01,1,2,
P4-RAW_RUN-e2acbdf8496e,raw_run,P4_WITH_P5,P4_yaw_drift_causal_ablation_20260715,20260715,fly3,fly3_control,full,SUCCESS_WITH_TRAJECTORY,RUNTIME_ONLY,COMPLIANT_EXPERIMENT_ROOT,C:/Users/baloney/Desktop/实验目录/P4_yaw_drift_causal_ablation_20260715/20260716_153115_screen_control_both/fly3_control,C:/Users/baloney/Desktop/实验目录/P4_yaw_drift_causal_ablation_20260715/20260716_153115_screen_control_both/fly3_control/traj_nav.txt,,618.0,947.0,online_multisensor_alignment,baseline,guarded,12,,,0,9557,,8,,,,,,,,,,,ff387d776e6c2106b6c3b1a4b4b5e00363df2e262622b1fda946eef28bfd1803,1,2,
P4-RAW_RUN-8aadf0249dc2,raw_run,P4_WITH_P5,P4_yaw_drift_causal_ablation_20260715,20260715,fly3,fly3_agl_scale_shadow,full,SUCCESS_WITH_TRAJECTORY,RUNTIME_ONLY,COMPLIANT_EXPERIMENT_ROOT,C:/Users/baloney/Desktop/实验目录/P4_yaw_drift_causal_ablation_20260715/20260716_163014_screen_agl_scale_shadow_both/fly3_agl_scale_shadow,C:/Users/baloney/Desktop/实验目录/P4_yaw_drift_causal_ablation_20260715/20260716_163014_screen_agl_scale_shadow_both/fly3_agl_scale_shadow/traj_nav.txt,,618.0,947.0,online_multisensor_alignment,baseline,,12,,,0,9557,,8,,,,,,,,,,,eeca867f7ddb20e0cf9d49b9020f4d91d683fcdeb4157da08a17ec935a2b5145,1,1,
P4-RAW_RUN-18dea5861d84,raw_run,P4_WITH_P5,P4_yaw_drift_causal_ablation_20260715,20260715,fly3,fly3_no_gpsz,full,SUCCESS_WITH_TRAJECTORY,RUNTIME_ONLY,COMPLIANT_EXPERIMENT_ROOT,C:/Users/baloney/Desktop/实验目录/P4_yaw_drift_causal_ablation_20260715/20260716_163014_screen_no_gpsz_both/fly3_no_gpsz,C:/Users/baloney/Desktop/实验目录/P4_yaw_drift_causal_ablation_20260715/20260716_163014_screen_no_gpsz_both/fly3_no_gpsz/traj_nav.txt,,618.0,947.0,online_multisensor_alignment,baseline,,12,,,0,9557,,8,,,,,,,,,,,0607d73345eae5edf2d1ce402ac16c5d63c7a613b7a1371606aaca76844da888,1,1,
P4-RAW_RUN-98dd8bb03217,raw_run,P4_WITH_P5,P4_yaw_drift_causal_ablation_20260715,20260715,fly3,fly3_agl_scale_shadow,full,SUCCESS_WITH_TRAJECTORY,RUNTIME_ONLY,COMPLIANT_EXPERIMENT_ROOT,C:/Users/baloney/Desktop/实验目录/P4_yaw_drift_causal_ablation_20260715/20260716_163907_screen_agl_scale_shadow_fly3/fly3_agl_scale_shadow,C:/Users/baloney/Desktop/实验目录/P4_yaw_drift_causal_ablation_20260715/20260716_163907_screen_agl_scale_shadow_fly3/fly3_agl_scale_shadow/traj_nav.txt,,618.0,947.0,online_multisensor_alignment,baseline,,12,,,0,9557,,8,,,,,,,,,,,60518a20c1643b8eba6b2af5278b305a9823930e1dbd33645dd45b9021e4e05e,1,1,
P4-RAW_RUN-0dc962fd99f0,raw_run,P4_WITH_P5,P4_yaw_drift_causal_ablation_20260715,20260715,fly3,fly3_no_gpsz,full,SUCCESS_WITH_TRAJECTORY,RUNTIME_ONLY,COMPLIANT_EXPERIMENT_ROOT,C:/Users/baloney/Desktop/实验目录/P4_yaw_drift_causal_ablation_20260715/20260716_163907_screen_no_gpsz_fly3/fly3_no_gpsz,C:/Users/baloney/Desktop/实验目录/P4_yaw_drift_causal_ablation_20260715/20260716_163907_screen_no_gpsz_fly3/fly3_no_gpsz/traj_nav.txt,,618.0,947.0,online_multisensor_alignment,baseline,,12,,,0,9557,,8,,,,,,,,,,,f559945d42cc61efd23078c1ff7d02d4214eaa30d0fbe24a4cdac717a4ab3ded,1,1,
P4-RAW_RUN-d7595985398e,raw_run,P4_WITH_P5,P4_yaw_drift_causal_ablation_20260715,20260715,fly3,fly3_agl_scale_single,full,SUCCESS_WITH_TRAJECTORY,RUNTIME_ONLY,COMPLIANT_EXPERIMENT_ROOT,C:/Users/baloney/Desktop/实验目录/P4_yaw_drift_causal_ablation_20260715/20260716_164317_screen_agl_scale_single_both/fly3_agl_scale_single,C:/Users/baloney/Desktop/实验目录/P4_yaw_drift_causal_ablation_20260715/20260716_164317_screen_agl_scale_single_both/fly3_agl_scale_single/traj_nav.txt,,618.0,947.0,online_multisensor_alignment,baseline,,12,,,0,9557,,8,,,,,,,,,,,4be8dc32968901f70dd2b085734858bfabedbe42de3d19b11d6711f2cd5257ca,1,1,
P4-EVALUATION-a89dfccc5ec6,evaluation,P4_RELATED_UNCLASSIFIED,P4_attitude_gauge_fix_20260716_ultra,20260716,fly1,C0_fly1,,EVALUATED,DIAGNOSTIC_EVALUATION,COMPLIANT_EXPERIMENT_ROOT,C:/Users/baloney/Desktop/实验目录/P4_attitude_gauge_fix_20260716_ultra/analysis/absolute_navigation_no_post_alignment/C0_fly1,,,,,,,,,,,,,,,,359.4000000950001,14.059150544184957,149.5634035728892,192.22209964268507,0.8222608495934065,2.92017773899927,,,0.16904559817490394,,,,
P4-EVALUATION-84735c35ae0f,evaluation,P4_RELATED_UNCLASSIFIED,P4_attitude_gauge_fix_20260716_ultra,20260716,fly1,GAUGE_fly1,,EVALUATED,DIAGNOSTIC_EVALUATION,COMPLIANT_EXPERIMENT_ROOT,C:/Users/baloney/Desktop/实验目录/P4_attitude_gauge_fix_20260716_ultra/analysis/absolute_navigation_no_post_alignment/GAUGE_fly1,,,,,,,,,,,,,,,,355.4000000950001,13.883788401564283,116.18850723238259,209.97210057114904,0.8615972551627711,1.476992166347186,,,0.4643812891749235,,,,
P4-EVALUATION-94e54378c714,evaluation,P4_RELATED_UNCLASSIFIED,P4_attitude_gauge_fix_20260716_ultra,20260716,fly1,OLDREF_fly1,,EVALUATED,DIAGNOSTIC_EVALUATION,COMPLIANT_EXPERIMENT_ROOT,C:/Users/baloney/Desktop/实验目录/P4_attitude_gauge_fix_20260716_ultra/analysis/absolute_navigation_no_post_alignment/OLDREF_fly1,,,,,,,,,,,,,,,,359.6000001430001,14.067880117875857,148.26072021232196,201.4174924351812,0.8141619291774594,2.8156930057606266,,,0.1902568421749038,,,,
P4-EVALUATION-e07993ec86a9,evaluation,P4_RELATED_UNCLASSIFIED,P4_attitude_gauge_fix_20260716_ultra,20260716,fly1,QFC_fly1,,EVALUATED,DIAGNOSTIC_EVALUATION,COMPLIANT_EXPERIMENT_ROOT,C:/Users/baloney/Desktop/实验目录/P4_attitude_gauge_fix_20260716_ultra/analysis/absolute_navigation_no_post_alignment/QFC_fly1,,,,,,,,,,,,,,,,359.4000000950001,14.059150544184957,140.83679184862186,211.83910772634394,0.8053697672090693,2.401200110854465,,,0.0585884891749231,,,,
P4-EVALUATION-11528961aa58,evaluation,P4_RELATED_UNCLASSIFIED,P4_attitude_gauge_fix_20260716_ultra,20260716,fly1,attitude_gauge_fix_focus,focus,EVALUATED,FORMAL_MAIN,COMPLIANT_EXPERIMENT_ROOT,C:/Users/baloney/Desktop/实验目录/P4_attitude_gauge_fix_20260716_ultra/analysis/flight_eval_tool/GAUGE_fly1/20260716_fly1_attitude_gauge_fix_focus_成功,C:/Users/baloney/Desktop/实验目录/P4_attitude_gauge_fix_20260716_ultra/runs/GAUGE_fly1/traj_nav.txt,,930.0,1300.0,,,,,start_heading,gps_update_after_vio,,,,,,355.4,13.884,130.79,198.88,0.862,2.089,2.7,4.02,0.51,,,2,Formal P4 candidate: one robust synchronized FC attitude gauge factor inside the joint FC/IMU/visual startup graph. GPS horizontal/course/yaw evaluation-only.
P4-RAW_RUN-093202206ebb,raw_run,P4_RELATED_UNCLASSIFIED,P4_attitude_gauge_fix_20260716_ultra,20260716,fly1,GAUGE_fly1,,ARTIFACT_WITHOUT_EXIT_RECEIPT,RUNTIME_ONLY,COMPLIANT_EXPERIMENT_ROOT,C:/Users/baloney/Desktop/实验目录/P4_attitude_gauge_fix_20260716_ultra/debug/GAUGE_fly1,C:/Users/baloney/Desktop/实验目录/P4_attitude_gauge_fix_20260716_ultra/debug/GAUGE_fly1/traj_nav.txt,,,,,,,,,,,10661,,8,,,,,,,,,,,,,1,missing_command
P4-RAW_RUN-5114c478b39d,raw_run,P4_RELATED_UNCLASSIFIED,P4_attitude_gauge_fix_20260716_ultra,20260716,fly1,GAUGE_fly1,,SUCCESS_WITH_TRAJECTORY,RUNTIME_ONLY,COMPLIANT_EXPERIMENT_ROOT,C:/Users/baloney/Desktop/实验目录/P4_attitude_gauge_fix_20260716_ultra/runs/GAUGE_fly1,C:/Users/baloney/Desktop/实验目录/P4_attitude_gauge_fix_20260716_ultra/runs/GAUGE_fly1/traj_nav.txt,,,,,,,,,,0,10661,,8,,,,,,,,,,,,,2,missing_command
P4-EVALUATION-a1d823f84e03,evaluation,P4_RELATED_UNCLASSIFIED,P4_attitude_gauge_fix_20260716_ultra,20260716,fly3,C0_fly3,,EVALUATED,DIAGNOSTIC_EVALUATION,COMPLIANT_EXPERIMENT_ROOT,C:/Users/baloney/Desktop/实验目录/P4_attitude_gauge_fix_20260716_ultra/analysis/absolute_navigation_no_post_alignment/C0_fly3,,,,,,,,,,,,,,,,318.400000095,11.852642306399051,79.7107913393429,94.71625015065666,0.8268285617579726,1.3143516612774626,,,-16.968666734692476,,,,
P4-EVALUATION-dd3e13dd2952,evaluation,P4_RELATED_UNCLASSIFIED,P4_attitude_gauge_fix_20260716_ultra,20260716,fly3,GAUGE_fly3,,EVALUATED,DIAGNOSTIC_EVALUATION,COMPLIANT_EXPERIMENT_ROOT,C:/Users/baloney/Desktop/实验目录/P4_attitude_gauge_fix_20260716_ultra/analysis/absolute_navigation_no_post_alignment/GAUGE_fly3,,,,,,,,,,,,,,,,315.400000095,11.721957927111477,85.41147309461569,106.41981020030407,0.7679692881191289,1.3201725232592343,,,-17.770305405692483,,,,
P4-EVALUATION-4e4ed78b0743,evaluation,P4_RELATED_UNCLASSIFIED,P4_attitude_gauge_fix_20260716_ultra,20260716,fly3,OLDREF_fly3,,EVALUATED,DIAGNOSTIC_EVALUATION,COMPLIANT_EXPERIMENT_ROOT,C:/Users/baloney/Desktop/实验目录/P4_attitude_gauge_fix_20260716_ultra/analysis/absolute_navigation_no_post_alignment/OLDREF_fly3,,,,,,,,,,,,,,,,316.0,11.748215511254639,97.1893307880998,128.29280721634984,0.8365105747099132,1.5599234069196493,,,-19.399114935487432,,,,
P4-EVALUATION-1fd3c790f4d4,evaluation,P4_RELATED_UNCLASSIFIED,P4_attitude_gauge_fix_20260716_ultra,20260716,fly3,QFC_fly3,,EVALUATED,DIAGNOSTIC_EVALUATION,COMPLIANT_EXPERIMENT_ROOT,C:/Users/baloney/Desktop/实验目录/P4_attitude_gauge_fix_20260716_ultra/analysis/absolute_navigation_no_post_alignment/QFC_fly3,,,,,,,,,,,,,,,,318.400000095,11.852642306399051,71.35115336603558,81.39421959721295,0.8078825506269836,1.2154185130222654,,,-18.26190526769247,,,,
P4-EVALUATION-f1a6ca117096,evaluation,P4_RELATED_UNCLASSIFIED,P4_attitude_gauge_fix_20260716_ultra,20260716,fly3,attitude_gauge_fix_focus,focus,EVALUATED,FORMAL_MAIN,COMPLIANT_EXPERIMENT_ROOT,C:/Users/baloney/Desktop/实验目录/P4_attitude_gauge_fix_20260716_ultra/analysis/flight_eval_tool/GAUGE_fly3/20260716_fly3_attitude_gauge_fix_focus_成功,C:/Users/baloney/Desktop/实验目录/P4_attitude_gauge_fix_20260716_ultra/runs/GAUGE_fly3/traj_nav.txt,,618.0,947.0,,,,,start_heading,gps_update_after_vio,,,,,,315.4,11.722,78.09,93.65,0.768,1.218,1.5,1.54,-17.6,,,2,Formal P4 candidate: one robust synchronized FC attitude gauge factor inside the joint FC/IMU/visual startup graph. GPS horizontal/course/yaw evaluation-only.
P4-RAW_RUN-6ca49aeb6a4a,raw_run,P4_RELATED_UNCLASSIFIED,P4_attitude_gauge_fix_20260716_ultra,20260716,fly3,GAUGE_fly3,,SUCCESS_WITH_TRAJECTORY,RUNTIME_ONLY,COMPLIANT_EXPERIMENT_ROOT,C:/Users/baloney/Desktop/实验目录/P4_attitude_gauge_fix_20260716_ultra/runs/GAUGE_fly3,C:/Users/baloney/Desktop/实验目录/P4_attitude_gauge_fix_20260716_ultra/runs/GAUGE_fly3/traj_nav.txt,,,,,,,,,,0,9467,,8,,,,,,,,,,,,,2,missing_command
P4-EVALUATION-42f0d88d23e0,evaluation,P4_RELATED_UNCLASSIFIED,P4_calibrated_yaw_sigma_fly3_bias_full_20260716_ultra,20260716,fly3,ENABLE_BA_fly3,full,EVALUATED,DIAGNOSTIC_EVALUATION,COMPLIANT_EXPERIMENT_ROOT,C:/Users/baloney/Desktop/实验目录/P4_calibrated_yaw_sigma_fly3_bias_full_20260716_ultra/evaluation/absolute_navigation_no_post_alignment/ENABLE_BA_fly3,,,,,,,,,,,,,,,,1092.199999809,40.982522037639626,225.50545146061486,736.3530548802114,3.0161971868816315,4.201479155168478,,,359.5037584659324,,,,
P4-EVALUATION-b57b9fa024ba,evaluation,P4_RELATED_UNCLASSIFIED,P4_calibrated_yaw_sigma_fly3_bias_full_20260716_ultra,20260716,fly3,ENABLE_BG_fly3,full,EVALUATED,DIAGNOSTIC_EVALUATION,COMPLIANT_EXPERIMENT_ROOT,C:/Users/baloney/Desktop/实验目录/P4_calibrated_yaw_sigma_fly3_bias_full_20260716_ultra/evaluation/absolute_navigation_no_post_alignment/ENABLE_BG_fly3,,,,,,,,,,,,,,,,1092.199999809,40.982522037639626,238.5933225658848,481.2697687038685,2.519433705300228,4.175852147829734,,,265.3038941029324,,,,
P4-EVALUATION-0f3569582255,evaluation,P4_RELATED_UNCLASSIFIED,P4_calibrated_yaw_sigma_fly3_bias_full_20260716_ultra,20260716,fly3,ENABLE_BOTH_fly3,full,EVALUATED,DIAGNOSTIC_EVALUATION,COMPLIANT_EXPERIMENT_ROOT,C:/Users/baloney/Desktop/实验目录/P4_calibrated_yaw_sigma_fly3_bias_full_20260716_ultra/evaluation/absolute_navigation_no_post_alignment/ENABLE_BOTH_fly3,,,,,,,,,,,,,,,,1092.199999809,40.982522037639626,219.7740189617218,472.508097518849,2.2329330318323373,3.9319485202339766,,,317.5362045979324,,,,
P4-RAW_RUN-0f459011c3f4,raw_run,P4_WITH_P5,P4_calibrated_yaw_sigma_fly3_bias_full_20260716_ultra,20260716,fly3,ENABLE_BA_fly3,full,SUCCESS_WITH_TRAJECTORY,RUNTIME_ONLY,COMPLIANT_EXPERIMENT_ROOT,C:/Users/baloney/Desktop/实验目录/P4_calibrated_yaw_sigma_fly3_bias_full_20260716_ultra/runs/ENABLE_BA_fly3,C:/Users/baloney/Desktop/实验目录/P4_calibrated_yaw_sigma_fly3_bias_full_20260716_ultra/runs/ENABLE_BA_fly3/traj_nav.txt,,618.0,1837.0,online_multisensor_alignment,baseline,guarded,12,,,0,36244,,8,,,,,,,,,,,919a55ebdff482796dff0d6663a0b017f885cb8b16189942ef93fe3653669537,1,1,
P4-RAW_RUN-1b8f41ad2ccf,raw_run,P4_WITH_P5,P4_calibrated_yaw_sigma_fly3_bias_full_20260716_ultra,20260716,fly3,ENABLE_BG_fly3,full,SUCCESS_WITH_TRAJECTORY,RUNTIME_ONLY,COMPLIANT_EXPERIMENT_ROOT,C:/Users/baloney/Desktop/实验目录/P4_calibrated_yaw_sigma_fly3_bias_full_20260716_ultra/runs/ENABLE_BG_fly3,C:/Users/baloney/Desktop/实验目录/P4_calibrated_yaw_sigma_fly3_bias_full_20260716_ultra/runs/ENABLE_BG_fly3/traj_nav.txt,,618.0,1837.0,online_multisensor_alignment,baseline,guarded,12,,,0,36244,,8,,,,,,,,,,,844538ac8a4d36a24292d2a067279d51bc1e9e33e667cfd8dfcdd8b257418b50,1,1,
P4-RAW_RUN-605c7cdcff5c,raw_run,P4_WITH_P5,P4_calibrated_yaw_sigma_fly3_bias_full_20260716_ultra,20260716,fly3,ENABLE_BOTH_fly3,full,SUCCESS_WITH_TRAJECTORY,RUNTIME_ONLY,COMPLIANT_EXPERIMENT_ROOT,C:/Users/baloney/Desktop/实验目录/P4_calibrated_yaw_sigma_fly3_bias_full_20260716_ultra/runs/ENABLE_BOTH_fly3,C:/Users/baloney/Desktop/实验目录/P4_calibrated_yaw_sigma_fly3_bias_full_20260716_ultra/runs/ENABLE_BOTH_fly3/traj_nav.txt,,618.0,1837.0,online_multisensor_alignment,baseline,guarded,12,,,0,36244,,8,,,,,,,,,,,1d680101bb3d0efe238498e7ab37c466297bb18fced73b8f0e647a271819b738,1,1,
P4-EVALUATION-0e6b33891a3c,evaluation,P4_RELATED_UNCLASSIFIED,P4_calibrated_yaw_sigma_focus_20260716_ultra,20260716,fly1,STRONG_RETAIN_BOTH_fly1,focus,EVALUATED,DIAGNOSTIC_EVALUATION,COMPLIANT_EXPERIMENT_ROOT,C:/Users/baloney/Desktop/实验目录/P4_calibrated_yaw_sigma_focus_20260716_ultra/evaluation/absolute_navigation_no_post_alignment/STRONG_RETAIN_BOTH_fly1,,,,,,,,,,,,,,,,355.4000000950001,13.883788401564283,103.7913382195484,201.15586880533752,0.8016119841681263,1.3872251683822117,,,0.42535098517490155,,,,
P4-EVALUATION-dd1e46c3698c,evaluation,P4_RELATED_UNCLASSIFIED,P4_calibrated_yaw_sigma_focus_20260716_ultra,20260716,fly1,STRONG_fly1,focus,EVALUATED,DIAGNOSTIC_EVALUATION,COMPLIANT_EXPERIMENT_ROOT,C:/Users/baloney/Desktop/实验目录/P4_calibrated_yaw_sigma_focus_20260716_ultra/evaluation/absolute_navigation_no_post_alignment/STRONG_fly1,,,,,,,,,,,,,,,,355.4000000950001,13.883788401564283,114.19855414519361,200.90013182636346,0.8795334927862738,1.7089539820032869,,,0.44995932317490883,,,,
P4-RAW_RUN-adafdc4e8921,raw_run,P4_WITH_P5,P4_calibrated_yaw_sigma_focus_20260716_ultra,20260716,fly1,STRONG_RETAIN_BOTH_fly1,full,SUCCESS_WITH_TRAJECTORY,RUNTIME_ONLY,COMPLIANT_EXPERIMENT_ROOT,C:/Users/baloney/Desktop/实验目录/P4_calibrated_yaw_sigma_focus_20260716_ultra/runs/STRONG_RETAIN_BOTH_fly1,C:/Users/baloney/Desktop/实验目录/P4_calibrated_yaw_sigma_focus_20260716_ultra/runs/STRONG_RETAIN_BOTH_fly1/traj_nav.txt,,930.0,1300.0,online_multisensor_alignment,baseline,guarded,12,,,0,10661,,8,,,,,,,,,,,b7c49ab533e556a6d99eb2d110497bfefc606b8779a00fd21536d9f6c739c59e,1,1,
P4-RAW_RUN-1604881899e4,raw_run,P4_WITH_P5,P4_calibrated_yaw_sigma_focus_20260716_ultra,20260716,fly1,STRONG_fly1,full,SUCCESS_WITH_TRAJECTORY,RUNTIME_ONLY,COMPLIANT_EXPERIMENT_ROOT,C:/Users/baloney/Desktop/实验目录/P4_calibrated_yaw_sigma_focus_20260716_ultra/runs/STRONG_fly1,C:/Users/baloney/Desktop/实验目录/P4_calibrated_yaw_sigma_focus_20260716_ultra/runs/STRONG_fly1/traj_nav.txt,,930.0,1300.0,online_multisensor_alignment,baseline,guarded,12,,,0,10661,,8,,,,,,,,,,,b8c5d4aa14a6e992466028223738b46a029748f7c6cfd7660192f8e88603494b,1,1,
P4-EVALUATION-1690325bf2cb,evaluation,P4_RELATED_UNCLASSIFIED,P4_calibrated_yaw_sigma_focus_20260716_ultra,20260716,fly3,STRONG_RETAIN_BOTH_fly3,focus,EVALUATED,DIAGNOSTIC_EVALUATION,COMPLIANT_EXPERIMENT_ROOT,C:/Users/baloney/Desktop/实验目录/P4_calibrated_yaw_sigma_focus_20260716_ultra/evaluation/absolute_navigation_no_post_alignment/STRONG_RETAIN_BOTH_fly3,,,,,,,,,,,,,,,,315.799999952,11.739355940627966,83.14819668147794,99.51657558271512,0.9242702040048738,1.3634409832398684,,,-16.262310494692485,,,,
P4-EVALUATION-d493ccae4c5c,evaluation,P4_RELATED_UNCLASSIFIED,P4_calibrated_yaw_sigma_focus_20260716_ultra,20260716,fly3,STRONG_fly3,focus,EVALUATED,DIAGNOSTIC_EVALUATION,COMPLIANT_EXPERIMENT_ROOT,C:/Users/baloney/Desktop/实验目录/P4_calibrated_yaw_sigma_focus_20260716_ultra/evaluation/absolute_navigation_no_post_alignment/STRONG_fly3,,,,,,,,,,,,,,,,315.799999952,11.739355940627966,82.16809247313611,101.74422664253952,0.8243380729695593,1.3060651235883565,,,-18.78431653969247,,,,
P4-RAW_RUN-4e2c1f82e349,raw_run,P4_WITH_P5,P4_calibrated_yaw_sigma_focus_20260716_ultra,20260716,fly3,STRONG_RETAIN_BOTH_fly3,full,SUCCESS_WITH_TRAJECTORY,RUNTIME_ONLY,COMPLIANT_EXPERIMENT_ROOT,C:/Users/baloney/Desktop/实验目录/P4_calibrated_yaw_sigma_focus_20260716_ultra/runs/STRONG_RETAIN_BOTH_fly3,C:/Users/baloney/Desktop/实验目录/P4_calibrated_yaw_sigma_focus_20260716_ultra/runs/STRONG_RETAIN_BOTH_fly3/traj_nav.txt,,618.0,1000.0,online_multisensor_alignment,baseline,guarded,12,,,0,11147,,8,,,,,,,,,,,f086985a3464e56a7295a421ae7fd40fe81c4c6529c4cafbc7f0e0025c83937f,1,1,
P4-RAW_RUN-626ca61b741f,raw_run,P4_WITH_P5,P4_calibrated_yaw_sigma_focus_20260716_ultra,20260716,fly3,STRONG_fly3,full,SUCCESS_WITH_TRAJECTORY,RUNTIME_ONLY,COMPLIANT_EXPERIMENT_ROOT,C:/Users/baloney/Desktop/实验目录/P4_calibrated_yaw_sigma_focus_20260716_ultra/runs/STRONG_fly3,C:/Users/baloney/Desktop/实验目录/P4_calibrated_yaw_sigma_focus_20260716_ultra/runs/STRONG_fly3/traj_nav.txt,,618.0,1000.0,online_multisensor_alignment,baseline,guarded,12,,,0,11147,,8,,,,,,,,,,,fc4493cc8b443525b0ed33dc1bb0100c8a3676aa2f83782e1cfc3ac194adecf1,1,1,
P4-BATCH-9379b295475e,batch,P4_WITH_P5,P4_calibrated_yaw_sigma_production_full_20260716_ultra,20260716,,20260716_205824_full_disabled_p4_only_global_baseline_both,full,BATCH_RECEIPT_PRESENT,ORCHESTRATION_ONLY,COMPLIANT_EXPERIMENT_ROOT,C:/Users/baloney/Desktop/实验目录/P4_calibrated_yaw_sigma_production_full_20260716_ultra/P4_P5_redesign_20260713/runs/20260716_205824_full_disabled_p4_only_global_baseline_both,,,,,,,,,,,,,,,,,,,,,,,,,,,,batch_exit_codes.csv
P4-EVALUATION-bcaddd70016b,evaluation,P4_RELATED_UNCLASSIFIED,P4_calibrated_yaw_sigma_production_full_20260716_ultra,20260716,fly1,fly1,full,EVALUATED,DIAGNOSTIC_EVALUATION,COMPLIANT_EXPERIMENT_ROOT,C:/Users/baloney/Desktop/实验目录/P4_calibrated_yaw_sigma_production_full_20260716_ultra/evaluation/absolute_navigation_no_post_alignment/fly1,,,,,,,,,,,,,,,,768.4000000950001,29.47752120518984,164.41151733280475,295.94833899736665,2.2406497162619763,3.1773300714821886,,,87.06323518461889,,,,
P4-RAW_RUN-b44041d07c4a,raw_run,P4_WITH_P5,P4_calibrated_yaw_sigma_production_full_20260716_ultra,20260716,fly1,fly1_formal_p4_p4_only,full,SUCCESS_WITH_TRAJECTORY,RUNTIME_ONLY,COMPLIANT_EXPERIMENT_ROOT,C:/Users/baloney/Desktop/实验目录/P4_calibrated_yaw_sigma_production_full_20260716_ultra/P4_P5_redesign_20260713/runs/20260716_205824_full_disabled_p4_only_global_baseline_both/fly1_formal_p4_p4_only,C:/Users/baloney/Desktop/实验目录/P4_calibrated_yaw_sigma_production_full_20260716_ultra/P4_P5_redesign_20260713/runs/20260716_205824_full_disabled_p4_only_global_baseline_both/fly1_formal_p4_p4_only/traj_nav.txt,,930.0,1938.0,online_multisensor_alignment,baseline,guarded,12,,,0,29793,,8,,,,,,,,,,,1f81204d5b6076a63abe089f8097a22f26e0132615ee3690a6a27914775c8cdb,1,1,
P4-EVALUATION-f0e630f57732,evaluation,P4_RELATED_UNCLASSIFIED,P4_calibrated_yaw_sigma_production_full_20260716_ultra,20260716,fly3,fly3,full,EVALUATED,DIAGNOSTIC_EVALUATION,COMPLIANT_EXPERIMENT_ROOT,C:/Users/baloney/Desktop/实验目录/P4_calibrated_yaw_sigma_production_full_20260716_ultra/evaluation/absolute_navigation_no_post_alignment/fly3,,,,,,,,,,,,,,,,1092.199999809,40.982522037639626,225.8928748797892,326.80566451945293,1.4025848011814017,3.568182518621149,,,282.00736598493233,,,,
P4-RAW_RUN-e5988a2d1b7e,raw_run,P4_WITH_P5,P4_calibrated_yaw_sigma_production_full_20260716_ultra,20260716,fly3,fly3_formal_p4_p4_only,full,SUCCESS_WITH_TRAJECTORY,RUNTIME_ONLY,COMPLIANT_EXPERIMENT_ROOT,C:/Users/baloney/Desktop/实验目录/P4_calibrated_yaw_sigma_production_full_20260716_ultra/P4_P5_redesign_20260713/runs/20260716_205824_full_disabled_p4_only_global_baseline_both/fly3_formal_p4_p4_only,C:/Users/baloney/Desktop/实验目录/P4_calibrated_yaw_sigma_production_full_20260716_ultra/P4_P5_redesign_20260713/runs/20260716_205824_full_disabled_p4_only_global_baseline_both/fly3_formal_p4_p4_only/traj_nav.txt,,618.0,1837.0,online_multisensor_alignment,baseline,guarded,12,,,0,36244,,8,,,,,,,,,,,4c39455e0fa65c1ed4ecf711fbda960781a78170d9f9bdeb6a0ffeceafdb8da3,1,1,
P4-EVALUATION-64751c54b9ea,evaluation,P4_RELATED_UNCLASSIFIED,P4_calibrated_yaw_sigma_qfc_diag_20260716_ultra,20260716,fly3,fly3,,EVALUATED,DIAGNOSTIC_EVALUATION,COMPLIANT_EXPERIMENT_ROOT,C:/Users/baloney/Desktop/实验目录/P4_calibrated_yaw_sigma_qfc_diag_20260716_ultra/evaluation/absolute_navigation_no_post_alignment/fly3,,,,,,,,,,,,,,,,315.799999952,11.739355940627966,77.71896006655587,89.56204533474585,0.9105623942139522,1.2937393943852318,,,-18.66571262969248,,,,
P4-EVALUATION-a04860dccce0,evaluation,P4_RELATED_UNCLASSIFIED,P4_calibrated_yaw_sigma_qfc_diag_20260716_ultra,20260716,fly3,fly3_full,full,EVALUATED,DIAGNOSTIC_EVALUATION,COMPLIANT_EXPERIMENT_ROOT,C:/Users/baloney/Desktop/实验目录/P4_calibrated_yaw_sigma_qfc_diag_20260716_ultra/evaluation/absolute_navigation_no_post_alignment/fly3_full,,,,,,,,,,,,,,,,1092.199999809,40.982522037639626,216.12238273612263,446.27390052009315,1.4456343385380603,3.1382282756719473,,,267.0569020839324,,,,
P4-RAW_RUN-ce107094bdcc,raw_run,P4_WITH_P5,P4_calibrated_yaw_sigma_qfc_diag_20260716_ultra,20260716,fly3,QFC_RETAIN_BIAS_FULL_fly3,full,SUCCESS_WITH_TRAJECTORY,RUNTIME_ONLY,COMPLIANT_EXPERIMENT_ROOT,C:/Users/baloney/Desktop/实验目录/P4_calibrated_yaw_sigma_qfc_diag_20260716_ultra/runs/QFC_RETAIN_BIAS_FULL_fly3,C:/Users/baloney/Desktop/实验目录/P4_calibrated_yaw_sigma_qfc_diag_20260716_ultra/runs/QFC_RETAIN_BIAS_FULL_fly3/traj_nav.txt,,618.0,1724.0,online_multisensor_alignment,baseline,guarded,12,,,0,32855,,8,,,,,,,,,,,69eb8f9fbcea38eff142be6a2a807110abdd8538cbc8f49f199459a8c41ad947,1,1,
P4-RAW_RUN-129b9160f0df,raw_run,P4_WITH_P5,P4_calibrated_yaw_sigma_qfc_diag_20260716_ultra,20260716,fly3,QFC_RETAIN_BIAS_fly3,full,SUCCESS_WITH_TRAJECTORY,RUNTIME_ONLY,COMPLIANT_EXPERIMENT_ROOT,C:/Users/baloney/Desktop/实验目录/P4_calibrated_yaw_sigma_qfc_diag_20260716_ultra/runs/QFC_RETAIN_BIAS_fly3,C:/Users/baloney/Desktop/实验目录/P4_calibrated_yaw_sigma_qfc_diag_20260716_ultra/runs/QFC_RETAIN_BIAS_fly3/traj_nav.txt,,618.0,1000.0,online_multisensor_alignment,baseline,guarded,12,,,0,11147,,8,,,,,,,,,,,d252db40aec6d3c0b6384c537bccbb9b9d40045a0cca7ea7d9062553032a4601,1,1,
P4-EVALUATION-66256e086cab,evaluation,P4_RELATED_UNCLASSIFIED,P4_final_yaw_only_focus_20260716_autonomous,20260716,fly1,final_fly1,focus,EVALUATED,DIAGNOSTIC_EVALUATION,COMPLIANT_EXPERIMENT_ROOT,C:/Users/baloney/Desktop/实验目录/P4_final_yaw_only_focus_20260716_autonomous/evaluation/absolute_navigation_no_post_alignment/final_fly1,,,,,,,,,,,,,,,,355.4000000950001,13.883788401564283,110.32731191279441,186.47882497022184,0.7674266667237203,1.7912178465795123,,,0.32363659946042844,,,,
P4-EVALUATION-4e5ba7b21262,evaluation,P4_RELATED_UNCLASSIFIED,P4_final_yaw_only_focus_20260716_autonomous,20260716,fly1,final_fly1,focus,EVALUATED,DIAGNOSTIC_EVALUATION,COMPLIANT_EXPERIMENT_ROOT,C:/Users/baloney/Desktop/实验目录/P4_final_yaw_only_focus_20260716_autonomous/evaluation/absolute_navigation_no_post_alignment_v2/final_fly1,,,,,,,,,,,,,,,,355.4000000950001,13.883788401564283,101.2616832070442,194.2064130120947,0.7674266667237205,1.3631459305874343,,,0.43694429517492495,,,,
P4-RAW_RUN-c61f967b75ac,raw_run,P4_RELATED_UNCLASSIFIED,P4_final_yaw_only_focus_20260716_autonomous,20260716,fly1,final_fly1,focus,ARTIFACT_WITHOUT_EXIT_RECEIPT,RUNTIME_ONLY,COMPLIANT_EXPERIMENT_ROOT,C:/Users/baloney/Desktop/实验目录/P4_final_yaw_only_focus_20260716_autonomous/runs/final_fly1,C:/Users/baloney/Desktop/实验目录/P4_final_yaw_only_focus_20260716_autonomous/runs/final_fly1/traj_nav.txt,,,,,,,,,,,10661,,8,,,,,,,,,,,,,1,missing_command
P4-RAW_RUN-51bcdf6cd456,raw_run,P4_RELATED_UNCLASSIFIED,P4_final_yaw_only_focus_20260716_autonomous,20260716,fly1,final_fly1_rerun,focus,ARTIFACT_WITHOUT_EXIT_RECEIPT,RUNTIME_ONLY,COMPLIANT_EXPERIMENT_ROOT,C:/Users/baloney/Desktop/实验目录/P4_final_yaw_only_focus_20260716_autonomous/runs/final_fly1_rerun,C:/Users/baloney/Desktop/实验目录/P4_final_yaw_only_focus_20260716_autonomous/runs/final_fly1_rerun/traj_nav.txt,,,,,,,,,,,10661,,8,,,,,,,,,,,,,1,missing_command
P4-EVALUATION-7e971aaa9e30,evaluation,P4_RELATED_UNCLASSIFIED,P4_final_yaw_only_focus_20260716_autonomous,20260716,fly3,final_fly3,focus,EVALUATED,DIAGNOSTIC_EVALUATION,COMPLIANT_EXPERIMENT_ROOT,C:/Users/baloney/Desktop/实验目录/P4_final_yaw_only_focus_20260716_autonomous/evaluation/absolute_navigation_no_post_alignment/final_fly3,,,,,,,,,,,,,,,,315.799999952,11.739355940627966,83.69410833948565,101.2181943032457,0.9242702040048743,1.3820338905607599,,,-16.78270250384051,,,,
P4-EVALUATION-e09bd38b9404,evaluation,P4_RELATED_UNCLASSIFIED,P4_final_yaw_only_focus_20260716_autonomous,20260716,fly3,final_fly3,focus,EVALUATED,DIAGNOSTIC_EVALUATION,COMPLIANT_EXPERIMENT_ROOT,C:/Users/baloney/Desktop/实验目录/P4_final_yaw_only_focus_20260716_autonomous/evaluation/absolute_navigation_no_post_alignment_v2/final_fly3,,,,,,,,,,,,,,,,315.799999952,11.739355940627966,83.14819668147794,99.51657558271512,0.9242702040048738,1.3634409832398684,,,-16.262310494692485,,,,
P4-RAW_RUN-fc7c13a0d09a,raw_run,P4_RELATED_UNCLASSIFIED,P4_final_yaw_only_focus_20260716_autonomous,20260716,fly3,final_fly3,focus,ARTIFACT_WITHOUT_EXIT_RECEIPT,RUNTIME_ONLY,COMPLIANT_EXPERIMENT_ROOT,C:/Users/baloney/Desktop/实验目录/P4_final_yaw_only_focus_20260716_autonomous/runs/final_fly3,C:/Users/baloney/Desktop/实验目录/P4_final_yaw_only_focus_20260716_autonomous/runs/final_fly3/traj_nav.txt,,,,,,,,,,,11147,,8,,,,,,,,,,,,,1,missing_command
P4-EVALUATION-08a7ef5c6340,evaluation,P4_RELATED_UNCLASSIFIED,P4_final_yaw_only_full_20260716_autonomous,20260716,fly1,fly1,full,EVALUATED,DIAGNOSTIC_EVALUATION,COMPLIANT_EXPERIMENT_ROOT,C:/Users/baloney/Desktop/实验目录/P4_final_yaw_only_full_20260716_autonomous/evaluation/absolute_navigation_no_post_alignment/fly1,,,,,,,,,,,,,,,,768.4000000950001,29.47752120518984,164.41151733280475,295.94833899736665,2.2406497162619763,3.1773300714821886,,,87.06323518461889,,,,
P4-EVALUATION-5d429ba9890d,evaluation,P4_RELATED_UNCLASSIFIED,P4_final_yaw_only_full_20260716_autonomous,20260716,fly1,old_fly1,full,EVALUATED,DIAGNOSTIC_EVALUATION,COMPLIANT_EXPERIMENT_ROOT,C:/Users/baloney/Desktop/实验目录/P4_final_yaw_only_full_20260716_autonomous/evaluation/common_output_window_diagnostic/old_fly1,,,,,,,,,,,,,,,,768.4000000950001,29.47752120518984,199.1125301703627,327.7209501420452,1.9727569193592778,4.1567503911936035,,,63.68466310861889,,,,
P4-EVALUATION-3f7484ba267b,evaluation,P4_RELATED_UNCLASSIFIED,P4_final_yaw_only_full_20260716_autonomous,20260716,fly1,new_fly1,full,EVALUATED,DIAGNOSTIC_EVALUATION,COMPLIANT_EXPERIMENT_ROOT,C:/Users/baloney/Desktop/实验目录/P4_final_yaw_only_full_20260716_autonomous/evaluation/start_heading_common_window/new_fly1,,,,,,,,,,,,,,,,768.4000000950001,29.47752120518984,173.0036690691599,327.8955613307691,2.2406497162619763,3.5649341007436512,,,86.9499274889044,,,,
P4-EVALUATION-6f20890bcf3d,evaluation,P4_RELATED_UNCLASSIFIED,P4_final_yaw_only_full_20260716_autonomous,20260716,fly1,old_fly1,full,EVALUATED,DIAGNOSTIC_EVALUATION,COMPLIANT_EXPERIMENT_ROOT,C:/Users/baloney/Desktop/实验目录/P4_final_yaw_only_full_20260716_autonomous/evaluation/start_heading_common_window/old_fly1,,,,,,,,,,,,,,,,768.4000000950001,29.47752120518984,174.68984752511219,289.4788498864334,1.9727569193592778,3.544166683386233,,,67.2456397919044,,,,
P4-EVALUATION-b86b3fdfa93c,evaluation,P4_RELATED_UNCLASSIFIED,P4_final_yaw_only_full_20260716_autonomous,20260716,fly1,old_fly1_traj_correct,full,EVALUATED,DIAGNOSTIC_EVALUATION,COMPLIANT_EXPERIMENT_ROOT,C:/Users/baloney/Desktop/实验目录/P4_final_yaw_only_full_20260716_autonomous/evaluation/start_heading_common_window/old_fly1_traj_correct,,,,,,,,,,,,,,,,768.4000000950001,29.47752120518984,174.68984752511219,289.4788498864334,1.9727569193592778,3.544166683386233,,,67.2456397919044,,,,
P4-EVALUATION-fbd7ca04ebaf,evaluation,P4_RELATED_UNCLASSIFIED,P4_final_yaw_only_full_20260716_autonomous,20260716,fly1,true_global_baseline_fly1,full,EVALUATED,DIAGNOSTIC_EVALUATION,COMPLIANT_EXPERIMENT_ROOT,C:/Users/baloney/Desktop/实验目录/P4_final_yaw_only_full_20260716_autonomous/evaluation/start_heading_common_window/true_global_baseline_fly1,,,,,,,,,,,,,,,,768.4000000950001,29.47752120518984,167.37298078106187,151.67422651595996,1.300460600547109,2.0893855225150983,,,6.642546744904376,,,,
P4-RAW_RUN-89d9794904ce,raw_run,P4_RELATED_UNCLASSIFIED,P4_final_yaw_only_full_20260716_autonomous,20260716,fly1,final_fly1,full,ARTIFACT_WITHOUT_EXIT_RECEIPT,RUNTIME_ONLY,COMPLIANT_EXPERIMENT_ROOT,C:/Users/baloney/Desktop/实验目录/P4_final_yaw_only_full_20260716_autonomous/runs/final_fly1,C:/Users/baloney/Desktop/实验目录/P4_final_yaw_only_full_20260716_autonomous/runs/final_fly1/traj_nav.txt,,,,,,,,,,,29793,,8,,,,,,,,,,,,,1,missing_command
P4-EVALUATION-6c0de187c863,evaluation,P4_RELATED_UNCLASSIFIED,P4_final_yaw_only_full_20260716_autonomous,20260716,fly3,fly3,full,EVALUATED,DIAGNOSTIC_EVALUATION,COMPLIANT_EXPERIMENT_ROOT,C:/Users/baloney/Desktop/实验目录/P4_final_yaw_only_full_20260716_autonomous/evaluation/absolute_navigation_no_post_alignment/fly3,,,,,,,,,,,,,,,,1092.199999809,40.982522037639626,225.8928748797892,326.80566451945293,1.4025848011814017,3.568182518621149,,,282.00736598493233,,,,
P4-EVALUATION-7b0076721044,evaluation,P4_RELATED_UNCLASSIFIED,P4_final_yaw_only_full_20260716_autonomous,20260716,fly3,new_fly3,full,EVALUATED,DIAGNOSTIC_EVALUATION,COMPLIANT_EXPERIMENT_ROOT,C:/Users/baloney/Desktop/实验目录/P4_final_yaw_only_full_20260716_autonomous/evaluation/start_heading_common_window/new_fly3,,,,,,,,,,,,,,,,1092.199999809,40.982522037639626,228.54788384116753,324.78651544516697,1.4025848011814015,3.6094209139563485,,,281.4869739757844,,,,
P4-EVALUATION-bbcb2173796a,evaluation,P4_RELATED_UNCLASSIFIED,P4_final_yaw_only_full_20260716_autonomous,20260716,fly3,old_fly3,full,EVALUATED,DIAGNOSTIC_EVALUATION,COMPLIANT_EXPERIMENT_ROOT,C:/Users/baloney/Desktop/实验目录/P4_final_yaw_only_full_20260716_autonomous/evaluation/start_heading_common_window/old_fly3,,,,,,,,,,,,,,,,1092.199999809,40.982522037639626,213.43000869683624,364.88596653392756,1.6527607023928892,3.6287591526320537,,,265.7463828907844,,,,
P4-EVALUATION-c9d78edeb2b3,evaluation,P4_RELATED_UNCLASSIFIED,P4_final_yaw_only_full_20260716_autonomous,20260716,fly3,old_fly3_traj_correct,full,EVALUATED,DIAGNOSTIC_EVALUATION,COMPLIANT_EXPERIMENT_ROOT,C:/Users/baloney/Desktop/实验目录/P4_final_yaw_only_full_20260716_autonomous/evaluation/start_heading_common_window/old_fly3_traj_correct,,,,,,,,,,,,,,,,1092.199999809,40.982522037639626,213.43000869683624,364.88596653392756,1.6527607023928892,3.6287591526320537,,,265.7463828907844,,,,
P4-EVALUATION-48581e754d8c,evaluation,P4_RELATED_UNCLASSIFIED,P4_final_yaw_only_full_20260716_autonomous,20260716,fly3,true_global_baseline_fly3,full,EVALUATED,DIAGNOSTIC_EVALUATION,COMPLIANT_EXPERIMENT_ROOT,C:/Users/baloney/Desktop/实验目录/P4_final_yaw_only_full_20260716_autonomous/evaluation/start_heading_common_window/true_global_baseline_fly3,,,,,,,,,,,,,,,,1092.199999809,40.982522037639626,229.40471360851242,317.65717944938257,1.583766474619016,3.085574643244766,,,3.123356066784339,,,,
P4-RAW_RUN-fb22b5f3f227,raw_run,P4_RELATED_UNCLASSIFIED,P4_final_yaw_only_full_20260716_autonomous,20260716,fly3,final_fly3,full,ARTIFACT_WITHOUT_EXIT_RECEIPT,RUNTIME_ONLY,COMPLIANT_EXPERIMENT_ROOT,C:/Users/baloney/Desktop/实验目录/P4_final_yaw_only_full_20260716_autonomous/runs/final_fly3,C:/Users/baloney/Desktop/实验目录/P4_final_yaw_only_full_20260716_autonomous/runs/final_fly3/traj_nav.txt,,,,,,,,,,,36244,,8,,,,,,,,,,,,,1,missing_command
P4-EVALUATION-12d98db73201,evaluation,P4_RELATED_UNCLASSIFIED,P4_fly2_direction_validation_20260716_autonomous,20260716,fly2,current_binary_old_init,focus,EVALUATED,DIAGNOSTIC_EVALUATION,COMPLIANT_EXPERIMENT_ROOT,C:/Users/baloney/Desktop/实验目录/P4_fly2_direction_validation_20260716_autonomous/focus_evaluation/backend_timestamp_common_grid_05s/current_binary_old_init,,,,,,,,,,,,,,,,373.3999998569999,15.156313632629718,31.798969078211233,58.327141990785144,0.6354778296290042,1.0790835270864991,,,-1.4744963073726467,,,,
P4-EVALUATION-d010911be43c,evaluation,P4_RELATED_UNCLASSIFIED,P4_fly2_direction_validation_20260716_autonomous,20260716,fly2,frozen_old_binary_old_init,focus,EVALUATED,DIAGNOSTIC_EVALUATION,COMPLIANT_EXPERIMENT_ROOT,C:/Users/baloney/Desktop/实验目录/P4_fly2_direction_validation_20260716_autonomous/focus_evaluation/backend_timestamp_common_grid_05s/frozen_old_binary_old_init,,,,,,,,,,,,,,,,373.3999998569999,15.156313632629718,30.213686069571263,50.04552792708049,0.564747013026307,1.0722045727732041,,,-1.4734586003726236,,,,
P4-EVALUATION-1db125228eac,evaluation,P4_RELATED_UNCLASSIFIED,P4_fly2_direction_validation_20260716_autonomous,20260716,fly2,graph_bias_legacy_cov,focus,EVALUATED,DIAGNOSTIC_EVALUATION,COMPLIANT_EXPERIMENT_ROOT,C:/Users/baloney/Desktop/实验目录/P4_fly2_direction_validation_20260716_autonomous/focus_evaluation/backend_timestamp_common_grid_05s/graph_bias_legacy_cov,,,,,,,,,,,,,,,,373.3999998569999,15.156313632629718,62.83258519186777,100.33389185523308,0.877771550797754,1.5832728027341136,,,0.5775451756273355,,,,
P4-EVALUATION-e51d1b3cf57a,evaluation,P4_RELATED_UNCLASSIFIED,P4_fly2_direction_validation_20260716_autonomous,20260716,fly2,graph_bias_p4_diag_cov,focus,EVALUATED,DIAGNOSTIC_EVALUATION,COMPLIANT_EXPERIMENT_ROOT,C:/Users/baloney/Desktop/实验目录/P4_fly2_direction_validation_20260716_autonomous/focus_evaluation/backend_timestamp_common_grid_05s/graph_bias_p4_diag_cov,,,,,,,,,,,,,,,,373.3999998569999,15.156313632629718,50.078884171451975,76.62472896392195,0.7478771490785294,1.387610904219571,,,0.3138889656273136,,,,
P4-EVALUATION-ea2f0688e558,evaluation,P4_RELATED_UNCLASSIFIED,P4_fly2_direction_validation_20260716_autonomous,20260716,fly2,old_filter_qpv_p4_bias,focus,EVALUATED,DIAGNOSTIC_EVALUATION,COMPLIANT_EXPERIMENT_ROOT,C:/Users/baloney/Desktop/实验目录/P4_fly2_direction_validation_20260716_autonomous/focus_evaluation/backend_timestamp_common_grid_05s/old_filter_qpv_p4_bias,,,,,,,,,,,,,,,,373.3999998569999,15.156313632629718,65.62666639785952,119.06577406507988,0.9363429840530608,1.5582312619576164,,,0.020948403627357948,,,,
P4-EVALUATION-2fc563e88982,evaluation,P4_RELATED_UNCLASSIFIED,P4_fly2_direction_validation_20260716_autonomous,20260716,fly2,old_filter_state_legacy_cov,focus,EVALUATED,DIAGNOSTIC_EVALUATION,COMPLIANT_EXPERIMENT_ROOT,C:/Users/baloney/Desktop/实验目录/P4_fly2_direction_validation_20260716_autonomous/focus_evaluation/backend_timestamp_common_grid_05s/old_filter_state_legacy_cov,,,,,,,,,,,,,,,,373.3999998569999,15.156313632629718,32.921432658827186,82.50892239820647,0.8064428044247385,1.1825647919467657,,,0.4500612936273001,,,,
P4-EVALUATION-c676200b9e57,evaluation,P4_RELATED_UNCLASSIFIED,P4_fly2_direction_validation_20260716_autonomous,20260716,fly2,old_filter_state_p4_diag_cov,focus,EVALUATED,DIAGNOSTIC_EVALUATION,COMPLIANT_EXPERIMENT_ROOT,C:/Users/baloney/Desktop/实验目录/P4_fly2_direction_validation_20260716_autonomous/focus_evaluation/backend_timestamp_common_grid_05s/old_filter_state_p4_diag_cov,,,,,,,,,,,,,,,,373.3999998569999,15.156313632629718,33.77344235941323,83.533695472714,0.7352023833359528,1.211004828117204,,,-0.035038246372664617,,,,
P4-EVALUATION-afb6025c7f6c,evaluation,P4_RELATED_UNCLASSIFIED,P4_fly2_direction_validation_20260716_autonomous,20260716,fly2,p4_qpv_old_filter_bias,focus,EVALUATED,DIAGNOSTIC_EVALUATION,COMPLIANT_EXPERIMENT_ROOT,C:/Users/baloney/Desktop/实验目录/P4_fly2_direction_validation_20260716_autonomous/focus_evaluation/backend_timestamp_common_grid_05s/p4_qpv_old_filter_bias,,,,,,,,,,,,,,,,373.3999998569999,15.156313632629718,47.02398375519103,95.15760228368251,0.9000108390279953,1.3138633365308532,,,0.22904891962735974,,,,
P4-EVALUATION-a68cf4de39a0,evaluation,P4_RELATED_UNCLASSIFIED,P4_fly2_direction_validation_20260716_autonomous,20260716,fly2,real_P4_guarded,focus,EVALUATED,DIAGNOSTIC_EVALUATION,COMPLIANT_EXPERIMENT_ROOT,C:/Users/baloney/Desktop/实验目录/P4_fly2_direction_validation_20260716_autonomous/focus_evaluation/backend_timestamp_common_grid_05s/real_P4_guarded,,,,,,,,,,,,,,,,373.3999998569999,15.156313632629718,73.17213276924889,54.99773182884195,0.9042105472562656,1.384908965357724,,,-0.06498702437266957,,,,
P4-EVALUATION-ef83c2aa7fea,evaluation,P4_RELATED_UNCLASSIFIED,P4_fly2_direction_validation_20260716_autonomous,20260716,fly2,real_P4_nasa_height,focus,EVALUATED,DIAGNOSTIC_EVALUATION,COMPLIANT_EXPERIMENT_ROOT,C:/Users/baloney/Desktop/实验目录/P4_fly2_direction_validation_20260716_autonomous/focus_evaluation/backend_timestamp_common_grid_05s/real_P4_nasa_height,,,,,,,,,,,,,,,,373.3999998569999,15.156313632629718,60.078534086124016,55.71657139590802,0.606545363414782,1.3518155731606099,,,-1.1840448683726663,,,,
P4-EVALUATION-20e9bacb2ee5,evaluation,P4_RELATED_UNCLASSIFIED,P4_fly2_direction_validation_20260716_autonomous,20260716,fly2,zero_bias_legacy_cov,focus,EVALUATED,DIAGNOSTIC_EVALUATION,COMPLIANT_EXPERIMENT_ROOT,C:/Users/baloney/Desktop/实验目录/P4_fly2_direction_validation_20260716_autonomous/focus_evaluation/backend_timestamp_common_grid_05s/zero_bias_legacy_cov,,,,,,,,,,,,,,,,373.3999998569999,15.156313632629718,137.4333146332971,230.2786695672812,3.0326708145928976,3.444626800729942,,,1.1398656826273736,,,,
P4-EVALUATION-91f08712d6b6,evaluation,P4_RELATED_UNCLASSIFIED,P4_fly2_direction_validation_20260716_autonomous,20260716,fly2,zero_bias_p4_diag_cov,focus,EVALUATED,DIAGNOSTIC_EVALUATION,COMPLIANT_EXPERIMENT_ROOT,C:/Users/baloney/Desktop/实验目录/P4_fly2_direction_validation_20260716_autonomous/focus_evaluation/backend_timestamp_common_grid_05s/zero_bias_p4_diag_cov,,,,,,,,,,,,,,,,373.3999998569999,15.156313632629718,59.59739704273286,113.55827951821058,0.8766403633715706,1.589100863934465,,,1.3572101786273265,,,,
P4-EVALUATION-49222868086b,evaluation,P4_RELATED_UNCLASSIFIED,P4_fly2_direction_validation_20260716_autonomous,20260716,fly2,current_same_init,focus,EVALUATED,DIAGNOSTIC_EVALUATION,COMPLIANT_EXPERIMENT_ROOT,C:/Users/baloney/Desktop/实验目录/P4_fly2_direction_validation_20260716_autonomous/focus_evaluation/backend_timestamp_normalized/current_same_init,,,,,,,,,,,,,,,,374.9999999999999,10.034742855660694,39.056059000770354,65.97547917382971,0.6197967302896451,1.001912549839625,,,-1.5427921290158224,,,,
P4-EVALUATION-3ca035a9d66d,evaluation,P4_RELATED_UNCLASSIFIED,P4_fly2_direction_validation_20260716_autonomous,20260716,fly2,frozen,focus,EVALUATED,DIAGNOSTIC_EVALUATION,COMPLIANT_EXPERIMENT_ROOT,C:/Users/baloney/Desktop/实验目录/P4_fly2_direction_validation_20260716_autonomous/focus_evaluation/backend_timestamp_normalized/frozen,,,,,,,,,,,,,,,,374.9999999999999,10.034742855660694,40.3638625456519,61.242820592059175,0.6000750668270951,1.0008920265063872,,,-1.5417544220157993,,,,
P4-EVALUATION-eeb3a99ea82f,evaluation,P4_RELATED_UNCLASSIFIED,P4_fly2_direction_validation_20260716_autonomous,20260716,fly2,p4_current,focus,EVALUATED,DIAGNOSTIC_EVALUATION,COMPLIANT_EXPERIMENT_ROOT,C:/Users/baloney/Desktop/实验目录/P4_fly2_direction_validation_20260716_autonomous/focus_evaluation/backend_timestamp_normalized/p4_current,,,,,,,,,,,,,,,,212.799999952,8.701383099050853,75.33639038768554,130.03935735575078,0.533182044923194,1.1239761986776522,,,1.979140042340532,,,,
P4-EVALUATION-00701756ad37,evaluation,P4_RELATED_UNCLASSIFIED,P4_fly2_direction_validation_20260716_autonomous,20260716,fly2,graph_bias_legacy_cov,focus,EVALUATED,DIAGNOSTIC_EVALUATION,COMPLIANT_EXPERIMENT_ROOT,C:/Users/baloney/Desktop/实验目录/P4_fly2_direction_validation_20260716_autonomous/focus_evaluation/backend_timestamp_normalized_release_ablation/graph_bias_legacy_cov,,,,,,,,,,,,,,,,373.7999999519999,10.042764023686948,40.00249817485809,99.970516597067,0.7421236897506266,1.2384750109097784,,,0.6099787076871053,,,,
P4-EVALUATION-bb1a66153b42,evaluation,P4_RELATED_UNCLASSIFIED,P4_fly2_direction_validation_20260716_autonomous,20260716,fly2,graph_bias_p4_diag_cov,focus,EVALUATED,DIAGNOSTIC_EVALUATION,COMPLIANT_EXPERIMENT_ROOT,C:/Users/baloney/Desktop/实验目录/P4_fly2_direction_validation_20260716_autonomous/focus_evaluation/backend_timestamp_normalized_release_ablation/graph_bias_p4_diag_cov,,,,,,,,,,,,,,,,373.7999999519999,10.042764023686948,27.932976751302437,76.36967698860802,0.5868327195554238,0.9209322801442879,,,0.3468977296871003,,,,
P4-EVALUATION-53f3bbe0b0be,evaluation,P4_RELATED_UNCLASSIFIED,P4_fly2_direction_validation_20260716_autonomous,20260716,fly2,zero_bias_legacy_cov_rerun,focus,EVALUATED,DIAGNOSTIC_EVALUATION,COMPLIANT_EXPERIMENT_ROOT,C:/Users/baloney/Desktop/实验目录/P4_fly2_direction_validation_20260716_autonomous/focus_evaluation/backend_timestamp_normalized_release_ablation/zero_bias_legacy_cov_rerun,,,,,,,,,,,,,,,,373.7999999519999,10.042764023686948,138.70917251516548,228.99924422315465,3.846079130752641,4.016928062735657,,,1.163609558687142,,,,
P4-EVALUATION-cc2adf865474,evaluation,P4_RELATED_UNCLASSIFIED,P4_fly2_direction_validation_20260716_autonomous,20260716,fly2,zero_bias_p4_diag_cov_rerun,focus,EVALUATED,DIAGNOSTIC_EVALUATION,COMPLIANT_EXPERIMENT_ROOT,C:/Users/baloney/Desktop/实验目录/P4_fly2_direction_validation_20260716_autonomous/focus_evaluation/backend_timestamp_normalized_release_ablation/zero_bias_p4_diag_cov_rerun,,,,,,,,,,,,,,,,373.7999999519999,10.042764023686948,38.109664865519456,112.68872260065132,0.5538604773174552,1.1257148010827513,,,1.3769792476870748,,,,
P4-EVALUATION-cfc19d41b247,evaluation,P4_RELATED_UNCLASSIFIED,P4_fly2_direction_validation_20260716_autonomous,20260716,fly2,current_P4_old_runtime_height_start_heading,focus,EVALUATED,DIAGNOSTIC_EVALUATION,COMPLIANT_EXPERIMENT_ROOT,C:/Users/baloney/Desktop/实验目录/P4_fly2_direction_validation_20260716_autonomous/focus_evaluation/current_P4_old_runtime_height_start_heading,,,,,,,,,,,,,,,,375.399999857,15.232673341940474,59.489039026180166,72.97276498925787,0.6158628800438423,1.5850379139345676,,,-0.6150515889767121,,,,
P4-EVALUATION-26a3dd5639c3,evaluation,P4_RELATED_UNCLASSIFIED,P4_fly2_direction_validation_20260716_autonomous,20260716,fly2,current_binary_old_runtime_legacy_init_start_heading,focus,EVALUATED,DIAGNOSTIC_EVALUATION,COMPLIANT_EXPERIMENT_ROOT,C:/Users/baloney/Desktop/实验目录/P4_fly2_direction_validation_20260716_autonomous/focus_evaluation/current_binary_old_runtime_legacy_init_start_heading,,,,,,,,,,,,,,,,375.399999857,15.232673341940474,37.20850181224154,52.49496940203814,0.6452987993311122,1.4142153719767157,,,-2.558514756976706,,,,
P4-EVALUATION-6a7f20e7e5c7,evaluation,P4_RELATED_UNCLASSIFIED,P4_fly2_direction_validation_20260716_autonomous,20260716,fly2,frozen_global_baseline_start_heading,focus,EVALUATED,DIAGNOSTIC_EVALUATION,COMPLIANT_EXPERIMENT_ROOT,C:/Users/baloney/Desktop/实验目录/P4_fly2_direction_validation_20260716_autonomous/focus_evaluation/frozen_global_baseline_start_heading,,,,,,,,,,,,,,,,375.399999857,15.232673341940474,24.21721478561674,39.15295244409754,0.5624717563109007,1.1802220989352343,,,-1.9208290029767454,,,,
P4-EVALUATION-2a6dd4d7fc4c,evaluation,P4_RELATED_UNCLASSIFIED,P4_fly2_direction_validation_20260716_autonomous,20260716,fly2,global_baseline_start_heading,focus,EVALUATED,DIAGNOSTIC_EVALUATION,COMPLIANT_EXPERIMENT_ROOT,C:/Users/baloney/Desktop/实验目录/P4_fly2_direction_validation_20260716_autonomous/focus_evaluation/global_baseline_start_heading,,,,,,,,,,,,,,,,375.399999857,15.232673341940474,183052.97193788705,350360.34099317325,1004.3113690467534,1042.3824447227964,,,-848658.405225364,,,,
P4-EVALUATION-575ea6996f25,evaluation,P4_RELATED_UNCLASSIFIED,P4_fly2_direction_validation_20260716_autonomous,20260716,fly2,legacy_fc_full_state_same_runner_start_heading,full,EVALUATED,DIAGNOSTIC_EVALUATION,COMPLIANT_EXPERIMENT_ROOT,C:/Users/baloney/Desktop/实验目录/P4_fly2_direction_validation_20260716_autonomous/focus_evaluation/legacy_fc_full_state_same_runner_start_heading,,,,,,,,,,,,,,,,375.399999857,15.232673341940474,106.75483825496742,99.17780326981516,1.556817341115154,2.29671711049248,,,-1.5650256619767333,,,,
P4-EVALUATION-a21339177f3c,evaluation,P4_RELATED_UNCLASSIFIED,P4_fly2_direction_validation_20260716_autonomous,20260716,fly2,p4_absolute,focus,EVALUATED,DIAGNOSTIC_EVALUATION,COMPLIANT_EXPERIMENT_ROOT,C:/Users/baloney/Desktop/实验目录/P4_fly2_direction_validation_20260716_autonomous/focus_evaluation/p4_absolute,,,,,,,,,,,,,,,,375.399999857,15.232673341940474,69.94114915657495,83.18840631758941,0.900816000016871,1.6431005237861758,,,1.1375985494308338,,,,
P4-EVALUATION-52658eed81ec,evaluation,P4_RELATED_UNCLASSIFIED,P4_fly2_direction_validation_20260716_autonomous,20260716,fly2,p4_start_heading,focus,EVALUATED,DIAGNOSTIC_EVALUATION,COMPLIANT_EXPERIMENT_ROOT,C:/Users/baloney/Desktop/实验目录/P4_fly2_direction_validation_20260716_autonomous/focus_evaluation/p4_start_heading,,,,,,,,,,,,,,,,375.399999857,15.232673341940474,69.17509366078558,84.72264347990658,0.9008160000168712,1.6376536917349698,,,0.603166525023255,,,,
P4-RAW_RUN-214766d21d3f,raw_run,P4,P4_fly2_direction_validation_20260716_autonomous,20260716,fly2,current_P4_old_runtime_height,full,SUCCESS_WITH_TRAJECTORY,RUNTIME_ONLY,COMPLIANT_EXPERIMENT_ROOT,C:/Users/baloney/Desktop/实验目录/P4_fly2_direction_validation_20260716_autonomous/focus_ablation/current_P4_old_runtime_height,C:/Users/baloney/Desktop/实验目录/P4_fly2_direction_validation_20260716_autonomous/focus_ablation/current_P4_old_runtime_height/traj_nav.txt,,700,1100,online_multisensor_alignment,,,12,,,0,11275,,8,,,,,,,,,,,2e0837db37f1de0146b5646ac3bc9d76b1ff4e20223335c7cecd7a11d87b6e95,1,1,
P4-RAW_RUN-a108cae4798d,raw_run,P4_WITH_P5,P4_fly2_direction_validation_20260716_autonomous,20260716,fly2,current_binary_old_runtime_legacy_init,full,SUCCESS_WITH_TRAJECTORY,RUNTIME_ONLY,COMPLIANT_EXPERIMENT_ROOT,C:/Users/baloney/Desktop/实验目录/P4_fly2_direction_validation_20260716_autonomous/focus_ablation/current_binary_old_runtime_legacy_init,C:/Users/baloney/Desktop/实验目录/P4_fly2_direction_validation_20260716_autonomous/focus_ablation/current_binary_old_runtime_legacy_init/traj_nav.txt,,700,1100,fc_full_state,,,12,,,0,11946,,,,,,,,,,,,,5c8786f5d612b0296b0e4e3048e5c14af4030c2f2469550c3cb2435964af185d,1,1,
P4-RAW_RUN-48a44f8ce882,raw_run,P4_RELATED_UNCLASSIFIED,P4_fly2_direction_validation_20260716_autonomous,20260716,fly2,p4_current,focus,ARTIFACT_WITHOUT_EXIT_RECEIPT,RUNTIME_ONLY,COMPLIANT_EXPERIMENT_ROOT,C:/Users/baloney/Desktop/实验目录/P4_fly2_direction_validation_20260716_autonomous/focus_runs/p4_current,C:/Users/baloney/Desktop/实验目录/P4_fly2_direction_validation_20260716_autonomous/focus_runs/p4_current/traj_nav.txt,,,,,,,,,,,11275,,8,,,,,,,,,,,,,1,missing_command
P4-RAW_RUN-ee9c6de5d2d4,raw_run,P4_RELATED_UNCLASSIFIED,P4_fly2_direction_validation_20260716_autonomous,20260716,fly2,global_baseline_same_runner,focus,ARTIFACT_WITHOUT_EXIT_RECEIPT,RUNTIME_ONLY,COMPLIANT_EXPERIMENT_ROOT,C:/Users/baloney/Desktop/实验目录/P4_fly2_direction_validation_20260716_autonomous/focus_runs_r2/global_baseline_same_runner,C:/Users/baloney/Desktop/实验目录/P4_fly2_direction_validation_20260716_autonomous/focus_runs_r2/global_baseline_same_runner/traj_nav.txt,,,,,,,,,,,1,,,,,,,,,,,,,,,1,missing_command
P4-RAW_RUN-8a0dbdbac3ca,raw_run,P4_RELATED_UNCLASSIFIED,P4_fly2_direction_validation_20260716_autonomous,20260716,fly2,p4_current,focus,ARTIFACT_WITHOUT_EXIT_RECEIPT,RUNTIME_ONLY,COMPLIANT_EXPERIMENT_ROOT,C:/Users/baloney/Desktop/实验目录/P4_fly2_direction_validation_20260716_autonomous/focus_runs_r2/p4_current,C:/Users/baloney/Desktop/实验目录/P4_fly2_direction_validation_20260716_autonomous/focus_runs_r2/p4_current/traj_nav.txt,,,,,,,,,,,11275,,8,,,,,,,,,,,,,1,missing_command
P4-RAW_RUN-f2012cc15042,raw_run,P4_WITH_P5,P4_fly2_direction_validation_20260716_autonomous,20260716,fly2,legacy_fc_full_state_same_runner,full,SUCCESS_WITH_TRAJECTORY,RUNTIME_ONLY,COMPLIANT_EXPERIMENT_ROOT,C:/Users/baloney/Desktop/实验目录/P4_fly2_direction_validation_20260716_autonomous/focus_runs_r3/legacy_fc_full_state_same_runner,C:/Users/baloney/Desktop/实验目录/P4_fly2_direction_validation_20260716_autonomous/focus_runs_r3/legacy_fc_full_state_same_runner/traj_nav.txt,,700,1100,fc_full_state,baseline,guarded,12,,,0,11946,,,,,,,,,,,,,c1be0e0447aca1d47db5cc87df8d0683b3ff56af29b47400096cefaec41e53b8,1,1,
P4-RAW_RUN-1254b5795806,raw_run,P4_RELATED_UNCLASSIFIED,P4_fly2_direction_validation_20260716_autonomous,20260716,fly2,native_dynamic_probe,,ARTIFACT_WITHOUT_EXIT_RECEIPT,RUNTIME_ONLY,COMPLIANT_EXPERIMENT_ROOT,C:/Users/baloney/Desktop/实验目录/P4_fly2_direction_validation_20260716_autonomous/native_dynamic_probe,C:/Users/baloney/Desktop/实验目录/P4_fly2_direction_validation_20260716_autonomous/native_dynamic_probe/traj_nav.txt,,,,,,,,,,,1,,,,,,,,,,,,,,,1,missing_command
P4-RAW_RUN-a074963a2bd5,raw_run,P4_RELATED_UNCLASSIFIED,P4_fly2_direction_validation_20260716_autonomous,20260716,fly2,native_dynamic_probe_stride1,,ARTIFACT_WITHOUT_EXIT_RECEIPT,RUNTIME_ONLY,COMPLIANT_EXPERIMENT_ROOT,C:/Users/baloney/Desktop/实验目录/P4_fly2_direction_validation_20260716_autonomous/native_dynamic_probe_stride1,C:/Users/baloney/Desktop/实验目录/P4_fly2_direction_validation_20260716_autonomous/native_dynamic_probe_stride1/traj_nav.txt,,,,,,,,,,,1,,,,,,,,,,,,,,,1,missing_command
P4-RAW_RUN-b1017c5d5ee6,raw_run,P4_RELATED_UNCLASSIFIED,P4_fly2_direction_validation_20260716_autonomous,20260716,fly2,graph_bias_legacy_cov,,ARTIFACT_WITHOUT_EXIT_RECEIPT,RUNTIME_ONLY,COMPLIANT_EXPERIMENT_ROOT,C:/Users/baloney/Desktop/实验目录/P4_fly2_direction_validation_20260716_autonomous/release_state_ablation/graph_bias_legacy_cov,C:/Users/baloney/Desktop/实验目录/P4_fly2_direction_validation_20260716_autonomous/release_state_ablation/graph_bias_legacy_cov/traj_nav.txt,,,,,,,,,,,11232,,,,,,,,,,,,,,,1,missing_command
P4-RAW_RUN-255a5e3dc123,raw_run,P4_RELATED_UNCLASSIFIED,P4_fly2_direction_validation_20260716_autonomous,20260716,fly2,graph_bias_p4_diag_cov,,ARTIFACT_WITHOUT_EXIT_RECEIPT,RUNTIME_ONLY,COMPLIANT_EXPERIMENT_ROOT,C:/Users/baloney/Desktop/实验目录/P4_fly2_direction_validation_20260716_autonomous/release_state_ablation/graph_bias_p4_diag_cov,C:/Users/baloney/Desktop/实验目录/P4_fly2_direction_validation_20260716_autonomous/release_state_ablation/graph_bias_p4_diag_cov/traj_nav.txt,,,,,,,,,,,11232,,,,,,,,,,,,,,,1,missing_command
P4-RAW_RUN-b55916e72b16,raw_run,P4_RELATED_UNCLASSIFIED,P4_fly2_direction_validation_20260716_autonomous,20260716,fly2,old_filter_qpv_p4_bias,,ARTIFACT_WITHOUT_EXIT_RECEIPT,RUNTIME_ONLY,COMPLIANT_EXPERIMENT_ROOT,C:/Users/baloney/Desktop/实验目录/P4_fly2_direction_validation_20260716_autonomous/release_state_ablation/old_filter_qpv_p4_bias,C:/Users/baloney/Desktop/实验目录/P4_fly2_direction_validation_20260716_autonomous/release_state_ablation/old_filter_qpv_p4_bias/traj_nav.txt,,,,,,,,,,,11232,,,,,,,,,,,,,,,1,missing_command
P4-RAW_RUN-4cce2b530743,raw_run,P4_RELATED_UNCLASSIFIED,P4_fly2_direction_validation_20260716_autonomous,20260716,fly2,old_filter_state_legacy_cov,,ARTIFACT_WITHOUT_EXIT_RECEIPT,RUNTIME_ONLY,COMPLIANT_EXPERIMENT_ROOT,C:/Users/baloney/Desktop/实验目录/P4_fly2_direction_validation_20260716_autonomous/release_state_ablation/old_filter_state_legacy_cov,C:/Users/baloney/Desktop/实验目录/P4_fly2_direction_validation_20260716_autonomous/release_state_ablation/old_filter_state_legacy_cov/traj_nav.txt,,,,,,,,,,,11232,,,,,,,,,,,,,,,1,missing_command
P4-RAW_RUN-835ab49d5045,raw_run,P4_RELATED_UNCLASSIFIED,P4_fly2_direction_validation_20260716_autonomous,20260716,fly2,old_filter_state_p4_diag_cov,,ARTIFACT_WITHOUT_EXIT_RECEIPT,RUNTIME_ONLY,COMPLIANT_EXPERIMENT_ROOT,C:/Users/baloney/Desktop/实验目录/P4_fly2_direction_validation_20260716_autonomous/release_state_ablation/old_filter_state_p4_diag_cov,C:/Users/baloney/Desktop/实验目录/P4_fly2_direction_validation_20260716_autonomous/release_state_ablation/old_filter_state_p4_diag_cov/traj_nav.txt,,,,,,,,,,,11232,,,,,,,,,,,,,,,1,missing_command
P4-RAW_RUN-b269942d573e,raw_run,P4_RELATED_UNCLASSIFIED,P4_fly2_direction_validation_20260716_autonomous,20260716,fly2,p4_qpv_old_filter_bias,,ARTIFACT_WITHOUT_EXIT_RECEIPT,RUNTIME_ONLY,COMPLIANT_EXPERIMENT_ROOT,C:/Users/baloney/Desktop/实验目录/P4_fly2_direction_validation_20260716_autonomous/release_state_ablation/p4_qpv_old_filter_bias,C:/Users/baloney/Desktop/实验目录/P4_fly2_direction_validation_20260716_autonomous/release_state_ablation/p4_qpv_old_filter_bias/traj_nav.txt,,,,,,,,,,,11232,,,,,,,,,,,,,,,1,missing_command
P4-RAW_RUN-fae2f06be40a,raw_run,P4_RELATED_UNCLASSIFIED,P4_fly2_direction_validation_20260716_autonomous,20260716,fly2,zero_bias_legacy_cov,,ARTIFACT_WITHOUT_EXIT_RECEIPT,RUNTIME_ONLY,COMPLIANT_EXPERIMENT_ROOT,C:/Users/baloney/Desktop/实验目录/P4_fly2_direction_validation_20260716_autonomous/release_state_ablation/zero_bias_legacy_cov,C:/Users/baloney/Desktop/实验目录/P4_fly2_direction_validation_20260716_autonomous/release_state_ablation/zero_bias_legacy_cov/traj_nav.txt,,,,,,,,,,,9914,,,,,,,,,,,,,,,1,missing_command
P4-RAW_RUN-483d4c194ea6,raw_run,P4_RELATED_UNCLASSIFIED,P4_fly2_direction_validation_20260716_autonomous,20260716,fly2,zero_bias_legacy_cov_rerun,,ARTIFACT_WITHOUT_EXIT_RECEIPT,RUNTIME_ONLY,COMPLIANT_EXPERIMENT_ROOT,C:/Users/baloney/Desktop/实验目录/P4_fly2_direction_validation_20260716_autonomous/release_state_ablation/zero_bias_legacy_cov_rerun,C:/Users/baloney/Desktop/实验目录/P4_fly2_direction_validation_20260716_autonomous/release_state_ablation/zero_bias_legacy_cov_rerun/traj_nav.txt,,,,,,,,,,,11232,,,,,,,,,,,,,,,1,missing_command
P4-RAW_RUN-ccb07a657e32,raw_run,P4_RELATED_UNCLASSIFIED,P4_fly2_direction_validation_20260716_autonomous,20260716,fly2,zero_bias_p4_diag_cov,,ARTIFACT_WITHOUT_EXIT_RECEIPT,RUNTIME_ONLY,COMPLIANT_EXPERIMENT_ROOT,C:/Users/baloney/Desktop/实验目录/P4_fly2_direction_validation_20260716_autonomous/release_state_ablation/zero_bias_p4_diag_cov,C:/Users/baloney/Desktop/实验目录/P4_fly2_direction_validation_20260716_autonomous/release_state_ablation/zero_bias_p4_diag_cov/traj_nav.txt,,,,,,,,,,,8811,,,,,,,,,,,,,,,1,missing_command
P4-RAW_RUN-f357f354bf4d,raw_run,P4_RELATED_UNCLASSIFIED,P4_fly2_direction_validation_20260716_autonomous,20260716,fly2,zero_bias_p4_diag_cov_rerun,,ARTIFACT_WITHOUT_EXIT_RECEIPT,RUNTIME_ONLY,COMPLIANT_EXPERIMENT_ROOT,C:/Users/baloney/Desktop/实验目录/P4_fly2_direction_validation_20260716_autonomous/release_state_ablation/zero_bias_p4_diag_cov_rerun,C:/Users/baloney/Desktop/实验目录/P4_fly2_direction_validation_20260716_autonomous/release_state_ablation/zero_bias_p4_diag_cov_rerun/traj_nav.txt,,,,,,,,,,,11232,,,,,,,,,,,,,,,1,missing_command
P4-EVALUATION-e3024e74096f,evaluation,P4_RELATED_UNCLASSIFIED,P4_low_dynamic_attitude_gauge_focus_20260716_ultra,20260716,fly1,HYBRID_fly1,focus,EVALUATED,DIAGNOSTIC_EVALUATION,COMPLIANT_EXPERIMENT_ROOT,C:/Users/baloney/Desktop/实验目录/P4_low_dynamic_attitude_gauge_focus_20260716_ultra/evaluation/absolute_navigation_no_post_alignment/HYBRID_fly1,,,,,,,,,,,,,,,,355.4000000950001,13.883788401564283,103.7913382195484,201.15586880533752,0.8016119841681263,1.3872251683822117,,,0.42535098517490155,,,,
P4-RAW_RUN-df2ecb2c58c7,raw_run,P4_WITH_P5,P4_low_dynamic_attitude_gauge_focus_20260716_ultra,20260716,fly1,HYBRID_fly1,full,SUCCESS_WITH_TRAJECTORY,RUNTIME_ONLY,COMPLIANT_EXPERIMENT_ROOT,C:/Users/baloney/Desktop/实验目录/P4_low_dynamic_attitude_gauge_focus_20260716_ultra/runs/HYBRID_fly1,C:/Users/baloney/Desktop/实验目录/P4_low_dynamic_attitude_gauge_focus_20260716_ultra/runs/HYBRID_fly1/traj_nav.txt,,930.0,1300.0,online_multisensor_alignment,baseline,guarded,12,,,0,10661,,8,,,,,,,,,,,7f4fe23d8001fce00428c078ad48131c99df13361c6adcf6576dd5a9e8acfdd4,1,1,
P4-EVALUATION-75efd8fa53e8,evaluation,P4_RELATED_UNCLASSIFIED,P4_low_dynamic_attitude_gauge_focus_20260716_ultra,20260716,fly3,HYBRID_fly3,focus,EVALUATED,DIAGNOSTIC_EVALUATION,COMPLIANT_EXPERIMENT_ROOT,C:/Users/baloney/Desktop/实验目录/P4_low_dynamic_attitude_gauge_focus_20260716_ultra/evaluation/absolute_navigation_no_post_alignment/HYBRID_fly3,,,,,,,,,,,,,,,,315.799999952,11.739355940627966,81.53241962317476,106.80613371719575,0.8346095039925439,1.3373282341086832,,,-16.109240691692463,,,,
P4-RAW_RUN-d0c4676ec5c8,raw_run,P4_WITH_P5,P4_low_dynamic_attitude_gauge_focus_20260716_ultra,20260716,fly3,HYBRID_fly3,full,SUCCESS_WITH_TRAJECTORY,RUNTIME_ONLY,COMPLIANT_EXPERIMENT_ROOT,C:/Users/baloney/Desktop/实验目录/P4_low_dynamic_attitude_gauge_focus_20260716_ultra/runs/HYBRID_fly3,C:/Users/baloney/Desktop/实验目录/P4_low_dynamic_attitude_gauge_focus_20260716_ultra/runs/HYBRID_fly3/traj_nav.txt,,618.0,1000.0,online_multisensor_alignment,baseline,guarded,12,,,0,11129,,8,,,,,,,,,,,3f784505adb3f9970f481f51e5ed4727e00044056dc675a8b9d3a5e02f9c5115,1,1,
P4-EVALUATION-2287e1470664,evaluation,P4_RELATED_UNCLASSIFIED,P4_low_dynamic_attitude_gauge_full_20260716_ultra,20260716,fly3,fly3,full,EVALUATED,DIAGNOSTIC_EVALUATION,COMPLIANT_EXPERIMENT_ROOT,C:/Users/baloney/Desktop/实验目录/P4_low_dynamic_attitude_gauge_full_20260716_ultra/evaluation/absolute_navigation_no_post_alignment/fly3,,,,,,,,,,,,,,,,1092.199999809,40.982522037639626,227.1675320908116,492.17116437861324,1.7671087522359654,3.527094827410151,,,294.82584266293236,,,,
P4-RAW_RUN-78d69e3a17c9,raw_run,P4_WITH_P5,P4_low_dynamic_attitude_gauge_full_20260716_ultra,20260716,fly3,HYBRID_FULL_fly3,full,SUCCESS_WITH_TRAJECTORY,RUNTIME_ONLY,COMPLIANT_EXPERIMENT_ROOT,C:/Users/baloney/Desktop/实验目录/P4_low_dynamic_attitude_gauge_full_20260716_ultra/runs/HYBRID_FULL_fly3,C:/Users/baloney/Desktop/实验目录/P4_low_dynamic_attitude_gauge_full_20260716_ultra/runs/HYBRID_FULL_fly3/traj_nav.txt,,618.0,1724.0,online_multisensor_alignment,baseline,guarded,12,,,0,32837,,8,,,,,,,,,,,b8b293c3fd74597660fe3dc1d7688f458a95500565fa7f2681cd501fec5b9463,1,1,
P4-EVALUATION-49fe415da891,evaluation,P4_RELATED_UNCLASSIFIED,P4_yaw_bias_feedback_ablation_20260716_ultra,20260716,fly1,C0_NEWCODE,,EVALUATED,DIAGNOSTIC_EVALUATION,COMPLIANT_EXPERIMENT_ROOT,C:/Users/baloney/Desktop/实验目录/P4_yaw_bias_feedback_ablation_20260716_ultra/analysis/canonical/absolute_navigation_no_post_alignment/fly1/C0_NEWCODE,,,,,,,,,,,,,,,,185.59999990400001,6.974095649664797,155.0255623177733,121.95662893172928,0.5921540448516666,2.7690166221519976,,,-0.32940385191960786,,,,
P4-EVALUATION-93ca9bb1b5a8,evaluation,P4_RELATED_UNCLASSIFIED,P4_yaw_bias_feedback_ablation_20260716_ultra,20260716,fly1,OLD_REFERENCE,,EVALUATED,DIAGNOSTIC_EVALUATION,COMPLIANT_EXPERIMENT_ROOT,C:/Users/baloney/Desktop/实验目录/P4_yaw_bias_feedback_ablation_20260716_ultra/analysis/canonical/absolute_navigation_no_post_alignment/fly1/OLD_REFERENCE,,,,,,,,,,,,,,,,185.59999990400001,6.974095649664797,140.00791196450558,152.03598220771707,0.6368943731704496,2.572597977290576,,,-0.3475445239196233,,,,
P4-EVALUATION-e7444d279620,evaluation,P4_RELATED_UNCLASSIFIED,P4_yaw_bias_feedback_ablation_20260716_ultra,20260716,fly1,RETAIN_BG,,EVALUATED,DIAGNOSTIC_EVALUATION,COMPLIANT_EXPERIMENT_ROOT,C:/Users/baloney/Desktop/实验目录/P4_yaw_bias_feedback_ablation_20260716_ultra/analysis/canonical/absolute_navigation_no_post_alignment/fly1/RETAIN_BG,,,,,,,,,,,,,,,,185.59999990400001,6.974095649664797,167.83484433868546,155.5593596504319,0.6897159111255435,2.7367782021749676,,,-0.31156388991959716,,,,
P4-EVALUATION-07497ff1c680,evaluation,P4_RELATED_UNCLASSIFIED,P4_yaw_bias_feedback_ablation_20260716_ultra,20260716,fly1,C0_NEWCODE,,EVALUATED,DIAGNOSTIC_EVALUATION,COMPLIANT_EXPERIMENT_ROOT,C:/Users/baloney/Desktop/实验目录/P4_yaw_bias_feedback_ablation_20260716_ultra/analysis/canonical/start_heading/fly1/C0_NEWCODE,,,,,,,,,,,,,,,,185.59999990400001,6.974095649664797,47.7767097723114,101.44243874559085,0.5921540448516662,1.394985156931047,,,0.05433771916941055,,,,
P4-EVALUATION-98252fa13a22,evaluation,P4_RELATED_UNCLASSIFIED,P4_yaw_bias_feedback_ablation_20260716_ultra,20260716,fly1,OLD_REFERENCE,,EVALUATED,DIAGNOSTIC_EVALUATION,COMPLIANT_EXPERIMENT_ROOT,C:/Users/baloney/Desktop/实验目录/P4_yaw_bias_feedback_ablation_20260716_ultra/analysis/canonical/start_heading/fly1/OLD_REFERENCE,,,,,,,,,,,,,,,,185.59999990400001,6.974095649664797,60.77858211568719,137.08999904667192,0.6368943731704497,1.2858170172796473,,,0.1785893911693961,,,,
P4-EVALUATION-16b4b80d9a13,evaluation,P4_RELATED_UNCLASSIFIED,P4_yaw_bias_feedback_ablation_20260716_ultra,20260716,fly1,RETAIN_BG,,EVALUATED,DIAGNOSTIC_EVALUATION,COMPLIANT_EXPERIMENT_ROOT,C:/Users/baloney/Desktop/实验目录/P4_yaw_bias_feedback_ablation_20260716_ultra/analysis/canonical/start_heading/fly1/RETAIN_BG,,,,,,,,,,,,,,,,185.59999990400001,6.974095649664797,54.18767411087908,126.54089180271453,0.6897159111255435,1.3135613818128653,,,0.02230254816942079,,,,
P4-RAW_RUN-57a929911976,raw_run,P4_WITH_P5,P4_yaw_bias_feedback_ablation_20260716_ultra,20260716,fly1,RETAIN_BG_fly1,full,SUCCESS_WITH_TRAJECTORY,RUNTIME_ONLY,COMPLIANT_EXPERIMENT_ROOT,C:/Users/baloney/Desktop/实验目录/P4_yaw_bias_feedback_ablation_20260716_ultra/runs/RETAIN_BG_fly1,C:/Users/baloney/Desktop/实验目录/P4_yaw_bias_feedback_ablation_20260716_ultra/runs/RETAIN_BG_fly1/traj_nav.txt,,930.0,1300.0,online_multisensor_alignment,baseline,guarded,12,,,0,10781,,8,,,,,,,,,,,6fdcf72b3349310e785dd94c2009feb3cdf044773a5894fb616b575bf0ab5b63,1,1,
P4-EVALUATION-6d68ffb3c8d2,evaluation,P4_RELATED_UNCLASSIFIED,P4_yaw_bias_feedback_ablation_20260716_ultra,20260716,fly3,C0_NEWCODE,,EVALUATED,DIAGNOSTIC_EVALUATION,COMPLIANT_EXPERIMENT_ROOT,C:/Users/baloney/Desktop/实验目录/P4_yaw_bias_feedback_ablation_20260716_ultra/analysis/canonical/absolute_navigation_no_post_alignment/fly3/C0_NEWCODE,,,,,,,,,,,,,,,,233.600000143,8.242772817521026,70.52459257028988,148.26401326197492,0.680193459222493,1.2312828592333196,,,-0.10132980510118728,,,,
P4-EVALUATION-73c0dabf9e46,evaluation,P4_RELATED_UNCLASSIFIED,P4_yaw_bias_feedback_ablation_20260716_ultra,20260716,fly3,OLD_REFERENCE,,EVALUATED,DIAGNOSTIC_EVALUATION,COMPLIANT_EXPERIMENT_ROOT,C:/Users/baloney/Desktop/实验目录/P4_yaw_bias_feedback_ablation_20260716_ultra/analysis/canonical/absolute_navigation_no_post_alignment/fly3/OLD_REFERENCE,,,,,,,,,,,,,,,,233.600000143,8.242772817521026,82.56789506163014,181.25393408806062,0.48607394223082234,1.4144718676064725,,,-0.16487907110118272,,,,
P4-EVALUATION-de8f182b76ba,evaluation,P4_RELATED_UNCLASSIFIED,P4_yaw_bias_feedback_ablation_20260716_ultra,20260716,fly3,RETAIN_BA,,EVALUATED,DIAGNOSTIC_EVALUATION,COMPLIANT_EXPERIMENT_ROOT,C:/Users/baloney/Desktop/实验目录/P4_yaw_bias_feedback_ablation_20260716_ultra/analysis/canonical/absolute_navigation_no_post_alignment/fly3/RETAIN_BA,,,,,,,,,,,,,,,,233.600000143,8.242772817521026,72.01804847219871,133.74569009038848,0.7854973734148991,1.2464062748283937,,,-0.05010549310117085,,,,
P4-EVALUATION-e02dd9294326,evaluation,P4_RELATED_UNCLASSIFIED,P4_yaw_bias_feedback_ablation_20260716_ultra,20260716,fly3,RETAIN_BG,,EVALUATED,DIAGNOSTIC_EVALUATION,COMPLIANT_EXPERIMENT_ROOT,C:/Users/baloney/Desktop/实验目录/P4_yaw_bias_feedback_ablation_20260716_ultra/analysis/canonical/absolute_navigation_no_post_alignment/fly3/RETAIN_BG,,,,,,,,,,,,,,,,233.600000143,8.242772817521026,68.37615720031717,140.95515460664325,0.6340727445214874,1.1699822500065065,,,-0.10764407810117405,,,,
P4-EVALUATION-43f4178503f2,evaluation,P4_RELATED_UNCLASSIFIED,P4_yaw_bias_feedback_ablation_20260716_ultra,20260716,fly3,RETAIN_BOTH,,EVALUATED,DIAGNOSTIC_EVALUATION,COMPLIANT_EXPERIMENT_ROOT,C:/Users/baloney/Desktop/实验目录/P4_yaw_bias_feedback_ablation_20260716_ultra/analysis/canonical/absolute_navigation_no_post_alignment/fly3/RETAIN_BOTH,,,,,,,,,,,,,,,,233.600000143,8.242772817521026,74.12997861175728,134.641849492151,0.7783822642515398,1.2252138038075955,,,-0.10098322810117111,,,,
P4-EVALUATION-24313379e998,evaluation,P4_RELATED_UNCLASSIFIED,P4_yaw_bias_feedback_ablation_20260716_ultra,20260716,fly3,C0_NEWCODE,,EVALUATED,DIAGNOSTIC_EVALUATION,COMPLIANT_EXPERIMENT_ROOT,C:/Users/baloney/Desktop/实验目录/P4_yaw_bias_feedback_ablation_20260716_ultra/analysis/canonical/start_heading/fly3/C0_NEWCODE,,,,,,,,,,,,,,,,233.600000143,8.242772817521026,61.24814537398288,131.49180949908376,0.6801934592224925,1.1697993578257513,,,-0.25482041801834043,,,,
P4-EVALUATION-ccef9d87d2e7,evaluation,P4_RELATED_UNCLASSIFIED,P4_yaw_bias_feedback_ablation_20260716_ultra,20260716,fly3,OLD_REFERENCE,,EVALUATED,DIAGNOSTIC_EVALUATION,COMPLIANT_EXPERIMENT_ROOT,C:/Users/baloney/Desktop/实验目录/P4_yaw_bias_feedback_ablation_20260716_ultra/analysis/canonical/start_heading/fly3/OLD_REFERENCE,,,,,,,,,,,,,,,,233.600000143,8.242772817521026,79.41071568712222,164.34253033497762,0.4860739422308221,1.3298460416867068,,,-0.20336547501833024,,,,
P4-EVALUATION-2a0ec7f5272a,evaluation,P4_RELATED_UNCLASSIFIED,P4_yaw_bias_feedback_ablation_20260716_ultra,20260716,fly3,RETAIN_BA,,EVALUATED,DIAGNOSTIC_EVALUATION,COMPLIANT_EXPERIMENT_ROOT,C:/Users/baloney/Desktop/实验目录/P4_yaw_bias_feedback_ablation_20260716_ultra/analysis/canonical/start_heading/fly3/RETAIN_BA,,,,,,,,,,,,,,,,233.600000143,8.242772817521026,54.43626420923873,112.16067522922921,0.7854973734148989,1.1916573361516447,,,-0.30334019101832155,,,,
P4-EVALUATION-70f78034947a,evaluation,P4_RELATED_UNCLASSIFIED,P4_yaw_bias_feedback_ablation_20260716_ultra,20260716,fly3,RETAIN_BG,,EVALUATED,DIAGNOSTIC_EVALUATION,COMPLIANT_EXPERIMENT_ROOT,C:/Users/baloney/Desktop/实验目录/P4_yaw_bias_feedback_ablation_20260716_ultra/analysis/canonical/start_heading/fly3/RETAIN_BG,,,,,,,,,,,,,,,,233.600000143,8.242772817521026,58.95220091940445,123.00766244968705,0.6340727445214871,1.1129258939202942,,,-0.2551335050183354,,,,
P4-EVALUATION-6842124a4c79,evaluation,P4_RELATED_UNCLASSIFIED,P4_yaw_bias_feedback_ablation_20260716_ultra,20260716,fly3,RETAIN_BOTH,,EVALUATED,DIAGNOSTIC_EVALUATION,COMPLIANT_EXPERIMENT_ROOT,C:/Users/baloney/Desktop/实验目录/P4_yaw_bias_feedback_ablation_20260716_ultra/analysis/canonical/start_heading/fly3/RETAIN_BOTH,,,,,,,,,,,,,,,,233.600000143,8.242772817521026,57.20743883116042,112.49610897200004,0.7783822642515402,1.1668338446713864,,,-0.3738566170183333,,,,
P4-RAW_RUN-d30ac039f6d6,raw_run,P4_WITH_P5,P4_yaw_bias_feedback_ablation_20260716_ultra,20260716,fly3,RETAIN_BA_fly3,full,SUCCESS_WITH_TRAJECTORY,RUNTIME_ONLY,COMPLIANT_EXPERIMENT_ROOT,C:/Users/baloney/Desktop/实验目录/P4_yaw_bias_feedback_ablation_20260716_ultra/runs/RETAIN_BA_fly3,C:/Users/baloney/Desktop/实验目录/P4_yaw_bias_feedback_ablation_20260716_ultra/runs/RETAIN_BA_fly3/traj_nav.txt,,618.0,947.0,online_multisensor_alignment,baseline,guarded,12,,,0,9557,,8,,,,,,,,,,,f106465b95d9db7ee7e9da254f0df1d6e95c3238651ce9b6f9bfdb9214bfa0a3,1,1,
P4-RAW_RUN-54e38fe28632,raw_run,P4_WITH_P5,P4_yaw_bias_feedback_ablation_20260716_ultra,20260716,fly3,RETAIN_BG_fly3,full,SUCCESS_WITH_TRAJECTORY,RUNTIME_ONLY,COMPLIANT_EXPERIMENT_ROOT,C:/Users/baloney/Desktop/实验目录/P4_yaw_bias_feedback_ablation_20260716_ultra/runs/RETAIN_BG_fly3,C:/Users/baloney/Desktop/实验目录/P4_yaw_bias_feedback_ablation_20260716_ultra/runs/RETAIN_BG_fly3/traj_nav.txt,,618.0,947.0,online_multisensor_alignment,baseline,guarded,12,,,0,9557,,8,,,,,,,,,,,0168bd1c14fcf2ac66eff49b2850260f507bee128d27c97343b5b807ff73f53e,1,1,
P4-RAW_RUN-942fdffc705a,raw_run,P4_WITH_P5,P4_yaw_bias_feedback_ablation_20260716_ultra,20260716,fly3,RETAIN_BOTH_fly3,full,SUCCESS_WITH_TRAJECTORY,RUNTIME_ONLY,COMPLIANT_EXPERIMENT_ROOT,C:/Users/baloney/Desktop/实验目录/P4_yaw_bias_feedback_ablation_20260716_ultra/runs/RETAIN_BOTH_fly3,C:/Users/baloney/Desktop/实验目录/P4_yaw_bias_feedback_ablation_20260716_ultra/runs/RETAIN_BOTH_fly3/traj_nav.txt,,618.0,947.0,online_multisensor_alignment,baseline,guarded,12,,,0,9557,,8,,,,,,,,,,,fbda8b7e5c0fe507596fbb0ca58ed96e3beac3dd70dd2c0c8852cd14106b9852,1,1,
P4-EVALUATION-a289c8c54dde,evaluation,P4_RELATED_UNCLASSIFIED,P4_yaw_calibration_factorial_20260716_ultra,20260716,fly1,C0_p4_cal_factorial,full,EVALUATED,FORMAL_MAIN,COMPLIANT_EXPERIMENT_ROOT,C:/Users/baloney/Desktop/实验目录/P4_yaw_calibration_factorial_20260716_ultra/analysis/fc_velocity_reference_v2/flight_eval_tool/C0_fly1/20260716_fly1_C0_p4_cal_factorial_成功,C:/Users/baloney/Desktop/实验目录/P4_yaw_calibration_factorial_20260716_ultra/runs/C0_fly1/traj_nav.txt,,930.0,1300.0,,,,,start_heading,gps_update_after_vio,,,,,,359.6,14.068,454.44,525.89,0.815,3.334,4.66,6.32,7.18,,,3,Calibration factorial; GPS update-time start-heading diagnostic; scale preserved; no full-trajectory best fit; GPS horizontal/course/yaw evaluation-only.
P4-EVALUATION-b0c5599528ff,evaluation,P4_RELATED_UNCLASSIFIED,P4_yaw_calibration_factorial_20260716_ultra,20260716,fly1,C1_p4_cal_factorial,full,EVALUATED,FORMAL_MAIN,COMPLIANT_EXPERIMENT_ROOT,C:/Users/baloney/Desktop/实验目录/P4_yaw_calibration_factorial_20260716_ultra/analysis/fc_velocity_reference_v2/flight_eval_tool/C1_fly1/20260716_fly1_C1_p4_cal_factorial_成功,C:/Users/baloney/Desktop/实验目录/P4_yaw_calibration_factorial_20260716_ultra/runs/C1_fly1/traj_nav.txt,,930.0,1300.0,,,,,start_heading,gps_update_after_vio,,,,,,359.6,14.068,568.29,249.49,5.778,6.373,3.86,-2.57,175.7,,,3,Calibration factorial; GPS update-time start-heading diagnostic; scale preserved; no full-trajectory best fit; GPS horizontal/course/yaw evaluation-only.
P4-EVALUATION-5158b1d15569,evaluation,P4_RELATED_UNCLASSIFIED,P4_yaw_calibration_factorial_20260716_ultra,20260716,fly1,C2_p4_cal_factorial,full,EVALUATED,FORMAL_MAIN,COMPLIANT_EXPERIMENT_ROOT,C:/Users/baloney/Desktop/实验目录/P4_yaw_calibration_factorial_20260716_ultra/analysis/fc_velocity_reference_v2/flight_eval_tool/C2_fly1/20260716_fly1_C2_p4_cal_factorial_成功,C:/Users/baloney/Desktop/实验目录/P4_yaw_calibration_factorial_20260716_ultra/runs/C2_fly1/traj_nav.txt,,930.0,1300.0,,,,,start_heading,gps_update_after_vio,,,,,,359.6,14.068,556.94,245.23,5.777,6.308,3.65,-2.96,173.11,,,3,Calibration factorial; GPS update-time start-heading diagnostic; scale preserved; no full-trajectory best fit; GPS horizontal/course/yaw evaluation-only.
P4-EVALUATION-c8403b4b2b6b,evaluation,P4_RELATED_UNCLASSIFIED,P4_yaw_calibration_factorial_20260716_ultra,20260716,fly1,C3_p4_cal_factorial,full,EVALUATED,FORMAL_MAIN,COMPLIANT_EXPERIMENT_ROOT,C:/Users/baloney/Desktop/实验目录/P4_yaw_calibration_factorial_20260716_ultra/analysis/fc_velocity_reference_v2/flight_eval_tool/C3_fly1/20260716_fly1_C3_p4_cal_factorial_成功,C:/Users/baloney/Desktop/实验目录/P4_yaw_calibration_factorial_20260716_ultra/runs/C3_fly1/traj_nav.txt,,930.0,1300.0,,,,,start_heading,gps_update_after_vio,,,,,,359.6,14.068,439.69,505.26,0.798,3.498,4.91,6.51,7.05,,,3,Calibration factorial; GPS update-time start-heading diagnostic; scale preserved; no full-trajectory best fit; GPS horizontal/course/yaw evaluation-only.
P4-EVALUATION-2dab7be9d060,evaluation,P4_RELATED_UNCLASSIFIED,P4_yaw_calibration_factorial_20260716_ultra,20260716,fly1,C4_p4_cal_factorial,full,EVALUATED,FORMAL_MAIN,COMPLIANT_EXPERIMENT_ROOT,C:/Users/baloney/Desktop/实验目录/P4_yaw_calibration_factorial_20260716_ultra/analysis/fc_velocity_reference_v2/flight_eval_tool/C4_fly1/20260716_fly1_C4_p4_cal_factorial_成功,C:/Users/baloney/Desktop/实验目录/P4_yaw_calibration_factorial_20260716_ultra/runs/C4_fly1/traj_nav.txt,,930.0,1300.0,,,,,start_heading,gps_update_after_vio,,,,,,359.6,14.068,450.3,517.93,0.843,3.384,4.73,6.67,6.96,,,3,Calibration factorial; GPS update-time start-heading diagnostic; scale preserved; no full-trajectory best fit; GPS horizontal/course/yaw evaluation-only.
P4-EVALUATION-82feb85411b9,evaluation,P4_RELATED_UNCLASSIFIED,P4_yaw_calibration_factorial_20260716_ultra,20260716,fly1,C5_p4_cal_factorial,full,EVALUATED,FORMAL_MAIN,COMPLIANT_EXPERIMENT_ROOT,C:/Users/baloney/Desktop/实验目录/P4_yaw_calibration_factorial_20260716_ultra/analysis/fc_velocity_reference_v2/flight_eval_tool/C5_fly1/20260716_fly1_C5_p4_cal_factorial_成功,C:/Users/baloney/Desktop/实验目录/P4_yaw_calibration_factorial_20260716_ultra/runs/C5_fly1/traj_nav.txt,,930.0,1300.0,,,,,start_heading,gps_update_after_vio,,,,,,359.6,14.068,565.63,251.04,5.748,6.336,3.84,-2.47,173.31,,,3,Calibration factorial; GPS update-time start-heading diagnostic; scale preserved; no full-trajectory best fit; GPS horizontal/course/yaw evaluation-only.
P4-EVALUATION-5c9a616c7318,evaluation,P4_RELATED_UNCLASSIFIED,P4_yaw_calibration_factorial_20260716_ultra,20260716,fly1,C6_p4_cal_factorial,full,EVALUATED,FORMAL_MAIN,COMPLIANT_EXPERIMENT_ROOT,C:/Users/baloney/Desktop/实验目录/P4_yaw_calibration_factorial_20260716_ultra/analysis/fc_velocity_reference_v2/flight_eval_tool/C6_fly1/20260716_fly1_C6_p4_cal_factorial_成功,C:/Users/baloney/Desktop/实验目录/P4_yaw_calibration_factorial_20260716_ultra/runs/C6_fly1/traj_nav.txt,,930.0,1300.0,,,,,start_heading,gps_update_after_vio,,,,,,359.6,14.068,454.08,525.4,0.809,3.301,4.62,6.1,7.12,,,3,Calibration factorial; GPS update-time start-heading diagnostic; scale preserved; no full-trajectory best fit; GPS horizontal/course/yaw evaluation-only.
P4-EVALUATION-928af5cb283c,evaluation,P4_RELATED_UNCLASSIFIED,P4_yaw_calibration_factorial_20260716_ultra,20260716,fly1,C7_p4_cal_factorial,full,EVALUATED,FORMAL_MAIN,COMPLIANT_EXPERIMENT_ROOT,C:/Users/baloney/Desktop/实验目录/P4_yaw_calibration_factorial_20260716_ultra/analysis/fc_velocity_reference_v2/flight_eval_tool/C7_fly1/20260716_fly1_C7_p4_cal_factorial_成功,C:/Users/baloney/Desktop/实验目录/P4_yaw_calibration_factorial_20260716_ultra/runs/C7_fly1/traj_nav.txt,,930.0,1300.0,,,,,start_heading,gps_update_after_vio,,,,,,359.6,14.068,565.13,252.03,5.711,6.326,3.91,-2.46,175.25,,,3,Calibration factorial; GPS update-time start-heading diagnostic; scale preserved; no full-trajectory best fit; GPS horizontal/course/yaw evaluation-only.
P4-EVALUATION-d1adf6505bdc,evaluation,P4_RELATED_UNCLASSIFIED,P4_yaw_calibration_factorial_20260716_ultra,20260716,fly1,C0_fly1,full,EVALUATED,DIAGNOSTIC_EVALUATION,COMPLIANT_EXPERIMENT_ROOT,C:/Users/baloney/Desktop/实验目录/P4_yaw_calibration_factorial_20260716_ultra/analysis/fc_velocity_reference_v2/full_flight_absolute/C0_fly1,,,,,,,,,,,,,,,,359.4000000950001,14.059150544184957,147.16667091661597,192.94110817495363,0.8150405579169874,2.7576892617283617,,,0.17632786217490093,,,,
P4-EVALUATION-48acec1bf376,evaluation,P4_RELATED_UNCLASSIFIED,P4_yaw_calibration_factorial_20260716_ultra,20260716,fly1,C1_fly1,full,EVALUATED,DIAGNOSTIC_EVALUATION,COMPLIANT_EXPERIMENT_ROOT,C:/Users/baloney/Desktop/实验目录/P4_yaw_calibration_factorial_20260716_ultra/analysis/fc_velocity_reference_v2/full_flight_absolute/C1_fly1,,,,,,,,,,,,,,,,359.4000000950001,14.059150544184957,295.912480375455,182.19386790886972,5.783237198325166,5.914214873138958,,,168.6490765741749,,,,
P4-EVALUATION-65faf7461256,evaluation,P4_RELATED_UNCLASSIFIED,P4_yaw_calibration_factorial_20260716_ultra,20260716,fly1,C2_fly1,full,EVALUATED,DIAGNOSTIC_EVALUATION,COMPLIANT_EXPERIMENT_ROOT,C:/Users/baloney/Desktop/实验目录/P4_yaw_calibration_factorial_20260716_ultra/analysis/fc_velocity_reference_v2/full_flight_absolute/C2_fly1,,,,,,,,,,,,,,,,359.4000000950001,14.059150544184957,292.85688047057545,197.81501943625395,5.781608436135086,5.93629371330008,,,166.06234155117494,,,,
P4-EVALUATION-f9b05b69a879,evaluation,P4_RELATED_UNCLASSIFIED,P4_yaw_calibration_factorial_20260716_ultra,20260716,fly1,C3_fly1,full,EVALUATED,DIAGNOSTIC_EVALUATION,COMPLIANT_EXPERIMENT_ROOT,C:/Users/baloney/Desktop/实验目录/P4_yaw_calibration_factorial_20260716_ultra/analysis/fc_velocity_reference_v2/full_flight_absolute/C3_fly1,,,,,,,,,,,,,,,,359.4000000950001,14.059150544184957,154.68880483117937,185.2983785447276,0.7970281975659466,2.998282996918872,,,0.042160277174900784,,,,
P4-EVALUATION-5d4702c7a570,evaluation,P4_RELATED_UNCLASSIFIED,P4_yaw_calibration_factorial_20260716_ultra,20260716,fly1,C4_fly1,full,EVALUATED,DIAGNOSTIC_EVALUATION,COMPLIANT_EXPERIMENT_ROOT,C:/Users/baloney/Desktop/实验目录/P4_yaw_calibration_factorial_20260716_ultra/analysis/fc_velocity_reference_v2/full_flight_absolute/C4_fly1,,,,,,,,,,,,,,,,359.4000000950001,14.059150544184957,153.10160783557788,195.8864865514748,0.8428293425835649,2.9181507809959824,,,-0.04317751382509982,,,,
P4-EVALUATION-772ccb61975f,evaluation,P4_RELATED_UNCLASSIFIED,P4_yaw_calibration_factorial_20260716_ultra,20260716,fly1,C5_fly1,full,EVALUATED,DIAGNOSTIC_EVALUATION,COMPLIANT_EXPERIMENT_ROOT,C:/Users/baloney/Desktop/实验目录/P4_yaw_calibration_factorial_20260716_ultra/analysis/fc_velocity_reference_v2/full_flight_absolute/C5_fly1,,,,,,,,,,,,,,,,359.4000000950001,14.059150544184957,294.77297729279866,198.7652298734595,5.75262784905674,5.8860793566462215,,,166.2645103161749,,,,
P4-EVALUATION-533ba92f249c,evaluation,P4_RELATED_UNCLASSIFIED,P4_yaw_calibration_factorial_20260716_ultra,20260716,fly1,C6_fly1,full,EVALUATED,DIAGNOSTIC_EVALUATION,COMPLIANT_EXPERIMENT_ROOT,C:/Users/baloney/Desktop/实验目录/P4_yaw_calibration_factorial_20260716_ultra/analysis/fc_velocity_reference_v2/full_flight_absolute/C6_fly1,,,,,,,,,,,,,,,,359.4000000950001,14.059150544184957,137.59377052496674,187.73413294430355,0.8082507767355268,2.57575146870489,,,0.11491915717490997,,,,
P4-EVALUATION-8ec21f7329c1,evaluation,P4_RELATED_UNCLASSIFIED,P4_yaw_calibration_factorial_20260716_ultra,20260716,fly1,C7_fly1,full,EVALUATED,DIAGNOSTIC_EVALUATION,COMPLIANT_EXPERIMENT_ROOT,C:/Users/baloney/Desktop/实验目录/P4_yaw_calibration_factorial_20260716_ultra/analysis/fc_velocity_reference_v2/full_flight_absolute/C7_fly1,,,,,,,,,,,,,,,,359.4000000950001,14.059150544184957,293.5157397324819,192.30129091112357,5.715389913708452,5.856508744654049,,,168.1995730211749,,,,
P4-EVALUATION-481eb1661838,evaluation,P4_RELATED_UNCLASSIFIED,P4_yaw_calibration_factorial_20260716_ultra,20260716,fly1,C0_fly1,full,EVALUATED,DIAGNOSTIC_EVALUATION,COMPLIANT_EXPERIMENT_ROOT,C:/Users/baloney/Desktop/实验目录/P4_yaw_calibration_factorial_20260716_ultra/analysis/fc_velocity_reference_v2/full_flight_start_heading/C0_fly1,,,,,,,,,,,,,,,,359.4000000950001,14.059150544184957,123.39286274919235,198.15788351224631,0.8150405579169877,2.2348004267957617,,,0.6979629688967179,,,,
P4-EVALUATION-8c5ad2dc4ccf,evaluation,P4_RELATED_UNCLASSIFIED,P4_yaw_calibration_factorial_20260716_ultra,20260716,fly1,C1_fly1,full,EVALUATED,DIAGNOSTIC_EVALUATION,COMPLIANT_EXPERIMENT_ROOT,C:/Users/baloney/Desktop/实验目录/P4_yaw_calibration_factorial_20260716_ultra/analysis/fc_velocity_reference_v2/full_flight_start_heading/C1_fly1,,,,,,,,,,,,,,,,359.4000000950001,14.059150544184957,296.20025732189197,181.46454016414833,5.783237198325168,5.913512773297787,,,169.21668596789675,,,,
P4-EVALUATION-d5e4f3303c42,evaluation,P4_RELATED_UNCLASSIFIED,P4_yaw_calibration_factorial_20260716_ultra,20260716,fly1,C2_fly1,full,EVALUATED,DIAGNOSTIC_EVALUATION,COMPLIANT_EXPERIMENT_ROOT,C:/Users/baloney/Desktop/实验目录/P4_yaw_calibration_factorial_20260716_ultra/analysis/fc_velocity_reference_v2/full_flight_start_heading/C2_fly1,,,,,,,,,,,,,,,,359.4000000950001,14.059150544184957,293.5345973123421,197.0022186126144,5.781608436135087,5.9380347921912495,,,166.63010798889673,,,,
P4-EVALUATION-ce78e6b08917,evaluation,P4_RELATED_UNCLASSIFIED,P4_yaw_calibration_factorial_20260716_ultra,20260716,fly1,C3_fly1,full,EVALUATED,DIAGNOSTIC_EVALUATION,COMPLIANT_EXPERIMENT_ROOT,C:/Users/baloney/Desktop/实验目录/P4_yaw_calibration_factorial_20260716_ultra/analysis/fc_velocity_reference_v2/full_flight_start_heading/C3_fly1,,,,,,,,,,,,,,,,359.4000000950001,14.059150544184957,128.10408940803018,187.68417747582774,0.7970281975659457,2.502679444118154,,,0.5636686578967272,,,,
P4-EVALUATION-ca16633c8fff,evaluation,P4_RELATED_UNCLASSIFIED,P4_yaw_calibration_factorial_20260716_ultra,20260716,fly1,C4_fly1,full,EVALUATED,DIAGNOSTIC_EVALUATION,COMPLIANT_EXPERIMENT_ROOT,C:/Users/baloney/Desktop/实验目录/P4_yaw_calibration_factorial_20260716_ultra/analysis/fc_velocity_reference_v2/full_flight_start_heading/C4_fly1,,,,,,,,,,,,,,,,359.4000000950001,14.059150544184957,126.2088045178549,199.2098980136721,0.8428293425835647,2.364474092563748,,,0.4768404798967367,,,,
P4-EVALUATION-b46ffd1459f9,evaluation,P4_RELATED_UNCLASSIFIED,P4_yaw_calibration_factorial_20260716_ultra,20260716,fly1,C5_fly1,full,EVALUATED,DIAGNOSTIC_EVALUATION,COMPLIANT_EXPERIMENT_ROOT,C:/Users/baloney/Desktop/实验目录/P4_yaw_calibration_factorial_20260716_ultra/analysis/fc_velocity_reference_v2/full_flight_start_heading/C5_fly1,,,,,,,,,,,,,,,,359.4000000950001,14.059150544184957,295.51996801333365,197.96681103690904,5.752627849056743,5.88803607192426,,,166.8302091588967,,,,
P4-EVALUATION-3e7ef207c4e2,evaluation,P4_RELATED_UNCLASSIFIED,P4_yaw_calibration_factorial_20260716_ultra,20260716,fly1,C6_fly1,full,EVALUATED,DIAGNOSTIC_EVALUATION,COMPLIANT_EXPERIMENT_ROOT,C:/Users/baloney/Desktop/实验目录/P4_yaw_calibration_factorial_20260716_ultra/analysis/fc_velocity_reference_v2/full_flight_start_heading/C6_fly1,,,,,,,,,,,,,,,,359.4000000950001,14.059150544184957,121.3803185059837,192.5536999934775,0.808250776735527,2.2042213129817654,,,0.636554263896727,,,,
P4-EVALUATION-282d0c22078a,evaluation,P4_RELATED_UNCLASSIFIED,P4_yaw_calibration_factorial_20260716_ultra,20260716,fly1,C7_fly1,full,EVALUATED,DIAGNOSTIC_EVALUATION,COMPLIANT_EXPERIMENT_ROOT,C:/Users/baloney/Desktop/实验目录/P4_yaw_calibration_factorial_20260716_ultra/analysis/fc_velocity_reference_v2/full_flight_start_heading/C7_fly1,,,,,,,,,,,,,,,,359.4000000950001,14.059150544184957,292.1222098420674,191.743209262866,5.715389913708452,5.84545033295822,,,168.76733945889669,,,,
P4-EVALUATION-0e0951be6447,evaluation,P4_RELATED_UNCLASSIFIED,P4_yaw_calibration_factorial_20260716_ultra,20260716,fly1,C0_p4_cal_factorial,full,EVALUATION_WITH_NA_PRIMARY_METRICS,INVALID_OR_INCOMPLETE_EVALUATION,COMPLIANT_EXPERIMENT_ROOT,C:/Users/baloney/Desktop/实验目录/P4_yaw_calibration_factorial_20260716_ultra/analysis/flight_eval_tool/C0_fly1/20260716_fly1_C0_p4_cal_factorial_成功,C:/Users/baloney/Desktop/实验目录/P4_yaw_calibration_factorial_20260716_ultra/runs/C0_fly1/traj_nav.txt,,930.0,1300.0,,,,,start_heading,gps_update_after_vio,,,,,,359.6,14.068,,,,,,,7.18,,,3,Calibration factorial; GPS update-time start-heading diagnostic; scale preserved; no full-trajectory best fit; GPS horizontal/course/yaw evaluation-only.
P4-EVALUATION-60664c80f761,evaluation,P4_RELATED_UNCLASSIFIED,P4_yaw_calibration_factorial_20260716_ultra,20260716,fly1,C1_p4_cal_factorial,full,EVALUATION_WITH_NA_PRIMARY_METRICS,INVALID_OR_INCOMPLETE_EVALUATION,COMPLIANT_EXPERIMENT_ROOT,C:/Users/baloney/Desktop/实验目录/P4_yaw_calibration_factorial_20260716_ultra/analysis/flight_eval_tool/C1_fly1/20260716_fly1_C1_p4_cal_factorial_成功,C:/Users/baloney/Desktop/实验目录/P4_yaw_calibration_factorial_20260716_ultra/runs/C1_fly1/traj_nav.txt,,930.0,1300.0,,,,,start_heading,gps_update_after_vio,,,,,,359.6,14.068,,,,,,,175.7,,,3,Calibration factorial; GPS update-time start-heading diagnostic; scale preserved; no full-trajectory best fit; GPS horizontal/course/yaw evaluation-only.
P4-EVALUATION-66e687634461,evaluation,P4_RELATED_UNCLASSIFIED,P4_yaw_calibration_factorial_20260716_ultra,20260716,fly1,C2_p4_cal_factorial,full,EVALUATION_WITH_NA_PRIMARY_METRICS,INVALID_OR_INCOMPLETE_EVALUATION,COMPLIANT_EXPERIMENT_ROOT,C:/Users/baloney/Desktop/实验目录/P4_yaw_calibration_factorial_20260716_ultra/analysis/flight_eval_tool/C2_fly1/20260716_fly1_C2_p4_cal_factorial_成功,C:/Users/baloney/Desktop/实验目录/P4_yaw_calibration_factorial_20260716_ultra/runs/C2_fly1/traj_nav.txt,,930.0,1300.0,,,,,start_heading,gps_update_after_vio,,,,,,359.6,14.068,,,,,,,173.11,,,3,Calibration factorial; GPS update-time start-heading diagnostic; scale preserved; no full-trajectory best fit; GPS horizontal/course/yaw evaluation-only.
P4-EVALUATION-10707a2627c1,evaluation,P4_RELATED_UNCLASSIFIED,P4_yaw_calibration_factorial_20260716_ultra,20260716,fly1,C3_p4_cal_factorial,full,EVALUATION_WITH_NA_PRIMARY_METRICS,INVALID_OR_INCOMPLETE_EVALUATION,COMPLIANT_EXPERIMENT_ROOT,C:/Users/baloney/Desktop/实验目录/P4_yaw_calibration_factorial_20260716_ultra/analysis/flight_eval_tool/C3_fly1/20260716_fly1_C3_p4_cal_factorial_成功,C:/Users/baloney/Desktop/实验目录/P4_yaw_calibration_factorial_20260716_ultra/runs/C3_fly1/traj_nav.txt,,930.0,1300.0,,,,,start_heading,gps_update_after_vio,,,,,,359.6,14.068,,,,,,,7.05,,,3,Calibration factorial; GPS update-time start-heading diagnostic; scale preserved; no full-trajectory best fit; GPS horizontal/course/yaw evaluation-only.
P4-EVALUATION-948030521020,evaluation,P4_RELATED_UNCLASSIFIED,P4_yaw_calibration_factorial_20260716_ultra,20260716,fly1,C4_p4_cal_factorial,full,EVALUATION_WITH_NA_PRIMARY_METRICS,INVALID_OR_INCOMPLETE_EVALUATION,COMPLIANT_EXPERIMENT_ROOT,C:/Users/baloney/Desktop/实验目录/P4_yaw_calibration_factorial_20260716_ultra/analysis/flight_eval_tool/C4_fly1/20260716_fly1_C4_p4_cal_factorial_成功,C:/Users/baloney/Desktop/实验目录/P4_yaw_calibration_factorial_20260716_ultra/runs/C4_fly1/traj_nav.txt,,930.0,1300.0,,,,,start_heading,gps_update_after_vio,,,,,,359.6,14.068,,,,,,,6.96,,,3,Calibration factorial; GPS update-time start-heading diagnostic; scale preserved; no full-trajectory best fit; GPS horizontal/course/yaw evaluation-only.
P4-EVALUATION-b15ecfebe246,evaluation,P4_RELATED_UNCLASSIFIED,P4_yaw_calibration_factorial_20260716_ultra,20260716,fly1,C5_p4_cal_factorial,full,EVALUATION_WITH_NA_PRIMARY_METRICS,INVALID_OR_INCOMPLETE_EVALUATION,COMPLIANT_EXPERIMENT_ROOT,C:/Users/baloney/Desktop/实验目录/P4_yaw_calibration_factorial_20260716_ultra/analysis/flight_eval_tool/C5_fly1/20260716_fly1_C5_p4_cal_factorial_成功,C:/Users/baloney/Desktop/实验目录/P4_yaw_calibration_factorial_20260716_ultra/runs/C5_fly1/traj_nav.txt,,930.0,1300.0,,,,,start_heading,gps_update_after_vio,,,,,,359.6,14.068,,,,,,,173.31,,,3,Calibration factorial; GPS update-time start-heading diagnostic; scale preserved; no full-trajectory best fit; GPS horizontal/course/yaw evaluation-only.
P4-EVALUATION-f907403c8c47,evaluation,P4_RELATED_UNCLASSIFIED,P4_yaw_calibration_factorial_20260716_ultra,20260716,fly1,C6_p4_cal_factorial,full,EVALUATION_WITH_NA_PRIMARY_METRICS,INVALID_OR_INCOMPLETE_EVALUATION,COMPLIANT_EXPERIMENT_ROOT,C:/Users/baloney/Desktop/实验目录/P4_yaw_calibration_factorial_20260716_ultra/analysis/flight_eval_tool/C6_fly1/20260716_fly1_C6_p4_cal_factorial_成功,C:/Users/baloney/Desktop/实验目录/P4_yaw_calibration_factorial_20260716_ultra/runs/C6_fly1/traj_nav.txt,,930.0,1300.0,,,,,start_heading,gps_update_after_vio,,,,,,359.6,14.068,,,,,,,7.12,,,3,Calibration factorial; GPS update-time start-heading diagnostic; scale preserved; no full-trajectory best fit; GPS horizontal/course/yaw evaluation-only.
P4-EVALUATION-79ae4c7db522,evaluation,P4_RELATED_UNCLASSIFIED,P4_yaw_calibration_factorial_20260716_ultra,20260716,fly1,C7_p4_cal_factorial,full,EVALUATION_WITH_NA_PRIMARY_METRICS,INVALID_OR_INCOMPLETE_EVALUATION,COMPLIANT_EXPERIMENT_ROOT,C:/Users/baloney/Desktop/实验目录/P4_yaw_calibration_factorial_20260716_ultra/analysis/flight_eval_tool/C7_fly1/20260716_fly1_C7_p4_cal_factorial_成功,C:/Users/baloney/Desktop/实验目录/P4_yaw_calibration_factorial_20260716_ultra/runs/C7_fly1/traj_nav.txt,,930.0,1300.0,,,,,start_heading,gps_update_after_vio,,,,,,359.6,14.068,,,,,,,175.25,,,3,Calibration factorial; GPS update-time start-heading diagnostic; scale preserved; no full-trajectory best fit; GPS horizontal/course/yaw evaluation-only.
P4-EVALUATION-142fbea5dae0,evaluation,P4_RELATED_UNCLASSIFIED,P4_yaw_calibration_factorial_20260716_ultra,20260716,fly1,C0_fly1,full,EVALUATED,DIAGNOSTIC_EVALUATION,COMPLIANT_EXPERIMENT_ROOT,C:/Users/baloney/Desktop/实验目录/P4_yaw_calibration_factorial_20260716_ultra/analysis/full_flight_absolute/C0_fly1,,,,,,,,,,,,,,,,359.4000000950001,14.059150544184957,147.16667091661597,192.94110817495363,0.8126151449557691,2.7531850644356064,,,0.17632786217490093,,,,
P4-EVALUATION-ed431e4fdca0,evaluation,P4_RELATED_UNCLASSIFIED,P4_yaw_calibration_factorial_20260716_ultra,20260716,fly1,C1_fly1,full,EVALUATED,DIAGNOSTIC_EVALUATION,COMPLIANT_EXPERIMENT_ROOT,C:/Users/baloney/Desktop/实验目录/P4_yaw_calibration_factorial_20260716_ultra/analysis/full_flight_absolute/C1_fly1,,,,,,,,,,,,,,,,359.4000000950001,14.059150544184957,295.912480375455,182.19386790886972,5.784301939864175,5.913644033630683,,,168.6490765741749,,,,
P4-EVALUATION-f1beb8492aae,evaluation,P4_RELATED_UNCLASSIFIED,P4_yaw_calibration_factorial_20260716_ultra,20260716,fly1,C2_fly1,full,EVALUATED,DIAGNOSTIC_EVALUATION,COMPLIANT_EXPERIMENT_ROOT,C:/Users/baloney/Desktop/实验目录/P4_yaw_calibration_factorial_20260716_ultra/analysis/full_flight_absolute/C2_fly1,,,,,,,,,,,,,,,,359.4000000950001,14.059150544184957,292.85688047057545,197.81501943625395,5.782704761094288,5.935807117377995,,,166.06234155117494,,,,
P4-EVALUATION-dc97aa37bcc1,evaluation,P4_RELATED_UNCLASSIFIED,P4_yaw_calibration_factorial_20260716_ultra,20260716,fly1,C3_fly1,full,EVALUATED,DIAGNOSTIC_EVALUATION,COMPLIANT_EXPERIMENT_ROOT,C:/Users/baloney/Desktop/实验目录/P4_yaw_calibration_factorial_20260716_ultra/analysis/full_flight_absolute/C3_fly1,,,,,,,,,,,,,,,,359.4000000950001,14.059150544184957,154.68880483117937,185.2983785447276,0.7944883329119072,2.993739301173285,,,0.042160277174900784,,,,
P4-EVALUATION-e9370aa02f3e,evaluation,P4_RELATED_UNCLASSIFIED,P4_yaw_calibration_factorial_20260716_ultra,20260716,fly1,C4_fly1,full,EVALUATED,DIAGNOSTIC_EVALUATION,COMPLIANT_EXPERIMENT_ROOT,C:/Users/baloney/Desktop/实验目录/P4_yaw_calibration_factorial_20260716_ultra/analysis/full_flight_absolute/C4_fly1,,,,,,,,,,,,,,,,359.4000000950001,14.059150544184957,153.10160783557788,195.8864865514748,0.8402427798596621,2.91358864262285,,,-0.04317751382509982,,,,
P4-EVALUATION-a3d7fa71c74b,evaluation,P4_RELATED_UNCLASSIFIED,P4_yaw_calibration_factorial_20260716_ultra,20260716,fly1,C5_fly1,full,EVALUATED,DIAGNOSTIC_EVALUATION,COMPLIANT_EXPERIMENT_ROOT,C:/Users/baloney/Desktop/实验目录/P4_yaw_calibration_factorial_20260716_ultra/analysis/full_flight_absolute/C5_fly1,,,,,,,,,,,,,,,,359.4000000950001,14.059150544184957,294.77297729279866,198.7652298734595,5.753724288538072,5.885658794399329,,,166.2645103161749,,,,
P4-EVALUATION-5e7c8b60c27f,evaluation,P4_RELATED_UNCLASSIFIED,P4_yaw_calibration_factorial_20260716_ultra,20260716,fly1,C6_fly1,full,EVALUATED,DIAGNOSTIC_EVALUATION,COMPLIANT_EXPERIMENT_ROOT,C:/Users/baloney/Desktop/实验目录/P4_yaw_calibration_factorial_20260716_ultra/analysis/full_flight_absolute/C6_fly1,,,,,,,,,,,,,,,,359.4000000950001,14.059150544184957,137.59377052496674,187.73413294430355,0.8058766503999614,2.5713263857391353,,,0.11491915717490997,,,,
P4-EVALUATION-0b2375447e4f,evaluation,P4_RELATED_UNCLASSIFIED,P4_yaw_calibration_factorial_20260716_ultra,20260716,fly1,C7_fly1,full,EVALUATED,DIAGNOSTIC_EVALUATION,COMPLIANT_EXPERIMENT_ROOT,C:/Users/baloney/Desktop/实验目录/P4_yaw_calibration_factorial_20260716_ultra/analysis/full_flight_absolute/C7_fly1,,,,,,,,,,,,,,,,359.4000000950001,14.059150544184957,293.5157397324819,192.30129091112357,5.716489473547375,5.856106825819574,,,168.1995730211749,,,,
P4-EVALUATION-b64702836501,evaluation,P4_RELATED_UNCLASSIFIED,P4_yaw_calibration_factorial_20260716_ultra,20260716,fly1,C0_fly1,full,EVALUATED,DIAGNOSTIC_EVALUATION,COMPLIANT_EXPERIMENT_ROOT,C:/Users/baloney/Desktop/实验目录/P4_yaw_calibration_factorial_20260716_ultra/analysis/full_flight_start_heading/C0_fly1,,,,,,,,,,,,,,,,359.4000000950001,14.059150544184957,124.01416845395232,198.0014432004464,0.8126151449557698,2.246138634895072,,,0.6979629688967179,,,,
P4-EVALUATION-700787d991dc,evaluation,P4_RELATED_UNCLASSIFIED,P4_yaw_calibration_factorial_20260716_ultra,20260716,fly1,C1_fly1,full,EVALUATED,DIAGNOSTIC_EVALUATION,COMPLIANT_EXPERIMENT_ROOT,C:/Users/baloney/Desktop/实验目录/P4_yaw_calibration_factorial_20260716_ultra/analysis/full_flight_start_heading/C1_fly1,,,,,,,,,,,,,,,,359.4000000950001,14.059150544184957,295.74911378985087,181.56409841619532,5.784301939864173,5.91079208105784,,,169.21668596789675,,,,
P4-EVALUATION-29057478eea3,evaluation,P4_RELATED_UNCLASSIFIED,P4_yaw_calibration_factorial_20260716_ultra,20260716,fly1,C2_fly1,full,EVALUATED,DIAGNOSTIC_EVALUATION,COMPLIANT_EXPERIMENT_ROOT,C:/Users/baloney/Desktop/实验目录/P4_yaw_calibration_factorial_20260716_ultra/analysis/full_flight_start_heading/C2_fly1,,,,,,,,,,,,,,,,359.4000000950001,14.059150544184957,292.98311312151765,197.10386331588109,5.782704761094288,5.933947234622439,,,166.63010798889673,,,,
P4-EVALUATION-f976948eb3af,evaluation,P4_RELATED_UNCLASSIFIED,P4_yaw_calibration_factorial_20260716_ultra,20260716,fly1,C3_fly1,full,EVALUATED,DIAGNOSTIC_EVALUATION,COMPLIANT_EXPERIMENT_ROOT,C:/Users/baloney/Desktop/实验目录/P4_yaw_calibration_factorial_20260716_ultra/analysis/full_flight_start_heading/C3_fly1,,,,,,,,,,,,,,,,359.4000000950001,14.059150544184957,128.97702942854357,187.60057986759895,0.7944883329119085,2.515725457064629,,,0.5636686578967272,,,,
P4-EVALUATION-473fe24940f2,evaluation,P4_RELATED_UNCLASSIFIED,P4_yaw_calibration_factorial_20260716_ultra,20260716,fly1,C4_fly1,full,EVALUATED,DIAGNOSTIC_EVALUATION,COMPLIANT_EXPERIMENT_ROOT,C:/Users/baloney/Desktop/实验目录/P4_yaw_calibration_factorial_20260716_ultra/analysis/full_flight_start_heading/C4_fly1,,,,,,,,,,,,,,,,359.4000000950001,14.059150544184957,126.81719250974143,199.12130166944945,0.8402427798596622,2.3742375854190847,,,0.4768404798967367,,,,
P4-EVALUATION-dc9aef72c02c,evaluation,P4_RELATED_UNCLASSIFIED,P4_yaw_calibration_factorial_20260716_ultra,20260716,fly1,C5_fly1,full,EVALUATED,DIAGNOSTIC_EVALUATION,COMPLIANT_EXPERIMENT_ROOT,C:/Users/baloney/Desktop/实验目录/P4_yaw_calibration_factorial_20260716_ultra/analysis/full_flight_start_heading/C5_fly1,,,,,,,,,,,,,,,,359.4000000950001,14.059150544184957,295.09005450751454,198.03031162096562,5.753724288538075,5.8851017312706855,,,166.8302091588967,,,,
P4-EVALUATION-fb53ed0ba717,evaluation,P4_RELATED_UNCLASSIFIED,P4_yaw_calibration_factorial_20260716_ultra,20260716,fly1,C6_fly1,full,EVALUATED,DIAGNOSTIC_EVALUATION,COMPLIANT_EXPERIMENT_ROOT,C:/Users/baloney/Desktop/实验目录/P4_yaw_calibration_factorial_20260716_ultra/analysis/full_flight_start_heading/C6_fly1,,,,,,,,,,,,,,,,359.4000000950001,14.059150544184957,122.20518740870016,192.30824748482237,0.805876650399962,2.22075546442961,,,0.636554263896727,,,,
P4-EVALUATION-bc5b5cdef96b,evaluation,P4_RELATED_UNCLASSIFIED,P4_yaw_calibration_factorial_20260716_ultra,20260716,fly1,C7_fly1,full,EVALUATED,DIAGNOSTIC_EVALUATION,COMPLIANT_EXPERIMENT_ROOT,C:/Users/baloney/Desktop/实验目录/P4_yaw_calibration_factorial_20260716_ultra/analysis/full_flight_start_heading/C7_fly1,,,,,,,,,,,,,,,,359.4000000950001,14.059150544184957,291.642409776796,191.8132676358381,5.716489473547376,5.842399211013523,,,168.76733945889669,,,,
P4-EVALUATION-aedb4bc0b6b1,evaluation,P4_RELATED_UNCLASSIFIED,P4_yaw_calibration_factorial_20260716_ultra,20260716,fly1,C0_kd_split_focus,focus,EVALUATED,FORMAL_MAIN,COMPLIANT_EXPERIMENT_ROOT,C:/Users/baloney/Desktop/实验目录/P4_yaw_calibration_factorial_20260716_ultra/intrinsics_distortion_split/attempts/newcode_f873_40ac/analysis/flight_eval_tool/C0_fly1/20260716_fly1_C0_kd_split_focus_成功,C:/Users/baloney/Desktop/实验目录/P4_yaw_calibration_factorial_20260716_ultra/intrinsics_distortion_split/attempts/newcode_f873_40ac/runs/C0_fly1/traj_nav.txt,,930.0,1300.0,,,,,start_heading,gps_update_after_vio,,,,,,359.6,14.068,442.08,511.51,0.823,3.472,4.87,6.6,7.18,,,2,K/D split; GPS update-time start-heading; FC Ve/Vn/Vu reference; scale preserved; no best-fit; GPS horizontal/course/yaw evaluation-only.
P4-EVALUATION-92d4e401c0a3,evaluation,P4_RELATED_UNCLASSIFIED,P4_yaw_calibration_factorial_20260716_ultra,20260716,fly1,DONLY_kd_split_focus,focus,EVALUATED,FORMAL_MAIN,COMPLIANT_EXPERIMENT_ROOT,C:/Users/baloney/Desktop/实验目录/P4_yaw_calibration_factorial_20260716_ultra/intrinsics_distortion_split/attempts/newcode_f873_40ac/analysis/flight_eval_tool/DONLY_fly1/20260716_fly1_DONLY_kd_split_focus_成功,C:/Users/baloney/Desktop/实验目录/P4_yaw_calibration_factorial_20260716_ultra/intrinsics_distortion_split/attempts/newcode_f873_40ac/runs/DONLY_fly1/traj_nav.txt,,930.0,1300.0,,,,,start_heading,gps_update_after_vio,,,,,,359.6,14.068,581.86,197.35,6.251,6.896,4.16,-3.06,293.09,,,2,K/D split; GPS update-time start-heading; FC Ve/Vn/Vu reference; scale preserved; no best-fit; GPS horizontal/course/yaw evaluation-only.
P4-EVALUATION-11921e465173,evaluation,P4_RELATED_UNCLASSIFIED,P4_yaw_calibration_factorial_20260716_ultra,20260716,fly1,KD_kd_split_focus,focus,EVALUATED,FORMAL_MAIN,COMPLIANT_EXPERIMENT_ROOT,C:/Users/baloney/Desktop/实验目录/P4_yaw_calibration_factorial_20260716_ultra/intrinsics_distortion_split/attempts/newcode_f873_40ac/analysis/flight_eval_tool/KD_fly1/20260716_fly1_KD_kd_split_focus_成功,C:/Users/baloney/Desktop/实验目录/P4_yaw_calibration_factorial_20260716_ultra/intrinsics_distortion_split/attempts/newcode_f873_40ac/runs/KD_fly1/traj_nav.txt,,930.0,1300.0,,,,,start_heading,gps_update_after_vio,,,,,,359.6,14.068,559.18,251.56,5.776,6.29,3.59,-3.05,174.69,,,2,K/D split; GPS update-time start-heading; FC Ve/Vn/Vu reference; scale preserved; no best-fit; GPS horizontal/course/yaw evaluation-only.
P4-EVALUATION-6de061de0007,evaluation,P4_RELATED_UNCLASSIFIED,P4_yaw_calibration_factorial_20260716_ultra,20260716,fly1,KONLY_kd_split_focus,focus,EVALUATED,FORMAL_MAIN,COMPLIANT_EXPERIMENT_ROOT,C:/Users/baloney/Desktop/实验目录/P4_yaw_calibration_factorial_20260716_ultra/intrinsics_distortion_split/attempts/newcode_f873_40ac/analysis/flight_eval_tool/KONLY_fly1/20260716_fly1_KONLY_kd_split_focus_成功,C:/Users/baloney/Desktop/实验目录/P4_yaw_calibration_factorial_20260716_ultra/intrinsics_distortion_split/attempts/newcode_f873_40ac/runs/KONLY_fly1/traj_nav.txt,,930.0,1300.0,,,,,start_heading,gps_update_after_vio,,,,,,359.6,14.068,408.28,515.05,1.476,3.617,4.85,6.67,7.23,,,2,K/D split; GPS update-time start-heading; FC Ve/Vn/Vu reference; scale preserved; no best-fit; GPS horizontal/course/yaw evaluation-only.
P4-EVALUATION-e959cfae1f58,evaluation,P4_RELATED_UNCLASSIFIED,P4_yaw_calibration_factorial_20260716_ultra,20260716,fly1,C0_fly1,full,EVALUATED,DIAGNOSTIC_EVALUATION,COMPLIANT_EXPERIMENT_ROOT,C:/Users/baloney/Desktop/实验目录/P4_yaw_calibration_factorial_20260716_ultra/intrinsics_distortion_split/attempts/newcode_f873_40ac/analysis/full_flight_absolute/C0_fly1,,,,,,,,,,,,,,,,359.4000000950001,14.059150544184957,149.5634035728892,192.22209964268507,0.8222608495934065,2.92017773899927,,,0.16904559817490394,,,,
P4-EVALUATION-605d69385570,evaluation,P4_RELATED_UNCLASSIFIED,P4_yaw_calibration_factorial_20260716_ultra,20260716,fly1,DONLY_fly1,full,EVALUATED,DIAGNOSTIC_EVALUATION,COMPLIANT_EXPERIMENT_ROOT,C:/Users/baloney/Desktop/实验目录/P4_yaw_calibration_factorial_20260716_ultra/intrinsics_distortion_split/attempts/newcode_f873_40ac/analysis/full_flight_absolute/DONLY_fly1,,,,,,,,,,,,,,,,359.4000000950001,14.059150544184957,334.3001241052619,217.0550834001857,6.256406466178001,6.426494961406236,,,286.0627183021749,,,,
P4-EVALUATION-1ea0e46c6732,evaluation,P4_RELATED_UNCLASSIFIED,P4_yaw_calibration_factorial_20260716_ultra,20260716,fly1,KD_fly1,full,EVALUATED,DIAGNOSTIC_EVALUATION,COMPLIANT_EXPERIMENT_ROOT,C:/Users/baloney/Desktop/实验目录/P4_yaw_calibration_factorial_20260716_ultra/intrinsics_distortion_split/attempts/newcode_f873_40ac/analysis/full_flight_absolute/KD_fly1,,,,,,,,,,,,,,,,359.4000000950001,14.059150544184957,294.5834655922686,197.26382292683422,5.780537028800633,5.940938710279583,,,167.6442678781749,,,,
P4-EVALUATION-d4669a748c71,evaluation,P4_RELATED_UNCLASSIFIED,P4_yaw_calibration_factorial_20260716_ultra,20260716,fly1,KONLY_fly1,full,EVALUATED,DIAGNOSTIC_EVALUATION,COMPLIANT_EXPERIMENT_ROOT,C:/Users/baloney/Desktop/实验目录/P4_yaw_calibration_factorial_20260716_ultra/intrinsics_distortion_split/attempts/newcode_f873_40ac/analysis/full_flight_absolute/KONLY_fly1,,,,,,,,,,,,,,,,359.4000000950001,14.059150544184957,176.93337788308799,187.9237857628028,1.4760704845431236,3.117553412258253,,,0.20703881317490413,,,,
P4-EVALUATION-b3ff260baa05,evaluation,P4_RELATED_UNCLASSIFIED,P4_yaw_calibration_factorial_20260716_ultra,20260716,fly1,C0_fly1,full,EVALUATED,DIAGNOSTIC_EVALUATION,COMPLIANT_EXPERIMENT_ROOT,C:/Users/baloney/Desktop/实验目录/P4_yaw_calibration_factorial_20260716_ultra/intrinsics_distortion_split/attempts/newcode_f873_40ac/analysis/full_flight_start_heading/C0_fly1,,,,,,,,,,,,,,,,359.4000000950001,14.059150544184957,123.27887194840947,195.06634647563644,0.8222608495934064,2.395862106455471,,,0.6906807038967315,,,,
P4-EVALUATION-b3cc233728da,evaluation,P4_RELATED_UNCLASSIFIED,P4_yaw_calibration_factorial_20260716_ultra,20260716,fly1,DONLY_fly1,full,EVALUATED,DIAGNOSTIC_EVALUATION,COMPLIANT_EXPERIMENT_ROOT,C:/Users/baloney/Desktop/实验目录/P4_yaw_calibration_factorial_20260716_ultra/intrinsics_distortion_split/attempts/newcode_f873_40ac/analysis/full_flight_start_heading/DONLY_fly1,,,,,,,,,,,,,,,,359.4000000950001,14.059150544184957,344.60996678206436,213.84622159821552,6.256406466178001,6.505950386425757,,,286.6084055608967,,,,
P4-EVALUATION-559e947f2323,evaluation,P4_RELATED_UNCLASSIFIED,P4_yaw_calibration_factorial_20260716_ultra,20260716,fly1,KD_fly1,full,EVALUATED,DIAGNOSTIC_EVALUATION,COMPLIANT_EXPERIMENT_ROOT,C:/Users/baloney/Desktop/实验目录/P4_yaw_calibration_factorial_20260716_ultra/intrinsics_distortion_split/attempts/newcode_f873_40ac/analysis/full_flight_start_heading/KD_fly1,,,,,,,,,,,,,,,,359.4000000950001,14.059150544184957,295.27723999382573,196.4875807598124,5.7805370288006355,5.942800014540386,,,168.21203431589674,,,,
P4-EVALUATION-22b743b9ca28,evaluation,P4_RELATED_UNCLASSIFIED,P4_yaw_calibration_factorial_20260716_ultra,20260716,fly1,KONLY_fly1,full,EVALUATED,DIAGNOSTIC_EVALUATION,COMPLIANT_EXPERIMENT_ROOT,C:/Users/baloney/Desktop/实验目录/P4_yaw_calibration_factorial_20260716_ultra/intrinsics_distortion_split/attempts/newcode_f873_40ac/analysis/full_flight_start_heading/KONLY_fly1,,,,,,,,,,,,,,,,359.4000000950001,14.059150544184957,171.28360145842947,189.09778340085109,1.4760704845431234,3.0338110460610572,,,0.7493541888967172,,,,
P4-EVALUATION-335ec8f8f1a1,evaluation,P4_RELATED_UNCLASSIFIED,P4_yaw_calibration_factorial_20260716_ultra,20260716,fly1,C0_kd_split_full,full,EVALUATED,FORMAL_MAIN,COMPLIANT_EXPERIMENT_ROOT,C:/Users/baloney/Desktop/实验目录/P4_yaw_calibration_factorial_20260716_ultra/intrinsics_distortion_split/attempts/newcode_f873_40ac_full/analysis/flight_eval_tool/C0_fly1/20260716_fly1_C0_kd_split_full_成功,C:/Users/baloney/Desktop/实验目录/P4_yaw_calibration_factorial_20260716_ultra/intrinsics_distortion_split/attempts/newcode_f873_40ac_full/runs/C0_fly1/traj_nav.txt,,930.0,1938.0,,,,,start_heading,gps_update_after_vio,,,,,,955.4,30.34,4488.97,22428.61,60.517,60.904,44.57,31.33,11551.47,,,2,K/D split; GPS update-time start-heading; FC Ve/Vn/Vu reference; scale preserved; no best-fit; GPS horizontal/course/yaw evaluation-only.
P4-EVALUATION-db796dca847d,evaluation,P4_RELATED_UNCLASSIFIED,P4_yaw_calibration_factorial_20260716_ultra,20260716,fly1,DONLY_kd_split_full,full,EVALUATED,FORMAL_MAIN,COMPLIANT_EXPERIMENT_ROOT,C:/Users/baloney/Desktop/实验目录/P4_yaw_calibration_factorial_20260716_ultra/intrinsics_distortion_split/attempts/newcode_f873_40ac_full/analysis/flight_eval_tool/DONLY_fly1/20260716_fly1_DONLY_kd_split_full_成功,C:/Users/baloney/Desktop/实验目录/P4_yaw_calibration_factorial_20260716_ultra/intrinsics_distortion_split/attempts/newcode_f873_40ac_full/runs/DONLY_fly1/traj_nav.txt,,930.0,1938.0,,,,,start_heading,gps_update_after_vio,,,,,,955.4,30.34,14873.96,77984.66,218.369,218.862,48.88,-19.0,-202.05,,,2,K/D split; GPS update-time start-heading; FC Ve/Vn/Vu reference; scale preserved; no best-fit; GPS horizontal/course/yaw evaluation-only.
P4-EVALUATION-2360533d4ee7,evaluation,P4_RELATED_UNCLASSIFIED,P4_yaw_calibration_factorial_20260716_ultra,20260716,fly1,KONLY_kd_split_full,full,EVALUATED,FORMAL_MAIN,COMPLIANT_EXPERIMENT_ROOT,C:/Users/baloney/Desktop/实验目录/P4_yaw_calibration_factorial_20260716_ultra/intrinsics_distortion_split/attempts/newcode_f873_40ac_full/analysis/flight_eval_tool/KONLY_fly1/20260716_fly1_KONLY_kd_split_full_成功,C:/Users/baloney/Desktop/实验目录/P4_yaw_calibration_factorial_20260716_ultra/intrinsics_distortion_split/attempts/newcode_f873_40ac_full/runs/KONLY_fly1/traj_nav.txt,,930.0,1938.0,,,,,start_heading,gps_update_after_vio,,,,,,955.4,30.34,2407.4,11813.27,31.578,31.965,37.7,-14.82,12842.7,,,2,K/D split; GPS update-time start-heading; FC Ve/Vn/Vu reference; scale preserved; no best-fit; GPS horizontal/course/yaw evaluation-only.
P4-EVALUATION-909f6289833c,evaluation,P4_RELATED_UNCLASSIFIED,P4_yaw_calibration_factorial_20260716_ultra,20260716,fly1,C0_fly1,full,EVALUATED,DIAGNOSTIC_EVALUATION,COMPLIANT_EXPERIMENT_ROOT,C:/Users/baloney/Desktop/实验目录/P4_yaw_calibration_factorial_20260716_ultra/intrinsics_distortion_split/attempts/newcode_f873_40ac_full/analysis/full_flight_absolute/C0_fly1,,,,,,,,,,,,,,,,772.4000000950001,29.652883347810516,201.6121507428553,436.5276842908364,2.4840013834255026,4.583289989032703,,,41.16920737761889,,,,
P4-EVALUATION-f0dca486d61f,evaluation,P4_RELATED_UNCLASSIFIED,P4_yaw_calibration_factorial_20260716_ultra,20260716,fly1,DONLY_fly1,full,EVALUATED,DIAGNOSTIC_EVALUATION,COMPLIANT_EXPERIMENT_ROOT,C:/Users/baloney/Desktop/实验目录/P4_yaw_calibration_factorial_20260716_ultra/intrinsics_distortion_split/attempts/newcode_f873_40ac_full/analysis/full_flight_absolute/DONLY_fly1,,,,,,,,,,,,,,,,772.4000000950001,29.652883347810516,548.991515106801,376.9103628572996,9.141301315900932,11.14081400336915,,,666.039847674619,,,,
P4-EVALUATION-4dc73a2d7074,evaluation,P4_RELATED_UNCLASSIFIED,P4_yaw_calibration_factorial_20260716_ultra,20260716,fly1,KONLY_fly1,full,EVALUATED,DIAGNOSTIC_EVALUATION,COMPLIANT_EXPERIMENT_ROOT,C:/Users/baloney/Desktop/实验目录/P4_yaw_calibration_factorial_20260716_ultra/intrinsics_distortion_split/attempts/newcode_f873_40ac_full/analysis/full_flight_absolute/KONLY_fly1,,,,,,,,,,,,,,,,772.4000000950001,29.652883347810516,224.22492909990578,406.03222141970963,2.489394577400233,4.672716185225037,,,67.78593985561889,,,,
P4-EVALUATION-6df077202f5e,evaluation,P4_RELATED_UNCLASSIFIED,P4_yaw_calibration_factorial_20260716_ultra,20260716,fly1,C0_fly1,full,EVALUATED,DIAGNOSTIC_EVALUATION,COMPLIANT_EXPERIMENT_ROOT,C:/Users/baloney/Desktop/实验目录/P4_yaw_calibration_factorial_20260716_ultra/intrinsics_distortion_split/attempts/newcode_f873_40ac_full/analysis/full_flight_start_heading/C0_fly1,,,,,,,,,,,,,,,,772.4000000950001,29.652883347810516,180.62504185604456,404.60749006114435,2.484001383425502,4.140168642578835,,,41.69084248334072,,,,
P4-EVALUATION-3f4d764bbb3f,evaluation,P4_RELATED_UNCLASSIFIED,P4_yaw_calibration_factorial_20260716_ultra,20260716,fly1,DONLY_fly1,full,EVALUATED,DIAGNOSTIC_EVALUATION,COMPLIANT_EXPERIMENT_ROOT,C:/Users/baloney/Desktop/实验目录/P4_yaw_calibration_factorial_20260716_ultra/intrinsics_distortion_split/attempts/newcode_f873_40ac_full/analysis/full_flight_start_heading/DONLY_fly1,,,,,,,,,,,,,,,,772.4000000950001,29.652883347810516,561.228257022232,343.5554627009312,9.141301315900932,11.287379222839071,,,666.5855349333408,,,,
P4-EVALUATION-f931bc6a0d83,evaluation,P4_RELATED_UNCLASSIFIED,P4_yaw_calibration_factorial_20260716_ultra,20260716,fly1,KONLY_fly1,full,EVALUATED,DIAGNOSTIC_EVALUATION,COMPLIANT_EXPERIMENT_ROOT,C:/Users/baloney/Desktop/实验目录/P4_yaw_calibration_factorial_20260716_ultra/intrinsics_distortion_split/attempts/newcode_f873_40ac_full/analysis/full_flight_start_heading/KONLY_fly1,,,,,,,,,,,,,,,,772.4000000950001,29.652883347810516,219.2664385432069,399.22735943406707,2.4893945774002346,4.595404363694732,,,68.32825523234072,,,,
P4-RAW_RUN-1f8671ec2d20,raw_run,P4_WITH_P5,P4_yaw_calibration_factorial_20260716_ultra,20260716,fly1,C0_fly1,full,SUCCESS_WITH_TRAJECTORY,RUNTIME_ONLY,COMPLIANT_EXPERIMENT_ROOT,C:/Users/baloney/Desktop/实验目录/P4_yaw_calibration_factorial_20260716_ultra/intrinsics_distortion_split/attempts/newcode_f873_40ac/runs/C0_fly1,C:/Users/baloney/Desktop/实验目录/P4_yaw_calibration_factorial_20260716_ultra/intrinsics_distortion_split/attempts/newcode_f873_40ac/runs/C0_fly1/traj_nav.txt,,930.0,1300.0,online_multisensor_alignment,baseline,guarded,12,,,0,10781,,8,,,,,,,,,,,6f537c67f4cc2a0fd89d8d243e7d400299bfa8e2af1bf87a09fc10b5117c78da,1,2,
P4-RAW_RUN-8137456fdc66,raw_run,P4_WITH_P5,P4_yaw_calibration_factorial_20260716_ultra,20260716,fly1,DONLY_fly1,full,SUCCESS_WITH_TRAJECTORY,RUNTIME_ONLY,COMPLIANT_EXPERIMENT_ROOT,C:/Users/baloney/Desktop/实验目录/P4_yaw_calibration_factorial_20260716_ultra/intrinsics_distortion_split/attempts/newcode_f873_40ac/runs/DONLY_fly1,C:/Users/baloney/Desktop/实验目录/P4_yaw_calibration_factorial_20260716_ultra/intrinsics_distortion_split/attempts/newcode_f873_40ac/runs/DONLY_fly1/traj_nav.txt,,930.0,1300.0,online_multisensor_alignment,baseline,guarded,12,,,0,10781,,8,,,,,,,,,,,6a3a0baba64ab6d417ab192bc386db6cf0acee06a24ff66c48416eb6986dc23a,1,2,
P4-RAW_RUN-c873e7d4cb6b,raw_run,P4_WITH_P5,P4_yaw_calibration_factorial_20260716_ultra,20260716,fly1,KD_fly1,full,SUCCESS_WITH_TRAJECTORY,RUNTIME_ONLY,COMPLIANT_EXPERIMENT_ROOT,C:/Users/baloney/Desktop/实验目录/P4_yaw_calibration_factorial_20260716_ultra/intrinsics_distortion_split/attempts/newcode_f873_40ac/runs/KD_fly1,C:/Users/baloney/Desktop/实验目录/P4_yaw_calibration_factorial_20260716_ultra/intrinsics_distortion_split/attempts/newcode_f873_40ac/runs/KD_fly1/traj_nav.txt,,930.0,1300.0,online_multisensor_alignment,baseline,guarded,12,,,0,10781,,8,,,,,,,,,,,d99bc75415cbc3f80f192b421f407456533439fe577fdc7dd70f82ae96e106de,1,2,
P4-RAW_RUN-8adca8b48958,raw_run,P4_WITH_P5,P4_yaw_calibration_factorial_20260716_ultra,20260716,fly1,KONLY_fly1,full,SUCCESS_WITH_TRAJECTORY,RUNTIME_ONLY,COMPLIANT_EXPERIMENT_ROOT,C:/Users/baloney/Desktop/实验目录/P4_yaw_calibration_factorial_20260716_ultra/intrinsics_distortion_split/attempts/newcode_f873_40ac/runs/KONLY_fly1,C:/Users/baloney/Desktop/实验目录/P4_yaw_calibration_factorial_20260716_ultra/intrinsics_distortion_split/attempts/newcode_f873_40ac/runs/KONLY_fly1/traj_nav.txt,,930.0,1300.0,online_multisensor_alignment,baseline,guarded,12,,,0,10781,,8,,,,,,,,,,,e18903e0042676d7f3414cd5192ace3b9223df9936717e30f7b6a2c0c1231455,1,2,
P4-RAW_RUN-4c1072b9404b,raw_run,P4_WITH_P5,P4_yaw_calibration_factorial_20260716_ultra,20260716,fly1,C0_fly1,full,SUCCESS_WITH_TRAJECTORY,RUNTIME_ONLY,COMPLIANT_EXPERIMENT_ROOT,C:/Users/baloney/Desktop/实验目录/P4_yaw_calibration_factorial_20260716_ultra/intrinsics_distortion_split/attempts/newcode_f873_40ac_full/runs/C0_fly1,C:/Users/baloney/Desktop/实验目录/P4_yaw_calibration_factorial_20260716_ultra/intrinsics_distortion_split/attempts/newcode_f873_40ac_full/runs/C0_fly1/traj_nav.txt,,930.0,1938.0,online_multisensor_alignment,baseline,guarded,12,,,0,29913,,8,,,,,,,,,,,f31ce54de690bc639662576b5cfdea1b3d0e988356b2f55fbcdfc5e7ca92a903,1,2,
P4-RAW_RUN-6212161be68e,raw_run,P4_WITH_P5,P4_yaw_calibration_factorial_20260716_ultra,20260716,fly1,DONLY_fly1,full,SUCCESS_WITH_TRAJECTORY,RUNTIME_ONLY,COMPLIANT_EXPERIMENT_ROOT,C:/Users/baloney/Desktop/实验目录/P4_yaw_calibration_factorial_20260716_ultra/intrinsics_distortion_split/attempts/newcode_f873_40ac_full/runs/DONLY_fly1,C:/Users/baloney/Desktop/实验目录/P4_yaw_calibration_factorial_20260716_ultra/intrinsics_distortion_split/attempts/newcode_f873_40ac_full/runs/DONLY_fly1/traj_nav.txt,,930.0,1938.0,online_multisensor_alignment,baseline,guarded,12,,,0,29913,,8,,,,,,,,,,,a95bad1922c5b7a91070f11f682476765425ad8c3e98f69abc926a3278dfe41f,1,2,
P4-RAW_RUN-5e94ec03ce58,raw_run,P4_WITH_P5,P4_yaw_calibration_factorial_20260716_ultra,20260716,fly1,KONLY_fly1,full,SUCCESS_WITH_TRAJECTORY,RUNTIME_ONLY,COMPLIANT_EXPERIMENT_ROOT,C:/Users/baloney/Desktop/实验目录/P4_yaw_calibration_factorial_20260716_ultra/intrinsics_distortion_split/attempts/newcode_f873_40ac_full/runs/KONLY_fly1,C:/Users/baloney/Desktop/实验目录/P4_yaw_calibration_factorial_20260716_ultra/intrinsics_distortion_split/attempts/newcode_f873_40ac_full/runs/KONLY_fly1/traj_nav.txt,,930.0,1938.0,online_multisensor_alignment,baseline,guarded,12,,,0,29913,,8,,,,,,,,,,,1d0626a0637c16d630ea312e611cc1f18a23291abf54e522c196e383342d25b2,1,2,
P4-RAW_RUN-4e91ab0bfa44,raw_run,P4_WITH_P5,P4_yaw_calibration_factorial_20260716_ultra,20260716,fly1,C0_fly1,full,FAILED,RUNTIME_ONLY,COMPLIANT_EXPERIMENT_ROOT,C:/Users/baloney/Desktop/实验目录/P4_yaw_calibration_factorial_20260716_ultra/intrinsics_distortion_split/attempts/retry1/runs/C0_fly1,,,930.0,1300.0,online_multisensor_alignment,baseline,guarded,12,,,134,0,,,,,,,,,,,,,69aa99cf65f6d5d3b8f08b91c98f3569a3be797d11ae1467abc5b34862bef6a4,1,,
P4-RAW_RUN-8da536411650,raw_run,P4_WITH_P5,P4_yaw_calibration_factorial_20260716_ultra,20260716,fly1,DONLY_fly1,full,FAILED,RUNTIME_ONLY,COMPLIANT_EXPERIMENT_ROOT,C:/Users/baloney/Desktop/实验目录/P4_yaw_calibration_factorial_20260716_ultra/intrinsics_distortion_split/attempts/retry1/runs/DONLY_fly1,C:/Users/baloney/Desktop/实验目录/P4_yaw_calibration_factorial_20260716_ultra/intrinsics_distortion_split/attempts/retry1/runs/DONLY_fly1/traj_nav.txt,,930.0,1300.0,online_multisensor_alignment,baseline,guarded,12,,,139,0,,,,,,,,,,,,,59ba298cf15525873be0f476245d0dc142190a3cd5393eef9e3300f8502604d0,1,1,
P4-RAW_RUN-25b5c96e7257,raw_run,P4_WITH_P5,P4_yaw_calibration_factorial_20260716_ultra,20260716,fly1,KD_fly1,full,FAILED,RUNTIME_ONLY,COMPLIANT_EXPERIMENT_ROOT,C:/Users/baloney/Desktop/实验目录/P4_yaw_calibration_factorial_20260716_ultra/intrinsics_distortion_split/attempts/retry1/runs/KD_fly1,,,930.0,1300.0,online_multisensor_alignment,baseline,guarded,12,,,134,0,,,,,,,,,,,,,3525a9d912dc95059cf012769da025875fb79be99f4ccc1381e0dc8c8db1418c,1,,
P4-RAW_RUN-d6ff9ce54854,raw_run,P4_WITH_P5,P4_yaw_calibration_factorial_20260716_ultra,20260716,fly1,KONLY_fly1,full,FAILED,RUNTIME_ONLY,COMPLIANT_EXPERIMENT_ROOT,C:/Users/baloney/Desktop/实验目录/P4_yaw_calibration_factorial_20260716_ultra/intrinsics_distortion_split/attempts/retry1/runs/KONLY_fly1,C:/Users/baloney/Desktop/实验目录/P4_yaw_calibration_factorial_20260716_ultra/intrinsics_distortion_split/attempts/retry1/runs/KONLY_fly1/traj_nav.txt,,930.0,1300.0,online_multisensor_alignment,baseline,guarded,12,,,139,0,,,,,,,,,,,,,cb0a89dfec41ccbf9975fb6ec2efe19be854cc4eb5599199182fa5f6384a223d,1,1,
P4-RAW_RUN-bd6f716c2e72,raw_run,P4_WITH_P5,P4_yaw_calibration_factorial_20260716_ultra,20260716,fly1,C0_fly1,full,FAILED,RUNTIME_ONLY,COMPLIANT_EXPERIMENT_ROOT,C:/Users/baloney/Desktop/实验目录/P4_yaw_calibration_factorial_20260716_ultra/intrinsics_distortion_split/attempts/retry2/runs/C0_fly1,,,930.0,1300.0,online_multisensor_alignment,baseline,guarded,12,,,134,0,,,,,,,,,,,,,ce77f64d8ea90b8999fa40e29a5564cd5dfbc0f488c1d5f8739ada2b63a524cc,1,,
P4-RAW_RUN-becb462b8b99,raw_run,P4_WITH_P5,P4_yaw_calibration_factorial_20260716_ultra,20260716,fly1,C0_fly1,full,FAILED,RUNTIME_ONLY,COMPLIANT_EXPERIMENT_ROOT,C:/Users/baloney/Desktop/实验目录/P4_yaw_calibration_factorial_20260716_ultra/intrinsics_distortion_split/runs/C0_fly1,,,930.0,1300.0,online_multisensor_alignment,baseline,guarded,12,,,1,0,,,,,,,,,,,,,15c38c80f47f40c877a0a2ff2ef41057ec7ee5cb7fe26cafc7561ed5a381d906,1,,
P4-RAW_RUN-7b1c85ce10eb,raw_run,P4_WITH_P5,P4_yaw_calibration_factorial_20260716_ultra,20260716,fly1,DONLY_fly1,full,FAILED,RUNTIME_ONLY,COMPLIANT_EXPERIMENT_ROOT,C:/Users/baloney/Desktop/实验目录/P4_yaw_calibration_factorial_20260716_ultra/intrinsics_distortion_split/runs/DONLY_fly1,,,930.0,1300.0,online_multisensor_alignment,baseline,guarded,12,,,1,0,,,,,,,,,,,,,9f40f0fbceae8183242029a68dafc91851ba22a27f0e18b48d716b53a119f62e,1,,
P4-RAW_RUN-80f0af34dfa7,raw_run,P4_WITH_P5,P4_yaw_calibration_factorial_20260716_ultra,20260716,fly1,KD_fly1,full,FAILED,RUNTIME_ONLY,COMPLIANT_EXPERIMENT_ROOT,C:/Users/baloney/Desktop/实验目录/P4_yaw_calibration_factorial_20260716_ultra/intrinsics_distortion_split/runs/KD_fly1,,,930.0,1300.0,online_multisensor_alignment,baseline,guarded,12,,,1,0,,,,,,,,,,,,,cf387deccb14fa835e7eaab264eda92eadb035cd046889f189f642a86c8110bf,1,,
P4-RAW_RUN-4c79960d7a4b,raw_run,P4_WITH_P5,P4_yaw_calibration_factorial_20260716_ultra,20260716,fly1,KONLY_fly1,full,FAILED,RUNTIME_ONLY,COMPLIANT_EXPERIMENT_ROOT,C:/Users/baloney/Desktop/实验目录/P4_yaw_calibration_factorial_20260716_ultra/intrinsics_distortion_split/runs/KONLY_fly1,,,930.0,1300.0,online_multisensor_alignment,baseline,guarded,12,,,1,0,,,,,,,,,,,,,2e1f1caf4e26875072d5e40e3c618c4e36290829a95b772c3047599318a32b2b,1,,
P4-RAW_RUN-a520d528b150,raw_run,P4_WITH_P5,P4_yaw_calibration_factorial_20260716_ultra,20260716,fly1,C0_fly1,full,SUCCESS_WITH_TRAJECTORY,RUNTIME_ONLY,COMPLIANT_EXPERIMENT_ROOT,C:/Users/baloney/Desktop/实验目录/P4_yaw_calibration_factorial_20260716_ultra/runs/C0_fly1,C:/Users/baloney/Desktop/实验目录/P4_yaw_calibration_factorial_20260716_ultra/runs/C0_fly1/traj_nav.txt,,930.0,1300.0,online_multisensor_alignment,baseline,guarded,12,,,0,10781,,8,,,,,,,,,,,b0bb78ac5dd133e6e91e8d8025e97291a4c17d642f7f894e3b0a24eb93275978,1,3,
P4-RAW_RUN-8eb346edc6b6,raw_run,P4_WITH_P5,P4_yaw_calibration_factorial_20260716_ultra,20260716,fly1,C1_fly1,full,SUCCESS_WITH_TRAJECTORY,RUNTIME_ONLY,COMPLIANT_EXPERIMENT_ROOT,C:/Users/baloney/Desktop/实验目录/P4_yaw_calibration_factorial_20260716_ultra/runs/C1_fly1,C:/Users/baloney/Desktop/实验目录/P4_yaw_calibration_factorial_20260716_ultra/runs/C1_fly1/traj_nav.txt,,930.0,1300.0,online_multisensor_alignment,baseline,guarded,12,,,0,10781,,8,,,,,,,,,,,4830aa63432b73cf325aa1c8baf09a8c8738291b9a774cb97d486c16f551740f,1,3,
P4-RAW_RUN-930b172f9465,raw_run,P4_WITH_P5,P4_yaw_calibration_factorial_20260716_ultra,20260716,fly1,C2_fly1,full,SUCCESS_WITH_TRAJECTORY,RUNTIME_ONLY,COMPLIANT_EXPERIMENT_ROOT,C:/Users/baloney/Desktop/实验目录/P4_yaw_calibration_factorial_20260716_ultra/runs/C2_fly1,C:/Users/baloney/Desktop/实验目录/P4_yaw_calibration_factorial_20260716_ultra/runs/C2_fly1/traj_nav.txt,,930.0,1300.0,online_multisensor_alignment,baseline,guarded,12,,,0,10781,,8,,,,,,,,,,,9f70a3b25976c9df39c6de4a68d4c25edafae7d3f24d8136c4c95f083df71e89,1,3,
P4-RAW_RUN-00c0cccc258b,raw_run,P4_WITH_P5,P4_yaw_calibration_factorial_20260716_ultra,20260716,fly1,C3_fly1,full,SUCCESS_WITH_TRAJECTORY,RUNTIME_ONLY,COMPLIANT_EXPERIMENT_ROOT,C:/Users/baloney/Desktop/实验目录/P4_yaw_calibration_factorial_20260716_ultra/runs/C3_fly1,C:/Users/baloney/Desktop/实验目录/P4_yaw_calibration_factorial_20260716_ultra/runs/C3_fly1/traj_nav.txt,,930.0,1300.0,online_multisensor_alignment,baseline,guarded,12,,,0,10781,,8,,,,,,,,,,,17fa1f7c6b3199a3dedf2917814510b2fae0342a577ea188382e7bd9cba29e9f,1,3,
P4-RAW_RUN-3b967fbe3866,raw_run,P4_WITH_P5,P4_yaw_calibration_factorial_20260716_ultra,20260716,fly1,C4_fly1,full,SUCCESS_WITH_TRAJECTORY,RUNTIME_ONLY,COMPLIANT_EXPERIMENT_ROOT,C:/Users/baloney/Desktop/实验目录/P4_yaw_calibration_factorial_20260716_ultra/runs/C4_fly1,C:/Users/baloney/Desktop/实验目录/P4_yaw_calibration_factorial_20260716_ultra/runs/C4_fly1/traj_nav.txt,,930.0,1300.0,online_multisensor_alignment,baseline,guarded,12,,,0,10781,,8,,,,,,,,,,,8ec0bb438a430d923c53178ae50a3a0a3f92152b8d5a4c3c40c27320a7ffceca,1,3,
P4-RAW_RUN-9cef28d87ac3,raw_run,P4_WITH_P5,P4_yaw_calibration_factorial_20260716_ultra,20260716,fly1,C5_fly1,full,SUCCESS_WITH_TRAJECTORY,RUNTIME_ONLY,COMPLIANT_EXPERIMENT_ROOT,C:/Users/baloney/Desktop/实验目录/P4_yaw_calibration_factorial_20260716_ultra/runs/C5_fly1,C:/Users/baloney/Desktop/实验目录/P4_yaw_calibration_factorial_20260716_ultra/runs/C5_fly1/traj_nav.txt,,930.0,1300.0,online_multisensor_alignment,baseline,guarded,12,,,0,10781,,8,,,,,,,,,,,b6f78844d9e441d85a687ad7d2f934dd2c60036a09f26cca519c2e14d92fa7d1,1,3,
P4-RAW_RUN-0a045c37e35f,raw_run,P4_WITH_P5,P4_yaw_calibration_factorial_20260716_ultra,20260716,fly1,C6_fly1,full,SUCCESS_WITH_TRAJECTORY,RUNTIME_ONLY,COMPLIANT_EXPERIMENT_ROOT,C:/Users/baloney/Desktop/实验目录/P4_yaw_calibration_factorial_20260716_ultra/runs/C6_fly1,C:/Users/baloney/Desktop/实验目录/P4_yaw_calibration_factorial_20260716_ultra/runs/C6_fly1/traj_nav.txt,,930.0,1300.0,online_multisensor_alignment,baseline,guarded,12,,,0,10781,,8,,,,,,,,,,,bc257496a9ee82e6d260744025d8dcfa8038bf3008850ef1cc5c4251d222fa6a,1,3,
P4-RAW_RUN-6a915b2523cf,raw_run,P4_WITH_P5,P4_yaw_calibration_factorial_20260716_ultra,20260716,fly1,C7_fly1,full,SUCCESS_WITH_TRAJECTORY,RUNTIME_ONLY,COMPLIANT_EXPERIMENT_ROOT,C:/Users/baloney/Desktop/实验目录/P4_yaw_calibration_factorial_20260716_ultra/runs/C7_fly1,C:/Users/baloney/Desktop/实验目录/P4_yaw_calibration_factorial_20260716_ultra/runs/C7_fly1/traj_nav.txt,,930.0,1300.0,online_multisensor_alignment,baseline,guarded,12,,,0,10781,,8,,,,,,,,,,,6cb50dd843281cfd144eccfb812d1de18a204a43638b7aeca572bd47ad431fef,1,3,
P4-EVALUATION-2050fee87f4e,evaluation,P4_RELATED_UNCLASSIFIED,P4_yaw_calibration_factorial_20260716_ultra,20260716,fly3,C0_p4_cal_factorial,full,EVALUATED,FORMAL_MAIN,COMPLIANT_EXPERIMENT_ROOT,C:/Users/baloney/Desktop/实验目录/P4_yaw_calibration_factorial_20260716_ultra/analysis/fc_velocity_reference_v2/flight_eval_tool/C0_fly3/20260716_fly3_C0_p4_cal_factorial_成功,C:/Users/baloney/Desktop/实验目录/P4_yaw_calibration_factorial_20260716_ultra/runs/C0_fly3/traj_nav.txt,,618.0,947.0,,,,,start_heading,gps_update_after_vio,,,,,,318.6,11.861,425.16,393.07,0.847,1.313,1.59,1.38,-24.62,,,3,Calibration factorial; GPS update-time start-heading diagnostic; scale preserved; no full-trajectory best fit; GPS horizontal/course/yaw evaluation-only.
P4-EVALUATION-3f59ec108ac1,evaluation,P4_RELATED_UNCLASSIFIED,P4_yaw_calibration_factorial_20260716_ultra,20260716,fly3,C1_p4_cal_factorial,full,EVALUATED,FORMAL_MAIN,COMPLIANT_EXPERIMENT_ROOT,C:/Users/baloney/Desktop/实验目录/P4_yaw_calibration_factorial_20260716_ultra/analysis/fc_velocity_reference_v2/flight_eval_tool/C1_fly3/20260716_fly3_C1_p4_cal_factorial_成功,C:/Users/baloney/Desktop/实验目录/P4_yaw_calibration_factorial_20260716_ultra/runs/C1_fly3/traj_nav.txt,,618.0,947.0,,,,,start_heading,gps_update_after_vio,,,,,,318.6,11.861,841.35,1053.41,5.354,6.954,6.25,10.93,41.36,,,3,Calibration factorial; GPS update-time start-heading diagnostic; scale preserved; no full-trajectory best fit; GPS horizontal/course/yaw evaluation-only.
P4-EVALUATION-c9815639cd4e,evaluation,P4_RELATED_UNCLASSIFIED,P4_yaw_calibration_factorial_20260716_ultra,20260716,fly3,C2_p4_cal_factorial,full,EVALUATED,FORMAL_MAIN,COMPLIANT_EXPERIMENT_ROOT,C:/Users/baloney/Desktop/实验目录/P4_yaw_calibration_factorial_20260716_ultra/analysis/fc_velocity_reference_v2/flight_eval_tool/C2_fly3/20260716_fly3_C2_p4_cal_factorial_成功,C:/Users/baloney/Desktop/实验目录/P4_yaw_calibration_factorial_20260716_ultra/runs/C2_fly3/traj_nav.txt,,618.0,947.0,,,,,start_heading,gps_update_after_vio,,,,,,318.6,11.861,851.6,1064.04,5.443,7.041,6.27,11.08,42.39,,,3,Calibration factorial; GPS update-time start-heading diagnostic; scale preserved; no full-trajectory best fit; GPS horizontal/course/yaw evaluation-only.
P4-EVALUATION-eb0d94d5a471,evaluation,P4_RELATED_UNCLASSIFIED,P4_yaw_calibration_factorial_20260716_ultra,20260716,fly3,C3_p4_cal_factorial,full,EVALUATED,FORMAL_MAIN,COMPLIANT_EXPERIMENT_ROOT,C:/Users/baloney/Desktop/实验目录/P4_yaw_calibration_factorial_20260716_ultra/analysis/fc_velocity_reference_v2/flight_eval_tool/C3_fly3/20260716_fly3_C3_p4_cal_factorial_成功,C:/Users/baloney/Desktop/实验目录/P4_yaw_calibration_factorial_20260716_ultra/runs/C3_fly3/traj_nav.txt,,618.0,947.0,,,,,start_heading,gps_update_after_vio,,,,,,318.6,11.861,424.05,391.74,0.818,1.309,1.62,1.39,-24.94,,,3,Calibration factorial; GPS update-time start-heading diagnostic; scale preserved; no full-trajectory best fit; GPS horizontal/course/yaw evaluation-only.
P4-EVALUATION-d930164118df,evaluation,P4_RELATED_UNCLASSIFIED,P4_yaw_calibration_factorial_20260716_ultra,20260716,fly3,C4_p4_cal_factorial,full,EVALUATED,FORMAL_MAIN,COMPLIANT_EXPERIMENT_ROOT,C:/Users/baloney/Desktop/实验目录/P4_yaw_calibration_factorial_20260716_ultra/analysis/fc_velocity_reference_v2/flight_eval_tool/C4_fly3/20260716_fly3_C4_p4_cal_factorial_成功,C:/Users/baloney/Desktop/实验目录/P4_yaw_calibration_factorial_20260716_ultra/runs/C4_fly3/traj_nav.txt,,618.0,947.0,,,,,start_heading,gps_update_after_vio,,,,,,318.6,11.861,414.07,367.26,0.847,1.357,1.69,1.84,-24.67,,,3,Calibration factorial; GPS update-time start-heading diagnostic; scale preserved; no full-trajectory best fit; GPS horizontal/course/yaw evaluation-only.
P4-EVALUATION-587de283aaf4,evaluation,P4_RELATED_UNCLASSIFIED,P4_yaw_calibration_factorial_20260716_ultra,20260716,fly3,C5_p4_cal_factorial,full,EVALUATED,FORMAL_MAIN,COMPLIANT_EXPERIMENT_ROOT,C:/Users/baloney/Desktop/实验目录/P4_yaw_calibration_factorial_20260716_ultra/analysis/fc_velocity_reference_v2/flight_eval_tool/C5_fly3/20260716_fly3_C5_p4_cal_factorial_成功,C:/Users/baloney/Desktop/实验目录/P4_yaw_calibration_factorial_20260716_ultra/runs/C5_fly3/traj_nav.txt,,618.0,947.0,,,,,start_heading,gps_update_after_vio,,,,,,318.6,11.861,828.0,1031.6,5.204,6.819,6.2,11.12,39.8,,,3,Calibration factorial; GPS update-time start-heading diagnostic; scale preserved; no full-trajectory best fit; GPS horizontal/course/yaw evaluation-only.
P4-EVALUATION-09125d83780e,evaluation,P4_RELATED_UNCLASSIFIED,P4_yaw_calibration_factorial_20260716_ultra,20260716,fly3,C6_p4_cal_factorial,full,EVALUATED,FORMAL_MAIN,COMPLIANT_EXPERIMENT_ROOT,C:/Users/baloney/Desktop/实验目录/P4_yaw_calibration_factorial_20260716_ultra/analysis/fc_velocity_reference_v2/flight_eval_tool/C6_fly3/20260716_fly3_C6_p4_cal_factorial_成功,C:/Users/baloney/Desktop/实验目录/P4_yaw_calibration_factorial_20260716_ultra/runs/C6_fly3/traj_nav.txt,,618.0,947.0,,,,,start_heading,gps_update_after_vio,,,,,,318.6,11.861,419.53,378.44,0.805,1.299,1.62,1.18,-23.77,,,3,Calibration factorial; GPS update-time start-heading diagnostic; scale preserved; no full-trajectory best fit; GPS horizontal/course/yaw evaluation-only.
P4-EVALUATION-b9b799fa4513,evaluation,P4_RELATED_UNCLASSIFIED,P4_yaw_calibration_factorial_20260716_ultra,20260716,fly3,C7_p4_cal_factorial,full,EVALUATED,FORMAL_MAIN,COMPLIANT_EXPERIMENT_ROOT,C:/Users/baloney/Desktop/实验目录/P4_yaw_calibration_factorial_20260716_ultra/analysis/fc_velocity_reference_v2/flight_eval_tool/C7_fly3/20260716_fly3_C7_p4_cal_factorial_成功,C:/Users/baloney/Desktop/实验目录/P4_yaw_calibration_factorial_20260716_ultra/runs/C7_fly3/traj_nav.txt,,618.0,947.0,,,,,start_heading,gps_update_after_vio,,,,,,318.6,11.861,849.36,1059.77,5.384,7.01,6.32,11.14,39.63,,,3,Calibration factorial; GPS update-time start-heading diagnostic; scale preserved; no full-trajectory best fit; GPS horizontal/course/yaw evaluation-only.
P4-EVALUATION-a462abab02c1,evaluation,P4_RELATED_UNCLASSIFIED,P4_yaw_calibration_factorial_20260716_ultra,20260716,fly3,C0_fly3,full,EVALUATED,DIAGNOSTIC_EVALUATION,COMPLIANT_EXPERIMENT_ROOT,C:/Users/baloney/Desktop/实验目录/P4_yaw_calibration_factorial_20260716_ultra/analysis/fc_velocity_reference_v2/full_flight_absolute/C0_fly3,,,,,,,,,,,,,,,,318.400000095,11.852642306399051,78.99268854478231,91.46706713486603,0.8475910136873824,1.3220722127613411,,,-19.43910045769249,,,,
P4-EVALUATION-14595d416b54,evaluation,P4_RELATED_UNCLASSIFIED,P4_yaw_calibration_factorial_20260716_ultra,20260716,fly3,C1_fly3,full,EVALUATED,DIAGNOSTIC_EVALUATION,COMPLIANT_EXPERIMENT_ROOT,C:/Users/baloney/Desktop/实验目录/P4_yaw_calibration_factorial_20260716_ultra/analysis/fc_velocity_reference_v2/full_flight_absolute/C1_fly3,,,,,,,,,,,,,,,,318.400000095,11.852642306399051,556.3132339476433,693.1666524436763,5.356725214157367,6.8656526213271984,,,46.57067170330751,,,,
P4-EVALUATION-5b8bb464085a,evaluation,P4_RELATED_UNCLASSIFIED,P4_yaw_calibration_factorial_20260716_ultra,20260716,fly3,C2_fly3,full,EVALUATED,DIAGNOSTIC_EVALUATION,COMPLIANT_EXPERIMENT_ROOT,C:/Users/baloney/Desktop/实验目录/P4_yaw_calibration_factorial_20260716_ultra/analysis/fc_velocity_reference_v2/full_flight_absolute/C2_fly3,,,,,,,,,,,,,,,,318.400000095,11.852642306399051,564.0127017224316,698.2691994968777,5.446404207550931,6.951303456105419,,,47.59775324730754,,,,
P4-EVALUATION-49f8c8167b87,evaluation,P4_RELATED_UNCLASSIFIED,P4_yaw_calibration_factorial_20260716_ultra,20260716,fly3,C3_fly3,full,EVALUATED,DIAGNOSTIC_EVALUATION,COMPLIANT_EXPERIMENT_ROOT,C:/Users/baloney/Desktop/实验目录/P4_yaw_calibration_factorial_20260716_ultra/analysis/fc_velocity_reference_v2/full_flight_absolute/C3_fly3,,,,,,,,,,,,,,,,318.400000095,11.852642306399051,79.7048459216888,96.96399713265612,0.8180022753895225,1.3182491396702216,,,-19.75895053769247,,,,
P4-EVALUATION-32bb81a63d0a,evaluation,P4_RELATED_UNCLASSIFIED,P4_yaw_calibration_factorial_20260716_ultra,20260716,fly3,C4_fly3,full,EVALUATED,DIAGNOSTIC_EVALUATION,COMPLIANT_EXPERIMENT_ROOT,C:/Users/baloney/Desktop/实验目录/P4_yaw_calibration_factorial_20260716_ultra/analysis/fc_velocity_reference_v2/full_flight_absolute/C4_fly3,,,,,,,,,,,,,,,,318.400000095,11.852642306399051,89.87358618992204,116.14973393266862,0.8471562141082395,1.3682186132312162,,,-19.488912561692473,,,,
P4-EVALUATION-6e9f0e4126e1,evaluation,P4_RELATED_UNCLASSIFIED,P4_yaw_calibration_factorial_20260716_ultra,20260716,fly3,C5_fly3,full,EVALUATED,DIAGNOSTIC_EVALUATION,COMPLIANT_EXPERIMENT_ROOT,C:/Users/baloney/Desktop/实验目录/P4_yaw_calibration_factorial_20260716_ultra/analysis/fc_velocity_reference_v2/full_flight_absolute/C5_fly3,,,,,,,,,,,,,,,,318.400000095,11.852642306399051,543.2897293736766,667.7528533732299,5.20683210031971,6.742535574442331,,,45.00625995630753,,,,
P4-EVALUATION-865617da2c4b,evaluation,P4_RELATED_UNCLASSIFIED,P4_yaw_calibration_factorial_20260716_ultra,20260716,fly3,C6_fly3,full,EVALUATED,DIAGNOSTIC_EVALUATION,COMPLIANT_EXPERIMENT_ROOT,C:/Users/baloney/Desktop/实验目录/P4_yaw_calibration_factorial_20260716_ultra/analysis/fc_velocity_reference_v2/full_flight_absolute/C6_fly3,,,,,,,,,,,,,,,,318.400000095,11.852642306399051,79.52740319316979,101.49865468871737,0.8056524109588765,1.2734865275230247,,,-18.588456427692478,,,,
P4-EVALUATION-c067dd8e38cb,evaluation,P4_RELATED_UNCLASSIFIED,P4_yaw_calibration_factorial_20260716_ultra,20260716,fly3,C7_fly3,full,EVALUATED,DIAGNOSTIC_EVALUATION,COMPLIANT_EXPERIMENT_ROOT,C:/Users/baloney/Desktop/实验目录/P4_yaw_calibration_factorial_20260716_ultra/analysis/fc_velocity_reference_v2/full_flight_absolute/C7_fly3,,,,,,,,,,,,,,,,318.400000095,11.852642306399051,559.2954045759328,690.8154842782428,5.387194461689677,6.867464509551751,,,44.839498919307516,,,,
P4-EVALUATION-2207f471923d,evaluation,P4_RELATED_UNCLASSIFIED,P4_yaw_calibration_factorial_20260716_ultra,20260716,fly3,C0_fly3,full,EVALUATED,DIAGNOSTIC_EVALUATION,COMPLIANT_EXPERIMENT_ROOT,C:/Users/baloney/Desktop/实验目录/P4_yaw_calibration_factorial_20260716_ultra/analysis/fc_velocity_reference_v2/full_flight_start_heading/C0_fly3,,,,,,,,,,,,,,,,318.400000095,11.852642306399051,83.00222445668665,98.76442165201749,0.8475910136873818,1.3763770604396532,,,-19.45762418305452,,,,
P4-EVALUATION-5cd5343dfcbd,evaluation,P4_RELATED_UNCLASSIFIED,P4_yaw_calibration_factorial_20260716_ultra,20260716,fly3,C1_fly3,full,EVALUATED,DIAGNOSTIC_EVALUATION,COMPLIANT_EXPERIMENT_ROOT,C:/Users/baloney/Desktop/实验目录/P4_yaw_calibration_factorial_20260716_ultra/analysis/fc_velocity_reference_v2/full_flight_start_heading/C1_fly3,,,,,,,,,,,,,,,,318.400000095,11.852642306399051,564.56645516036,703.2105378266245,5.3567252141573665,6.981144256751367,,,46.52790859394548,,,,
P4-EVALUATION-6a9b00278a41,evaluation,P4_RELATED_UNCLASSIFIED,P4_yaw_calibration_factorial_20260716_ultra,20260716,fly3,C2_fly3,full,EVALUATED,DIAGNOSTIC_EVALUATION,COMPLIANT_EXPERIMENT_ROOT,C:/Users/baloney/Desktop/实验目录/P4_yaw_calibration_factorial_20260716_ultra/analysis/fc_velocity_reference_v2/full_flight_start_heading/C2_fly3,,,,,,,,,,,,,,,,318.400000095,11.852642306399051,572.2282851158521,708.0353115509708,5.446404207550931,7.066551568809775,,,47.5549731619455,,,,
P4-EVALUATION-a7357ff6f204,evaluation,P4_RELATED_UNCLASSIFIED,P4_yaw_calibration_factorial_20260716_ultra,20260716,fly3,C3_fly3,full,EVALUATED,DIAGNOSTIC_EVALUATION,COMPLIANT_EXPERIMENT_ROOT,C:/Users/baloney/Desktop/实验目录/P4_yaw_calibration_factorial_20260716_ultra/analysis/fc_velocity_reference_v2/full_flight_start_heading/C3_fly3,,,,,,,,,,,,,,,,318.400000095,11.852642306399051,83.74063239326179,104.26282473222028,0.8180022753895227,1.3740964387206267,,,-19.77741625705451,,,,
P4-EVALUATION-3a475916f38c,evaluation,P4_RELATED_UNCLASSIFIED,P4_yaw_calibration_factorial_20260716_ultra,20260716,fly3,C4_fly3,full,EVALUATED,DIAGNOSTIC_EVALUATION,COMPLIANT_EXPERIMENT_ROOT,C:/Users/baloney/Desktop/实验目录/P4_yaw_calibration_factorial_20260716_ultra/analysis/fc_velocity_reference_v2/full_flight_start_heading/C4_fly3,,,,,,,,,,,,,,,,318.400000095,11.852642306399051,93.16971893005699,122.03897034474011,0.8471562141082392,1.4237742118273014,,,-19.50800591105451,,,,
P4-EVALUATION-81cf0fa943a6,evaluation,P4_RELATED_UNCLASSIFIED,P4_yaw_calibration_factorial_20260716_ultra,20260716,fly3,C5_fly3,full,EVALUATED,DIAGNOSTIC_EVALUATION,COMPLIANT_EXPERIMENT_ROOT,C:/Users/baloney/Desktop/实验目录/P4_yaw_calibration_factorial_20260716_ultra/analysis/fc_velocity_reference_v2/full_flight_start_heading/C5_fly3,,,,,,,,,,,,,,,,318.400000095,11.852642306399051,550.9728426136527,676.9607927740888,5.206832100319712,6.8518254320970104,,,44.9628514989455,,,,
P4-EVALUATION-ce01d83f76e3,evaluation,P4_RELATED_UNCLASSIFIED,P4_yaw_calibration_factorial_20260716_ultra,20260716,fly3,C6_fly3,full,EVALUATED,DIAGNOSTIC_EVALUATION,COMPLIANT_EXPERIMENT_ROOT,C:/Users/baloney/Desktop/实验目录/P4_yaw_calibration_factorial_20260716_ultra/analysis/fc_velocity_reference_v2/full_flight_start_heading/C6_fly3,,,,,,,,,,,,,,,,318.400000095,11.852642306399051,85.54604423994489,113.25119224972075,0.8056524109588761,1.3576270074985188,,,-18.606980153054508,,,,
P4-EVALUATION-70f682069336,evaluation,P4_RELATED_UNCLASSIFIED,P4_yaw_calibration_factorial_20260716_ultra,20260716,fly3,C7_fly3,full,EVALUATED,DIAGNOSTIC_EVALUATION,COMPLIANT_EXPERIMENT_ROOT,C:/Users/baloney/Desktop/实验目录/P4_yaw_calibration_factorial_20260716_ultra/analysis/fc_velocity_reference_v2/full_flight_start_heading/C7_fly3,,,,,,,,,,,,,,,,318.400000095,11.852642306399051,570.7992894638129,704.5600719277627,5.3871944616896785,7.028616432519206,,,44.79671883394548,,,,
P4-EVALUATION-6beac6f85188,evaluation,P4_RELATED_UNCLASSIFIED,P4_yaw_calibration_factorial_20260716_ultra,20260716,fly3,C0_p4_cal_factorial,full,EVALUATED,FORMAL_MAIN,COMPLIANT_EXPERIMENT_ROOT,C:/Users/baloney/Desktop/实验目录/P4_yaw_calibration_factorial_20260716_ultra/analysis/flight_eval_tool/C0_fly3/20260716_fly3_C0_p4_cal_factorial_成功,C:/Users/baloney/Desktop/实验目录/P4_yaw_calibration_factorial_20260716_ultra/runs/C0_fly3/traj_nav.txt,,618.0,947.0,,,,,start_heading,gps_update_after_vio,,,,,,318.6,11.861,425.16,393.07,0.847,1.313,1.59,1.38,-24.62,,,3,Calibration factorial; GPS update-time start-heading diagnostic; scale preserved; no full-trajectory best fit; GPS horizontal/course/yaw evaluation-only.
P4-EVALUATION-fc32e0e172a6,evaluation,P4_RELATED_UNCLASSIFIED,P4_yaw_calibration_factorial_20260716_ultra,20260716,fly3,C1_p4_cal_factorial,full,EVALUATED,FORMAL_MAIN,COMPLIANT_EXPERIMENT_ROOT,C:/Users/baloney/Desktop/实验目录/P4_yaw_calibration_factorial_20260716_ultra/analysis/flight_eval_tool/C1_fly3/20260716_fly3_C1_p4_cal_factorial_成功,C:/Users/baloney/Desktop/实验目录/P4_yaw_calibration_factorial_20260716_ultra/runs/C1_fly3/traj_nav.txt,,618.0,947.0,,,,,start_heading,gps_update_after_vio,,,,,,318.6,11.861,841.35,1053.41,5.354,6.954,6.25,10.93,41.36,,,3,Calibration factorial; GPS update-time start-heading diagnostic; scale preserved; no full-trajectory best fit; GPS horizontal/course/yaw evaluation-only.
P4-EVALUATION-47722385d0eb,evaluation,P4_RELATED_UNCLASSIFIED,P4_yaw_calibration_factorial_20260716_ultra,20260716,fly3,C2_p4_cal_factorial,full,EVALUATED,FORMAL_MAIN,COMPLIANT_EXPERIMENT_ROOT,C:/Users/baloney/Desktop/实验目录/P4_yaw_calibration_factorial_20260716_ultra/analysis/flight_eval_tool/C2_fly3/20260716_fly3_C2_p4_cal_factorial_成功,C:/Users/baloney/Desktop/实验目录/P4_yaw_calibration_factorial_20260716_ultra/runs/C2_fly3/traj_nav.txt,,618.0,947.0,,,,,start_heading,gps_update_after_vio,,,,,,318.6,11.861,851.6,1064.04,5.443,7.041,6.27,11.08,42.39,,,3,Calibration factorial; GPS update-time start-heading diagnostic; scale preserved; no full-trajectory best fit; GPS horizontal/course/yaw evaluation-only.
P4-EVALUATION-683768757b9b,evaluation,P4_RELATED_UNCLASSIFIED,P4_yaw_calibration_factorial_20260716_ultra,20260716,fly3,C3_p4_cal_factorial,full,EVALUATED,FORMAL_MAIN,COMPLIANT_EXPERIMENT_ROOT,C:/Users/baloney/Desktop/实验目录/P4_yaw_calibration_factorial_20260716_ultra/analysis/flight_eval_tool/C3_fly3/20260716_fly3_C3_p4_cal_factorial_成功,C:/Users/baloney/Desktop/实验目录/P4_yaw_calibration_factorial_20260716_ultra/runs/C3_fly3/traj_nav.txt,,618.0,947.0,,,,,start_heading,gps_update_after_vio,,,,,,318.6,11.861,424.05,391.74,0.818,1.309,1.62,1.39,-24.94,,,3,Calibration factorial; GPS update-time start-heading diagnostic; scale preserved; no full-trajectory best fit; GPS horizontal/course/yaw evaluation-only.
P4-EVALUATION-fbd47da9199c,evaluation,P4_RELATED_UNCLASSIFIED,P4_yaw_calibration_factorial_20260716_ultra,20260716,fly3,C4_p4_cal_factorial,full,EVALUATED,FORMAL_MAIN,COMPLIANT_EXPERIMENT_ROOT,C:/Users/baloney/Desktop/实验目录/P4_yaw_calibration_factorial_20260716_ultra/analysis/flight_eval_tool/C4_fly3/20260716_fly3_C4_p4_cal_factorial_成功,C:/Users/baloney/Desktop/实验目录/P4_yaw_calibration_factorial_20260716_ultra/runs/C4_fly3/traj_nav.txt,,618.0,947.0,,,,,start_heading,gps_update_after_vio,,,,,,318.6,11.861,414.07,367.26,0.847,1.357,1.69,1.84,-24.67,,,3,Calibration factorial; GPS update-time start-heading diagnostic; scale preserved; no full-trajectory best fit; GPS horizontal/course/yaw evaluation-only.
P4-EVALUATION-240c0a9e6df4,evaluation,P4_RELATED_UNCLASSIFIED,P4_yaw_calibration_factorial_20260716_ultra,20260716,fly3,C5_p4_cal_factorial,full,EVALUATED,FORMAL_MAIN,COMPLIANT_EXPERIMENT_ROOT,C:/Users/baloney/Desktop/实验目录/P4_yaw_calibration_factorial_20260716_ultra/analysis/flight_eval_tool/C5_fly3/20260716_fly3_C5_p4_cal_factorial_成功,C:/Users/baloney/Desktop/实验目录/P4_yaw_calibration_factorial_20260716_ultra/runs/C5_fly3/traj_nav.txt,,618.0,947.0,,,,,start_heading,gps_update_after_vio,,,,,,318.6,11.861,828.0,1031.6,5.204,6.819,6.2,11.12,39.8,,,3,Calibration factorial; GPS update-time start-heading diagnostic; scale preserved; no full-trajectory best fit; GPS horizontal/course/yaw evaluation-only.
P4-EVALUATION-d4ff3c0978b2,evaluation,P4_RELATED_UNCLASSIFIED,P4_yaw_calibration_factorial_20260716_ultra,20260716,fly3,C6_p4_cal_factorial,full,EVALUATED,FORMAL_MAIN,COMPLIANT_EXPERIMENT_ROOT,C:/Users/baloney/Desktop/实验目录/P4_yaw_calibration_factorial_20260716_ultra/analysis/flight_eval_tool/C6_fly3/20260716_fly3_C6_p4_cal_factorial_成功,C:/Users/baloney/Desktop/实验目录/P4_yaw_calibration_factorial_20260716_ultra/runs/C6_fly3/traj_nav.txt,,618.0,947.0,,,,,start_heading,gps_update_after_vio,,,,,,318.6,11.861,419.53,378.44,0.805,1.299,1.62,1.18,-23.77,,,3,Calibration factorial; GPS update-time start-heading diagnostic; scale preserved; no full-trajectory best fit; GPS horizontal/course/yaw evaluation-only.
P4-EVALUATION-f460105672c7,evaluation,P4_RELATED_UNCLASSIFIED,P4_yaw_calibration_factorial_20260716_ultra,20260716,fly3,C7_p4_cal_factorial,full,EVALUATED,FORMAL_MAIN,COMPLIANT_EXPERIMENT_ROOT,C:/Users/baloney/Desktop/实验目录/P4_yaw_calibration_factorial_20260716_ultra/analysis/flight_eval_tool/C7_fly3/20260716_fly3_C7_p4_cal_factorial_成功,C:/Users/baloney/Desktop/实验目录/P4_yaw_calibration_factorial_20260716_ultra/runs/C7_fly3/traj_nav.txt,,618.0,947.0,,,,,start_heading,gps_update_after_vio,,,,,,318.6,11.861,849.36,1059.77,5.384,7.01,6.32,11.14,39.63,,,3,Calibration factorial; GPS update-time start-heading diagnostic; scale preserved; no full-trajectory best fit; GPS horizontal/course/yaw evaluation-only.
P4-EVALUATION-111e955f4d08,evaluation,P4_RELATED_UNCLASSIFIED,P4_yaw_calibration_factorial_20260716_ultra,20260716,fly3,C0_fly3,full,EVALUATED,DIAGNOSTIC_EVALUATION,COMPLIANT_EXPERIMENT_ROOT,C:/Users/baloney/Desktop/实验目录/P4_yaw_calibration_factorial_20260716_ultra/analysis/full_flight_absolute/C0_fly3,,,,,,,,,,,,,,,,318.400000095,11.852642306399051,78.99268854478231,91.46706713486603,0.8475910136873824,1.3220722127613411,,,-19.43910045769249,,,,
P4-EVALUATION-4793243f8f29,evaluation,P4_RELATED_UNCLASSIFIED,P4_yaw_calibration_factorial_20260716_ultra,20260716,fly3,C1_fly3,full,EVALUATED,DIAGNOSTIC_EVALUATION,COMPLIANT_EXPERIMENT_ROOT,C:/Users/baloney/Desktop/实验目录/P4_yaw_calibration_factorial_20260716_ultra/analysis/full_flight_absolute/C1_fly3,,,,,,,,,,,,,,,,318.400000095,11.852642306399051,556.3132339476433,693.1666524436763,5.356725214157367,6.8656526213271984,,,46.57067170330751,,,,
P4-EVALUATION-d68d246068fe,evaluation,P4_RELATED_UNCLASSIFIED,P4_yaw_calibration_factorial_20260716_ultra,20260716,fly3,C2_fly3,full,EVALUATED,DIAGNOSTIC_EVALUATION,COMPLIANT_EXPERIMENT_ROOT,C:/Users/baloney/Desktop/实验目录/P4_yaw_calibration_factorial_20260716_ultra/analysis/full_flight_absolute/C2_fly3,,,,,,,,,,,,,,,,318.400000095,11.852642306399051,564.0127017224316,698.2691994968777,5.446404207550931,6.951303456105419,,,47.59775324730754,,,,
P4-EVALUATION-97be508362d0,evaluation,P4_RELATED_UNCLASSIFIED,P4_yaw_calibration_factorial_20260716_ultra,20260716,fly3,C3_fly3,full,EVALUATED,DIAGNOSTIC_EVALUATION,COMPLIANT_EXPERIMENT_ROOT,C:/Users/baloney/Desktop/实验目录/P4_yaw_calibration_factorial_20260716_ultra/analysis/full_flight_absolute/C3_fly3,,,,,,,,,,,,,,,,318.400000095,11.852642306399051,79.7048459216888,96.96399713265612,0.8180022753895225,1.3182491396702216,,,-19.75895053769247,,,,
P4-EVALUATION-99ffd756188a,evaluation,P4_RELATED_UNCLASSIFIED,P4_yaw_calibration_factorial_20260716_ultra,20260716,fly3,C4_fly3,full,EVALUATED,DIAGNOSTIC_EVALUATION,COMPLIANT_EXPERIMENT_ROOT,C:/Users/baloney/Desktop/实验目录/P4_yaw_calibration_factorial_20260716_ultra/analysis/full_flight_absolute/C4_fly3,,,,,,,,,,,,,,,,318.400000095,11.852642306399051,89.87358618992204,116.14973393266862,0.8471562141082395,1.3682186132312162,,,-19.488912561692473,,,,
P4-EVALUATION-735b8cfa525d,evaluation,P4_RELATED_UNCLASSIFIED,P4_yaw_calibration_factorial_20260716_ultra,20260716,fly3,C5_fly3,full,EVALUATED,DIAGNOSTIC_EVALUATION,COMPLIANT_EXPERIMENT_ROOT,C:/Users/baloney/Desktop/实验目录/P4_yaw_calibration_factorial_20260716_ultra/analysis/full_flight_absolute/C5_fly3,,,,,,,,,,,,,,,,318.400000095,11.852642306399051,543.2897293736766,667.7528533732299,5.20683210031971,6.742535574442331,,,45.00625995630753,,,,
P4-EVALUATION-5b91bb9494bf,evaluation,P4_RELATED_UNCLASSIFIED,P4_yaw_calibration_factorial_20260716_ultra,20260716,fly3,C6_fly3,full,EVALUATED,DIAGNOSTIC_EVALUATION,COMPLIANT_EXPERIMENT_ROOT,C:/Users/baloney/Desktop/实验目录/P4_yaw_calibration_factorial_20260716_ultra/analysis/full_flight_absolute/C6_fly3,,,,,,,,,,,,,,,,318.400000095,11.852642306399051,79.52740319316979,101.49865468871737,0.8056524109588765,1.2734865275230247,,,-18.588456427692478,,,,
P4-EVALUATION-a0c6e8f86615,evaluation,P4_RELATED_UNCLASSIFIED,P4_yaw_calibration_factorial_20260716_ultra,20260716,fly3,C7_fly3,full,EVALUATED,DIAGNOSTIC_EVALUATION,COMPLIANT_EXPERIMENT_ROOT,C:/Users/baloney/Desktop/实验目录/P4_yaw_calibration_factorial_20260716_ultra/analysis/full_flight_absolute/C7_fly3,,,,,,,,,,,,,,,,318.400000095,11.852642306399051,559.2954045759328,690.8154842782428,5.387194461689677,6.867464509551751,,,44.839498919307516,,,,
P4-EVALUATION-6927bbbd351a,evaluation,P4_RELATED_UNCLASSIFIED,P4_yaw_calibration_factorial_20260716_ultra,20260716,fly3,C0_fly3,full,EVALUATED,DIAGNOSTIC_EVALUATION,COMPLIANT_EXPERIMENT_ROOT,C:/Users/baloney/Desktop/实验目录/P4_yaw_calibration_factorial_20260716_ultra/analysis/full_flight_start_heading/C0_fly3,,,,,,,,,,,,,,,,318.400000095,11.852642306399051,83.00222445668665,98.76442165201749,0.8475910136873818,1.3763770604396532,,,-19.45762418305452,,,,
P4-EVALUATION-332ef7f6b5e4,evaluation,P4_RELATED_UNCLASSIFIED,P4_yaw_calibration_factorial_20260716_ultra,20260716,fly3,C1_fly3,full,EVALUATED,DIAGNOSTIC_EVALUATION,COMPLIANT_EXPERIMENT_ROOT,C:/Users/baloney/Desktop/实验目录/P4_yaw_calibration_factorial_20260716_ultra/analysis/full_flight_start_heading/C1_fly3,,,,,,,,,,,,,,,,318.400000095,11.852642306399051,564.56645516036,703.2105378266245,5.3567252141573665,6.981144256751367,,,46.52790859394548,,,,
P4-EVALUATION-7eaf6cceb99b,evaluation,P4_RELATED_UNCLASSIFIED,P4_yaw_calibration_factorial_20260716_ultra,20260716,fly3,C2_fly3,full,EVALUATED,DIAGNOSTIC_EVALUATION,COMPLIANT_EXPERIMENT_ROOT,C:/Users/baloney/Desktop/实验目录/P4_yaw_calibration_factorial_20260716_ultra/analysis/full_flight_start_heading/C2_fly3,,,,,,,,,,,,,,,,318.400000095,11.852642306399051,572.2282851158521,708.0353115509708,5.446404207550931,7.066551568809775,,,47.5549731619455,,,,
P4-EVALUATION-acd31badff0c,evaluation,P4_RELATED_UNCLASSIFIED,P4_yaw_calibration_factorial_20260716_ultra,20260716,fly3,C3_fly3,full,EVALUATED,DIAGNOSTIC_EVALUATION,COMPLIANT_EXPERIMENT_ROOT,C:/Users/baloney/Desktop/实验目录/P4_yaw_calibration_factorial_20260716_ultra/analysis/full_flight_start_heading/C3_fly3,,,,,,,,,,,,,,,,318.400000095,11.852642306399051,83.74063239326179,104.26282473222028,0.8180022753895227,1.3740964387206267,,,-19.77741625705451,,,,
P4-EVALUATION-91c17e26697f,evaluation,P4_RELATED_UNCLASSIFIED,P4_yaw_calibration_factorial_20260716_ultra,20260716,fly3,C4_fly3,full,EVALUATED,DIAGNOSTIC_EVALUATION,COMPLIANT_EXPERIMENT_ROOT,C:/Users/baloney/Desktop/实验目录/P4_yaw_calibration_factorial_20260716_ultra/analysis/full_flight_start_heading/C4_fly3,,,,,,,,,,,,,,,,318.400000095,11.852642306399051,93.16971893005699,122.03897034474011,0.8471562141082392,1.4237742118273014,,,-19.50800591105451,,,,
P4-EVALUATION-d8159a8e6143,evaluation,P4_RELATED_UNCLASSIFIED,P4_yaw_calibration_factorial_20260716_ultra,20260716,fly3,C5_fly3,full,EVALUATED,DIAGNOSTIC_EVALUATION,COMPLIANT_EXPERIMENT_ROOT,C:/Users/baloney/Desktop/实验目录/P4_yaw_calibration_factorial_20260716_ultra/analysis/full_flight_start_heading/C5_fly3,,,,,,,,,,,,,,,,318.400000095,11.852642306399051,550.9728426136527,676.9607927740888,5.206832100319712,6.8518254320970104,,,44.9628514989455,,,,
P4-EVALUATION-39365b28e202,evaluation,P4_RELATED_UNCLASSIFIED,P4_yaw_calibration_factorial_20260716_ultra,20260716,fly3,C6_fly3,full,EVALUATED,DIAGNOSTIC_EVALUATION,COMPLIANT_EXPERIMENT_ROOT,C:/Users/baloney/Desktop/实验目录/P4_yaw_calibration_factorial_20260716_ultra/analysis/full_flight_start_heading/C6_fly3,,,,,,,,,,,,,,,,318.400000095,11.852642306399051,85.54604423994489,113.25119224972075,0.8056524109588761,1.3576270074985188,,,-18.606980153054508,,,,
P4-EVALUATION-ef8d39b9de1e,evaluation,P4_RELATED_UNCLASSIFIED,P4_yaw_calibration_factorial_20260716_ultra,20260716,fly3,C7_fly3,full,EVALUATED,DIAGNOSTIC_EVALUATION,COMPLIANT_EXPERIMENT_ROOT,C:/Users/baloney/Desktop/实验目录/P4_yaw_calibration_factorial_20260716_ultra/analysis/full_flight_start_heading/C7_fly3,,,,,,,,,,,,,,,,318.400000095,11.852642306399051,570.7992894638129,704.5600719277627,5.3871944616896785,7.028616432519206,,,44.79671883394548,,,,
P4-EVALUATION-6e131e7ba97e,evaluation,P4_RELATED_UNCLASSIFIED,P4_yaw_calibration_factorial_20260716_ultra,20260716,fly3,C0_kd_split_focus,focus,EVALUATED,FORMAL_MAIN,COMPLIANT_EXPERIMENT_ROOT,C:/Users/baloney/Desktop/实验目录/P4_yaw_calibration_factorial_20260716_ultra/intrinsics_distortion_split/attempts/newcode_f873_40ac/analysis/flight_eval_tool/C0_fly3/20260716_fly3_C0_kd_split_focus_成功,C:/Users/baloney/Desktop/实验目录/P4_yaw_calibration_factorial_20260716_ultra/intrinsics_distortion_split/attempts/newcode_f873_40ac/runs/C0_fly3/traj_nav.txt,,618.0,947.0,,,,,start_heading,gps_update_after_vio,,,,,,318.6,11.861,424.2,390.43,0.826,1.306,1.6,1.66,-22.15,,,2,K/D split; GPS update-time start-heading; FC Ve/Vn/Vu reference; scale preserved; no best-fit; GPS horizontal/course/yaw evaluation-only.
P4-EVALUATION-8a6b5f1bef7f,evaluation,P4_RELATED_UNCLASSIFIED,P4_yaw_calibration_factorial_20260716_ultra,20260716,fly3,DONLY_kd_split_focus,focus,EVALUATED,FORMAL_MAIN,COMPLIANT_EXPERIMENT_ROOT,C:/Users/baloney/Desktop/实验目录/P4_yaw_calibration_factorial_20260716_ultra/intrinsics_distortion_split/attempts/newcode_f873_40ac/analysis/flight_eval_tool/DONLY_fly3/20260716_fly3_DONLY_kd_split_focus_成功,C:/Users/baloney/Desktop/实验目录/P4_yaw_calibration_factorial_20260716_ultra/intrinsics_distortion_split/attempts/newcode_f873_40ac/runs/DONLY_fly3/traj_nav.txt,,618.0,947.0,,,,,start_heading,gps_update_after_vio,,,,,,318.6,11.861,1002.44,1207.59,6.048,8.353,8.04,14.74,98.18,,,2,K/D split; GPS update-time start-heading; FC Ve/Vn/Vu reference; scale preserved; no best-fit; GPS horizontal/course/yaw evaluation-only.
P4-EVALUATION-f837b320cbbc,evaluation,P4_RELATED_UNCLASSIFIED,P4_yaw_calibration_factorial_20260716_ultra,20260716,fly3,KD_kd_split_focus,focus,EVALUATED,FORMAL_MAIN,COMPLIANT_EXPERIMENT_ROOT,C:/Users/baloney/Desktop/实验目录/P4_yaw_calibration_factorial_20260716_ultra/intrinsics_distortion_split/attempts/newcode_f873_40ac/analysis/flight_eval_tool/KD_fly3/20260716_fly3_KD_kd_split_focus_成功,C:/Users/baloney/Desktop/实验目录/P4_yaw_calibration_factorial_20260716_ultra/intrinsics_distortion_split/attempts/newcode_f873_40ac/runs/KD_fly3/traj_nav.txt,,618.0,947.0,,,,,start_heading,gps_update_after_vio,,,,,,318.6,11.861,855.15,1070.68,5.408,7.068,6.41,11.39,40.39,,,2,K/D split; GPS update-time start-heading; FC Ve/Vn/Vu reference; scale preserved; no best-fit; GPS horizontal/course/yaw evaluation-only.
P4-EVALUATION-1261de2c94bb,evaluation,P4_RELATED_UNCLASSIFIED,P4_yaw_calibration_factorial_20260716_ultra,20260716,fly3,KONLY_kd_split_focus,focus,EVALUATED,FORMAL_MAIN,COMPLIANT_EXPERIMENT_ROOT,C:/Users/baloney/Desktop/实验目录/P4_yaw_calibration_factorial_20260716_ultra/intrinsics_distortion_split/attempts/newcode_f873_40ac/analysis/flight_eval_tool/KONLY_fly3/20260716_fly3_KONLY_kd_split_focus_成功,C:/Users/baloney/Desktop/实验目录/P4_yaw_calibration_factorial_20260716_ultra/intrinsics_distortion_split/attempts/newcode_f873_40ac/runs/KONLY_fly3/traj_nav.txt,,618.0,947.0,,,,,start_heading,gps_update_after_vio,,,,,,318.6,11.861,332.62,290.13,1.194,1.52,1.38,-1.65,-21.36,,,2,K/D split; GPS update-time start-heading; FC Ve/Vn/Vu reference; scale preserved; no best-fit; GPS horizontal/course/yaw evaluation-only.
P4-EVALUATION-8c44ead6858e,evaluation,P4_RELATED_UNCLASSIFIED,P4_yaw_calibration_factorial_20260716_ultra,20260716,fly3,C0_fly3,full,EVALUATED,DIAGNOSTIC_EVALUATION,COMPLIANT_EXPERIMENT_ROOT,C:/Users/baloney/Desktop/实验目录/P4_yaw_calibration_factorial_20260716_ultra/intrinsics_distortion_split/attempts/newcode_f873_40ac/analysis/full_flight_absolute/C0_fly3,,,,,,,,,,,,,,,,318.400000095,11.852642306399051,79.7107913393429,94.71625015065666,0.8268285617579726,1.3143516612774626,,,-16.968666734692476,,,,
P4-EVALUATION-98274251362a,evaluation,P4_RELATED_UNCLASSIFIED,P4_yaw_calibration_factorial_20260716_ultra,20260716,fly3,DONLY_fly3,full,EVALUATED,DIAGNOSTIC_EVALUATION,COMPLIANT_EXPERIMENT_ROOT,C:/Users/baloney/Desktop/实验目录/P4_yaw_calibration_factorial_20260716_ultra/intrinsics_distortion_split/attempts/newcode_f873_40ac/analysis/full_flight_absolute/DONLY_fly3,,,,,,,,,,,,,,,,318.400000095,11.852642306399051,718.3059283892798,857.9769123608626,6.051859077297571,8.32842705328639,,,103.38813560630751,,,,
P4-EVALUATION-0a88d875b959,evaluation,P4_RELATED_UNCLASSIFIED,P4_yaw_calibration_factorial_20260716_ultra,20260716,fly3,KD_fly3,full,EVALUATED,DIAGNOSTIC_EVALUATION,COMPLIANT_EXPERIMENT_ROOT,C:/Users/baloney/Desktop/实验目录/P4_yaw_calibration_factorial_20260716_ultra/intrinsics_distortion_split/attempts/newcode_f873_40ac/analysis/full_flight_absolute/KD_fly3,,,,,,,,,,,,,,,,318.400000095,11.852642306399051,568.5775800994007,705.3291896418567,5.411013634265598,6.976917395259927,,,45.59315734730751,,,,
P4-EVALUATION-65429b3fcc64,evaluation,P4_RELATED_UNCLASSIFIED,P4_yaw_calibration_factorial_20260716_ultra,20260716,fly3,KONLY_fly3,full,EVALUATED,DIAGNOSTIC_EVALUATION,COMPLIANT_EXPERIMENT_ROOT,C:/Users/baloney/Desktop/实验目录/P4_yaw_calibration_factorial_20260716_ultra/intrinsics_distortion_split/attempts/newcode_f873_40ac/analysis/full_flight_absolute/KONLY_fly3,,,,,,,,,,,,,,,,318.400000095,11.852642306399051,136.5141395612446,174.6278704043634,1.1940328087801069,1.5429398346277208,,,-16.171923723692487,,,,
P4-EVALUATION-f4939515c8d5,evaluation,P4_RELATED_UNCLASSIFIED,P4_yaw_calibration_factorial_20260716_ultra,20260716,fly3,C0_fly3,full,EVALUATED,DIAGNOSTIC_EVALUATION,COMPLIANT_EXPERIMENT_ROOT,C:/Users/baloney/Desktop/实验目录/P4_yaw_calibration_factorial_20260716_ultra/intrinsics_distortion_split/attempts/newcode_f873_40ac/analysis/full_flight_start_heading/C0_fly3,,,,,,,,,,,,,,,,318.400000095,11.852642306399051,83.6865814059887,101.94485491370875,0.8268285617579724,1.369535601667868,,,-16.987190460054507,,,,
P4-EVALUATION-d53c63aa4130,evaluation,P4_RELATED_UNCLASSIFIED,P4_yaw_calibration_factorial_20260716_ultra,20260716,fly3,DONLY_fly3,full,EVALUATED,DIAGNOSTIC_EVALUATION,COMPLIANT_EXPERIMENT_ROOT,C:/Users/baloney/Desktop/实验目录/P4_yaw_calibration_factorial_20260716_ultra/intrinsics_distortion_split/attempts/newcode_f873_40ac/analysis/full_flight_start_heading/DONLY_fly3,,,,,,,,,,,,,,,,318.400000095,11.852642306399051,722.8652513539017,863.3316334117734,6.051859077297572,8.39763620002555,,,103.3448978909455,,,,
P4-EVALUATION-a8e81d9b147a,evaluation,P4_RELATED_UNCLASSIFIED,P4_yaw_calibration_factorial_20260716_ultra,20260716,fly3,KD_fly3,full,EVALUATED,DIAGNOSTIC_EVALUATION,COMPLIANT_EXPERIMENT_ROOT,C:/Users/baloney/Desktop/实验目录/P4_yaw_calibration_factorial_20260716_ultra/intrinsics_distortion_split/attempts/newcode_f873_40ac/analysis/full_flight_start_heading/KD_fly3,,,,,,,,,,,,,,,,318.400000095,11.852642306399051,576.8648007930573,715.1029175156481,5.411013634265601,7.094177356316055,,,45.55037726194547,,,,
P4-EVALUATION-510787982367,evaluation,P4_RELATED_UNCLASSIFIED,P4_yaw_calibration_factorial_20260716_ultra,20260716,fly3,KONLY_fly3,full,EVALUATED,DIAGNOSTIC_EVALUATION,COMPLIANT_EXPERIMENT_ROOT,C:/Users/baloney/Desktop/实验目录/P4_yaw_calibration_factorial_20260716_ultra/intrinsics_distortion_split/attempts/newcode_f873_40ac/analysis/full_flight_start_heading/KONLY_fly3,,,,,,,,,,,,,,,,318.400000095,11.852642306399051,130.79245823101314,169.92496755099748,1.1940328087801069,1.4822428422782765,,,-16.190085438054524,,,,
P4-EVALUATION-4be3f520ce18,evaluation,P4_RELATED_UNCLASSIFIED,P4_yaw_calibration_factorial_20260716_ultra,20260716,fly3,C0_kd_split_full,full,EVALUATED,FORMAL_MAIN,COMPLIANT_EXPERIMENT_ROOT,C:/Users/baloney/Desktop/实验目录/P4_yaw_calibration_factorial_20260716_ultra/intrinsics_distortion_split/attempts/newcode_f873_40ac_full/analysis/flight_eval_tool/C0_fly3/20260716_fly3_C0_kd_split_full_成功,C:/Users/baloney/Desktop/实验目录/P4_yaw_calibration_factorial_20260716_ultra/intrinsics_distortion_split/attempts/newcode_f873_40ac_full/runs/C0_fly3/traj_nav.txt,,618.0,1837.0,,,,,start_heading,gps_update_after_vio,,,,,,1208.6,41.621,1083.61,5829.5,19.326,19.706,27.48,-103.67,9692.12,,,2,K/D split; GPS update-time start-heading; FC Ve/Vn/Vu reference; scale preserved; no best-fit; GPS horizontal/course/yaw evaluation-only.
P4-EVALUATION-fb5cbbd3f91f,evaluation,P4_RELATED_UNCLASSIFIED,P4_yaw_calibration_factorial_20260716_ultra,20260716,fly3,DONLY_kd_split_full,full,EVALUATED,FORMAL_MAIN,COMPLIANT_EXPERIMENT_ROOT,C:/Users/baloney/Desktop/实验目录/P4_yaw_calibration_factorial_20260716_ultra/intrinsics_distortion_split/attempts/newcode_f873_40ac_full/analysis/flight_eval_tool/DONLY_fly3/20260716_fly3_DONLY_kd_split_full_成功,C:/Users/baloney/Desktop/实验目录/P4_yaw_calibration_factorial_20260716_ultra/intrinsics_distortion_split/attempts/newcode_f873_40ac_full/runs/DONLY_fly3/traj_nav.txt,,618.0,1837.0,,,,,start_heading,gps_update_after_vio,,,,,,1208.6,41.621,3890.22,23934.33,72.359,75.441,42.64,-52.07,7802.89,,,2,K/D split; GPS update-time start-heading; FC Ve/Vn/Vu reference; scale preserved; no best-fit; GPS horizontal/course/yaw evaluation-only.
P4-EVALUATION-aef67425b136,evaluation,P4_RELATED_UNCLASSIFIED,P4_yaw_calibration_factorial_20260716_ultra,20260716,fly3,KONLY_kd_split_full,full,EVALUATED,FORMAL_MAIN,COMPLIANT_EXPERIMENT_ROOT,C:/Users/baloney/Desktop/实验目录/P4_yaw_calibration_factorial_20260716_ultra/intrinsics_distortion_split/attempts/newcode_f873_40ac_full/analysis/flight_eval_tool/KONLY_fly3/20260716_fly3_KONLY_kd_split_full_成功,C:/Users/baloney/Desktop/实验目录/P4_yaw_calibration_factorial_20260716_ultra/intrinsics_distortion_split/attempts/newcode_f873_40ac_full/runs/KONLY_fly3/traj_nav.txt,,618.0,1837.0,,,,,start_heading,gps_update_after_vio,,,,,,1208.6,41.621,1150.64,7892.95,24.172,24.325,27.26,-124.81,9277.62,,,2,K/D split; GPS update-time start-heading; FC Ve/Vn/Vu reference; scale preserved; no best-fit; GPS horizontal/course/yaw evaluation-only.
P4-EVALUATION-59dbc96ecf48,evaluation,P4_RELATED_UNCLASSIFIED,P4_yaw_calibration_factorial_20260716_ultra,20260716,fly3,C0_fly3,full,EVALUATED,DIAGNOSTIC_EVALUATION,COMPLIANT_EXPERIMENT_ROOT,C:/Users/baloney/Desktop/实验目录/P4_yaw_calibration_factorial_20260716_ultra/intrinsics_distortion_split/attempts/newcode_f873_40ac_full/analysis/full_flight_absolute/C0_fly3,,,,,,,,,,,,,,,,1094.799999952,41.09580840341071,221.52780761277623,681.7854811336758,2.8883821744511367,4.048436145307715,,,338.49158158993237,,,,
P4-EVALUATION-4b8c05dc7a87,evaluation,P4_RELATED_UNCLASSIFIED,P4_yaw_calibration_factorial_20260716_ultra,20260716,fly3,DONLY_fly3,full,EVALUATED,DIAGNOSTIC_EVALUATION,COMPLIANT_EXPERIMENT_ROOT,C:/Users/baloney/Desktop/实验目录/P4_yaw_calibration_factorial_20260716_ultra/intrinsics_distortion_split/attempts/newcode_f873_40ac_full/analysis/full_flight_absolute/DONLY_fly3,,,,,,,,,,,,,,,,1094.799999952,41.09580840341071,1840.0296434489064,538.3391005051202,7.860876849770422,21.91749392426446,,,554.1022104829324,,,,
P4-EVALUATION-874a632be382,evaluation,P4_RELATED_UNCLASSIFIED,P4_yaw_calibration_factorial_20260716_ultra,20260716,fly3,KONLY_fly3,full,EVALUATED,DIAGNOSTIC_EVALUATION,COMPLIANT_EXPERIMENT_ROOT,C:/Users/baloney/Desktop/实验目录/P4_yaw_calibration_factorial_20260716_ultra/intrinsics_distortion_split/attempts/newcode_f873_40ac_full/analysis/full_flight_absolute/KONLY_fly3,,,,,,,,,,,,,,,,1094.799999952,41.09580840341071,172.99515873718843,445.1915345276084,1.9735538545412545,2.2907660070973446,,,303.0087883449323,,,,
P4-EVALUATION-f7473081c047,evaluation,P4_RELATED_UNCLASSIFIED,P4_yaw_calibration_factorial_20260716_ultra,20260716,fly3,C0_fly3,full,EVALUATED,DIAGNOSTIC_EVALUATION,COMPLIANT_EXPERIMENT_ROOT,C:/Users/baloney/Desktop/实验目录/P4_yaw_calibration_factorial_20260716_ultra/intrinsics_distortion_split/attempts/newcode_f873_40ac_full/analysis/full_flight_start_heading/C0_fly3,,,,,,,,,,,,,,,,1094.799999952,41.09580840341071,226.88683252322858,677.6796315429124,2.8883821744511367,4.125097821490934,,,338.47305786457036,,,,
P4-EVALUATION-9b555d1467f0,evaluation,P4_RELATED_UNCLASSIFIED,P4_yaw_calibration_factorial_20260716_ultra,20260716,fly3,DONLY_fly3,full,EVALUATED,DIAGNOSTIC_EVALUATION,COMPLIANT_EXPERIMENT_ROOT,C:/Users/baloney/Desktop/实验目录/P4_yaw_calibration_factorial_20260716_ultra/intrinsics_distortion_split/attempts/newcode_f873_40ac_full/analysis/full_flight_start_heading/DONLY_fly3,,,,,,,,,,,,,,,,1094.799999952,41.09580840341071,1847.3744068420572,536.2318528903593,7.860876849770423,22.0174536778588,,,554.0589727675704,,,,
P4-EVALUATION-f00d94418e4d,evaluation,P4_RELATED_UNCLASSIFIED,P4_yaw_calibration_factorial_20260716_ultra,20260716,fly3,KONLY_fly3,full,EVALUATED,DIAGNOSTIC_EVALUATION,COMPLIANT_EXPERIMENT_ROOT,C:/Users/baloney/Desktop/实验目录/P4_yaw_calibration_factorial_20260716_ultra/intrinsics_distortion_split/attempts/newcode_f873_40ac_full/analysis/full_flight_start_heading/KONLY_fly3,,,,,,,,,,,,,,,,1094.799999952,41.09580840341071,165.36371133223938,438.89054406934105,1.9735538545412534,2.2207925877142527,,,302.9906266305703,,,,
P4-RAW_RUN-651043f3b9cc,raw_run,P4_WITH_P5,P4_yaw_calibration_factorial_20260716_ultra,20260716,fly3,C0_fly3,full,SUCCESS_WITH_TRAJECTORY,RUNTIME_ONLY,COMPLIANT_EXPERIMENT_ROOT,C:/Users/baloney/Desktop/实验目录/P4_yaw_calibration_factorial_20260716_ultra/intrinsics_distortion_split/attempts/newcode_f873_40ac/runs/C0_fly3,C:/Users/baloney/Desktop/实验目录/P4_yaw_calibration_factorial_20260716_ultra/intrinsics_distortion_split/attempts/newcode_f873_40ac/runs/C0_fly3/traj_nav.txt,,618.0,947.0,online_multisensor_alignment,baseline,guarded,12,,,0,9557,,8,,,,,,,,,,,c38794ebf204255c29082a996e4ac63df867b4e9294a83d3b8b01ff3d0e9dd5b,1,2,
P4-RAW_RUN-ebfa90a5316d,raw_run,P4_WITH_P5,P4_yaw_calibration_factorial_20260716_ultra,20260716,fly3,DONLY_fly3,full,SUCCESS_WITH_TRAJECTORY,RUNTIME_ONLY,COMPLIANT_EXPERIMENT_ROOT,C:/Users/baloney/Desktop/实验目录/P4_yaw_calibration_factorial_20260716_ultra/intrinsics_distortion_split/attempts/newcode_f873_40ac/runs/DONLY_fly3,C:/Users/baloney/Desktop/实验目录/P4_yaw_calibration_factorial_20260716_ultra/intrinsics_distortion_split/attempts/newcode_f873_40ac/runs/DONLY_fly3/traj_nav.txt,,618.0,947.0,online_multisensor_alignment,baseline,guarded,12,,,0,9557,,8,,,,,,,,,,,1145403a741747226f2563f194fde02bfc40d77545cc1c10057126004e09a2ae,1,2,
P4-RAW_RUN-9a8d7f2ff118,raw_run,P4_WITH_P5,P4_yaw_calibration_factorial_20260716_ultra,20260716,fly3,KD_fly3,full,SUCCESS_WITH_TRAJECTORY,RUNTIME_ONLY,COMPLIANT_EXPERIMENT_ROOT,C:/Users/baloney/Desktop/实验目录/P4_yaw_calibration_factorial_20260716_ultra/intrinsics_distortion_split/attempts/newcode_f873_40ac/runs/KD_fly3,C:/Users/baloney/Desktop/实验目录/P4_yaw_calibration_factorial_20260716_ultra/intrinsics_distortion_split/attempts/newcode_f873_40ac/runs/KD_fly3/traj_nav.txt,,618.0,947.0,online_multisensor_alignment,baseline,guarded,12,,,0,9557,,8,,,,,,,,,,,6026fb66980e9488cd28a1650fd75fa33c974631ea3cbf86542d691490fb8d43,1,2,
P4-RAW_RUN-670e0dd0db10,raw_run,P4_WITH_P5,P4_yaw_calibration_factorial_20260716_ultra,20260716,fly3,KONLY_fly3,full,SUCCESS_WITH_TRAJECTORY,RUNTIME_ONLY,COMPLIANT_EXPERIMENT_ROOT,C:/Users/baloney/Desktop/实验目录/P4_yaw_calibration_factorial_20260716_ultra/intrinsics_distortion_split/attempts/newcode_f873_40ac/runs/KONLY_fly3,C:/Users/baloney/Desktop/实验目录/P4_yaw_calibration_factorial_20260716_ultra/intrinsics_distortion_split/attempts/newcode_f873_40ac/runs/KONLY_fly3/traj_nav.txt,,618.0,947.0,online_multisensor_alignment,baseline,guarded,12,,,0,9557,,8,,,,,,,,,,,75f45e5c9a5fd565f23a838c7fcccbfcf0cc327ce232ddbd4e18818fe2e65cb2,1,2,
P4-RAW_RUN-8fdfe2349123,raw_run,P4_WITH_P5,P4_yaw_calibration_factorial_20260716_ultra,20260716,fly3,C0_fly3,full,SUCCESS_WITH_TRAJECTORY,RUNTIME_ONLY,COMPLIANT_EXPERIMENT_ROOT,C:/Users/baloney/Desktop/实验目录/P4_yaw_calibration_factorial_20260716_ultra/intrinsics_distortion_split/attempts/newcode_f873_40ac_full/runs/C0_fly3,C:/Users/baloney/Desktop/实验目录/P4_yaw_calibration_factorial_20260716_ultra/intrinsics_distortion_split/attempts/newcode_f873_40ac_full/runs/C0_fly3/traj_nav.txt,,618.0,1837.0,online_multisensor_alignment,baseline,guarded,12,,,0,36244,,8,,,,,,,,,,,9f7ce34252dd891597124f16af624030752b6d5b0280b41830d7547202f4f655,1,2,
P4-RAW_RUN-4b800b978505,raw_run,P4_WITH_P5,P4_yaw_calibration_factorial_20260716_ultra,20260716,fly3,DONLY_fly3,full,SUCCESS_WITH_TRAJECTORY,RUNTIME_ONLY,COMPLIANT_EXPERIMENT_ROOT,C:/Users/baloney/Desktop/实验目录/P4_yaw_calibration_factorial_20260716_ultra/intrinsics_distortion_split/attempts/newcode_f873_40ac_full/runs/DONLY_fly3,C:/Users/baloney/Desktop/实验目录/P4_yaw_calibration_factorial_20260716_ultra/intrinsics_distortion_split/attempts/newcode_f873_40ac_full/runs/DONLY_fly3/traj_nav.txt,,618.0,1837.0,online_multisensor_alignment,baseline,guarded,12,,,0,36244,,8,,,,,,,,,,,ed01ef1b8470f295611c763afbf660fdc4082607109fd156b3fe391d553a0b92,1,2,
P4-RAW_RUN-5e56a5a53bcc,raw_run,P4_WITH_P5,P4_yaw_calibration_factorial_20260716_ultra,20260716,fly3,KONLY_fly3,full,SUCCESS_WITH_TRAJECTORY,RUNTIME_ONLY,COMPLIANT_EXPERIMENT_ROOT,C:/Users/baloney/Desktop/实验目录/P4_yaw_calibration_factorial_20260716_ultra/intrinsics_distortion_split/attempts/newcode_f873_40ac_full/runs/KONLY_fly3,C:/Users/baloney/Desktop/实验目录/P4_yaw_calibration_factorial_20260716_ultra/intrinsics_distortion_split/attempts/newcode_f873_40ac_full/runs/KONLY_fly3/traj_nav.txt,,618.0,1837.0,online_multisensor_alignment,baseline,guarded,12,,,0,36244,,8,,,,,,,,,,,89aed7629e6718125b6b95ae4f1f7c932f8af009794560367ae47f5b1a5e0480,1,2,
P4-RAW_RUN-79319369d654,raw_run,P4_WITH_P5,P4_yaw_calibration_factorial_20260716_ultra,20260716,fly3,C0_fly3,full,FAILED,RUNTIME_ONLY,COMPLIANT_EXPERIMENT_ROOT,C:/Users/baloney/Desktop/实验目录/P4_yaw_calibration_factorial_20260716_ultra/intrinsics_distortion_split/attempts/retry1/runs/C0_fly3,,,618.0,947.0,online_multisensor_alignment,baseline,guarded,12,,,134,0,,,,,,,,,,,,,45cdc4c9db26b2aea86ace190a60444fe06ce478aa08ddf8bcc27456aab99e71,1,,
P4-RAW_RUN-165155d46c32,raw_run,P4_WITH_P5,P4_yaw_calibration_factorial_20260716_ultra,20260716,fly3,DONLY_fly3,full,FAILED,RUNTIME_ONLY,COMPLIANT_EXPERIMENT_ROOT,C:/Users/baloney/Desktop/实验目录/P4_yaw_calibration_factorial_20260716_ultra/intrinsics_distortion_split/attempts/retry1/runs/DONLY_fly3,C:/Users/baloney/Desktop/实验目录/P4_yaw_calibration_factorial_20260716_ultra/intrinsics_distortion_split/attempts/retry1/runs/DONLY_fly3/traj_nav.txt,,618.0,947.0,online_multisensor_alignment,baseline,guarded,12,,,139,0,,,,,,,,,,,,,82931158868cd99260368624071cb69e3e0bddb090abaa9c1f681273f1e73ea3,1,1,
P4-RAW_RUN-9d9532023998,raw_run,P4_WITH_P5,P4_yaw_calibration_factorial_20260716_ultra,20260716,fly3,KD_fly3,full,FAILED,RUNTIME_ONLY,COMPLIANT_EXPERIMENT_ROOT,C:/Users/baloney/Desktop/实验目录/P4_yaw_calibration_factorial_20260716_ultra/intrinsics_distortion_split/attempts/retry1/runs/KD_fly3,,,618.0,947.0,online_multisensor_alignment,baseline,guarded,12,,,134,0,,,,,,,,,,,,,da498372a70cb54599c23eb41f8f078a7b3fa8203c238fc063acc43969f41efe,1,,
P4-RAW_RUN-98debcce63e3,raw_run,P4_WITH_P5,P4_yaw_calibration_factorial_20260716_ultra,20260716,fly3,KONLY_fly3,full,FAILED,RUNTIME_ONLY,COMPLIANT_EXPERIMENT_ROOT,C:/Users/baloney/Desktop/实验目录/P4_yaw_calibration_factorial_20260716_ultra/intrinsics_distortion_split/attempts/retry1/runs/KONLY_fly3,C:/Users/baloney/Desktop/实验目录/P4_yaw_calibration_factorial_20260716_ultra/intrinsics_distortion_split/attempts/retry1/runs/KONLY_fly3/traj_nav.txt,,618.0,947.0,online_multisensor_alignment,baseline,guarded,12,,,139,0,,,,,,,,,,,,,a39a21de5bbf8c1eab035f2f03046edc46f2d66f4c96b37b65bb1709ea23e2eb,1,1,
P4-RAW_RUN-669e435bb857,raw_run,P4_WITH_P5,P4_yaw_calibration_factorial_20260716_ultra,20260716,fly3,C0_fly3,full,FAILED,RUNTIME_ONLY,COMPLIANT_EXPERIMENT_ROOT,C:/Users/baloney/Desktop/实验目录/P4_yaw_calibration_factorial_20260716_ultra/intrinsics_distortion_split/attempts/retry2/runs/C0_fly3,,,618.0,947.0,online_multisensor_alignment,baseline,guarded,12,,,134,0,,,,,,,,,,,,,1dbd229ca880591a9e7f7c323e3058006b734c25b7513b25acb949d72e3fc8a8,1,,
P4-RAW_RUN-09d275b4ae1d,raw_run,P4_WITH_P5,P4_yaw_calibration_factorial_20260716_ultra,20260716,fly3,C0_fly3,full,FAILED,RUNTIME_ONLY,COMPLIANT_EXPERIMENT_ROOT,C:/Users/baloney/Desktop/实验目录/P4_yaw_calibration_factorial_20260716_ultra/intrinsics_distortion_split/runs/C0_fly3,,,618.0,947.0,online_multisensor_alignment,baseline,guarded,12,,,1,0,,,,,,,,,,,,,68a5f8dd4d600ff6245b421413e0ddb8c4b4dc8f65481b254dd6516722feaa02,1,,
P4-RAW_RUN-f6fc182c28f0,raw_run,P4_WITH_P5,P4_yaw_calibration_factorial_20260716_ultra,20260716,fly3,DONLY_fly3,full,FAILED,RUNTIME_ONLY,COMPLIANT_EXPERIMENT_ROOT,C:/Users/baloney/Desktop/实验目录/P4_yaw_calibration_factorial_20260716_ultra/intrinsics_distortion_split/runs/DONLY_fly3,,,618.0,947.0,online_multisensor_alignment,baseline,guarded,12,,,1,0,,,,,,,,,,,,,ade30d743facf9c199662ca5c8377e459e4355cf25ea7208be99f4acab49ef05,1,,
P4-RAW_RUN-7b27481f8f54,raw_run,P4_WITH_P5,P4_yaw_calibration_factorial_20260716_ultra,20260716,fly3,KD_fly3,full,FAILED,RUNTIME_ONLY,COMPLIANT_EXPERIMENT_ROOT,C:/Users/baloney/Desktop/实验目录/P4_yaw_calibration_factorial_20260716_ultra/intrinsics_distortion_split/runs/KD_fly3,,,618.0,947.0,online_multisensor_alignment,baseline,guarded,12,,,1,0,,,,,,,,,,,,,98fcd3bbe353d1439e7a601ebae87f5c40fc303d82946cce3514f067e59b43fe,1,,
P4-RAW_RUN-e62a40928b97,raw_run,P4_WITH_P5,P4_yaw_calibration_factorial_20260716_ultra,20260716,fly3,KONLY_fly3,full,FAILED,RUNTIME_ONLY,COMPLIANT_EXPERIMENT_ROOT,C:/Users/baloney/Desktop/实验目录/P4_yaw_calibration_factorial_20260716_ultra/intrinsics_distortion_split/runs/KONLY_fly3,,,618.0,947.0,online_multisensor_alignment,baseline,guarded,12,,,1,0,,,,,,,,,,,,,90ac1f92facb35b938f30d0ec5f5364577034fd84f69e61f974f3a9fb2849b02,1,,
P4-RAW_RUN-0e6ed9d0d675,raw_run,P4_WITH_P5,P4_yaw_calibration_factorial_20260716_ultra,20260716,fly3,C0_fly3,full,SUCCESS_WITH_TRAJECTORY,RUNTIME_ONLY,COMPLIANT_EXPERIMENT_ROOT,C:/Users/baloney/Desktop/实验目录/P4_yaw_calibration_factorial_20260716_ultra/runs/C0_fly3,C:/Users/baloney/Desktop/实验目录/P4_yaw_calibration_factorial_20260716_ultra/runs/C0_fly3/traj_nav.txt,,618.0,947.0,online_multisensor_alignment,baseline,guarded,12,,,0,9557,,8,,,,,,,,,,,c4c06017b2a3d95ba1c6c544307139046e4fc1b59a720f1a0a467dd85c3a5efe,1,3,
P4-RAW_RUN-dae2626ef478,raw_run,P4_WITH_P5,P4_yaw_calibration_factorial_20260716_ultra,20260716,fly3,C1_fly3,full,SUCCESS_WITH_TRAJECTORY,RUNTIME_ONLY,COMPLIANT_EXPERIMENT_ROOT,C:/Users/baloney/Desktop/实验目录/P4_yaw_calibration_factorial_20260716_ultra/runs/C1_fly3,C:/Users/baloney/Desktop/实验目录/P4_yaw_calibration_factorial_20260716_ultra/runs/C1_fly3/traj_nav.txt,,618.0,947.0,online_multisensor_alignment,baseline,guarded,12,,,0,9557,,8,,,,,,,,,,,02532465f6f48d704a40e10fa51bea3db94201f4cb4be7ecb3eb9bedf15d9423,1,3,
P4-RAW_RUN-410b4e6df7ba,raw_run,P4_WITH_P5,P4_yaw_calibration_factorial_20260716_ultra,20260716,fly3,C2_fly3,full,SUCCESS_WITH_TRAJECTORY,RUNTIME_ONLY,COMPLIANT_EXPERIMENT_ROOT,C:/Users/baloney/Desktop/实验目录/P4_yaw_calibration_factorial_20260716_ultra/runs/C2_fly3,C:/Users/baloney/Desktop/实验目录/P4_yaw_calibration_factorial_20260716_ultra/runs/C2_fly3/traj_nav.txt,,618.0,947.0,online_multisensor_alignment,baseline,guarded,12,,,0,9557,,8,,,,,,,,,,,046404580831a08903cf1fbaeefe5ce691bf203b369b4ecb72453a0d32630b96,1,3,
P4-RAW_RUN-6f78619ff193,raw_run,P4_WITH_P5,P4_yaw_calibration_factorial_20260716_ultra,20260716,fly3,C3_fly3,full,SUCCESS_WITH_TRAJECTORY,RUNTIME_ONLY,COMPLIANT_EXPERIMENT_ROOT,C:/Users/baloney/Desktop/实验目录/P4_yaw_calibration_factorial_20260716_ultra/runs/C3_fly3,C:/Users/baloney/Desktop/实验目录/P4_yaw_calibration_factorial_20260716_ultra/runs/C3_fly3/traj_nav.txt,,618.0,947.0,online_multisensor_alignment,baseline,guarded,12,,,0,9557,,8,,,,,,,,,,,97d480e745a0a9836bd2ba1a6ae4b20dee428105bbb70d706417a5b5e3057d8e,1,3,
P4-RAW_RUN-af6585410b39,raw_run,P4_WITH_P5,P4_yaw_calibration_factorial_20260716_ultra,20260716,fly3,C4_fly3,full,SUCCESS_WITH_TRAJECTORY,RUNTIME_ONLY,COMPLIANT_EXPERIMENT_ROOT,C:/Users/baloney/Desktop/实验目录/P4_yaw_calibration_factorial_20260716_ultra/runs/C4_fly3,C:/Users/baloney/Desktop/实验目录/P4_yaw_calibration_factorial_20260716_ultra/runs/C4_fly3/traj_nav.txt,,618.0,947.0,online_multisensor_alignment,baseline,guarded,12,,,0,9557,,8,,,,,,,,,,,e42e68547cd3b8180bb22d7158dc0c3c4a064971d0c78db79080c41a21be5f22,1,3,
P4-RAW_RUN-4efe6304f202,raw_run,P4_WITH_P5,P4_yaw_calibration_factorial_20260716_ultra,20260716,fly3,C5_fly3,full,SUCCESS_WITH_TRAJECTORY,RUNTIME_ONLY,COMPLIANT_EXPERIMENT_ROOT,C:/Users/baloney/Desktop/实验目录/P4_yaw_calibration_factorial_20260716_ultra/runs/C5_fly3,C:/Users/baloney/Desktop/实验目录/P4_yaw_calibration_factorial_20260716_ultra/runs/C5_fly3/traj_nav.txt,,618.0,947.0,online_multisensor_alignment,baseline,guarded,12,,,0,9557,,8,,,,,,,,,,,df2a92bc437fa90e5b66b7467c24612a8664e47fbfde09b2f53e08527817e36c,1,3,
P4-RAW_RUN-46291ff66b0c,raw_run,P4_WITH_P5,P4_yaw_calibration_factorial_20260716_ultra,20260716,fly3,C6_fly3,full,SUCCESS_WITH_TRAJECTORY,RUNTIME_ONLY,COMPLIANT_EXPERIMENT_ROOT,C:/Users/baloney/Desktop/实验目录/P4_yaw_calibration_factorial_20260716_ultra/runs/C6_fly3,C:/Users/baloney/Desktop/实验目录/P4_yaw_calibration_factorial_20260716_ultra/runs/C6_fly3/traj_nav.txt,,618.0,947.0,online_multisensor_alignment,baseline,guarded,12,,,0,9557,,8,,,,,,,,,,,0084fb76320d6fb31ec67079b112d7f9c724a41bcfc01fa78fed1ec56360fa21,1,3,
P4-RAW_RUN-17c6796debdb,raw_run,P4_WITH_P5,P4_yaw_calibration_factorial_20260716_ultra,20260716,fly3,C7_fly3,full,SUCCESS_WITH_TRAJECTORY,RUNTIME_ONLY,COMPLIANT_EXPERIMENT_ROOT,C:/Users/baloney/Desktop/实验目录/P4_yaw_calibration_factorial_20260716_ultra/runs/C7_fly3,C:/Users/baloney/Desktop/实验目录/P4_yaw_calibration_factorial_20260716_ultra/runs/C7_fly3/traj_nav.txt,,618.0,947.0,online_multisensor_alignment,baseline,guarded,12,,,0,9557,,8,,,,,,,,,,,47e71de23bf26a2d01fdeb56bfcc62bb2b943a30092f0c9b58bbd9fefb48fcf5,1,3,
P4-EVALUATION-edb590763c1c,evaluation,P4_RELATED_UNCLASSIFIED,P4_yaw_drift_causal_ablation_20260715,20260716,fly1,dynamic_turn_roi_stride12,screen,EVALUATED,FORMAL_MAIN,COMPLIANT_EXPERIMENT_ROOT,C:/Users/baloney/Desktop/实验目录/P4_yaw_drift_causal_ablation_20260715/20260716_152714_screen_visual_roi_dynamic_turn_both/evaluation/fly1_dynamic_turn_roi/20260716_fly1_dynamic_turn_roi_stride12_成功,C:/Users/baloney/Desktop/实验目录/P4_yaw_drift_causal_ablation_20260715/20260716_152714_screen_visual_roi_dynamic_turn_both/fly1_visual_roi_dynamic_turn/traj_nav.txt,,930.0,1151.0,,,,,start_heading,gps_update_after_vio,,,,,,210.4,7.766,112.97,156.55,0.471,1.824,2.78,3.88,0.99,,,2,Causal dynamic ROI; negative global-up projected board-IMU rate identifies fly1 left turn; right image preferred; GPS horizontal/course are evaluation-only.
P4-EVALUATION-11a8dc40bd9c,evaluation,P4_RELATED_UNCLASSIFIED,P4_yaw_drift_causal_ablation_20260715,20260716,fly1,control_stride12,screen,EVALUATED,FORMAL_MAIN,COMPLIANT_EXPERIMENT_ROOT,C:/Users/baloney/Desktop/实验目录/P4_yaw_drift_causal_ablation_20260715/20260716_153115_screen_control_both/evaluation/fly1_control/20260716_fly1_control_stride12_成功,C:/Users/baloney/Desktop/实验目录/P4_yaw_drift_causal_ablation_20260715/20260716_153115_screen_control_both/fly1_control/traj_nav.txt,,930.0,1151.0,,,,,start_heading,gps_update_after_vio,,,,,,210.4,7.766,67.86,100.65,0.562,1.436,2.09,2.32,1.12,,,2,Fresh same-binary control for dynamic-turn ROI causal ablation; GPS horizontal/course are evaluation-only.
P4-EVALUATION-4ba761f3cf7f,evaluation,P4_RELATED_UNCLASSIFIED,P4_yaw_drift_causal_ablation_20260715,20260716,fly3,dynamic_turn_roi_stride12,screen,EVALUATED,FORMAL_MAIN,COMPLIANT_EXPERIMENT_ROOT,C:/Users/baloney/Desktop/实验目录/P4_yaw_drift_causal_ablation_20260715/20260716_152714_screen_visual_roi_dynamic_turn_both/evaluation/fly3_dynamic_turn_roi/20260716_fly3_dynamic_turn_roi_stride12_成功,C:/Users/baloney/Desktop/实验目录/P4_yaw_drift_causal_ablation_20260715/20260716_152714_screen_visual_roi_dynamic_turn_both/fly3_visual_roi_dynamic_turn/traj_nav.txt,,618.0,947.0,,,,,start_heading,gps_update_after_vio,,,,,,318.4,11.853,81.54,103.18,0.824,1.323,1.65,1.61,-2.79,,,2,Causal dynamic ROI; positive global-up projected board-IMU rate identifies fly3 right turn; left image preferred; GPS horizontal/course are evaluation-only.
P4-EVALUATION-8bdfbc542ef1,evaluation,P4_RELATED_UNCLASSIFIED,P4_yaw_drift_causal_ablation_20260715,20260716,fly3,control_stride12,screen,EVALUATED,FORMAL_MAIN,COMPLIANT_EXPERIMENT_ROOT,C:/Users/baloney/Desktop/实验目录/P4_yaw_drift_causal_ablation_20260715/20260716_153115_screen_control_both/evaluation/fly3_control/20260716_fly3_control_stride12_成功,C:/Users/baloney/Desktop/实验目录/P4_yaw_drift_causal_ablation_20260715/20260716_153115_screen_control_both/fly3_control/traj_nav.txt,,618.0,947.0,,,,,start_heading,gps_update_after_vio,,,,,,318.4,11.853,77.94,91.39,0.823,1.282,1.55,1.27,-18.91,,,2,Fresh same-binary control for dynamic-turn ROI causal ablation; GPS horizontal/course are evaluation-only.
P4-EVALUATION-10facd220ba3,evaluation,P4_RELATED_UNCLASSIFIED,P4_yaw_drift_causal_ablation_20260715,20260716,fly3,fc_yaw_aid,,EVALUATED,FORMAL_MAIN,COMPLIANT_EXPERIMENT_ROOT,C:/Users/baloney/Desktop/实验目录/P4_yaw_drift_causal_ablation_20260715/evaluation_fc_yaw_aid/P4_yaw_drift_causal_ablation_20260715/20260716_fly3_fc_yaw_aid_成功,C:/Users/baloney/Desktop/实验目录/P4_yaw_drift_causal_ablation_20260715/20260716_014728_focus_fc_yaw_aid_both/fly3_fc_yaw_aid/traj_nav.txt,,618.0,1150.0,,,,,start_heading,gps_update_after_vio,,,,,,521.6,20.064,388.86,343.9,0.924,1.471,1.72,0.74,-5.11,,,2,P4-identical causal FC-attitude yaw-only aiding diagnostic; no GPS course or XY estimator input.
P4-EVALUATION-3d97d952c6f5,evaluation,P4_RELATED_UNCLASSIFIED,P4_yaw_drift_causal_ablation_20260715,20260716,fly3,centered_yaw_oc,focus,EVALUATED,FORMAL_MAIN,COMPLIANT_EXPERIMENT_ROOT,C:/Users/baloney/Desktop/实验目录/P4_yaw_drift_causal_ablation_20260715/evaluation_focus/centered_yaw_oc/absolute_navigation_no_post_alignment/P4_yaw_drift_causal_ablation_20260715/20260716_fly3_centered_yaw_oc_成功,C:/Users/baloney/Desktop/实验目录/P4_yaw_drift_causal_ablation_20260715/20260716_085044_focus_centered_yaw_oc_both/fly3_centered_yaw_oc/traj_nav.txt,,618.0,1150.0,,,,,start_heading,gps_update_after_vio,,,,,,521.6,20.064,545.52,802.2,0.926,2.219,2.98,5.16,-5.15,,,2,Pure-VIO centered global-yaw gauge projection; no GPS/FC yaw input.
P4-BATCH-676be4050b45,batch,P4_WITH_P5,P4_yaw_gauge_full_20260716_ultra,20260716,,20260716_201437_full_disabled_p4_only_global_baseline_both,full,FAILED,ORCHESTRATION_ONLY,COMPLIANT_EXPERIMENT_ROOT,C:/Users/baloney/Desktop/实验目录/P4_yaw_gauge_full_20260716_ultra/P4_P5_redesign_20260713/runs/20260716_201437_full_disabled_p4_only_global_baseline_both,,,,,,,,,,,,,,,,,,,,,,,,,,,,batch_exit_codes.csv
P4-EVALUATION-c28a0acc7fae,evaluation,P4_RELATED_UNCLASSIFIED,P4_yaw_gauge_full_20260716_ultra,20260716,fly1,fly1,full,EVALUATED,DIAGNOSTIC_EVALUATION,COMPLIANT_EXPERIMENT_ROOT,C:/Users/baloney/Desktop/实验目录/P4_yaw_gauge_full_20260716_ultra/evaluation/absolute_navigation_no_post_alignment/fly1,,,,,,,,,,,,,,,,772.4000000950001,29.652883347810516,204.1200992211142,406.4092348974646,2.2867117049657106,4.5466095403825,,,54.044530139618885,,,,
P4-RAW_RUN-46b1a3299e7f,raw_run,P4_WITH_P5,P4_yaw_gauge_full_20260716_ultra,20260716,fly1,fly1_formal_p4_p4_only,full,SUCCESS_WITH_TRAJECTORY,RUNTIME_ONLY,COMPLIANT_EXPERIMENT_ROOT,C:/Users/baloney/Desktop/实验目录/P4_yaw_gauge_full_20260716_ultra/P4_P5_redesign_20260713/runs/20260716_201437_full_disabled_p4_only_global_baseline_both/fly1_formal_p4_p4_only,C:/Users/baloney/Desktop/实验目录/P4_yaw_gauge_full_20260716_ultra/P4_P5_redesign_20260713/runs/20260716_201437_full_disabled_p4_only_global_baseline_both/fly1_formal_p4_p4_only/traj_nav.txt,,930.0,1938.0,online_multisensor_alignment,baseline,guarded,12,,,0,29913,,8,,,,,,,,,,,533d98187a882bdbfb614b02f1e56769b8f0c88def25cac75c8a0aca0905c0b2,1,1,
P4-EVALUATION-45fcef2cfaba,evaluation,P4_RELATED_UNCLASSIFIED,P4_yaw_gauge_full_20260716_ultra,20260716,fly3,fly3,full,EVALUATED,DIAGNOSTIC_EVALUATION,COMPLIANT_EXPERIMENT_ROOT,C:/Users/baloney/Desktop/实验目录/P4_yaw_gauge_full_20260716_ultra/evaluation/absolute_navigation_no_post_alignment/fly3,,,,,,,,,,,,,,,,1092.199999809,40.982522037639626,247.62198349250679,775.4815329389535,3.0346639197712606,4.343410917249073,,,359.4135689579324,,,,
P4-RAW_RUN-8bec2720866a,raw_run,P4_WITH_P5,P4_yaw_gauge_full_20260716_ultra,20260716,fly3,fly3_formal_p4_p4_only,full,SUCCESS_WITH_TRAJECTORY,RUNTIME_ONLY,COMPLIANT_EXPERIMENT_ROOT,C:/Users/baloney/Desktop/实验目录/P4_yaw_gauge_full_20260716_ultra/P4_P5_redesign_20260713/runs/20260716_201437_full_disabled_p4_only_global_baseline_both/fly3_formal_p4_p4_only,C:/Users/baloney/Desktop/实验目录/P4_yaw_gauge_full_20260716_ultra/P4_P5_redesign_20260713/runs/20260716_201437_full_disabled_p4_only_global_baseline_both/fly3_formal_p4_p4_only/traj_nav.txt,,618.0,1837.0,online_multisensor_alignment,baseline,guarded,12,,,0,36244,,8,,,,,,,,,,,e30a5afd94d7fa7b1a807d765e4d742a6f331e9b1d064341f561c77afbc7248b,1,1,
P4-EVALUATION-8bdb7f945f43,evaluation,P4_RELATED_UNCLASSIFIED,P4_yaw_gauge_localjac_20260716_ultra,20260716,fly1,YAW_fly1,,EVALUATED,DIAGNOSTIC_EVALUATION,COMPLIANT_EXPERIMENT_ROOT,C:/Users/baloney/Desktop/实验目录/P4_yaw_gauge_localjac_20260716_ultra/analysis/absolute_navigation_no_post_alignment/YAW_fly1,,,,,,,,,,,,,,,,359.4000000950001,14.059150544184957,149.5543358743026,189.42993951700475,0.8496057716726181,2.9175840147815513,,,0.1860609191749063,,,,
P4-EVALUATION-4807dc77845c,evaluation,P4_RELATED_UNCLASSIFIED,P4_yaw_gauge_localjac_20260716_ultra,20260716,fly1,yaw_gauge_local_jacobian_focus,focus,EVALUATED,FORMAL_MAIN,COMPLIANT_EXPERIMENT_ROOT,C:/Users/baloney/Desktop/实验目录/P4_yaw_gauge_localjac_20260716_ultra/analysis/flight_eval_tool/YAW_fly1/20260716_fly1_yaw_gauge_local_jacobian_focus_成功,C:/Users/baloney/Desktop/实验目录/P4_yaw_gauge_localjac_20260716_ultra/runs/YAW_fly1/traj_nav.txt,,930.0,1300.0,,,,,start_heading,gps_update_after_vio,,,,,,359.4,14.059,110.86,193.96,0.85,2.125,2.77,4.33,0.88,,,2,Single low-rate yaw-only FC gauge with JPL left-error Jacobian and Schur-reduced final-state support. GPS horizontal/course/yaw evaluation-only.
P4-RAW_RUN-80ab821e0604,raw_run,P4_RELATED_UNCLASSIFIED,P4_yaw_gauge_localjac_20260716_ultra,20260716,fly1,YAW_fly1,,ARTIFACT_WITHOUT_EXIT_RECEIPT,RUNTIME_ONLY,COMPLIANT_EXPERIMENT_ROOT,C:/Users/baloney/Desktop/实验目录/P4_yaw_gauge_localjac_20260716_ultra/runs/YAW_fly1,C:/Users/baloney/Desktop/实验目录/P4_yaw_gauge_localjac_20260716_ultra/runs/YAW_fly1/traj_nav.txt,,,,,,,,,,,10781,,8,,,,,,,,,,,,,2,missing_command
P4-EVALUATION-6b670ca1b38a,evaluation,P4_RELATED_UNCLASSIFIED,P4_yaw_gauge_localjac_20260716_ultra,20260716,fly3,YAW_fly3,,EVALUATED,DIAGNOSTIC_EVALUATION,COMPLIANT_EXPERIMENT_ROOT,C:/Users/baloney/Desktop/实验目录/P4_yaw_gauge_localjac_20260716_ultra/analysis/absolute_navigation_no_post_alignment/YAW_fly3,,,,,,,,,,,,,,,,318.400000095,11.852642306399051,77.65012318665696,88.96090027641722,0.8408948238696475,1.336154183365427,,,-18.871803440692474,,,,
P4-EVALUATION-158ac8fe635c,evaluation,P4_RELATED_UNCLASSIFIED,P4_yaw_gauge_localjac_20260716_ultra,20260716,fly3,yaw_gauge_local_jacobian_focus,focus,EVALUATED,FORMAL_MAIN,COMPLIANT_EXPERIMENT_ROOT,C:/Users/baloney/Desktop/实验目录/P4_yaw_gauge_localjac_20260716_ultra/analysis/flight_eval_tool/YAW_fly3/20260716_fly3_yaw_gauge_local_jacobian_focus_成功,C:/Users/baloney/Desktop/实验目录/P4_yaw_gauge_localjac_20260716_ultra/runs/YAW_fly3/traj_nav.txt,,618.0,947.0,,,,,start_heading,gps_update_after_vio,,,,,,318.4,11.853,74.29,82.17,0.841,1.293,1.54,1.59,-18.77,,,2,Single low-rate yaw-only FC gauge with JPL left-error Jacobian and Schur-reduced final-state support. GPS horizontal/course/yaw evaluation-only.
P4-RAW_RUN-eb912030d178,raw_run,P4_RELATED_UNCLASSIFIED,P4_yaw_gauge_localjac_20260716_ultra,20260716,fly3,YAW_fly3,,ARTIFACT_WITHOUT_EXIT_RECEIPT,RUNTIME_ONLY,COMPLIANT_EXPERIMENT_ROOT,C:/Users/baloney/Desktop/实验目录/P4_yaw_gauge_localjac_20260716_ultra/runs/YAW_fly3,C:/Users/baloney/Desktop/实验目录/P4_yaw_gauge_localjac_20260716_ultra/runs/YAW_fly3/traj_nav.txt,,,,,,,,,,,9557,,8,,,,,,,,,,,,,2,missing_command
P4-EVALUATION-3b84656fc8be,evaluation,P4_RELATED_UNCLASSIFIED,P4_yaw_gauge_retain_bias_full_20260716_ultra,20260716,fly1,fly1,full,EVALUATED,DIAGNOSTIC_EVALUATION,COMPLIANT_EXPERIMENT_ROOT,C:/Users/baloney/Desktop/实验目录/P4_yaw_gauge_retain_bias_full_20260716_ultra/evaluation/absolute_navigation_no_post_alignment/fly1,,,,,,,,,,,,,,,,772.4000000950001,29.652883347810516,213.6932715096736,419.60491156597163,2.9301287157688907,4.815005810782364,,,98.93215837161888,,,,
P4-RAW_RUN-eed770795fd7,raw_run,P4_WITH_P5,P4_yaw_gauge_retain_bias_full_20260716_ultra,20260716,fly1,RETAIN_BOTH_fly1,full,SUCCESS_WITH_TRAJECTORY,RUNTIME_ONLY,COMPLIANT_EXPERIMENT_ROOT,C:/Users/baloney/Desktop/实验目录/P4_yaw_gauge_retain_bias_full_20260716_ultra/runs/RETAIN_BOTH_fly1,C:/Users/baloney/Desktop/实验目录/P4_yaw_gauge_retain_bias_full_20260716_ultra/runs/RETAIN_BOTH_fly1/traj_nav.txt,,930.0,1938.0,online_multisensor_alignment,baseline,guarded,12,,,0,29913,,8,,,,,,,,,,,ae838022b2e01585782ebe173d35c9cc1ae8cda39bc9c56cf94a1a9ee38fc937,1,1,
P4-EVALUATION-313905b8dd01,evaluation,P4_RELATED_UNCLASSIFIED,P4_yaw_gauge_retain_bias_full_20260716_ultra,20260716,fly3,fly3,full,EVALUATED,DIAGNOSTIC_EVALUATION,COMPLIANT_EXPERIMENT_ROOT,C:/Users/baloney/Desktop/实验目录/P4_yaw_gauge_retain_bias_full_20260716_ultra/evaluation/absolute_navigation_no_post_alignment/fly3,,,,,,,,,,,,,,,,1092.199999809,40.982522037639626,220.54668290664154,462.03097132056723,1.7131292617843152,3.4610063813104004,,,280.90852414893243,,,,
P4-RAW_RUN-cc4acd8cd687,raw_run,P4_WITH_P5,P4_yaw_gauge_retain_bias_full_20260716_ultra,20260716,fly3,RETAIN_BOTH_fly3,full,SUCCESS_WITH_TRAJECTORY,RUNTIME_ONLY,COMPLIANT_EXPERIMENT_ROOT,C:/Users/baloney/Desktop/实验目录/P4_yaw_gauge_retain_bias_full_20260716_ultra/runs/RETAIN_BOTH_fly3,C:/Users/baloney/Desktop/实验目录/P4_yaw_gauge_retain_bias_full_20260716_ultra/runs/RETAIN_BOTH_fly3/traj_nav.txt,,618.0,1837.0,online_multisensor_alignment,baseline,guarded,12,,,0,36244,,8,,,,,,,,,,,d402baf1da1164df65267c75c58bc8d1c1bebfc7232eb780ca0dc326f96cfa45,1,1,
P4-EVALUATION-6a31afe2434c,evaluation,P4_RELATED_UNCLASSIFIED,P4_yaw_q_release_ablation_20260716_ultra,20260716,fly1,QFC_release_diagnostic_focus,focus,EVALUATED,FORMAL_MAIN,COMPLIANT_EXPERIMENT_ROOT,C:/Users/baloney/Desktop/实验目录/P4_yaw_q_release_ablation_20260716_ultra/analysis/flight_eval_tool/QFC_fly1/20260716_fly1_QFC_release_diagnostic_focus_成功,C:/Users/baloney/Desktop/实验目录/P4_yaw_q_release_ablation_20260716_ultra/runs/QFC_fly1/traj_nav.txt,,930.0,1300.0,,,,,start_heading,gps_update_after_vio,,,,,,359.4,14.059,127.3,219.11,0.805,1.963,2.54,3.94,0.8,,,2,Diagnostic only: q release from synchronized FC attitude; all other estimator inputs and settings match C0. GPS horizontal/course/yaw evaluation-only.
P4-RAW_RUN-50443464b8d0,raw_run,P4_RELATED_UNCLASSIFIED,P4_yaw_q_release_ablation_20260716_ultra,20260716,fly1,QFC_fly1,,SUCCESS_WITH_TRAJECTORY,RUNTIME_ONLY,COMPLIANT_EXPERIMENT_ROOT,C:/Users/baloney/Desktop/实验目录/P4_yaw_q_release_ablation_20260716_ultra/runs/QFC_fly1,C:/Users/baloney/Desktop/实验目录/P4_yaw_q_release_ablation_20260716_ultra/runs/QFC_fly1/traj_nav.txt,,,,,,,,,,0,10781,,8,,,,,,,,,,,,,2,missing_command
P4-EVALUATION-51d4102f66ef,evaluation,P4_RELATED_UNCLASSIFIED,P4_yaw_q_release_ablation_20260716_ultra,20260716,fly3,QFC_release_diagnostic_focus,focus,EVALUATED,FORMAL_MAIN,COMPLIANT_EXPERIMENT_ROOT,C:/Users/baloney/Desktop/实验目录/P4_yaw_q_release_ablation_20260716_ultra/analysis/flight_eval_tool/QFC_fly3/20260716_fly3_QFC_release_diagnostic_focus_成功,C:/Users/baloney/Desktop/实验目录/P4_yaw_q_release_ablation_20260716_ultra/runs/QFC_fly3/traj_nav.txt,,618.0,947.0,,,,,start_heading,gps_update_after_vio,,,,,,318.4,11.853,77.27,94.5,0.808,1.295,1.6,1.82,-18.15,,,2,Diagnostic only: q release from synchronized FC attitude; all other estimator inputs and settings match C0. GPS horizontal/course/yaw evaluation-only.
P4-RAW_RUN-57136e36e7dc,raw_run,P4_RELATED_UNCLASSIFIED,P4_yaw_q_release_ablation_20260716_ultra,20260716,fly3,QFC_fly3,,SUCCESS_WITH_TRAJECTORY,RUNTIME_ONLY,COMPLIANT_EXPERIMENT_ROOT,C:/Users/baloney/Desktop/实验目录/P4_yaw_q_release_ablation_20260716_ultra/runs/QFC_fly3,C:/Users/baloney/Desktop/实验目录/P4_yaw_q_release_ablation_20260716_ultra/runs/QFC_fly3/traj_nav.txt,,,,,,,,,,0,9557,,8,,,,,,,,,,,,,2,missing_command
P4-BATCH-412986831dc6,batch,P4,P4_direct_sliding_state_20260717,20260717,fly1,20260717_105504_fly1_full_native_handoff,full,FAILED,ORCHESTRATION_ONLY,LEGACY_OUTSIDE_EXPERIMENT_ROOT,C:/Users/baloney/Desktop/P4_direct_sliding_state_20260717/crossflight_native_handoff_v14/fly1/20260717_105504_fly1_full_native_handoff,,,,,,,,,,,,,,,,,,,,,,,,,,,,batch_exit_codes.csv
P4-BATCH-fc5f89821099,batch,P4,P4_direct_sliding_state_20260717,20260717,fly1,20260717_040030_fly1_one_lap_direct_covariance,one_lap,BATCH_RECEIPT_PRESENT,ORCHESTRATION_ONLY,COMPLIANT_EXPERIMENT_ROOT,C:/Users/baloney/Desktop/实验目录/P4_direct_sliding_state_20260717/20260717_040030_fly1_one_lap_direct_covariance,,,,,,,,,,,,,,,,,,,,,,,,,,,,batch_exit_codes.csv
P4-BATCH-357d26b1d966,batch,P4,P4_direct_sliding_state_20260717,20260717,fly1,20260717_120353_terminal_handoff_fly1,focus,FAILED,ORCHESTRATION_ONLY,COMPLIANT_EXPERIMENT_ROOT,C:/Users/baloney/Desktop/实验目录/P4_direct_sliding_state_20260717/new_terminal_handoff_focus_v15/20260717_120353_terminal_handoff_fly1,,,,,,,,,,,,,,,,,,,,,,,,,,,,batch_exit_codes.csv
P4-EVALUATION-91c96a35552a,evaluation,P4_RELATED_UNCLASSIFIED,P4_direct_sliding_state_20260717,20260717,fly1,current_runtime_single_row_control,,EVALUATED,FORMAL_MAIN,LEGACY_OUTSIDE_EXPERIMENT_ROOT,C:/Users/baloney/Desktop/P4_direct_sliding_state_20260717/crossflight_eval_v14/current_single_row_controls/p4_crossflight_v14_20260717/20260717_fly1_current_runtime_single_row_control_control,C:/Users/baloney/Desktop/P4_direct_sliding_state_20260717/crossflight_single_row_controls_v14/fly1/20260717_113250_fly1/traj_nav.txt,,999.671996832,1703.193238869,,,,,start_heading,gps_update_after_vio,,,,,,703.2,26.94,108.87,111.33,0.961,2.233,3.02,5.29,5.04,,,3,"Same current binary/config/backend as P4 v14, but initialized from one FC state; exact P4/global common interval."
P4-EVALUATION-a718079b7b7b,evaluation,P4_RELATED_UNCLASSIFIED,P4_direct_sliding_state_20260717,20260717,fly1,historical_global_baseline_oc_stride12,,EVALUATED,FORMAL_MAIN,LEGACY_OUTSIDE_EXPERIMENT_ROOT,C:/Users/baloney/Desktop/P4_direct_sliding_state_20260717/crossflight_eval_v14/p4_crossflight_v14_20260717/20260717_fly1_historical_global_baseline_oc_stride12_reference,C:/Users/baloney/Desktop/实验目录/_OPENVINS_ORGANIZED_20260625/01_final_locked_stride_sweep/stable_config_stride_validation_20260622/runs/fly1_oc_stride12/traj.txt,,999.671996832,1703.193238869,,,,,start_heading,gps_update_after_vio,,,,,,703.2,26.94,115.65,127.62,0.997,2.408,3.26,5.32,2.2,,,4,"Historical global-baseline stride-12 trajectory, re-evaluated on the exact P4 common interval with the current official start-heading contract."
P4-EVALUATION-73827f3ee4ac,evaluation,P4,P4_direct_sliding_state_20260717,20260717,fly1,p4_direct_sliding_native_handoff,full,EVALUATED,FORMAL_MAIN,LEGACY_OUTSIDE_EXPERIMENT_ROOT,C:/Users/baloney/Desktop/P4_direct_sliding_state_20260717/crossflight_eval_v14/p4_crossflight_v14_20260717/20260717_fly1_p4_direct_sliding_native_handoff_candidate,C:/Users/baloney/Desktop/P4_direct_sliding_state_20260717/crossflight_native_handoff_v14/fly1/20260717_105504_fly1_full_native_handoff/fly1/traj_nav.txt,,999.671996832,1703.193238869,,,,,start_heading,gps_update_after_vio,,,,,,703.2,26.94,164.34,106.18,0.679,2.804,4.08,12.3,5.6,,,3,Unchanged P4 v14 full-flight result on the strict common interval with the historical stride-12 global baseline.
P4-EVALUATION-a7aeed107de1,evaluation,P4,P4_direct_sliding_state_20260717,20260717,fly1,p4_direct_joint_state_nasa_stride12,one_lap,EVALUATED,FORMAL_MAIN,COMPLIANT_EXPERIMENT_ROOT,C:/Users/baloney/Desktop/实验目录/P4_direct_sliding_state_20260717/formal_eval_fly1_one_lap_common/p4_direct_sliding_state_20260717/20260717_fly1_p4_direct_joint_state_nasa_stride12_部分,C:/Users/baloney/Desktop/实验目录/P4_direct_sliding_state_20260717/20260717_040030_fly1_one_lap_direct_covariance/fly1/traj_nav.txt,,947.250199795,1150.8,,,,,start_heading,gps_update_after_vio,,,,,,203.4,7.463,36.1,66.08,0.827,1.516,1.92,3.53,0.4,,,3,Direct coherent q/p/v/bg/ba/covariance release after repeated 8 s joint windows and covariance-normalized same-time overlap consistency; no provisional VIO or Sim(3) history reset; no GPS XY/course online.
P4-EVALUATION-ceba72a4438b,evaluation,P4_RELATED_UNCLASSIFIED,P4_direct_sliding_state_20260717,20260717,fly1,single_row_covlocked_nasa_stride12_common_direct,one_lap,EVALUATED,FORMAL_MAIN,COMPLIANT_EXPERIMENT_ROOT,C:/Users/baloney/Desktop/实验目录/P4_direct_sliding_state_20260717/formal_eval_fly1_one_lap_common/p4_direct_sliding_state_20260717/20260717_fly1_single_row_covlocked_nasa_stride12_common_direct_部分,C:/Users/baloney/Desktop/实验目录/P4_provisional_gauge_refactor_20260717/fair_nasa_single/20260717_025346_fly1/traj_nav.txt,,947.250199795,1150.8,,,,,start_heading,gps_update_after_vio,,,,,,203.4,7.463,192.35,203.59,1.905,2.591,2.75,4.11,2.27,,,5,Fair single-row control cropped to the exact direct-release evaluation interval.
P4-RAW_RUN-c49085e3f2d2,raw_run,P4_WITH_P5,P4_direct_sliding_state_20260717,20260717,fly1,fly1,full,SUCCESS_WITH_TRAJECTORY,RUNTIME_ONLY,LEGACY_OUTSIDE_EXPERIMENT_ROOT,C:/Users/baloney/Desktop/P4_direct_sliding_state_20260717/crossflight_native_handoff_v14/fly1/20260717_105504_fly1_full_native_handoff/fly1,C:/Users/baloney/Desktop/P4_direct_sliding_state_20260717/crossflight_native_handoff_v14/fly1/20260717_105504_fly1_full_native_handoff/fly1/traj_nav.txt,,930.0,1938.0,online_multisensor_alignment,baseline,nasa_lean,12,,,0,28139,,8,openvins_dynamic_initializer_congruence,,,,,,,,,,f89dfdb0deba32603b8d78dd6b753d1f42957fa7f1b943b90a1df4975b72495b,1,3,acceptance=FAIL
P4-RAW_RUN-b72523dcbfc1,raw_run,P4,P4_direct_sliding_state_20260717,20260717,fly1,20260717_113250_fly1,full,SUCCESS_WITH_TRAJECTORY,RUNTIME_ONLY,LEGACY_OUTSIDE_EXPERIMENT_ROOT,C:/Users/baloney/Desktop/P4_direct_sliding_state_20260717/crossflight_single_row_controls_v14/fly1/20260717_113250_fly1,C:/Users/baloney/Desktop/P4_direct_sliding_state_20260717/crossflight_single_row_controls_v14/fly1/20260717_113250_fly1/traj_nav.txt,,930.0,1938.0,fc_full_state,baseline,nasa_lean,12,,,0,30178,,,,,,,,,,,,,cc60d90c95b52fa1c0cb9d87375f2ec785c0375d04d9a9e2bcdf5b3297d2769c,1,3,
P4-RAW_RUN-632d862851e4,raw_run,P4_WITH_P5,P4_direct_sliding_state_20260717,20260717,fly1,fly1,full,SUCCESS_WITH_TRAJECTORY,RUNTIME_ONLY,COMPLIANT_EXPERIMENT_ROOT,C:/Users/baloney/Desktop/实验目录/P4_direct_sliding_state_20260717/20260717_040030_fly1_one_lap_direct_covariance/fly1,C:/Users/baloney/Desktop/实验目录/P4_direct_sliding_state_20260717/20260717_040030_fly1_one_lap_direct_covariance/fly1/traj_nav.txt,,930.0,1151.0,online_multisensor_alignment,baseline,nasa_lean,12,,,0,6111,,8,,,,,,,,,,,28479875f7a33ce0afb804ac6b9f1318b86902baa815bb73c53158b0ded81eb0,2,3,acceptance=PASS
P4-RAW_RUN-f3f86a604648,raw_run,P4_WITH_P5,P4_direct_sliding_state_20260717,20260717,fly1,fly1,full,SUCCESS_WITH_TRAJECTORY,RUNTIME_ONLY,COMPLIANT_EXPERIMENT_ROOT,C:/Users/baloney/Desktop/实验目录/P4_direct_sliding_state_20260717/new_terminal_handoff_focus_v15/20260717_120353_terminal_handoff_fly1/fly1,C:/Users/baloney/Desktop/实验目录/P4_direct_sliding_state_20260717/new_terminal_handoff_focus_v15/20260717_120353_terminal_handoff_fly1/fly1/traj_nav.txt,,930,1300,online_multisensor_alignment,baseline,nasa_lean,12,,,0,8959,,8,openvins_dynamic_initializer_terminal_state,,,,,,,,,,6ac1196fc966d3e5d7b8f0898958be463a1b11a9fc22c8a40e71ad3ee8e65132,1,1,acceptance=FAIL
P4-BATCH-089d2a1208f9,batch,P4,P4_direct_sliding_state_20260717,20260717,fly2,20260717_103241_fly2_anchor_relative_fc_half,,BATCH_RECEIPT_PRESENT,ORCHESTRATION_ONLY,LEGACY_OUTSIDE_EXPERIMENT_ROOT,C:/Users/baloney/Desktop/P4_direct_sliding_state_20260717/anchor_relative_fc_half_v14/20260717_103241_fly2_anchor_relative_fc_half,,,,,,,,,,,,,,,,,,,,,,,,,,,,batch_exit_codes.csv
P4-BATCH-86a418ae92ec,batch,P4,P4_direct_sliding_state_20260717,20260717,fly2,20260717_050707_fly2_bias_seed_center_full,full,FAILED,ORCHESTRATION_ONLY,LEGACY_OUTSIDE_EXPERIMENT_ROOT,C:/Users/baloney/Desktop/P4_direct_sliding_state_20260717/bias_seed_center_full/20260717_050707_fly2_bias_seed_center_full,,,,,,,,,,,,,,,,,,,,,,,,,,,,batch_exit_codes.csv
P4-BATCH-05fa389f55d2,batch,P4,P4_direct_sliding_state_20260717,20260717,fly2,20260717_050856_fly2_bias_seed_center_full,full,BATCH_RECEIPT_PRESENT,ORCHESTRATION_ONLY,LEGACY_OUTSIDE_EXPERIMENT_ROOT,C:/Users/baloney/Desktop/P4_direct_sliding_state_20260717/bias_seed_center_full/20260717_050856_fly2_bias_seed_center_full,,,,,,,,,,,,,,,,,,,,,,,,,,,,batch_exit_codes.csv
P4-BATCH-35bf5b5be35d,batch,P4,P4_direct_sliding_state_20260717,20260717,fly2,20260717_081312_fly2_bias_trend_shadow_v13,,FAILED,ORCHESTRATION_ONLY,LEGACY_OUTSIDE_EXPERIMENT_ROOT,C:/Users/baloney/Desktop/P4_direct_sliding_state_20260717/bias_trend_shadow_v13/20260717_081312_fly2_bias_trend_shadow_v13,,,,,,,,,,,,,,,,,,,,,,,,,,,,batch_exit_codes.csv
P4-BATCH-f12e1a5b6545,batch,P4,P4_direct_sliding_state_20260717,20260717,fly2,20260717_094342_fly2_cli_cov_no_history_half_lap,half_lap,BATCH_RECEIPT_PRESENT,ORCHESTRATION_ONLY,LEGACY_OUTSIDE_EXPERIMENT_ROOT,C:/Users/baloney/Desktop/P4_direct_sliding_state_20260717/covariance_handoff_diagnostic_v14/20260717_094342_fly2_cli_cov_no_history_half_lap,,,,,,,,,,,,,,,,,,,,,,,,,,,,batch_exit_codes.csv
P4-BATCH-7f3a62a57808,batch,P4,P4_direct_sliding_state_20260717,20260717,fly2,20260717_105742_fly2_true_full_native_handoff,full,BATCH_RECEIPT_PRESENT,ORCHESTRATION_ONLY,LEGACY_OUTSIDE_EXPERIMENT_ROOT,C:/Users/baloney/Desktop/P4_direct_sliding_state_20260717/crossflight_native_handoff_v14/fly2/20260717_105742_fly2_true_full_native_handoff,,,,,,,,,,,,,,,,,,,,,,,,,,,,batch_exit_codes.csv
P4-BATCH-c76af721e36f,batch,P4,P4_direct_sliding_state_20260717,20260717,fly2,20260717_090123_fly2_fc_time_integral_focus_v14,focus,FAILED,ORCHESTRATION_ONLY,LEGACY_OUTSIDE_EXPERIMENT_ROOT,C:/Users/baloney/Desktop/P4_direct_sliding_state_20260717/fc_time_integral_focus_v14/20260717_090123_fly2_fc_time_integral_focus_v14,,,,,,,,,,,,,,,,,,,,,,,,,,,,batch_exit_codes.csv
P4-BATCH-d0e9d5908693,batch,P4,P4_direct_sliding_state_20260717,20260717,fly2,20260717_093134_fly2_fc_time_integral_half_lap_v14,half_lap,BATCH_RECEIPT_PRESENT,ORCHESTRATION_ONLY,LEGACY_OUTSIDE_EXPERIMENT_ROOT,C:/Users/baloney/Desktop/P4_direct_sliding_state_20260717/fc_time_integral_half_lap_v14/20260717_093134_fly2_fc_time_integral_half_lap_v14,,,,,,,,,,,,,,,,,,,,,,,,,,,,batch_exit_codes.csv
P4-BATCH-a14cc3c729be,batch,P4,P4_direct_sliding_state_20260717,20260717,fly2,20260717_092428_fly2_fc_time_integral_parallel_release_v14,,FAILED,ORCHESTRATION_ONLY,LEGACY_OUTSIDE_EXPERIMENT_ROOT,C:/Users/baloney/Desktop/P4_direct_sliding_state_20260717/fc_time_integral_parallel_release_v14/20260717_092428_fly2_fc_time_integral_parallel_release_v14,,,,,,,,,,,,,,,,,,,,,,,,,,,,batch_exit_codes.csv
P4-BATCH-9e60d85a64b6,batch,P4,P4_direct_sliding_state_20260717,20260717,fly2,20260717_091102_fly2_fc_time_integral_release_probe_v14,,FAILED,ORCHESTRATION_ONLY,LEGACY_OUTSIDE_EXPERIMENT_ROOT,C:/Users/baloney/Desktop/P4_direct_sliding_state_20260717/fc_time_integral_release_probe_v14/20260717_091102_fly2_fc_time_integral_release_probe_v14,,,,,,,,,,,,,,,,,,,,,,,,,,,,batch_exit_codes.csv
P4-BATCH-15c55aa282c6,batch,P4,P4_direct_sliding_state_20260717,20260717,fly2,20260717_073729_fly2_full_graph_precise_consume_full,full,BATCH_RECEIPT_PRESENT,ORCHESTRATION_ONLY,LEGACY_OUTSIDE_EXPERIMENT_ROOT,C:/Users/baloney/Desktop/P4_direct_sliding_state_20260717/full_graph_precise_consume_full/20260717_073729_fly2_full_graph_precise_consume_full,,,,,,,,,,,,,,,,,,,,,,,,,,,,batch_exit_codes.csv
P4-BATCH-c61a17183940,batch,P4,P4_direct_sliding_state_20260717,20260717,fly2,20260717_074641_fly2_full_graph_precise_consume_nasa_full,full,BATCH_RECEIPT_PRESENT,ORCHESTRATION_ONLY,LEGACY_OUTSIDE_EXPERIMENT_ROOT,C:/Users/baloney/Desktop/P4_direct_sliding_state_20260717/full_graph_precise_consume_nasa_full/20260717_074641_fly2_full_graph_precise_consume_nasa_full,,,,,,,,,,,,,,,,,,,,,,,,,,,,batch_exit_codes.csv
P4-BATCH-0f21bb741921,batch,P4,P4_direct_sliding_state_20260717,20260717,fly2,20260717_073346_fly2_full_graph_precise_consume_short,full,FAILED,ORCHESTRATION_ONLY,LEGACY_OUTSIDE_EXPERIMENT_ROOT,C:/Users/baloney/Desktop/P4_direct_sliding_state_20260717/full_graph_precise_consume_short/20260717_073346_fly2_full_graph_precise_consume_short,,,,,,,,,,,,,,,,,,,,,,,,,,,,batch_exit_codes.csv
P4-BATCH-c38bc73538cb,batch,P4,P4_direct_sliding_state_20260717,20260717,fly2,20260717_075400_fly2_full_graph_trend_shadow,full,BATCH_RECEIPT_PRESENT,ORCHESTRATION_ONLY,LEGACY_OUTSIDE_EXPERIMENT_ROOT,C:/Users/baloney/Desktop/P4_direct_sliding_state_20260717/full_graph_trend_shadow/20260717_075400_fly2_full_graph_trend_shadow,,,,,,,,,,,,,,,,,,,,,,,,,,,,batch_exit_codes.csv
P4-BATCH-4200088a289f,batch,P4,P4_direct_sliding_state_20260717,20260717,fly2,20260717_065933_fly2_full_posterior_short,full,BATCH_RECEIPT_PRESENT,ORCHESTRATION_ONLY,LEGACY_OUTSIDE_EXPERIMENT_ROOT,C:/Users/baloney/Desktop/P4_direct_sliding_state_20260717/full_posterior_short/20260717_065933_fly2_full_posterior_short,,,,,,,,,,,,,,,,,,,,,,,,,,,,batch_exit_codes.csv
P4-BATCH-b39f4d408218,batch,P4,P4_direct_sliding_state_20260717,20260717,fly2,20260717_101107_fly2_native_handoff_history_full,full,BATCH_RECEIPT_PRESENT,ORCHESTRATION_ONLY,LEGACY_OUTSIDE_EXPERIMENT_ROOT,C:/Users/baloney/Desktop/P4_direct_sliding_state_20260717/handoff_inflated_history_full_v14/20260717_101107_fly2_native_handoff_history_full,,,,,,,,,,,,,,,,,,,,,,,,,,,,batch_exit_codes.csv
P4-BATCH-722cd02ad3f1,batch,P4,P4_direct_sliding_state_20260717,20260717,fly2,20260717_100406_fly2_native_handoff_history_half_lap,half_lap,BATCH_RECEIPT_PRESENT,ORCHESTRATION_ONLY,LEGACY_OUTSIDE_EXPERIMENT_ROOT,C:/Users/baloney/Desktop/P4_direct_sliding_state_20260717/handoff_inflated_history_v14/20260717_100406_fly2_native_handoff_history_half_lap,,,,,,,,,,,,,,,,,,,,,,,,,,,,batch_exit_codes.csv
P4-BATCH-024420ca04d2,batch,P4,P4_direct_sliding_state_20260717,20260717,fly2,20260717_064049_fly2_history_transfer_full,full,BATCH_RECEIPT_PRESENT,ORCHESTRATION_ONLY,LEGACY_OUTSIDE_EXPERIMENT_ROOT,C:/Users/baloney/Desktop/P4_direct_sliding_state_20260717/history_transfer_full/20260717_064049_fly2_history_transfer_full,,,,,,,,,,,,,,,,,,,,,,,,,,,,batch_exit_codes.csv
P4-BATCH-83a0bbeb4bac,batch,P4,P4_direct_sliding_state_20260717,20260717,fly2,20260717_063459_fly2_history_transfer_short,short,BATCH_RECEIPT_PRESENT,ORCHESTRATION_ONLY,LEGACY_OUTSIDE_EXPERIMENT_ROOT,C:/Users/baloney/Desktop/P4_direct_sliding_state_20260717/history_transfer_short/20260717_063459_fly2_history_transfer_short,,,,,,,,,,,,,,,,,,,,,,,,,,,,batch_exit_codes.csv
P4-BATCH-1c2dda56a599,batch,P4,P4_direct_sliding_state_20260717,20260717,fly2,20260717_084437_fly2_per_keyframe_fc_anchor_shadow_v14,,FAILED,ORCHESTRATION_ONLY,LEGACY_OUTSIDE_EXPERIMENT_ROOT,C:/Users/baloney/Desktop/P4_direct_sliding_state_20260717/per_keyframe_fc_anchor_shadow_v14/20260717_084437_fly2_per_keyframe_fc_anchor_shadow_v14,,,,,,,,,,,,,,,,,,,,,,,,,,,,batch_exit_codes.csv
P4-BATCH-a4ad04b5b74b,batch,P4,P4_direct_sliding_state_20260717,20260717,fly2,20260717_071511_fly2_precise_consume_short,short,FAILED,ORCHESTRATION_ONLY,LEGACY_OUTSIDE_EXPERIMENT_ROOT,C:/Users/baloney/Desktop/P4_direct_sliding_state_20260717/precise_consume_short/20260717_071511_fly2_precise_consume_short,,,,,,,,,,,,,,,,,,,,,,,,,,,,batch_exit_codes.csv
P4-BATCH-7407c794892a,batch,P4,P4_direct_sliding_state_20260717,20260717,fly2,20260717_055601_fly2_staged_shared_bias_fc_attitude_full,full,BATCH_RECEIPT_PRESENT,ORCHESTRATION_ONLY,LEGACY_OUTSIDE_EXPERIMENT_ROOT,C:/Users/baloney/Desktop/P4_direct_sliding_state_20260717/staged_shared_bias_attitude_ablation/20260717_055601_fly2_staged_shared_bias_fc_attitude_full,,,,,,,,,,,,,,,,,,,,,,,,,,,,batch_exit_codes.csv
P4-BATCH-8b97c8613c4e,batch,P4,P4_direct_sliding_state_20260717,20260717,fly2,20260717_060529_fly2_staged_shared_bias_fc_attitude_short,short,BATCH_RECEIPT_PRESENT,ORCHESTRATION_ONLY,LEGACY_OUTSIDE_EXPERIMENT_ROOT,C:/Users/baloney/Desktop/P4_direct_sliding_state_20260717/staged_shared_bias_attitude_ablation_short/20260717_060529_fly2_staged_shared_bias_fc_attitude_short,,,,,,,,,,,,,,,,,,,,,,,,,,,,batch_exit_codes.csv
P4-BATCH-cad322a8bdb1,batch,P4,P4_direct_sliding_state_20260717,20260717,fly2,20260717_060700_fly2_staged_shared_bias_fc_attitude_full_v2,full,BATCH_RECEIPT_PRESENT,ORCHESTRATION_ONLY,LEGACY_OUTSIDE_EXPERIMENT_ROOT,C:/Users/baloney/Desktop/P4_direct_sliding_state_20260717/staged_shared_bias_attitude_ablation_v2/20260717_060700_fly2_staged_shared_bias_fc_attitude_full_v2,,,,,,,,,,,,,,,,,,,,,,,,,,,,batch_exit_codes.csv
P4-BATCH-777c20cc1e63,batch,P4,P4_direct_sliding_state_20260717,20260717,fly2,20260717_054929_fly2_staged_shared_bias_cli_cov_full,full,BATCH_RECEIPT_PRESENT,ORCHESTRATION_ONLY,LEGACY_OUTSIDE_EXPERIMENT_ROOT,C:/Users/baloney/Desktop/P4_direct_sliding_state_20260717/staged_shared_bias_covariance_ablation/20260717_054929_fly2_staged_shared_bias_cli_cov_full,,,,,,,,,,,,,,,,,,,,,,,,,,,,batch_exit_codes.csv
P4-BATCH-d9758e40b436,batch,P4,P4_direct_sliding_state_20260717,20260717,fly2,20260717_054006_fly2_staged_shared_bias_full,full,BATCH_RECEIPT_PRESENT,ORCHESTRATION_ONLY,LEGACY_OUTSIDE_EXPERIMENT_ROOT,C:/Users/baloney/Desktop/P4_direct_sliding_state_20260717/staged_shared_bias_full/20260717_054006_fly2_staged_shared_bias_full,,,,,,,,,,,,,,,,,,,,,,,,,,,,batch_exit_codes.csv
P4-BATCH-bff1ae2b49e7,batch,P4,P4_direct_sliding_state_20260717,20260717,fly2,20260717_053750_fly2_staged_shared_bias_short,short,FAILED,ORCHESTRATION_ONLY,LEGACY_OUTSIDE_EXPERIMENT_ROOT,C:/Users/baloney/Desktop/P4_direct_sliding_state_20260717/staged_shared_bias_short/20260717_053750_fly2_staged_shared_bias_short,,,,,,,,,,,,,,,,,,,,,,,,,,,,batch_exit_codes.csv
P4-BATCH-1e22692eec35,batch,P4,P4_direct_sliding_state_20260717,20260717,fly2,20260717_040557_fly2_direction_direct_covariance,,BATCH_RECEIPT_PRESENT,ORCHESTRATION_ONLY,COMPLIANT_EXPERIMENT_ROOT,C:/Users/baloney/Desktop/实验目录/P4_direct_sliding_state_20260717/20260717_040557_fly2_direction_direct_covariance,,,,,,,,,,,,,,,,,,,,,,,,,,,,batch_exit_codes.csv
P4-BATCH-67a85cc03d61,batch,P4,P4_direct_sliding_state_20260717,20260717,fly2,20260717_050607_fly2_bias_seed_center_full,full,FAILED,ORCHESTRATION_ONLY,COMPLIANT_EXPERIMENT_ROOT,C:/Users/baloney/Desktop/实验目录/P4_direct_sliding_state_20260717/bias_seed_center_full/20260717_050607_fly2_bias_seed_center_full,,,,,,,,,,,,,,,,,,,,,,,,,,,,batch_exit_codes.csv
P4-BATCH-c1e42ba4bfeb,batch,P4,P4_direct_sliding_state_20260717,20260717,fly2,20260717_044837_fly2_graph_q_fc_pv_zero_bias,,BATCH_RECEIPT_PRESENT,ORCHESTRATION_ONLY,COMPLIANT_EXPERIMENT_ROOT,C:/Users/baloney/Desktop/实验目录/P4_direct_sliding_state_20260717/graph_q_fc_pv_zero_bias_ablation/20260717_044837_fly2_graph_q_fc_pv_zero_bias,,,,,,,,,,,,,,,,,,,,,,,,,,,,batch_exit_codes.csv
P4-BATCH-11f9b888980a,batch,P4,P4_direct_sliding_state_20260717,20260717,fly2,20260717_120353_terminal_handoff_fly2,focus,FAILED,ORCHESTRATION_ONLY,COMPLIANT_EXPERIMENT_ROOT,C:/Users/baloney/Desktop/实验目录/P4_direct_sliding_state_20260717/new_terminal_handoff_focus_v15/20260717_120353_terminal_handoff_fly2,,,,,,,,,,,,,,,,,,,,,,,,,,,,batch_exit_codes.csv
P4-BATCH-9058214095dc,batch,P4,P4_direct_sliding_state_20260717,20260717,fly2,20260717_050247_fly2_bias_seed_center_short,short,BATCH_RECEIPT_PRESENT,ORCHESTRATION_ONLY,COMPLIANT_EXPERIMENT_ROOT,C:/Users/baloney/Desktop/实验目录/P4_direct_sliding_state_20260717/seed_center_short/20260717_050247_fly2_bias_seed_center_short,,,,,,,,,,,,,,,,,,,,,,,,,,,,batch_exit_codes.csv
P4-EVALUATION-a480958cb819,evaluation,P4_RELATED_UNCLASSIFIED,P4_direct_sliding_state_20260717,20260717,fly2,early_single_row_732p05_899p7,,EVALUATED,FORMAL_MAIN,LEGACY_OUTSIDE_EXPERIMENT_ROOT,C:/Users/baloney/Desktop/P4_direct_sliding_state_20260717/anchor_relative_fc_half_common_eval_v14/p4_fc_anchor_relative_20260717/20260717_fly2_early_single_row_732p05_899p7_diagnostic,C:/Users/baloney/Desktop/实验目录/P4_direct_sliding_state_20260717/fly2_fair_single_control/20260717_041311_fly2_single_row_nasa_stride12/traj_nav.txt,,732.049474955,899.7,,,,,start_heading,gps_update_after_vio,,,,,,167.4,7.125,22.44,41.16,0.689,0.868,0.71,-0.08,1.57,,,16,Strict common-start early single-row control for gauge/shape FC model.
P4-EVALUATION-1498f9dd8e98,evaluation,P4_RELATED_UNCLASSIFIED,P4_direct_sliding_state_20260717,20260717,fly2,p4_anchor_relative_732p05_899p7,,EVALUATED,FORMAL_MAIN,LEGACY_OUTSIDE_EXPERIMENT_ROOT,C:/Users/baloney/Desktop/P4_direct_sliding_state_20260717/anchor_relative_fc_half_common_eval_v14/p4_fc_anchor_relative_20260717/20260717_fly2_p4_anchor_relative_732p05_899p7_candidate,C:/Users/baloney/Desktop/P4_direct_sliding_state_20260717/anchor_relative_fc_half_v14/20260717_103241_fly2_anchor_relative_fc_half/fly2/traj_nav.txt,,732.049474955,899.7,,,,,start_heading,gps_update_after_vio,,,,,,167.4,7.125,29.45,52.49,0.585,0.805,0.75,-0.34,2.4,,,3,"Gauge/shape separated FC model, strict common start at first valid P4 output."
P4-EVALUATION-33b4b013f3ad,evaluation,P4_RELATED_UNCLASSIFIED,P4_direct_sliding_state_20260717,20260717,fly2,p4_cli_cov_no_history_732p85_899p7,,EVALUATED,FORMAL_MAIN,LEGACY_OUTSIDE_EXPERIMENT_ROOT,C:/Users/baloney/Desktop/P4_direct_sliding_state_20260717/covariance_handoff_diagnostic_eval_v14/p4_fc_time_integral_20260717/20260717_fly2_p4_cli_cov_no_history_732p85_899p7_diagnostic,C:/Users/baloney/Desktop/P4_direct_sliding_state_20260717/covariance_handoff_diagnostic_v14/20260717_094342_fly2_cli_cov_no_history_half_lap/fly2/traj_nav.txt,,732.849630833,899.7,,,,,start_heading,gps_update_after_vio,,,,,,164.2,6.999,32.21,52.2,0.601,0.845,0.82,-0.74,2.86,,,3,"Diagnostic only: same P4 nominal state and release time, CLI diagonal covariance, no transferred pose/landmark history."
P4-EVALUATION-23ddf20ed998,evaluation,P4_RELATED_UNCLASSIFIED,P4_direct_sliding_state_20260717,20260717,fly2,historical_global_baseline_oc_stride12,,EVALUATED,FORMAL_MAIN,LEGACY_OUTSIDE_EXPERIMENT_ROOT,C:/Users/baloney/Desktop/P4_direct_sliding_state_20260717/crossflight_eval_v14/p4_crossflight_v14_20260717/20260717_fly2_historical_global_baseline_oc_stride12_reference,C:/Users/baloney/Desktop/实验目录/_OPENVINS_ORGANIZED_20260625/01_final_locked_stride_sweep/stable_config_stride_validation_20260622/runs/fly2_oc_stride12/traj.txt,,733.649778605,2299.639999952,,,,,start_heading,gps_update_after_vio,,,,,,1565.8,63.696,105.71,114.01,1.338,1.757,1.62,1.47,1.29,,,2,"Historical global-baseline stride-12 trajectory, re-evaluated on the exact P4 common interval with the current official start-heading contract."
P4-EVALUATION-01da6c4c402e,evaluation,P4,P4_direct_sliding_state_20260717,20260717,fly2,p4_direct_sliding_native_handoff,full,EVALUATED,FORMAL_MAIN,LEGACY_OUTSIDE_EXPERIMENT_ROOT,C:/Users/baloney/Desktop/P4_direct_sliding_state_20260717/crossflight_eval_v14/p4_crossflight_v14_20260717/20260717_fly2_p4_direct_sliding_native_handoff_candidate,C:/Users/baloney/Desktop/P4_direct_sliding_state_20260717/crossflight_native_handoff_v14/fly2/20260717_105742_fly2_true_full_native_handoff/fly2/traj_nav.txt,,733.649778605,2299.639999952,,,,,start_heading,gps_update_after_vio,,,,,,1565.8,63.696,354.28,657.73,0.923,1.817,2.21,3.91,2.14,,,5,Unchanged P4 v14 full fly2 result on the strict common interval with the historical stride-12 global baseline.
P4-EVALUATION-a9d81867179f,evaluation,P4,P4_direct_sliding_state_20260717,20260717,fly2,p4_direct_sliding_native_handoff_true_full,full,EVALUATED,FORMAL_MAIN,LEGACY_OUTSIDE_EXPERIMENT_ROOT,C:/Users/baloney/Desktop/P4_direct_sliding_state_20260717/crossflight_eval_v14/p4_crossflight_v14_20260717/20260717_fly2_p4_direct_sliding_native_handoff_true_full_candidate,C:/Users/baloney/Desktop/P4_direct_sliding_state_20260717/crossflight_native_handoff_v14/fly2/20260717_105742_fly2_true_full_native_handoff/fly2/traj_nav.txt,,733.649778605,2499.9,,,,,start_heading,gps_update_after_vio,,,,,,1766.0,71.793,394.68,493.15,0.915,2.018,2.54,4.09,-1.7,,,5,True full fly2 P4 run through 2500 s; the historical global baseline ends at 2300 s and is compared separately on the strict common interval.
P4-EVALUATION-43d3cd2ea505,evaluation,P4_RELATED_UNCLASSIFIED,P4_direct_sliding_state_20260717,20260717,fly2,delay_matched_single_row_732p85_899p7,half_lap,EVALUATED,FORMAL_MAIN,LEGACY_OUTSIDE_EXPERIMENT_ROOT,C:/Users/baloney/Desktop/P4_direct_sliding_state_20260717/fc_time_integral_half_lap_eval_v14/p4_fc_time_integral_20260717/20260717_fly2_delay_matched_single_row_732p85_899p7_diagnostic,C:/Users/baloney/Desktop/实验目录/P4_direct_sliding_state_20260717/delay_matched_single_fly2/20260717_043334_fly2_single_row_nasa_stride12/traj_nav.txt,,732.849630833,899.7,,,,,start_heading,gps_update_after_vio,,,,,,166.6,7.094,33.75,61.33,0.738,1.011,0.92,-0.24,1.05,,,10,Delay-matched single-row control cropped to the P4 half-lap interval.
P4-EVALUATION-c746698552d2,evaluation,P4_RELATED_UNCLASSIFIED,P4_direct_sliding_state_20260717,20260717,fly2,early_single_row_732p85_899p7,half_lap,EVALUATED,FORMAL_MAIN,LEGACY_OUTSIDE_EXPERIMENT_ROOT,C:/Users/baloney/Desktop/P4_direct_sliding_state_20260717/fc_time_integral_half_lap_eval_v14/p4_fc_time_integral_20260717/20260717_fly2_early_single_row_732p85_899p7_diagnostic,C:/Users/baloney/Desktop/实验目录/P4_direct_sliding_state_20260717/fly2_fair_single_control/20260717_041311_fly2_single_row_nasa_stride12/traj_nav.txt,,732.849630833,899.7,,,,,start_heading,gps_update_after_vio,,,,,,166.6,7.094,23.47,43.77,0.691,0.872,0.72,-0.1,1.67,,,16,Early single-row control cropped to the P4 half-lap interval.
P4-EVALUATION-4571f51f7454,evaluation,P4_RELATED_UNCLASSIFIED,P4_direct_sliding_state_20260717,20260717,fly2,p4_time_integral_parallel_release_732p85_899p7,half_lap,EVALUATED,FORMAL_MAIN,LEGACY_OUTSIDE_EXPERIMENT_ROOT,C:/Users/baloney/Desktop/P4_direct_sliding_state_20260717/fc_time_integral_half_lap_eval_v14/p4_fc_time_integral_20260717/20260717_fly2_p4_time_integral_parallel_release_732p85_899p7_部分,C:/Users/baloney/Desktop/P4_direct_sliding_state_20260717/fc_time_integral_half_lap_v14/20260717_093134_fly2_fc_time_integral_half_lap_v14/fly2/traj_nav.txt,,732.849630833,899.7,,,,,start_heading,gps_update_after_vio,,,,,,165.8,7.062,28.33,63.41,0.404,0.726,0.82,-0.34,2.59,,,3,Half-lap propagation check after formal direct P4 release.
P4-EVALUATION-c2b7bcde9f7b,evaluation,P4_RELATED_UNCLASSIFIED,P4_direct_sliding_state_20260717,20260717,fly2,delay_matched_single_row_732p85_799p7,short,EVALUATED,FORMAL_MAIN,LEGACY_OUTSIDE_EXPERIMENT_ROOT,C:/Users/baloney/Desktop/P4_direct_sliding_state_20260717/fc_time_integral_short_eval_v14/p4_fc_time_integral_20260717/20260717_fly2_delay_matched_single_row_732p85_799p7_diagnostic,C:/Users/baloney/Desktop/实验目录/P4_direct_sliding_state_20260717/delay_matched_single_fly2/20260717_043334_fly2_single_row_nasa_stride12/traj_nav.txt,,732.849630833,799.7,,,,,start_heading,gps_update_after_vio,,,,,,66.6,2.865,20.07,30.41,1.031,1.185,0.75,0.83,0.22,,,10,Delay-matched single-row control cropped to the new P4 short interval.
P4-EVALUATION-02c3ba7bddc0,evaluation,P4_RELATED_UNCLASSIFIED,P4_direct_sliding_state_20260717,20260717,fly2,early_single_row_732p85_799p7,short,EVALUATED,FORMAL_MAIN,LEGACY_OUTSIDE_EXPERIMENT_ROOT,C:/Users/baloney/Desktop/P4_direct_sliding_state_20260717/fc_time_integral_short_eval_v14/p4_fc_time_integral_20260717/20260717_fly2_early_single_row_732p85_799p7_diagnostic,C:/Users/baloney/Desktop/实验目录/P4_direct_sliding_state_20260717/fly2_fair_single_control/20260717_041311_fly2_single_row_nasa_stride12/traj_nav.txt,,732.849630833,799.7,,,,,start_heading,gps_update_after_vio,,,,,,66.6,2.865,22.28,22.41,0.423,0.658,0.67,-0.05,0.1,,,16,Early single-row control cropped to the new P4 short interval.
P4-EVALUATION-34bfcc912664,evaluation,P4_RELATED_UNCLASSIFIED,P4_direct_sliding_state_20260717,20260717,fly2,p4_time_integral_parallel_release_732p85_799p7,short,EVALUATED,FORMAL_MAIN,LEGACY_OUTSIDE_EXPERIMENT_ROOT,C:/Users/baloney/Desktop/P4_direct_sliding_state_20260717/fc_time_integral_short_eval_v14/p4_fc_time_integral_20260717/20260717_fly2_p4_time_integral_parallel_release_732p85_799p7_部分,C:/Users/baloney/Desktop/P4_direct_sliding_state_20260717/fc_time_integral_parallel_release_v14/20260717_092428_fly2_fc_time_integral_parallel_release_v14/fly2/traj_nav.txt,,732.849630833,799.7,,,,,start_heading,gps_update_after_vio,,,,,,65.8,2.834,6.07,0.89,0.288,0.62,0.74,-0.42,2.24,,,3,Formal short propagation check after direct P4 release; GPS is evaluation-only except the frozen NASA/Lear GPS-Z mode.
P4-EVALUATION-db49c013ac25,evaluation,P4_RELATED_UNCLASSIFIED,P4_direct_sliding_state_20260717,20260717,fly2,single_row_delay_matched_726p448_common_direct,,EVALUATED,FORMAL_MAIN,LEGACY_OUTSIDE_EXPERIMENT_ROOT,C:/Users/baloney/Desktop/P4_direct_sliding_state_20260717/formal_eval_delay_matched_diagnosis/p4_direct_sliding_state_20260717/20260717_fly2_single_row_delay_matched_726p448_common_direct_diagnostic,C:/Users/baloney/Desktop/实验目录/P4_direct_sliding_state_20260717/delay_matched_single_fly2/20260717_043334_fly2_single_row_nasa_stride12/traj_nav.txt,,728.84884119,1099.8,,,,,start_heading,gps_update_after_vio,,,,,,370.6,15.051,43.58,47.5,0.9,1.32,1.4,1.7,0.88,,,10,Causal delayed-start single-row control initialized at the P4 release time; same stride/GPS-Z and common evaluation interval.
P4-EVALUATION-a45eac051b94,evaluation,P4_RELATED_UNCLASSIFIED,P4_direct_sliding_state_20260717,20260717,fly2,p4_bias_seed_center_common_direct,,EVALUATED,FORMAL_MAIN,LEGACY_OUTSIDE_EXPERIMENT_ROOT,C:/Users/baloney/Desktop/P4_direct_sliding_state_20260717/formal_eval_fly2_bias_seed_center_common/p4_direct_sliding_state_20260717/20260717_fly2_p4_bias_seed_center_common_direct_candidate,C:/Users/baloney/Desktop/P4_direct_sliding_state_20260717/bias_seed_center_full/20260717_050856_fly2_bias_seed_center_full/fly2/traj_nav.txt,,728.84884119,1099.8,,,,,start_heading,gps_update_after_vio,,,,,,370.6,15.051,58.37,132.42,1.111,1.358,1.14,0.57,0.58,,,4,Graph-state candidate with first bg/ba priors centered at the data-derived seeds; coherent q/p/v/bg/ba and recovered covariance; no GPS XY/course online.
P4-EVALUATION-6dbafb0a3331,evaluation,P4_RELATED_UNCLASSIFIED,P4_direct_sliding_state_20260717,20260717,fly2,diagnostic_staged_shared_bias_cli_cov_common_direct,,EVALUATED,FORMAL_MAIN,LEGACY_OUTSIDE_EXPERIMENT_ROOT,C:/Users/baloney/Desktop/P4_direct_sliding_state_20260717/formal_eval_fly2_staged_shared_bias_cli_cov_common/p4_direct_sliding_state_20260717/20260717_fly2_diagnostic_staged_shared_bias_cli_cov_common_direct_diagnostic,C:/Users/baloney/Desktop/P4_direct_sliding_state_20260717/staged_shared_bias_covariance_ablation/20260717_054929_fly2_staged_shared_bias_cli_cov_full/fly2/traj_nav.txt,,728.84884119,1099.8,,,,,start_heading,gps_update_after_vio,,,,,,370.6,15.051,66.91,102.16,0.708,1.502,1.9,3.0,0.8,,,4,"Root-cause ablation only: same staged shared-bias P4 nominal state and release time, with the frozen single-row diagonal initialization covariance replacing the recovered graph covariance."
P4-EVALUATION-75160c0cd351,evaluation,P4_RELATED_UNCLASSIFIED,P4_direct_sliding_state_20260717,20260717,fly2,p4_staged_shared_bias_common_direct,,EVALUATED,FORMAL_MAIN,LEGACY_OUTSIDE_EXPERIMENT_ROOT,C:/Users/baloney/Desktop/P4_direct_sliding_state_20260717/formal_eval_fly2_staged_shared_bias_common/p4_direct_sliding_state_20260717/20260717_fly2_p4_staged_shared_bias_common_direct_candidate,C:/Users/baloney/Desktop/P4_direct_sliding_state_20260717/staged_shared_bias_full/20260717_054006_fly2_staged_shared_bias_full/fly2/traj_nav.txt,,728.84884119,1099.8,,,,,start_heading,gps_update_after_vio,,,,,,370.6,15.051,45.29,97.81,0.861,1.189,1.19,1.38,0.7,,,6,"Finite 8 s graph with one shared bg/ba pair, ba-fixed coarse solve, IMU repreintegration at the coarse bg, then coherent q/p/v/bg/ba/covariance release; no GPS XY/course online."
P4-EVALUATION-8eafdabd4da3,evaluation,P4_RELATED_UNCLASSIFIED,P4_direct_sliding_state_20260717,20260717,fly2,diagnostic_staged_shared_bias_fc_attitude_common_direct,,EVALUATED,FORMAL_MAIN,LEGACY_OUTSIDE_EXPERIMENT_ROOT,C:/Users/baloney/Desktop/P4_direct_sliding_state_20260717/formal_eval_fly2_staged_shared_bias_fc_attitude_common/p4_direct_sliding_state_20260717/20260717_fly2_diagnostic_staged_shared_bias_fc_attitude_common_direct_diagnostic,C:/Users/baloney/Desktop/P4_direct_sliding_state_20260717/staged_shared_bias_attitude_ablation_v2/20260717_060700_fly2_staged_shared_bias_fc_attitude_full_v2/fly2/traj_nav.txt,,728.84884119,1099.8,,,,,start_heading,gps_update_after_vio,,,,,,370.6,15.051,53.61,68.16,1.026,1.312,1.19,1.61,0.87,,,4,"Root-cause ablation only: same staged shared-bias P4 p/v/bg/ba/covariance and release time, q replaced by accepted mount times synchronized FC attitude; no GPS XY/course online."
P4-EVALUATION-9803dfa5eb31,evaluation,P4_RELATED_UNCLASSIFIED,P4_direct_sliding_state_20260717,20260717,fly2,p4_staged_shared_bias_common_direct,full,EVALUATED,FORMAL_MAIN,LEGACY_OUTSIDE_EXPERIMENT_ROOT,C:/Users/baloney/Desktop/P4_direct_sliding_state_20260717/formal_eval_full_drift_diagnosis/p4_direct_sliding_state_20260717/20260717_fly2_p4_staged_shared_bias_common_direct_candidate,C:/Users/baloney/Desktop/P4_direct_sliding_state_20260717/staged_shared_bias_full/20260717_054006_fly2_staged_shared_bias_full/fly2/traj_nav.txt,,728.84884119,1099.8,,,,,start_heading,gps_update_after_vio,,,,,,370.6,15.051,45.29,97.81,0.861,1.189,1.19,1.38,0.7,,,6,"Finite 8 s graph with one shared bg/ba pair, ba-fixed coarse solve, IMU repreintegration at the coarse bg, then coherent q/p/v/bg/ba/covariance release; no GPS XY/course online."
P4-EVALUATION-0df9874e0e48,evaluation,P4_RELATED_UNCLASSIFIED,P4_direct_sliding_state_20260717,20260717,fly2,single_row_covlocked_nasa_stride12_common_direct,full,EVALUATED,FORMAL_MAIN,LEGACY_OUTSIDE_EXPERIMENT_ROOT,C:/Users/baloney/Desktop/P4_direct_sliding_state_20260717/formal_eval_full_drift_diagnosis/p4_direct_sliding_state_20260717/20260717_fly2_single_row_covlocked_nasa_stride12_common_direct_部分,C:/Users/baloney/Desktop/实验目录/P4_direct_sliding_state_20260717/fly2_fair_single_control/20260717_041311_fly2_single_row_nasa_stride12/traj_nav.txt,,728.84884119,1099.8,,,,,start_heading,gps_update_after_vio,,,,,,370.6,15.051,36.52,30.51,0.574,0.942,1.09,1.01,-0.82,,,16,"Fair single-row control under the same current runner, refined GPS, NASA/Lear GPS-Z and stride-12 contract, cropped to the direct-release interval."
P4-EVALUATION-c7bec7a76621,evaluation,P4_RELATED_UNCLASSIFIED,P4_direct_sliding_state_20260717,20260717,fly2,p4_full_graph_precise_consume_full,full,EVALUATED,FORMAL_MAIN,LEGACY_OUTSIDE_EXPERIMENT_ROOT,C:/Users/baloney/Desktop/P4_direct_sliding_state_20260717/formal_eval_full_graph_precise_consume_full/p4_window_full_graph_posterior_20260717/20260717_fly2_p4_full_graph_precise_consume_full_candidate,C:/Users/baloney/Desktop/P4_direct_sliding_state_20260717/full_graph_precise_consume_full/20260717_073729_fly2_full_graph_precise_consume_full/fly2/traj_nav.txt,,728.84884119,1099.8,,,,,start_heading,gps_update_after_vio,,,,,,370.6,15.051,52.96,121.6,0.981,1.225,1.08,0.66,1.2,,,3,"Formal 8 s P4 graph uses all 20-21 selected frames, transfers the terminal consecutive clone marginal and persistent landmarks, and removes only exact P4-consumed feature IDs; no GPS XY/course online."
P4-EVALUATION-2ada81ac3898,evaluation,P4_RELATED_UNCLASSIFIED,P4_direct_sliding_state_20260717,20260717,fly2,p4_full_graph_precise_consume_nasa_full,full,EVALUATED,FORMAL_MAIN,LEGACY_OUTSIDE_EXPERIMENT_ROOT,C:/Users/baloney/Desktop/P4_direct_sliding_state_20260717/formal_eval_full_graph_precise_consume_nasa_full/p4_window_full_graph_posterior_20260717/20260717_fly2_p4_full_graph_precise_consume_nasa_full_candidate,C:/Users/baloney/Desktop/P4_direct_sliding_state_20260717/full_graph_precise_consume_nasa_full/20260717_074641_fly2_full_graph_precise_consume_nasa_full/fly2/traj_nav.txt,,728.84884119,1099.8,,,,,start_heading,gps_update_after_vio,,,,,,370.6,15.051,45.57,107.29,0.943,1.206,1.11,1.08,1.35,,,3,"Same formal full-graph P4 posterior contract as the candidate, with height-mode nasa_lean matching the frozen single-row control; no GPS XY/course online."
P4-EVALUATION-ffe9db4e365a,evaluation,P4_RELATED_UNCLASSIFIED,P4_direct_sliding_state_20260717,20260717,fly2,p4_full_graph_precise_consume_short,full,EVALUATED,FORMAL_MAIN,LEGACY_OUTSIDE_EXPERIMENT_ROOT,C:/Users/baloney/Desktop/P4_direct_sliding_state_20260717/formal_eval_full_graph_precise_consume_short/p4_window_full_graph_posterior_20260717/20260717_fly2_p4_full_graph_precise_consume_short_candidate,C:/Users/baloney/Desktop/P4_direct_sliding_state_20260717/full_graph_precise_consume_short/20260717_073346_fly2_full_graph_precise_consume_short/fly2/traj_nav.txt,,728.84884119,819.8,,,,,start_heading,gps_update_after_vio,,,,,,90.6,3.855,6.43,4.03,0.295,0.54,0.61,-0.58,0.86,,,3,"Formal 8 s P4 graph uses all 20-21 selected frames, transfers the terminal consecutive clone marginal and persistent landmarks, and removes only exact P4-consumed feature IDs; no GPS XY/course online."
P4-EVALUATION-4aa977ca695b,evaluation,P4_RELATED_UNCLASSIFIED,P4_direct_sliding_state_20260717,20260717,fly2,p4_full_posterior_short,full,EVALUATED,FORMAL_MAIN,LEGACY_OUTSIDE_EXPERIMENT_ROOT,C:/Users/baloney/Desktop/P4_direct_sliding_state_20260717/formal_eval_full_posterior_short/p4_window_full_posterior_20260717/20260717_fly2_p4_full_posterior_short_candidate,C:/Users/baloney/Desktop/P4_direct_sliding_state_20260717/full_posterior_short/20260717_065933_fly2_full_posterior_short/fly2/traj_nav.txt,,728.84884119,819.8,,,,,start_heading,gps_update_after_vio,,,,,,90.6,3.855,22.82,9.05,0.706,0.875,0.69,-0.75,1.62,,,3,"Shared-bias staged P4 with atomic active-state, clone, persistent-landmark, and full joint-covariance transfer; startup pixels consumed once; no GPS XY/course online."
P4-EVALUATION-f18158f1a38e,evaluation,P4_RELATED_UNCLASSIFIED,P4_direct_sliding_state_20260717,20260717,fly2,p4_history_transfer_full,full,EVALUATED,FORMAL_MAIN,LEGACY_OUTSIDE_EXPERIMENT_ROOT,C:/Users/baloney/Desktop/P4_direct_sliding_state_20260717/formal_eval_history_transfer_full/p4_window_history_transfer_20260717/20260717_fly2_p4_history_transfer_full_candidate,C:/Users/baloney/Desktop/P4_direct_sliding_state_20260717/history_transfer_full/20260717_064049_fly2_history_transfer_full/fly2/traj_nav.txt,,728.84884119,1099.8,,,,,start_heading,gps_update_after_vio,,,,,,370.6,15.051,51.65,108.67,0.863,1.172,1.16,1.19,1.76,,,3,Shared-bias staged P4 plus atomic transfer of nine historical clones and the complete 69x69 active/clone covariance; no GPS XY/course online.
P4-EVALUATION-4f91f93ef092,evaluation,P4_RELATED_UNCLASSIFIED,P4_direct_sliding_state_20260717,20260717,fly2,p4_history_transfer_short,short,EVALUATED,FORMAL_MAIN,LEGACY_OUTSIDE_EXPERIMENT_ROOT,C:/Users/baloney/Desktop/P4_direct_sliding_state_20260717/formal_eval_history_transfer_short/p4_window_history_transfer_20260717/20260717_fly2_p4_history_transfer_short_candidate,C:/Users/baloney/Desktop/P4_direct_sliding_state_20260717/history_transfer_short/20260717_063459_fly2_history_transfer_short/fly2/traj_nav.txt,,728.84884119,819.8,,,,,start_heading,gps_update_after_vio,,,,,,90.6,3.855,9.15,3.83,0.304,0.559,0.63,-0.72,1.25,,,3,Shared-bias staged P4 plus atomic historical clone and joint covariance transfer; no GPS XY/course online.
P4-EVALUATION-b28537950c2b,evaluation,P4_RELATED_UNCLASSIFIED,P4_direct_sliding_state_20260717,20260717,fly2,p4_staged_terminal_only_short,short,EVALUATED,FORMAL_MAIN,LEGACY_OUTSIDE_EXPERIMENT_ROOT,C:/Users/baloney/Desktop/P4_direct_sliding_state_20260717/formal_eval_history_transfer_short/p4_window_history_transfer_20260717/20260717_fly2_p4_staged_terminal_only_short_control,C:/Users/baloney/Desktop/P4_direct_sliding_state_20260717/staged_shared_bias_full/20260717_054006_fly2_staged_shared_bias_full/fly2/traj_nav.txt,,728.84884119,819.8,,,,,start_heading,gps_update_after_vio,,,,,,90.6,3.855,21.28,11.6,0.64,0.812,0.67,-0.74,0.3,,,6,"Same P4 graph and release state, but terminal-only 15-state injection."
P4-EVALUATION-abdf2f0625be,evaluation,P4_RELATED_UNCLASSIFIED,P4_direct_sliding_state_20260717,20260717,fly2,single_row_delay_matched_short,short,EVALUATED,FORMAL_MAIN,LEGACY_OUTSIDE_EXPERIMENT_ROOT,C:/Users/baloney/Desktop/P4_direct_sliding_state_20260717/formal_eval_history_transfer_short/p4_window_history_transfer_20260717/20260717_fly2_single_row_delay_matched_short_control,C:/Users/baloney/Desktop/实验目录/P4_direct_sliding_state_20260717/delay_matched_single_fly2/20260717_043334_fly2_single_row_nasa_stride12/traj_nav.txt,,728.84884119,819.8,,,,,start_heading,gps_update_after_vio,,,,,,90.6,3.855,19.41,23.23,0.97,1.147,0.8,1.0,-0.3,,,10,Single-row initializer delayed to the exact P4 release time.
P4-EVALUATION-313aa2b6140d,evaluation,P4_RELATED_UNCLASSIFIED,P4_direct_sliding_state_20260717,20260717,fly2,single_row_early_start_short,short,EVALUATED,FORMAL_MAIN,LEGACY_OUTSIDE_EXPERIMENT_ROOT,C:/Users/baloney/Desktop/P4_direct_sliding_state_20260717/formal_eval_history_transfer_short/p4_window_history_transfer_20260717/20260717_fly2_single_row_early_start_short_control,C:/Users/baloney/Desktop/实验目录/P4_direct_sliding_state_20260717/fly2_fair_single_control/20260717_041311_fly2_single_row_nasa_stride12/traj_nav.txt,,728.84884119,819.8,,,,,start_heading,gps_update_after_vio,,,,,,90.6,3.855,22.85,13.66,0.515,0.701,0.63,-0.43,-0.51,,,16,Single-row initializer started at 700 s and evaluated on the common P4 interval.
P4-EVALUATION-f347953d5dec,evaluation,P4_RELATED_UNCLASSIFIED,P4_direct_sliding_state_20260717,20260717,fly2,diagnostic_graph_q_fc_pv_zero_bias_common_direct,,EVALUATED,FORMAL_MAIN,LEGACY_OUTSIDE_EXPERIMENT_ROOT,C:/Users/baloney/Desktop/P4_direct_sliding_state_20260717/formal_eval_nominal_covariance_diagnosis/p4_direct_sliding_state_20260717/20260717_fly2_diagnostic_graph_q_fc_pv_zero_bias_common_direct_diagnostic,C:/Users/baloney/Desktop/实验目录/P4_direct_sliding_state_20260717/graph_q_fc_pv_zero_bias_ablation/20260717_044837_fly2_graph_q_fc_pv_zero_bias/fly2/traj_nav.txt,,728.84884119,1099.8,,,,,start_heading,gps_update_after_vio,,,,,,370.6,15.051,59.08,134.69,0.831,1.149,1.15,0.82,0.9,,,4,"Root-cause ablation only: graph attitude, synchronized FC p/v, zero bias and legacy diagonal covariance; no GPS horizontal estimator input."
P4-EVALUATION-36d00ea60309,evaluation,P4_RELATED_UNCLASSIFIED,P4_direct_sliding_state_20260717,20260717,fly2,diagnostic_staged_shared_bias_cli_cov_common_direct,,EVALUATED,FORMAL_MAIN,LEGACY_OUTSIDE_EXPERIMENT_ROOT,C:/Users/baloney/Desktop/P4_direct_sliding_state_20260717/formal_eval_nominal_covariance_diagnosis/p4_direct_sliding_state_20260717/20260717_fly2_diagnostic_staged_shared_bias_cli_cov_common_direct_diagnostic,C:/Users/baloney/Desktop/P4_direct_sliding_state_20260717/staged_shared_bias_covariance_ablation/20260717_054929_fly2_staged_shared_bias_cli_cov_full/fly2/traj_nav.txt,,728.84884119,1099.8,,,,,start_heading,gps_update_after_vio,,,,,,370.6,15.051,66.91,102.16,0.708,1.502,1.9,3.0,0.8,,,4,"Root-cause ablation only: same staged shared-bias P4 nominal state and release time, with the frozen single-row diagonal initialization covariance replacing the recovered graph covariance."
P4-EVALUATION-8be1adfa3306,evaluation,P4_RELATED_UNCLASSIFIED,P4_direct_sliding_state_20260717,20260717,fly2,diagnostic_staged_shared_bias_fc_attitude_common_direct,,EVALUATED,FORMAL_MAIN,LEGACY_OUTSIDE_EXPERIMENT_ROOT,C:/Users/baloney/Desktop/P4_direct_sliding_state_20260717/formal_eval_nominal_covariance_diagnosis/p4_direct_sliding_state_20260717/20260717_fly2_diagnostic_staged_shared_bias_fc_attitude_common_direct_diagnostic,C:/Users/baloney/Desktop/P4_direct_sliding_state_20260717/staged_shared_bias_attitude_ablation_v2/20260717_060700_fly2_staged_shared_bias_fc_attitude_full_v2/fly2/traj_nav.txt,,728.84884119,1099.8,,,,,start_heading,gps_update_after_vio,,,,,,370.6,15.051,53.61,68.16,1.026,1.312,1.19,1.61,0.87,,,4,"Root-cause ablation only: same staged shared-bias P4 p/v/bg/ba/covariance and release time, q replaced by accepted mount times synchronized FC attitude; no GPS XY/course online."
P4-EVALUATION-fcb06b0f7268,evaluation,P4_RELATED_UNCLASSIFIED,P4_direct_sliding_state_20260717,20260717,fly2,p4_bias_seed_center_common_direct,,EVALUATED,FORMAL_MAIN,LEGACY_OUTSIDE_EXPERIMENT_ROOT,C:/Users/baloney/Desktop/P4_direct_sliding_state_20260717/formal_eval_nominal_covariance_diagnosis/p4_direct_sliding_state_20260717/20260717_fly2_p4_bias_seed_center_common_direct_candidate,C:/Users/baloney/Desktop/P4_direct_sliding_state_20260717/bias_seed_center_full/20260717_050856_fly2_bias_seed_center_full/fly2/traj_nav.txt,,728.84884119,1099.8,,,,,start_heading,gps_update_after_vio,,,,,,370.6,15.051,58.37,132.42,1.111,1.358,1.14,0.57,0.58,,,4,Graph-state candidate with first bg/ba priors centered at the data-derived seeds; coherent q/p/v/bg/ba and recovered covariance; no GPS XY/course online.
P4-EVALUATION-53c3c06282f9,evaluation,P4_RELATED_UNCLASSIFIED,P4_direct_sliding_state_20260717,20260717,fly2,early_single_row_733p65_899p7,,EVALUATED,FORMAL_MAIN,LEGACY_OUTSIDE_EXPERIMENT_ROOT,C:/Users/baloney/Desktop/P4_direct_sliding_state_20260717/handoff_inflated_history_common_start_eval_v14/p4_fc_time_integral_20260717/20260717_fly2_early_single_row_733p65_899p7_diagnostic,C:/Users/baloney/Desktop/实验目录/P4_direct_sliding_state_20260717/fly2_fair_single_control/20260717_041311_fly2_single_row_nasa_stride12/traj_nav.txt,,733.649779,899.7,,,,,start_heading,gps_update_after_vio,,,,,,165.8,7.062,24.26,45.78,0.692,0.876,0.72,-0.11,1.73,,,16,Strict common-start early single-row control at the first valid P4 output.
P4-EVALUATION-68416b986704,evaluation,P4_RELATED_UNCLASSIFIED,P4_direct_sliding_state_20260717,20260717,fly2,p4_native_handoff_history_733p65_899p7,,EVALUATED,FORMAL_MAIN,LEGACY_OUTSIDE_EXPERIMENT_ROOT,C:/Users/baloney/Desktop/P4_direct_sliding_state_20260717/handoff_inflated_history_common_start_eval_v14/p4_fc_time_integral_20260717/20260717_fly2_p4_native_handoff_history_733p65_899p7_部分,C:/Users/baloney/Desktop/P4_direct_sliding_state_20260717/handoff_inflated_history_v14/20260717_100406_fly2_native_handoff_history_half_lap/fly2/traj_nav.txt,,733.649779,899.7,,,,,start_heading,gps_update_after_vio,,,,,,165.8,7.062,21.39,44.25,0.413,0.707,0.79,-0.85,2.88,,,5,Strict common-start half-lap comparison at the first valid P4 output.
P4-EVALUATION-cc7b5680da46,evaluation,P4_RELATED_UNCLASSIFIED,P4_direct_sliding_state_20260717,20260717,fly2,p4_native_handoff_history_732p85_899p7,,EVALUATED,FORMAL_MAIN,LEGACY_OUTSIDE_EXPERIMENT_ROOT,C:/Users/baloney/Desktop/P4_direct_sliding_state_20260717/handoff_inflated_history_eval_v14/p4_fc_time_integral_20260717/20260717_fly2_p4_native_handoff_history_732p85_899p7_部分,C:/Users/baloney/Desktop/P4_direct_sliding_state_20260717/handoff_inflated_history_v14/20260717_100406_fly2_native_handoff_history_half_lap/fly2/traj_nav.txt,,732.849630833,899.7,,,,,start_heading,gps_update_after_vio,,,,,,165.8,7.062,21.39,44.25,0.413,0.707,0.79,-0.85,2.88,,,5,Formal P4 handoff: complete graph history plus native OpenVINS initialization covariance inflation by congruence.
P4-EVALUATION-7b17419b8fec,evaluation,P4_RELATED_UNCLASSIFIED,P4_direct_sliding_state_20260717,20260717,fly2,early_single_row_733p65_1099p8,full,EVALUATED,FORMAL_MAIN,LEGACY_OUTSIDE_EXPERIMENT_ROOT,C:/Users/baloney/Desktop/P4_direct_sliding_state_20260717/handoff_inflated_history_full_common_eval_v14/p4_fc_time_integral_20260717/20260717_fly2_early_single_row_733p65_1099p8_diagnostic,C:/Users/baloney/Desktop/实验目录/P4_direct_sliding_state_20260717/fly2_fair_single_control/20260717_041311_fly2_single_row_nasa_stride12/traj_nav.txt,,733.649779,1099.8,,,,,start_heading,gps_update_after_vio,,,,,,365.8,14.863,41.68,29.84,0.578,0.947,1.1,0.89,-1.43,,,16,Full fly2 strict common-start early single-row control.
P4-EVALUATION-89985e6dd80d,evaluation,P4_RELATED_UNCLASSIFIED,P4_direct_sliding_state_20260717,20260717,fly2,p4_native_handoff_history_733p65_1099p8,full,EVALUATED,FORMAL_MAIN,LEGACY_OUTSIDE_EXPERIMENT_ROOT,C:/Users/baloney/Desktop/P4_direct_sliding_state_20260717/handoff_inflated_history_full_common_eval_v14/p4_fc_time_integral_20260717/20260717_fly2_p4_native_handoff_history_733p65_1099p8_candidate,C:/Users/baloney/Desktop/P4_direct_sliding_state_20260717/handoff_inflated_history_full_v14/20260717_101107_fly2_native_handoff_history_full/fly2/traj_nav.txt,,733.649779,1099.8,,,,,start_heading,gps_update_after_vio,,,,,,365.8,14.863,28.8,53.17,0.695,1.074,1.19,1.62,0.6,,,3,Full fly2 strict common-start validation of complete-history native covariance handoff.
P4-EVALUATION-d2dbf508ae3f,evaluation,P4_RELATED_UNCLASSIFIED,P4_direct_sliding_state_20260717,20260717,fly2,current_runtime_single_row_control,,EVALUATED,FORMAL_MAIN,COMPLIANT_EXPERIMENT_ROOT,C:/Users/baloney/Desktop/实验目录/P4_direct_sliding_state_20260717/crossflight_eval_v15/current_single_row_controls/p4_crossflight_v14_20260717/20260717_fly2_current_runtime_single_row_control_control,C:/Users/baloney/Desktop/P4_direct_sliding_state_20260717/crossflight_single_row_controls_v14/fly2/20260717_113250_fly2_single_row_nasa_stride12/traj_nav.txt,,733.649778605,2299.639999952,,,,,start_heading,gps_update_after_vio,,,,,,1565.8,63.696,118.75,168.43,1.431,1.767,1.49,2.03,0.91,,,3,"Same current binary/config/backend as P4 v14, but initialized from one FC state; exact P4/global common interval."
P4-EVALUATION-52fe6d159099,evaluation,P4_RELATED_UNCLASSIFIED,P4_direct_sliding_state_20260717,20260717,fly2,single_row_delay_matched_726p448_common_direct,,EVALUATED,FORMAL_MAIN,COMPLIANT_EXPERIMENT_ROOT,C:/Users/baloney/Desktop/实验目录/P4_direct_sliding_state_20260717/formal_eval_fly2_delay_matched_single_common/p4_direct_sliding_state_20260717/20260717_fly2_single_row_delay_matched_726p448_common_direct_diagnostic,C:/Users/baloney/Desktop/实验目录/P4_direct_sliding_state_20260717/delay_matched_single_fly2/20260717_043334_fly2_single_row_nasa_stride12/traj_nav.txt,,728.84884119,1099.8,,,,,start_heading,gps_update_after_vio,,,,,,370.6,15.051,43.58,47.5,0.9,1.32,1.4,1.7,0.88,,,10,Causal delayed-start single-row control initialized at the P4 release time; same stride/GPS-Z and common evaluation interval.
P4-EVALUATION-03b5491a524b,evaluation,P4,P4_direct_sliding_state_20260717,20260717,fly2,p4_direct_joint_state_nasa_stride12,,EVALUATED,FORMAL_MAIN,COMPLIANT_EXPERIMENT_ROOT,C:/Users/baloney/Desktop/实验目录/P4_direct_sliding_state_20260717/formal_eval_fly2_direction_common/p4_direct_sliding_state_20260717/20260717_fly2_p4_direct_joint_state_nasa_stride12_部分,C:/Users/baloney/Desktop/实验目录/P4_direct_sliding_state_20260717/20260717_040557_fly2_direction_direct_covariance/fly2/traj_nav.txt,,728.84884119,1099.8,,,,,start_heading,gps_update_after_vio,,,,,,370.6,15.051,55.16,120.4,1.111,1.364,1.16,1.12,0.84,,,3,Direction-transfer check for direct coherent q/p/v/bg/ba/covariance release; no GPS XY/course online.
P4-EVALUATION-bbcc78e1dc79,evaluation,P4_RELATED_UNCLASSIFIED,P4_direct_sliding_state_20260717,20260717,fly2,single_row_covlocked_nasa_stride12_common_direct,,EVALUATED,FORMAL_MAIN,COMPLIANT_EXPERIMENT_ROOT,C:/Users/baloney/Desktop/实验目录/P4_direct_sliding_state_20260717/formal_eval_fly2_direction_common/p4_direct_sliding_state_20260717/20260717_fly2_single_row_covlocked_nasa_stride12_common_direct_部分,C:/Users/baloney/Desktop/实验目录/P4_direct_sliding_state_20260717/fly2_fair_single_control/20260717_041311_fly2_single_row_nasa_stride12/traj_nav.txt,,728.84884119,1099.8,,,,,start_heading,gps_update_after_vio,,,,,,370.6,15.051,36.52,30.51,0.574,0.942,1.09,1.01,-0.82,,,16,"Fair single-row control under the same current runner, refined GPS, NASA/Lear GPS-Z and stride-12 contract, cropped to the direct-release interval."
P4-EVALUATION-3cc76c165236,evaluation,P4_RELATED_UNCLASSIFIED,P4_direct_sliding_state_20260717,20260717,fly2,diagnostic_graph_q_fc_pv_zero_bias_common_direct,,EVALUATED,FORMAL_MAIN,COMPLIANT_EXPERIMENT_ROOT,C:/Users/baloney/Desktop/实验目录/P4_direct_sliding_state_20260717/formal_eval_fly2_graph_q_fc_pv_zero_bias_common/p4_direct_sliding_state_20260717/20260717_fly2_diagnostic_graph_q_fc_pv_zero_bias_common_direct_diagnostic,C:/Users/baloney/Desktop/实验目录/P4_direct_sliding_state_20260717/graph_q_fc_pv_zero_bias_ablation/20260717_044837_fly2_graph_q_fc_pv_zero_bias/fly2/traj_nav.txt,,728.84884119,1099.8,,,,,start_heading,gps_update_after_vio,,,,,,370.6,15.051,59.08,134.69,0.831,1.149,1.15,0.82,0.9,,,4,"Root-cause ablation only: graph attitude, synchronized FC p/v, zero bias and legacy diagonal covariance; no GPS horizontal estimator input."
P4-RAW_RUN-e7739abdb226,raw_run,P4_WITH_P5,P4_direct_sliding_state_20260717,20260717,fly2,fly2,,SUCCESS_WITH_TRAJECTORY,RUNTIME_ONLY,LEGACY_OUTSIDE_EXPERIMENT_ROOT,C:/Users/baloney/Desktop/P4_direct_sliding_state_20260717/anchor_relative_fc_half_v14/20260717_103241_fly2_anchor_relative_fc_half/fly2,C:/Users/baloney/Desktop/P4_direct_sliding_state_20260717/anchor_relative_fc_half_v14/20260717_103241_fly2_anchor_relative_fc_half/fly2/traj_nav.txt,,718.0,900.0,online_multisensor_alignment,baseline,nasa_lean,12,,,0,5038,,8,openvins_dynamic_initializer_congruence,,,,,,,,,,e357cfaaeb32c730dabea277b428592fa2050c97190e1a4b7f5ab517a4dbf5a1,2,3,acceptance=PASS
P4-RAW_RUN-92a305c74fe9,raw_run,P4_WITH_P5,P4_direct_sliding_state_20260717,20260717,fly2,fly2,full,SUCCESS_NO_TRAJECTORY,RUNTIME_ONLY,LEGACY_OUTSIDE_EXPERIMENT_ROOT,C:/Users/baloney/Desktop/P4_direct_sliding_state_20260717/bias_seed_center_full/20260717_050707_fly2_bias_seed_center_full/fly2,,,700.0,1100.0,online_multisensor_alignment,baseline,nasa_lean,12,,,0,0,,,,,,,,,,,,,1636869ad5fcaceedbaf9e1506f98b217fd39d93e3bdf859b3311e7e1075beb7,2,,
P4-RAW_RUN-275f735a00cf,raw_run,P4_WITH_P5,P4_direct_sliding_state_20260717,20260717,fly2,fly2,full,SUCCESS_WITH_TRAJECTORY,RUNTIME_ONLY,LEGACY_OUTSIDE_EXPERIMENT_ROOT,C:/Users/baloney/Desktop/P4_direct_sliding_state_20260717/bias_seed_center_full/20260717_050856_fly2_bias_seed_center_full/fly2,C:/Users/baloney/Desktop/P4_direct_sliding_state_20260717/bias_seed_center_full/20260717_050856_fly2_bias_seed_center_full/fly2/traj_nav.txt,,700.0,1100.0,online_multisensor_alignment,baseline,nasa_lean,12,,,0,11131,,8,,,,,,,,,,,0abf666e1b7ffa3efc5a4b7f4220c248836ae0f6e1a02661fb122700f5b382b3,2,4,acceptance=PASS
P4-RAW_RUN-12af6a7ebca0,raw_run,P4_WITH_P5,P4_direct_sliding_state_20260717,20260717,fly2,fly2,,FAILED,RUNTIME_ONLY,LEGACY_OUTSIDE_EXPERIMENT_ROOT,C:/Users/baloney/Desktop/P4_direct_sliding_state_20260717/bias_trend_shadow_v13/20260717_081312_fly2_bias_trend_shadow_v13/fly2,C:/Users/baloney/Desktop/P4_direct_sliding_state_20260717/bias_trend_shadow_v13/20260717_081312_fly2_bias_trend_shadow_v13/fly2/traj_nav.txt,,700.0,760.0,online_multisensor_alignment,baseline,nasa_lean,12,,,1,1,,,,,,,,,,,,,9724245c4b296be2b4f5c316605cc500ad7c9ee3d684513c9f4d44e8f042b4f2,3,1,
P4-RAW_RUN-aafc03052d64,raw_run,P4_WITH_P5,P4_direct_sliding_state_20260717,20260717,fly2,fly2,half_lap,SUCCESS_WITH_TRAJECTORY,RUNTIME_ONLY,LEGACY_OUTSIDE_EXPERIMENT_ROOT,C:/Users/baloney/Desktop/P4_direct_sliding_state_20260717/covariance_handoff_diagnostic_v14/20260717_094342_fly2_cli_cov_no_history_half_lap/fly2,C:/Users/baloney/Desktop/P4_direct_sliding_state_20260717/covariance_handoff_diagnostic_v14/20260717_094342_fly2_cli_cov_no_history_half_lap/fly2/traj_nav.txt,,718.0,900.0,online_multisensor_alignment,baseline,nasa_lean,12,,,0,4942,,8,,,,,,,,,,,0c18872885447d7d6532f583db40d06c1047bd010ce6cc8ce8fde703d68e5c5b,1,3,acceptance=PASS
P4-RAW_RUN-535a31781421,raw_run,P4_WITH_P5,P4_direct_sliding_state_20260717,20260717,fly2,fly2,full,SUCCESS_WITH_TRAJECTORY,RUNTIME_ONLY,LEGACY_OUTSIDE_EXPERIMENT_ROOT,C:/Users/baloney/Desktop/P4_direct_sliding_state_20260717/crossflight_native_handoff_v14/fly2/20260717_105742_fly2_true_full_native_handoff/fly2,C:/Users/baloney/Desktop/P4_direct_sliding_state_20260717/crossflight_native_handoff_v14/fly2/20260717_105742_fly2_true_full_native_handoff/fly2/traj_nav.txt,,718.0,2500.0,online_multisensor_alignment,baseline,nasa_lean,12,,,0,52968,,8,openvins_dynamic_initializer_congruence,,,,,,,,,,4f334a172cd93e6d31de6b7a05d28e67144d5912c15ac5f4eea91e46496cf474,1,5,acceptance=PASS
P4-RAW_RUN-c4bafc78e956,raw_run,P4_WITH_P5,P4_direct_sliding_state_20260717,20260717,fly2,20260717_113250_fly2_single_row_nasa_stride12,full,SUCCESS_WITH_TRAJECTORY,RUNTIME_ONLY,LEGACY_OUTSIDE_EXPERIMENT_ROOT,C:/Users/baloney/Desktop/P4_direct_sliding_state_20260717/crossflight_single_row_controls_v14/fly2/20260717_113250_fly2_single_row_nasa_stride12,C:/Users/baloney/Desktop/P4_direct_sliding_state_20260717/crossflight_single_row_controls_v14/fly2/20260717_113250_fly2_single_row_nasa_stride12/traj_nav.txt,,700.0,2500.0,fc_full_state,baseline,nasa_lean,12,,,0,53927,,,,,,,,,,,,,bbbfbc4cd512be3f5bab005a58aa42c3c0f250294e31035791e299b72743aa6d,1,3,
P4-RAW_RUN-383ec23a6d91,raw_run,P4_WITH_P5,P4_direct_sliding_state_20260717,20260717,fly2,fly2,focus,FAILED,RUNTIME_ONLY,LEGACY_OUTSIDE_EXPERIMENT_ROOT,C:/Users/baloney/Desktop/P4_direct_sliding_state_20260717/fc_time_integral_focus_v14/20260717_090123_fly2_fc_time_integral_focus_v14/fly2,C:/Users/baloney/Desktop/P4_direct_sliding_state_20260717/fc_time_integral_focus_v14/20260717_090123_fly2_fc_time_integral_focus_v14/fly2/traj_nav.txt,,718.0,735.0,online_multisensor_alignment,baseline,nasa_lean,12,,,1,1,,,,,,,,,,,,,3ba2a7fe10199324914be8a4224933afca94c7e735e1ceee60a3debf78398a41,1,1,
P4-RAW_RUN-4c045d9c3375,raw_run,P4_WITH_P5,P4_direct_sliding_state_20260717,20260717,fly2,fly2,half_lap,SUCCESS_WITH_TRAJECTORY,RUNTIME_ONLY,LEGACY_OUTSIDE_EXPERIMENT_ROOT,C:/Users/baloney/Desktop/P4_direct_sliding_state_20260717/fc_time_integral_half_lap_v14/20260717_093134_fly2_fc_time_integral_half_lap_v14/fly2,C:/Users/baloney/Desktop/P4_direct_sliding_state_20260717/fc_time_integral_half_lap_v14/20260717_093134_fly2_fc_time_integral_half_lap_v14/fly2/traj_nav.txt,,718.0,900.0,online_multisensor_alignment,baseline,nasa_lean,12,,,0,4990,,8,,,,,,,,,,,286d631798be5e155eecc18d977dfada236772619ab819474aa1c61501b5b5a2,1,3,acceptance=PASS
P4-RAW_RUN-00603fa8959c,raw_run,P4_WITH_P5,P4_direct_sliding_state_20260717,20260717,fly2,fly2,,SUCCESS_WITH_TRAJECTORY,RUNTIME_ONLY,LEGACY_OUTSIDE_EXPERIMENT_ROOT,C:/Users/baloney/Desktop/P4_direct_sliding_state_20260717/fc_time_integral_parallel_release_v14/20260717_092428_fly2_fc_time_integral_parallel_release_v14/fly2,C:/Users/baloney/Desktop/P4_direct_sliding_state_20260717/fc_time_integral_parallel_release_v14/20260717_092428_fly2_fc_time_integral_parallel_release_v14/fly2/traj_nav.txt,,718.0,800.0,online_multisensor_alignment,baseline,nasa_lean,12,,,0,1991,,8,,,,,,,,,,,580b951a9f45871de86ae4651ba6e3c52744dc8a7618809db77ce73c54b49882,2,3,acceptance=PASS
P4-RAW_RUN-becd04046635,raw_run,P4_WITH_P5,P4_direct_sliding_state_20260717,20260717,fly2,fly2,,FAILED,RUNTIME_ONLY,LEGACY_OUTSIDE_EXPERIMENT_ROOT,C:/Users/baloney/Desktop/P4_direct_sliding_state_20260717/fc_time_integral_release_probe_v14/20260717_091102_fly2_fc_time_integral_release_probe_v14/fly2,C:/Users/baloney/Desktop/P4_direct_sliding_state_20260717/fc_time_integral_release_probe_v14/20260717_091102_fly2_fc_time_integral_release_probe_v14/fly2/traj_nav.txt,,718.0,800.0,online_multisensor_alignment,baseline,nasa_lean,12,,,1,1,,,,,,,,,,,,,580b951a9f45871de86ae4651ba6e3c52744dc8a7618809db77ce73c54b49882,2,1,
P4-RAW_RUN-eeaff0c319df,raw_run,P4_WITH_P5,P4_direct_sliding_state_20260717,20260717,fly2,fly2,full,SUCCESS_WITH_TRAJECTORY,RUNTIME_ONLY,LEGACY_OUTSIDE_EXPERIMENT_ROOT,C:/Users/baloney/Desktop/P4_direct_sliding_state_20260717/full_graph_precise_consume_full/20260717_073729_fly2_full_graph_precise_consume_full/fly2,C:/Users/baloney/Desktop/P4_direct_sliding_state_20260717/full_graph_precise_consume_full/20260717_073729_fly2_full_graph_precise_consume_full/fly2/traj_nav.txt,,700.0,1100.0,online_multisensor_alignment,baseline,guarded,12,,,0,11203,,8,,,,,,,,,,,e6fccd0705c6f49ea8bcdc51faed460330759983afff12a006a43434112ea5a2,1,3,acceptance=PASS
P4-RAW_RUN-c3651d5b40d2,raw_run,P4_WITH_P5,P4_direct_sliding_state_20260717,20260717,fly2,fly2,full,SUCCESS_WITH_TRAJECTORY,RUNTIME_ONLY,LEGACY_OUTSIDE_EXPERIMENT_ROOT,C:/Users/baloney/Desktop/P4_direct_sliding_state_20260717/full_graph_precise_consume_nasa_full/20260717_074641_fly2_full_graph_precise_consume_nasa_full/fly2,C:/Users/baloney/Desktop/P4_direct_sliding_state_20260717/full_graph_precise_consume_nasa_full/20260717_074641_fly2_full_graph_precise_consume_nasa_full/fly2/traj_nav.txt,,700.0,1100.0,online_multisensor_alignment,baseline,nasa_lean,12,,,0,11203,,8,,,,,,,,,,,b18fb22c9a2c8776ec5a0842d44ce98f0c6317a39907a43f2c1a8a31055cc923,1,3,acceptance=PASS
P4-RAW_RUN-68e955bf5bd6,raw_run,P4_WITH_P5,P4_direct_sliding_state_20260717,20260717,fly2,fly2,full,SUCCESS_WITH_TRAJECTORY,RUNTIME_ONLY,LEGACY_OUTSIDE_EXPERIMENT_ROOT,C:/Users/baloney/Desktop/P4_direct_sliding_state_20260717/full_graph_precise_consume_short/20260717_073346_fly2_full_graph_precise_consume_short/fly2,C:/Users/baloney/Desktop/P4_direct_sliding_state_20260717/full_graph_precise_consume_short/20260717_073346_fly2_full_graph_precise_consume_short/fly2/traj_nav.txt,,700.0,820.0,online_multisensor_alignment,baseline,guarded,12,,,0,2807,,8,,,,,,,,,,,69f97c2df3b0008b6bb2117dc9a56b27ded887773bd9c510f7d1de0ce4305e1f,2,3,acceptance=PASS
P4-RAW_RUN-407158c1dbd3,raw_run,P4_WITH_P5,P4_direct_sliding_state_20260717,20260717,fly2,fly2,full,SUCCESS_WITH_TRAJECTORY,RUNTIME_ONLY,LEGACY_OUTSIDE_EXPERIMENT_ROOT,C:/Users/baloney/Desktop/P4_direct_sliding_state_20260717/full_graph_trend_shadow/20260717_075400_fly2_full_graph_trend_shadow/fly2,C:/Users/baloney/Desktop/P4_direct_sliding_state_20260717/full_graph_trend_shadow/20260717_075400_fly2_full_graph_trend_shadow/fly2/traj_nav.txt,,700.0,760.0,online_multisensor_alignment,baseline,nasa_lean,12,,,0,1008,,8,,,,,,,,,,,9724245c4b296be2b4f5c316605cc500ad7c9ee3d684513c9f4d44e8f042b4f2,3,1,
P4-RAW_RUN-c7d6afdb7a0c,raw_run,P4_WITH_P5,P4_direct_sliding_state_20260717,20260717,fly2,fly2,full,SUCCESS_WITH_TRAJECTORY,RUNTIME_ONLY,LEGACY_OUTSIDE_EXPERIMENT_ROOT,C:/Users/baloney/Desktop/P4_direct_sliding_state_20260717/full_posterior_short/20260717_065933_fly2_full_posterior_short/fly2,C:/Users/baloney/Desktop/P4_direct_sliding_state_20260717/full_posterior_short/20260717_065933_fly2_full_posterior_short/fly2/traj_nav.txt,,700.0,820.0,online_multisensor_alignment,baseline,guarded,12,,,0,2783,,8,,,,,,,,,,,c71739519ecd78aebaabca6169c230fc144acfb612b2578e8aea2a2227ddefdf,2,3,acceptance=PASS
P4-RAW_RUN-05d945dfadb5,raw_run,P4_WITH_P5,P4_direct_sliding_state_20260717,20260717,fly2,fly2,full,SUCCESS_WITH_TRAJECTORY,RUNTIME_ONLY,LEGACY_OUTSIDE_EXPERIMENT_ROOT,C:/Users/baloney/Desktop/P4_direct_sliding_state_20260717/handoff_inflated_history_full_v14/20260717_101107_fly2_native_handoff_history_full/fly2,C:/Users/baloney/Desktop/P4_direct_sliding_state_20260717/handoff_inflated_history_full_v14/20260717_101107_fly2_native_handoff_history_full/fly2/traj_nav.txt,,718.0,1100.0,online_multisensor_alignment,baseline,nasa_lean,12,,,0,10987,,8,openvins_dynamic_initializer_congruence,,,,,,,,,,b058dffba69394237871cd55dbd1f29ecb60bf8d128b2b79b06a00cc54525350,1,3,acceptance=PASS
P4-RAW_RUN-9cd720ce32b3,raw_run,P4_WITH_P5,P4_direct_sliding_state_20260717,20260717,fly2,fly2,half_lap,SUCCESS_WITH_TRAJECTORY,RUNTIME_ONLY,LEGACY_OUTSIDE_EXPERIMENT_ROOT,C:/Users/baloney/Desktop/P4_direct_sliding_state_20260717/handoff_inflated_history_v14/20260717_100406_fly2_native_handoff_history_half_lap/fly2,C:/Users/baloney/Desktop/P4_direct_sliding_state_20260717/handoff_inflated_history_v14/20260717_100406_fly2_native_handoff_history_half_lap/fly2/traj_nav.txt,,718.0,900.0,online_multisensor_alignment,baseline,nasa_lean,12,,,0,4990,,8,openvins_dynamic_initializer_congruence,,,,,,,,,,e357cfaaeb32c730dabea277b428592fa2050c97190e1a4b7f5ab517a4dbf5a1,2,5,acceptance=PASS
P4-RAW_RUN-8d479a37d352,raw_run,P4_WITH_P5,P4_direct_sliding_state_20260717,20260717,fly2,fly2,full,SUCCESS_WITH_TRAJECTORY,RUNTIME_ONLY,LEGACY_OUTSIDE_EXPERIMENT_ROOT,C:/Users/baloney/Desktop/P4_direct_sliding_state_20260717/history_transfer_full/20260717_064049_fly2_history_transfer_full/fly2,C:/Users/baloney/Desktop/P4_direct_sliding_state_20260717/history_transfer_full/20260717_064049_fly2_history_transfer_full/fly2/traj_nav.txt,,700.0,1100.0,online_multisensor_alignment,baseline,guarded,12,,,0,11179,,8,,,,,,,,,,,0cc118fae7d812459637af5e7aef28d631f78f99e8baee7effa068b7ffacb16b,1,3,acceptance=PASS
P4-RAW_RUN-8ab93ca513e2,raw_run,P4_WITH_P5,P4_direct_sliding_state_20260717,20260717,fly2,fly2,short,SUCCESS_WITH_TRAJECTORY,RUNTIME_ONLY,LEGACY_OUTSIDE_EXPERIMENT_ROOT,C:/Users/baloney/Desktop/P4_direct_sliding_state_20260717/history_transfer_short/20260717_063459_fly2_history_transfer_short/fly2,C:/Users/baloney/Desktop/P4_direct_sliding_state_20260717/history_transfer_short/20260717_063459_fly2_history_transfer_short/fly2/traj_nav.txt,,700.0,820.0,online_multisensor_alignment,baseline,guarded,12,,,0,2783,,8,,,,,,,,,,,c71739519ecd78aebaabca6169c230fc144acfb612b2578e8aea2a2227ddefdf,2,3,acceptance=PASS
P4-RAW_RUN-b73e88abdbec,raw_run,P4_WITH_P5,P4_direct_sliding_state_20260717,20260717,fly2,fly2,,FAILED,RUNTIME_ONLY,LEGACY_OUTSIDE_EXPERIMENT_ROOT,C:/Users/baloney/Desktop/P4_direct_sliding_state_20260717/per_keyframe_fc_anchor_shadow_v14/20260717_084437_fly2_per_keyframe_fc_anchor_shadow_v14/fly2,C:/Users/baloney/Desktop/P4_direct_sliding_state_20260717/per_keyframe_fc_anchor_shadow_v14/20260717_084437_fly2_per_keyframe_fc_anchor_shadow_v14/fly2/traj_nav.txt,,700.0,760.0,online_multisensor_alignment,baseline,nasa_lean,12,,,1,1,,,,,,,,,,,,,9724245c4b296be2b4f5c316605cc500ad7c9ee3d684513c9f4d44e8f042b4f2,3,1,
P4-RAW_RUN-eb31d4e3b45e,raw_run,P4_WITH_P5,P4_direct_sliding_state_20260717,20260717,fly2,fly2,short,SUCCESS_WITH_TRAJECTORY,RUNTIME_ONLY,LEGACY_OUTSIDE_EXPERIMENT_ROOT,C:/Users/baloney/Desktop/P4_direct_sliding_state_20260717/precise_consume_short/20260717_071511_fly2_precise_consume_short/fly2,C:/Users/baloney/Desktop/P4_direct_sliding_state_20260717/precise_consume_short/20260717_071511_fly2_precise_consume_short/fly2/traj_nav.txt,,700.0,820.0,online_multisensor_alignment,baseline,guarded,12,,,0,2783,,8,,,,,,,,,,,69f97c2df3b0008b6bb2117dc9a56b27ded887773bd9c510f7d1de0ce4305e1f,2,1,acceptance=FAIL
P4-RAW_RUN-fd9b53cbf53e,raw_run,P4_WITH_P5,P4_direct_sliding_state_20260717,20260717,fly2,fly2,full,SUCCESS_WITH_TRAJECTORY,RUNTIME_ONLY,LEGACY_OUTSIDE_EXPERIMENT_ROOT,C:/Users/baloney/Desktop/P4_direct_sliding_state_20260717/staged_shared_bias_attitude_ablation/20260717_055601_fly2_staged_shared_bias_fc_attitude_full/fly2,C:/Users/baloney/Desktop/P4_direct_sliding_state_20260717/staged_shared_bias_attitude_ablation/20260717_055601_fly2_staged_shared_bias_fc_attitude_full/fly2/traj_nav.txt,,700.0,1100.0,online_multisensor_alignment,baseline,nasa_lean,12,,,0,11131,,8,,,,,,,,,,,d32f3fcdbb8c7e7573d759adfd539107048c9ab1ec4777ead503dec4a438b4de,2,1,acceptance=PASS
P4-RAW_RUN-0af4f94e5062,raw_run,P4_WITH_P5,P4_direct_sliding_state_20260717,20260717,fly2,fly2,short,SUCCESS_WITH_TRAJECTORY,RUNTIME_ONLY,LEGACY_OUTSIDE_EXPERIMENT_ROOT,C:/Users/baloney/Desktop/P4_direct_sliding_state_20260717/staged_shared_bias_attitude_ablation_short/20260717_060529_fly2_staged_shared_bias_fc_attitude_short/fly2,C:/Users/baloney/Desktop/P4_direct_sliding_state_20260717/staged_shared_bias_attitude_ablation_short/20260717_060529_fly2_staged_shared_bias_fc_attitude_short/fly2/traj_nav.txt,,700.0,735.0,online_multisensor_alignment,baseline,nasa_lean,12,,,0,186,,8,,,,,,,,,,,80cc43685c12116e8ef90aa18761f381416ad08cf940418fa8da60e33dac97c1,1,1,acceptance=PASS
P4-RAW_RUN-80e930bd38df,raw_run,P4_WITH_P5,P4_direct_sliding_state_20260717,20260717,fly2,fly2,full,SUCCESS_WITH_TRAJECTORY,RUNTIME_ONLY,LEGACY_OUTSIDE_EXPERIMENT_ROOT,C:/Users/baloney/Desktop/P4_direct_sliding_state_20260717/staged_shared_bias_attitude_ablation_v2/20260717_060700_fly2_staged_shared_bias_fc_attitude_full_v2/fly2,C:/Users/baloney/Desktop/P4_direct_sliding_state_20260717/staged_shared_bias_attitude_ablation_v2/20260717_060700_fly2_staged_shared_bias_fc_attitude_full_v2/fly2/traj_nav.txt,,700.0,1100.0,online_multisensor_alignment,baseline,nasa_lean,12,,,0,11131,,8,,,,,,,,,,,d32f3fcdbb8c7e7573d759adfd539107048c9ab1ec4777ead503dec4a438b4de,2,4,acceptance=PASS
P4-RAW_RUN-80cbd7e0ad54,raw_run,P4_WITH_P5,P4_direct_sliding_state_20260717,20260717,fly2,fly2,full,SUCCESS_WITH_TRAJECTORY,RUNTIME_ONLY,LEGACY_OUTSIDE_EXPERIMENT_ROOT,C:/Users/baloney/Desktop/P4_direct_sliding_state_20260717/staged_shared_bias_covariance_ablation/20260717_054929_fly2_staged_shared_bias_cli_cov_full/fly2,C:/Users/baloney/Desktop/P4_direct_sliding_state_20260717/staged_shared_bias_covariance_ablation/20260717_054929_fly2_staged_shared_bias_cli_cov_full/fly2/traj_nav.txt,,700.0,1100.0,online_multisensor_alignment,baseline,nasa_lean,12,,,0,11131,,8,,,,,,,,,,,59c739d5ffa062ff420e04b8ffaa2ab81474c63f616eb6dc080eeceabc31b04f,1,4,acceptance=PASS
P4-RAW_RUN-64ef4ae4aaa0,raw_run,P4_WITH_P5,P4_direct_sliding_state_20260717,20260717,fly2,fly2,full,SUCCESS_WITH_TRAJECTORY,RUNTIME_ONLY,LEGACY_OUTSIDE_EXPERIMENT_ROOT,C:/Users/baloney/Desktop/P4_direct_sliding_state_20260717/staged_shared_bias_full/20260717_054006_fly2_staged_shared_bias_full/fly2,C:/Users/baloney/Desktop/P4_direct_sliding_state_20260717/staged_shared_bias_full/20260717_054006_fly2_staged_shared_bias_full/fly2/traj_nav.txt,,700.0,1100.0,online_multisensor_alignment,baseline,nasa_lean,12,,,0,11131,,8,,,,,,,,,,,0abf666e1b7ffa3efc5a4b7f4220c248836ae0f6e1a02661fb122700f5b382b3,2,6,acceptance=PASS
P4-RAW_RUN-c9cfce52b0a1,raw_run,P4_WITH_P5,P4_direct_sliding_state_20260717,20260717,fly2,fly2,short,SUCCESS_WITH_TRAJECTORY,RUNTIME_ONLY,LEGACY_OUTSIDE_EXPERIMENT_ROOT,C:/Users/baloney/Desktop/P4_direct_sliding_state_20260717/staged_shared_bias_short/20260717_053750_fly2_staged_shared_bias_short/fly2,C:/Users/baloney/Desktop/P4_direct_sliding_state_20260717/staged_shared_bias_short/20260717_053750_fly2_staged_shared_bias_short/fly2/traj_nav.txt,,700.0,735.0,online_multisensor_alignment,baseline,nasa_lean,12,,,0,186,,8,,,,,,,,,,,a07c96adb6f125bf1d1b5e546fb97c18eb3eac28fdc03d94f5f4870623645fa5,1,1,acceptance=PASS
P4-RAW_RUN-f75c2dff30fc,raw_run,P4_WITH_P5,P4_direct_sliding_state_20260717,20260717,fly2,fly2,full,SUCCESS_WITH_TRAJECTORY,RUNTIME_ONLY,COMPLIANT_EXPERIMENT_ROOT,C:/Users/baloney/Desktop/实验目录/P4_direct_sliding_state_20260717/20260717_040557_fly2_direction_direct_covariance/fly2,C:/Users/baloney/Desktop/实验目录/P4_direct_sliding_state_20260717/20260717_040557_fly2_direction_direct_covariance/fly2/traj_nav.txt,,700.0,1100.0,online_multisensor_alignment,baseline,nasa_lean,12,,,0,11131,,8,,,,,,,,,,,83b5558b381c01c8a7f7d6d9f84c37cec21cc826f2ca7a2c5cfa1c60343fa802,1,3,acceptance=PASS
P4-RAW_RUN-9e7002b7a6bf,raw_run,P4_WITH_P5,P4_direct_sliding_state_20260717,20260717,fly2,fly2,full,SUCCESS_NO_TRAJECTORY,RUNTIME_ONLY,COMPLIANT_EXPERIMENT_ROOT,C:/Users/baloney/Desktop/实验目录/P4_direct_sliding_state_20260717/bias_seed_center_full/20260717_050607_fly2_bias_seed_center_full/fly2,,,700.0,1100.0,online_multisensor_alignment,baseline,nasa_lean,12,,,0,0,,,,,,,,,,,,,1636869ad5fcaceedbaf9e1506f98b217fd39d93e3bdf859b3311e7e1075beb7,2,,
P4-RAW_RUN-b7667920d720,raw_run,P4,P4_direct_sliding_state_20260717,20260717,fly2,20260717_043334_fly2_single_row_nasa_stride12,full,SUCCESS_WITH_TRAJECTORY,RUNTIME_ONLY,COMPLIANT_EXPERIMENT_ROOT,C:/Users/baloney/Desktop/实验目录/P4_direct_sliding_state_20260717/delay_matched_single_fly2/20260717_043334_fly2_single_row_nasa_stride12,C:/Users/baloney/Desktop/实验目录/P4_direct_sliding_state_20260717/delay_matched_single_fly2/20260717_043334_fly2_single_row_nasa_stride12/traj_nav.txt,,726.448473692,1100.0,fc_full_state,baseline,nasa_lean,12,,,0,11153,,,,,,,,,,,,,60f2cf575002b7db96607e2f016d6f5ffa7139e1904ac54c7f607ad67001668b,1,10,
P4-RAW_RUN-0bbbaf676caa,raw_run,P4_WITH_P5,P4_direct_sliding_state_20260717,20260717,fly2,20260717_041311_fly2_single_row_nasa_stride12,full,SUCCESS_WITH_TRAJECTORY,RUNTIME_ONLY,COMPLIANT_EXPERIMENT_ROOT,C:/Users/baloney/Desktop/实验目录/P4_direct_sliding_state_20260717/fly2_fair_single_control/20260717_041311_fly2_single_row_nasa_stride12,C:/Users/baloney/Desktop/实验目录/P4_direct_sliding_state_20260717/fly2_fair_single_control/20260717_041311_fly2_single_row_nasa_stride12/traj_nav.txt,,700.0,1100.0,fc_full_state,baseline,nasa_lean,12,,,0,11946,,,,,,,,,,,,,ead53b56f9862a56455236fa1e0a393d349ce736dbdeba5f224178297e9e6fc9,1,16,
P4-RAW_RUN-b1d0814787e3,raw_run,P4_WITH_P5,P4_direct_sliding_state_20260717,20260717,fly2,fly2,full,SUCCESS_WITH_TRAJECTORY,RUNTIME_ONLY,COMPLIANT_EXPERIMENT_ROOT,C:/Users/baloney/Desktop/实验目录/P4_direct_sliding_state_20260717/graph_q_fc_pv_zero_bias_ablation/20260717_044837_fly2_graph_q_fc_pv_zero_bias/fly2,C:/Users/baloney/Desktop/实验目录/P4_direct_sliding_state_20260717/graph_q_fc_pv_zero_bias_ablation/20260717_044837_fly2_graph_q_fc_pv_zero_bias/fly2/traj_nav.txt,,700.0,1100.0,online_multisensor_alignment,baseline,nasa_lean,12,,,0,11131,,8,,,,,,,,,,,b52cc3c77dda129af3740d30cfd0d178df89e0f4736903540f15551e37cab4dd,1,4,acceptance=PASS
P4-RAW_RUN-6b2fb98cea16,raw_run,P4_WITH_P5,P4_direct_sliding_state_20260717,20260717,fly2,fly2,full,FAILED,RUNTIME_ONLY,COMPLIANT_EXPERIMENT_ROOT,C:/Users/baloney/Desktop/实验目录/P4_direct_sliding_state_20260717/new_terminal_handoff_focus_v15/20260717_120353_terminal_handoff_fly2/fly2,,,718,1100,online_multisensor_alignment,baseline,nasa_lean,12,,,1,0,,,,,,,,,,,,,e1013b15b0cef0a79a026c25c9ebc2d66ee05eaa44362e4b793783a1e5dc654f,1,,
P4-RAW_RUN-773533601069,raw_run,P4_WITH_P5,P4_direct_sliding_state_20260717,20260717,fly2,fly2,full,SUCCESS_WITH_TRAJECTORY,RUNTIME_ONLY,COMPLIANT_EXPERIMENT_ROOT,C:/Users/baloney/Desktop/实验目录/P4_direct_sliding_state_20260717/seed_center_short/20260717_050247_fly2_bias_seed_center_short/fly2,C:/Users/baloney/Desktop/实验目录/P4_direct_sliding_state_20260717/seed_center_short/20260717_050247_fly2_bias_seed_center_short/fly2/traj_nav.txt,,700.0,735.0,online_multisensor_alignment,baseline,nasa_lean,12,,,0,186,,8,,,,,,,,,,,dcb417893125fdee46386ca8d08dba967ebe9e79930c8b2cf4dc652f6e3c6f41,1,1,acceptance=PASS
P4-BATCH-8caecb2f9336,batch,P4,P4_direct_sliding_state_20260717,20260717,fly3,20260717_105504_fly3_full_native_handoff,full,FAILED,ORCHESTRATION_ONLY,LEGACY_OUTSIDE_EXPERIMENT_ROOT,C:/Users/baloney/Desktop/P4_direct_sliding_state_20260717/crossflight_native_handoff_v14/fly3/20260717_105504_fly3_full_native_handoff,,,,,,,,,,,,,,,,,,,,,,,,,,,,batch_exit_codes.csv
P4-BATCH-720986896d91,batch,P4,P4_direct_sliding_state_20260717,20260717,fly3,20260717_033441_fly3_short_direct,short,FAILED,ORCHESTRATION_ONLY,COMPLIANT_EXPERIMENT_ROOT,C:/Users/baloney/Desktop/实验目录/P4_direct_sliding_state_20260717/20260717_033441_fly3_short_direct,,,,,,,,,,,,,,,,,,,,,,,,,,,,batch_exit_codes.csv
P4-BATCH-fdd046c63d58,batch,P4,P4_direct_sliding_state_20260717,20260717,fly3,20260717_034917_fly3_short_direct_covariance,short,FAILED,ORCHESTRATION_ONLY,COMPLIANT_EXPERIMENT_ROOT,C:/Users/baloney/Desktop/实验目录/P4_direct_sliding_state_20260717/20260717_034917_fly3_short_direct_covariance,,,,,,,,,,,,,,,,,,,,,,,,,,,,batch_exit_codes.csv
P4-BATCH-0e88a78d0f5c,batch,P4,P4_direct_sliding_state_20260717,20260717,fly3,20260717_035318_fly3_one_lap_direct_covariance,one_lap,BATCH_RECEIPT_PRESENT,ORCHESTRATION_ONLY,COMPLIANT_EXPERIMENT_ROOT,C:/Users/baloney/Desktop/实验目录/P4_direct_sliding_state_20260717/20260717_035318_fly3_one_lap_direct_covariance,,,,,,,,,,,,,,,,,,,,,,,,,,,,batch_exit_codes.csv
P4-BATCH-309553f11b25,batch,P4,P4_direct_sliding_state_20260717,20260717,fly3,20260717_120353_terminal_handoff_fly3,focus,FAILED,ORCHESTRATION_ONLY,COMPLIANT_EXPERIMENT_ROOT,C:/Users/baloney/Desktop/实验目录/P4_direct_sliding_state_20260717/new_terminal_handoff_focus_v15/20260717_120353_terminal_handoff_fly3,,,,,,,,,,,,,,,,,,,,,,,,,,,,batch_exit_codes.csv
P4-EVALUATION-555ed5bb7a18,evaluation,P4_RELATED_UNCLASSIFIED,P4_direct_sliding_state_20260717,20260717,fly3,current_runtime_single_row_control,,EVALUATED,FORMAL_MAIN,LEGACY_OUTSIDE_EXPERIMENT_ROOT,C:/Users/baloney/Desktop/P4_direct_sliding_state_20260717/crossflight_eval_v14/current_single_row_controls/p4_crossflight_v14_20260717/20260717_fly3_current_runtime_single_row_control_control,C:/Users/baloney/Desktop/P4_direct_sliding_state_20260717/crossflight_single_row_controls_v14/fly3/20260717_113250_fly3/traj_nav.txt,,650.450491428,1726.199999809,,,,,start_heading,gps_update_after_vio,,,,,,1075.6,40.223,242.92,352.05,1.539,3.687,5.4,15.43,2.7,,,3,"Same current binary/config/backend as P4 v14, but initialized from one FC state; exact P4/global common interval."
P4-EVALUATION-d5526daabeb1,evaluation,P4_RELATED_UNCLASSIFIED,P4_direct_sliding_state_20260717,20260717,fly3,historical_global_baseline_oc_stride12,,EVALUATED,FORMAL_MAIN,LEGACY_OUTSIDE_EXPERIMENT_ROOT,C:/Users/baloney/Desktop/P4_direct_sliding_state_20260717/crossflight_eval_v14/p4_crossflight_v14_20260717/20260717_fly3_historical_global_baseline_oc_stride12_reference,C:/Users/baloney/Desktop/实验目录/_OPENVINS_ORGANIZED_20260625/01_final_locked_stride_sweep/stable_config_stride_validation_20260622/runs/fly3_oc_stride12/traj.txt,,650.450491428,1726.199999809,,,,,start_heading,gps_update_after_vio,,,,,,1075.6,40.223,258.91,318.44,1.599,3.795,5.49,5.56,2.73,,,4,"Historical global-baseline stride-12 trajectory, re-evaluated on the exact P4 common interval with the current official start-heading contract."
P4-EVALUATION-b88a05014777,evaluation,P4,P4_direct_sliding_state_20260717,20260717,fly3,p4_direct_sliding_native_handoff,full,EVALUATED,FORMAL_MAIN,LEGACY_OUTSIDE_EXPERIMENT_ROOT,C:/Users/baloney/Desktop/P4_direct_sliding_state_20260717/crossflight_eval_v14/p4_crossflight_v14_20260717/20260717_fly3_p4_direct_sliding_native_handoff_candidate,C:/Users/baloney/Desktop/P4_direct_sliding_state_20260717/crossflight_native_handoff_v14/fly3/20260717_105504_fly3_full_native_handoff/fly3/traj_nav.txt,,650.450491428,1726.199999809,,,,,start_heading,gps_update_after_vio,,,,,,1075.6,40.223,241.92,253.14,1.455,3.604,5.43,19.79,2.99,,,3,Unchanged P4 v14 full-flight result on the strict common interval with the historical stride-12 global baseline.
P4-EVALUATION-e70f5cfde6a3,evaluation,P4,P4_direct_sliding_state_20260717,20260717,fly3,p4_direct_joint_state_nasa_stride12,one_lap,EVALUATED,FORMAL_MAIN,COMPLIANT_EXPERIMENT_ROOT,C:/Users/baloney/Desktop/实验目录/P4_direct_sliding_state_20260717/formal_eval_fly3_one_lap/p4_direct_sliding_state_20260717/20260717_fly3_p4_direct_joint_state_nasa_stride12_部分,C:/Users/baloney/Desktop/实验目录/P4_direct_sliding_state_20260717/20260717_035318_fly3_one_lap_direct_covariance/fly3/traj_nav.txt,,629.63953948,946.976679564,,,,,start_heading,gps_update_after_vio,,,,,,314.6,11.687,90.7,113.31,0.98,1.399,1.59,1.76,-1.32,,,4,Direct coherent q/p/v/bg/ba/covariance release after repeated 8 s joint windows and covariance-normalized same-time overlap consistency; no provisional VIO or Sim(3) history reset; no GPS XY/course online.
P4-EVALUATION-854ac048ae6f,evaluation,P4_RELATED_UNCLASSIFIED,P4_direct_sliding_state_20260717,20260717,fly3,single_row_covlocked_nasa_stride12_common_direct,one_lap,EVALUATED,FORMAL_MAIN,COMPLIANT_EXPERIMENT_ROOT,C:/Users/baloney/Desktop/实验目录/P4_direct_sliding_state_20260717/formal_eval_fly3_one_lap/p4_direct_sliding_state_20260717/20260717_fly3_single_row_covlocked_nasa_stride12_common_direct_部分,C:/Users/baloney/Desktop/实验目录/P4_provisional_gauge_refactor_20260717/fair_nasa_single/20260717_025346_fly3/traj_nav.txt,,629.63953948,946.976679564,,,,,start_heading,gps_update_after_vio,,,,,,317.0,11.792,118.43,152.8,1.208,1.508,1.42,2.23,-2.13,,,6,Fair single-row control cropped to the exact direct-release evaluation interval.
P4-EVALUATION-def17e8c8373,evaluation,P4,P4_direct_sliding_state_20260717,20260717,fly3,p4_direct_joint_state_nasa_stride12,one_lap,EVALUATED,FORMAL_MAIN,COMPLIANT_EXPERIMENT_ROOT,C:/Users/baloney/Desktop/实验目录/P4_direct_sliding_state_20260717/formal_eval_fly3_one_lap_common/p4_direct_sliding_state_20260717/20260717_fly3_p4_direct_joint_state_nasa_stride12_部分,C:/Users/baloney/Desktop/实验目录/P4_direct_sliding_state_20260717/20260717_035318_fly3_one_lap_direct_covariance/fly3/traj_nav.txt,,632.199999809,946.799999952,,,,,start_heading,gps_update_after_vio,,,,,,314.6,11.687,90.68,113.26,0.98,1.399,1.59,1.76,-1.32,,,4,Direct coherent q/p/v/bg/ba/covariance release after repeated 8 s joint windows and covariance-normalized same-time overlap consistency; no provisional VIO or Sim(3) history reset; no GPS XY/course online.
P4-EVALUATION-3b0e21a8c84d,evaluation,P4_RELATED_UNCLASSIFIED,P4_direct_sliding_state_20260717,20260717,fly3,single_row_covlocked_nasa_stride12_common_direct,one_lap,EVALUATED,FORMAL_MAIN,COMPLIANT_EXPERIMENT_ROOT,C:/Users/baloney/Desktop/实验目录/P4_direct_sliding_state_20260717/formal_eval_fly3_one_lap_common/p4_direct_sliding_state_20260717/20260717_fly3_single_row_covlocked_nasa_stride12_common_direct_部分,C:/Users/baloney/Desktop/实验目录/P4_provisional_gauge_refactor_20260717/fair_nasa_single/20260717_025346_fly3/traj_nav.txt,,632.199999809,946.799999952,,,,,start_heading,gps_update_after_vio,,,,,,314.6,11.687,122.44,156.9,1.213,1.521,1.45,2.27,-1.27,,,6,Fair single-row control cropped to the exact direct-release evaluation interval.
P4-RAW_RUN-5abae08c9982,raw_run,P4_WITH_P5,P4_direct_sliding_state_20260717,20260717,fly3,fly3,full,SUCCESS_WITH_TRAJECTORY,RUNTIME_ONLY,LEGACY_OUTSIDE_EXPERIMENT_ROOT,C:/Users/baloney/Desktop/P4_direct_sliding_state_20260717/crossflight_native_handoff_v14/fly3/20260717_105504_fly3_full_native_handoff/fly3,C:/Users/baloney/Desktop/P4_direct_sliding_state_20260717/crossflight_native_handoff_v14/fly3/20260717_105504_fly3_full_native_handoff/fly3/traj_nav.txt,,618.0,1837.0,online_multisensor_alignment,baseline,nasa_lean,12,,,0,35581,,8,openvins_dynamic_initializer_congruence,,,,,,,,,,0892978ade11602825ae2821d455a2142242c41cfda3d800f5001b2194085757,1,3,acceptance=FAIL
P4-RAW_RUN-ddec8307bb9b,raw_run,P4,P4_direct_sliding_state_20260717,20260717,fly3,20260717_113250_fly3,full,SUCCESS_WITH_TRAJECTORY,RUNTIME_ONLY,LEGACY_OUTSIDE_EXPERIMENT_ROOT,C:/Users/baloney/Desktop/P4_direct_sliding_state_20260717/crossflight_single_row_controls_v14/fly3/20260717_113250_fly3,C:/Users/baloney/Desktop/P4_direct_sliding_state_20260717/crossflight_single_row_controls_v14/fly3/20260717_113250_fly3/traj_nav.txt,,618.0,1837.0,fc_full_state,baseline,nasa_lean,12,,,0,36504,,,,,,,,,,,,,10b7f6034642dbb1d604fb327fd9cf07fcec57851855295baae58c2af7acd45c,1,3,
P4-RAW_RUN-57225eb97022,raw_run,P4_WITH_P5,P4_direct_sliding_state_20260717,20260717,fly3,fly3,full,SUCCESS_WITH_TRAJECTORY,RUNTIME_ONLY,COMPLIANT_EXPERIMENT_ROOT,C:/Users/baloney/Desktop/实验目录/P4_direct_sliding_state_20260717/20260717_033441_fly3_short_direct/fly3,C:/Users/baloney/Desktop/实验目录/P4_direct_sliding_state_20260717/20260717_033441_fly3_short_direct/fly3/traj_nav.txt,,618.0,650.0,online_multisensor_alignment,baseline,nasa_lean,12,,,0,1,,,,,,,,,,,,,9dc2ec877ca857322b9362c4602cee82d470912897bd8f4b9ddd7ca4697e811a,2,1,acceptance=FAIL
P4-RAW_RUN-78b4571b279a,raw_run,P4_WITH_P5,P4_direct_sliding_state_20260717,20260717,fly3,fly3,full,SUCCESS_WITH_TRAJECTORY,RUNTIME_ONLY,COMPLIANT_EXPERIMENT_ROOT,C:/Users/baloney/Desktop/实验目录/P4_direct_sliding_state_20260717/20260717_034917_fly3_short_direct_covariance/fly3,C:/Users/baloney/Desktop/实验目录/P4_direct_sliding_state_20260717/20260717_034917_fly3_short_direct_covariance/fly3/traj_nav.txt,,618.0,650.0,online_multisensor_alignment,baseline,nasa_lean,12,,,0,540,,,,,,,,,,,,,9dc2ec877ca857322b9362c4602cee82d470912897bd8f4b9ddd7ca4697e811a,2,1,
P4-RAW_RUN-53eab8ff6696,raw_run,P4_WITH_P5,P4_direct_sliding_state_20260717,20260717,fly3,fly3,full,SUCCESS_WITH_TRAJECTORY,RUNTIME_ONLY,COMPLIANT_EXPERIMENT_ROOT,C:/Users/baloney/Desktop/实验目录/P4_direct_sliding_state_20260717/20260717_035318_fly3_one_lap_direct_covariance/fly3,C:/Users/baloney/Desktop/实验目录/P4_direct_sliding_state_20260717/20260717_035318_fly3_one_lap_direct_covariance/fly3/traj_nav.txt,,618.0,947.0,online_multisensor_alignment,baseline,nasa_lean,12,,,0,9446,,8,,,,,,,,,,,c035d978b9a2d10684defe9ce6b1c53b7c035354b32a137bd868e3d57c9e7ba5,2,4,acceptance=PASS
P4-RAW_RUN-d48eb964a11e,raw_run,P4_WITH_P5,P4_direct_sliding_state_20260717,20260717,fly3,fly3,full,SUCCESS_WITH_TRAJECTORY,RUNTIME_ONLY,COMPLIANT_EXPERIMENT_ROOT,C:/Users/baloney/Desktop/实验目录/P4_direct_sliding_state_20260717/new_terminal_handoff_focus_v15/20260717_120353_terminal_handoff_fly3/fly3,C:/Users/baloney/Desktop/实验目录/P4_direct_sliding_state_20260717/new_terminal_handoff_focus_v15/20260717_120353_terminal_handoff_fly3/fly3/traj_nav.txt,,618,1150,online_multisensor_alignment,baseline,nasa_lean,12,,,0,14933,,8,openvins_dynamic_initializer_terminal_state,,,,,,,,,,234c303e7f698ad7e0774bdb63140435f893ee36f51876fff712ef06b7e06ead,1,1,acceptance=FAIL
P4-BATCH-4acac7336fc2,batch,P4_RELATED_UNCLASSIFIED,P4_provisional_gauge_refactor_20260717,20260717,,20260717_011219_short_shadow,short,FAILED,ORCHESTRATION_ONLY,COMPLIANT_EXPERIMENT_ROOT,C:/Users/baloney/Desktop/实验目录/P4_provisional_gauge_refactor_20260717/20260717_011219_short_shadow,,,,,,,,,,,,,,,,,,,,,,,,,,,,batch_exit_codes.csv
P4-BATCH-aeaae80dd718,batch,P4_RELATED_UNCLASSIFIED,P4_provisional_gauge_refactor_20260717,20260717,,20260717_011826_short_shadow,short,FAILED,ORCHESTRATION_ONLY,COMPLIANT_EXPERIMENT_ROOT,C:/Users/baloney/Desktop/实验目录/P4_provisional_gauge_refactor_20260717/20260717_011826_short_shadow,,,,,,,,,,,,,,,,,,,,,,,,,,,,batch_exit_codes.csv
P4-BATCH-21df10701ef0,batch,P4_RELATED_UNCLASSIFIED,P4_provisional_gauge_refactor_20260717,20260717,,20260717_013218_short_shadow,short,FAILED,ORCHESTRATION_ONLY,COMPLIANT_EXPERIMENT_ROOT,C:/Users/baloney/Desktop/实验目录/P4_provisional_gauge_refactor_20260717/20260717_013218_short_shadow,,,,,,,,,,,,,,,,,,,,,,,,,,,,batch_exit_codes.csv
P4-BATCH-ef2875b9a644,batch,P4_RELATED_UNCLASSIFIED,P4_provisional_gauge_refactor_20260717,20260717,,20260717_014053_short_shadow,short,FAILED,ORCHESTRATION_ONLY,COMPLIANT_EXPERIMENT_ROOT,C:/Users/baloney/Desktop/实验目录/P4_provisional_gauge_refactor_20260717/20260717_014053_short_shadow,,,,,,,,,,,,,,,,,,,,,,,,,,,,batch_exit_codes.csv
P4-BATCH-4e5906a738bc,batch,P4_RELATED_UNCLASSIFIED,P4_provisional_gauge_refactor_20260717,20260717,,20260717_015149_short_shadow,short,FAILED,ORCHESTRATION_ONLY,COMPLIANT_EXPERIMENT_ROOT,C:/Users/baloney/Desktop/实验目录/P4_provisional_gauge_refactor_20260717/20260717_015149_short_shadow,,,,,,,,,,,,,,,,,,,,,,,,,,,,batch_exit_codes.csv
P4-BATCH-44a27ce04f2f,batch,P4_RELATED_UNCLASSIFIED,P4_provisional_gauge_refactor_20260717,20260717,,20260717_020903_short_shadow,short,FAILED,ORCHESTRATION_ONLY,COMPLIANT_EXPERIMENT_ROOT,C:/Users/baloney/Desktop/实验目录/P4_provisional_gauge_refactor_20260717/20260717_020903_short_shadow,,,,,,,,,,,,,,,,,,,,,,,,,,,,batch_exit_codes.csv
P4-BATCH-b76b6d536e21,batch,P4_RELATED_UNCLASSIFIED,P4_provisional_gauge_refactor_20260717,20260717,,20260717_021659_short_shadow,short,FAILED,ORCHESTRATION_ONLY,COMPLIANT_EXPERIMENT_ROOT,C:/Users/baloney/Desktop/实验目录/P4_provisional_gauge_refactor_20260717/20260717_021659_short_shadow,,,,,,,,,,,,,,,,,,,,,,,,,,,,batch_exit_codes.csv
P4-BATCH-6bc96cc836f7,batch,P4_RELATED_UNCLASSIFIED,P4_provisional_gauge_refactor_20260717,20260717,fly1,20260717_025346_one_lap_fair_nasa,one_lap,BATCH_RECEIPT_PRESENT,ORCHESTRATION_ONLY,COMPLIANT_EXPERIMENT_ROOT,C:/Users/baloney/Desktop/实验目录/P4_provisional_gauge_refactor_20260717/fair_nasa_p4_fly1/20260717_025346_one_lap_fair_nasa,,,,,,,,,,,,,,,,,,,,,,,,,,,,batch_exit_codes.csv
P4-BATCH-d509dd63f62a,batch,P4_RELATED_UNCLASSIFIED,P4_provisional_gauge_refactor_20260717,20260717,fly1,20260717_022149_one_lap_formal,focus,BATCH_RECEIPT_PRESENT,ORCHESTRATION_ONLY,COMPLIANT_EXPERIMENT_ROOT,C:/Users/baloney/Desktop/实验目录/P4_provisional_gauge_refactor_20260717/focus_fly1/20260717_022149_one_lap_formal,,,,,,,,,,,,,,,,,,,,,,,,,,,,batch_exit_codes.csv
P4-EVALUATION-49c3014fcd91,evaluation,P4,P4_provisional_gauge_refactor_20260717,20260717,fly1,p4_sliding_similarity_nasa_stride12,focus,EVALUATED,FORMAL_MAIN,COMPLIANT_EXPERIMENT_ROOT,C:/Users/baloney/Desktop/实验目录/P4_provisional_gauge_refactor_20260717/fair_nasa_evaluation/p4_fair_nasa_focus_20260717/20260717_fly1_p4_sliding_similarity_nasa_stride12_部分,C:/Users/baloney/Desktop/实验目录/P4_provisional_gauge_refactor_20260717/fair_nasa_p4_fly1/20260717_025346_one_lap_fair_nasa/fly1/traj_nav.txt,,945.282735109,1150.967029333,,,,,start_heading,gps_update_after_vio,,,,,,205.4,7.548,110.49,106.26,1.047,1.698,2.06,3.42,1.21,,,3,Formal P4 sliding-window run under the same frozen NASA/Lear GPS-Z and fixed-stride contract as the single-row control.
P4-EVALUATION-13ebaab3d77a,evaluation,P4_RELATED_UNCLASSIFIED,P4_provisional_gauge_refactor_20260717,20260717,fly1,single_row_covlocked_nasa_stride12,focus,EVALUATED,FORMAL_MAIN,COMPLIANT_EXPERIMENT_ROOT,C:/Users/baloney/Desktop/实验目录/P4_provisional_gauge_refactor_20260717/fair_nasa_evaluation/p4_fair_nasa_focus_20260717/20260717_fly1_single_row_covlocked_nasa_stride12_部分,C:/Users/baloney/Desktop/实验目录/P4_provisional_gauge_refactor_20260717/fair_nasa_single/20260717_025346_fly1/traj_nav.txt,,945.282735109,1150.967029333,,,,,start_heading,gps_update_after_vio,,,,,,205.4,7.548,186.18,195.2,1.94,2.67,2.87,4.25,4.13,,,5,"Fair control: current binary, frozen startup covariance, frozen NASA/Lear GPS-Z contract, fixed stride 12."
P4-EVALUATION-ba66466276df,evaluation,P4_RELATED_UNCLASSIFIED,P4_provisional_gauge_refactor_20260717,20260717,fly1,current_binary_single_row_stride12,full,EVALUATED,FORMAL_MAIN,COMPLIANT_EXPERIMENT_ROOT,C:/Users/baloney/Desktop/实验目录/P4_provisional_gauge_refactor_20260717/focus_evaluation/p4_gauge_focus_20260717/20260717_fly1_current_binary_single_row_stride12_部分,C:/Users/baloney/Desktop/实验目录/P4_provisional_gauge_refactor_20260717/current_single_row_focus/20260717_023225_fly1/traj_nav.txt,,945.282735109,1150.967029333,,,,,start_heading,gps_update_after_vio,,,,,,205.4,7.548,161.32,165.83,1.838,2.287,2.13,3.56,3.08,,,3,Current binary and current config with one-row FC full-state initialization; same evaluation overlap as P4.
P4-EVALUATION-ecc527ede5a4,evaluation,P4_RELATED_UNCLASSIFIED,P4_provisional_gauge_refactor_20260717,20260717,fly1,frozen_single_row_stride12,focus,EVALUATED,FORMAL_MAIN,COMPLIANT_EXPERIMENT_ROOT,C:/Users/baloney/Desktop/实验目录/P4_provisional_gauge_refactor_20260717/focus_evaluation/p4_gauge_focus_20260717/20260717_fly1_frozen_single_row_stride12_部分,C:/Users/baloney/Desktop/实验目录/_OPENVINS_ORGANIZED_20260625/01_final_locked_stride_sweep/stable_config_stride_validation_20260622/runs/fly1_oc_stride12/traj.txt,,945.282735109,1150.967029333,,,,,start_heading,gps_update_after_vio,,,,,,205.4,7.548,182.05,180.51,2.009,2.657,2.67,4.72,2.72,,,4,"Correct frozen historical one-row FC initialization, cropped to exactly the current P4 overlap."
P4-EVALUATION-e01e82089966,evaluation,P4,P4_provisional_gauge_refactor_20260717,20260717,fly1,p4_sliding_similarity_history,focus,EVALUATED,FORMAL_MAIN,COMPLIANT_EXPERIMENT_ROOT,C:/Users/baloney/Desktop/实验目录/P4_provisional_gauge_refactor_20260717/focus_evaluation/p4_gauge_focus_20260717/20260717_fly1_p4_sliding_similarity_history_部分,C:/Users/baloney/Desktop/实验目录/P4_provisional_gauge_refactor_20260717/focus_fly1/20260717_022149_one_lap_formal/fly1/traj_nav.txt,,945.282735109,1150.967029333,,,,,start_heading,gps_update_after_vio,,,,,,205.4,7.548,85.98,78.57,0.775,1.375,1.72,2.81,1.18,,,3,Formal P4 fixed 8 s sliding windows; provisional VIO history preserved; causal similarity release; no GPS XY/course online.
P4-EVALUATION-c8514edbb771,evaluation,P4_RELATED_UNCLASSIFIED,P4_provisional_gauge_refactor_20260717,20260717,fly1,current_binary_single_row_covlocked_stride12,focus,EVALUATED,FORMAL_MAIN,COMPLIANT_EXPERIMENT_ROOT,C:/Users/baloney/Desktop/实验目录/P4_provisional_gauge_refactor_20260717/focus_evaluation/p4_gauge_focus_20260717/p4_gauge_focus_20260717/20260717_fly1_current_binary_single_row_covlocked_stride12_部分,C:/Users/baloney/Desktop/实验目录/P4_provisional_gauge_refactor_20260717/current_single_row_covlocked/20260717_024425_fly1/traj_nav.txt,,945.282735109,1150.967029333,,,,,start_heading,gps_update_after_vio,,,,,,205.4,7.548,195.69,204.82,2.05,2.78,2.95,4.35,3.34,,,3,"Current binary single-row control with the exact frozen covariance contract: att=3deg, pos=0.05m, vel=5m/s, bg=0.003rad/s, ba=1m/s2."
P4-RAW_RUN-b4c299b68e4c,raw_run,P4_WITH_P5,P4_provisional_gauge_refactor_20260717,20260717,fly1,fly1,full,SUCCESS_WITH_TRAJECTORY,RUNTIME_ONLY,COMPLIANT_EXPERIMENT_ROOT,C:/Users/baloney/Desktop/实验目录/P4_provisional_gauge_refactor_20260717/20260717_011219_short_shadow/fly1,C:/Users/baloney/Desktop/实验目录/P4_provisional_gauge_refactor_20260717/20260717_011219_short_shadow/fly1/traj_nav.txt,,930.0,952.0,online_multisensor_alignment,baseline,guarded,12,,,0,1,,,,,,,,,,,,,31c757cddab61f2ffa662978412da1552e063b7a4ee25604115628533b7ebec5,6,1,acceptance=FAIL
P4-RAW_RUN-ae0c2dd41a87,raw_run,P4_WITH_P5,P4_provisional_gauge_refactor_20260717,20260717,fly1,fly1,full,SUCCESS_WITH_TRAJECTORY,RUNTIME_ONLY,COMPLIANT_EXPERIMENT_ROOT,C:/Users/baloney/Desktop/实验目录/P4_provisional_gauge_refactor_20260717/20260717_011826_short_shadow/fly1,C:/Users/baloney/Desktop/实验目录/P4_provisional_gauge_refactor_20260717/20260717_011826_short_shadow/fly1/traj_nav.txt,,930.0,952.0,online_multisensor_alignment,baseline,guarded,12,,,0,1,,,,,,,,,,,,,31c757cddab61f2ffa662978412da1552e063b7a4ee25604115628533b7ebec5,6,1,acceptance=FAIL
P4-RAW_RUN-3d6515f394dd,raw_run,P4_WITH_P5,P4_provisional_gauge_refactor_20260717,20260717,fly1,fly1,full,SUCCESS_WITH_TRAJECTORY,RUNTIME_ONLY,COMPLIANT_EXPERIMENT_ROOT,C:/Users/baloney/Desktop/实验目录/P4_provisional_gauge_refactor_20260717/20260717_013218_short_shadow/fly1,C:/Users/baloney/Desktop/实验目录/P4_provisional_gauge_refactor_20260717/20260717_013218_short_shadow/fly1/traj_nav.txt,,930.0,952.0,online_multisensor_alignment,baseline,guarded,12,,,0,1,,,,,,,,,,,,,31c757cddab61f2ffa662978412da1552e063b7a4ee25604115628533b7ebec5,6,1,acceptance=FAIL
P4-RAW_RUN-f52dbf9644c1,raw_run,P4_WITH_P5,P4_provisional_gauge_refactor_20260717,20260717,fly1,fly1,full,SUCCESS_WITH_TRAJECTORY,RUNTIME_ONLY,COMPLIANT_EXPERIMENT_ROOT,C:/Users/baloney/Desktop/实验目录/P4_provisional_gauge_refactor_20260717/20260717_014053_short_shadow/fly1,C:/Users/baloney/Desktop/实验目录/P4_provisional_gauge_refactor_20260717/20260717_014053_short_shadow/fly1/traj_nav.txt,,930.0,952.0,online_multisensor_alignment,baseline,guarded,12,,,0,1,,,,,,,,,,,,,31c757cddab61f2ffa662978412da1552e063b7a4ee25604115628533b7ebec5,6,1,acceptance=FAIL
P4-RAW_RUN-562602b69997,raw_run,P4_WITH_P5,P4_provisional_gauge_refactor_20260717,20260717,fly1,fly1,full,SUCCESS_WITH_TRAJECTORY,RUNTIME_ONLY,COMPLIANT_EXPERIMENT_ROOT,C:/Users/baloney/Desktop/实验目录/P4_provisional_gauge_refactor_20260717/20260717_015149_short_shadow/fly1,C:/Users/baloney/Desktop/实验目录/P4_provisional_gauge_refactor_20260717/20260717_015149_short_shadow/fly1/traj_nav.txt,,930.0,952.0,online_multisensor_alignment,baseline,guarded,12,,,0,1,,,,,,,,,,,,,31c757cddab61f2ffa662978412da1552e063b7a4ee25604115628533b7ebec5,6,1,acceptance=FAIL
P4-RAW_RUN-a7ff75a98b4e,raw_run,P4_WITH_P5,P4_provisional_gauge_refactor_20260717,20260717,fly1,fly1,full,SUCCESS_WITH_TRAJECTORY,RUNTIME_ONLY,COMPLIANT_EXPERIMENT_ROOT,C:/Users/baloney/Desktop/实验目录/P4_provisional_gauge_refactor_20260717/20260717_020903_short_shadow/fly1,C:/Users/baloney/Desktop/实验目录/P4_provisional_gauge_refactor_20260717/20260717_020903_short_shadow/fly1/traj_nav.txt,,930.0,952.0,online_multisensor_alignment,baseline,guarded,12,,,0,203,,8,,,,,,,,,,,31c757cddab61f2ffa662978412da1552e063b7a4ee25604115628533b7ebec5,6,1,acceptance=FAIL
P4-RAW_RUN-69d3d780d45a,raw_run,P4,P4_provisional_gauge_refactor_20260717,20260717,fly1,20260717_024425_fly1,full,SUCCESS_WITH_TRAJECTORY,RUNTIME_ONLY,COMPLIANT_EXPERIMENT_ROOT,C:/Users/baloney/Desktop/实验目录/P4_provisional_gauge_refactor_20260717/current_single_row_covlocked/20260717_024425_fly1,C:/Users/baloney/Desktop/实验目录/P4_provisional_gauge_refactor_20260717/current_single_row_covlocked/20260717_024425_fly1/traj_nav.txt,,930.0,1151.0,fc_full_state,baseline,guarded,12,,,0,6578,,,,,,,,,,,,,ac1bd54aa4a8d58bb377b058e8402d9390cae9ccb0473869a8ce16a62e84d835,1,3,
P4-RAW_RUN-8868878a3eb8,raw_run,P4,P4_provisional_gauge_refactor_20260717,20260717,fly1,20260717_023225_fly1,full,SUCCESS_WITH_TRAJECTORY,RUNTIME_ONLY,COMPLIANT_EXPERIMENT_ROOT,C:/Users/baloney/Desktop/实验目录/P4_provisional_gauge_refactor_20260717/current_single_row_focus/20260717_023225_fly1,C:/Users/baloney/Desktop/实验目录/P4_provisional_gauge_refactor_20260717/current_single_row_focus/20260717_023225_fly1/traj_nav.txt,,930.0,1151.0,fc_full_state,baseline,guarded,12,,,0,6578,,,,,,,,,,,,,fb99d27d87ac079a9fcfb845c3fc0f045c439c6883ee0e5312a16bf3cbc909b3,1,3,
P4-RAW_RUN-f162a45af577,raw_run,P4_WITH_P5,P4_provisional_gauge_refactor_20260717,20260717,fly1,fly1,full,SUCCESS_WITH_TRAJECTORY,RUNTIME_ONLY,COMPLIANT_EXPERIMENT_ROOT,C:/Users/baloney/Desktop/实验目录/P4_provisional_gauge_refactor_20260717/fair_nasa_p4_fly1/20260717_025346_one_lap_fair_nasa/fly1,C:/Users/baloney/Desktop/实验目录/P4_provisional_gauge_refactor_20260717/fair_nasa_p4_fly1/20260717_025346_one_lap_fair_nasa/fly1/traj_nav.txt,,930.0,1151.0,online_multisensor_alignment,baseline,nasa_lean,12,,,0,6170,,8,,,,,,,,,,,28479875f7a33ce0afb804ac6b9f1318b86902baa815bb73c53158b0ded81eb0,2,3,acceptance=PASS
P4-RAW_RUN-3f87cd0b626c,raw_run,P4,P4_provisional_gauge_refactor_20260717,20260717,fly1,20260717_025346_fly1,full,SUCCESS_WITH_TRAJECTORY,RUNTIME_ONLY,COMPLIANT_EXPERIMENT_ROOT,C:/Users/baloney/Desktop/实验目录/P4_provisional_gauge_refactor_20260717/fair_nasa_single/20260717_025346_fly1,C:/Users/baloney/Desktop/实验目录/P4_provisional_gauge_refactor_20260717/fair_nasa_single/20260717_025346_fly1/traj_nav.txt,,930.0,1151.0,fc_full_state,baseline,nasa_lean,12,,,0,6578,,,,,,,,,,,,,3a697e430ed59e7796962c007e1ff5ca521d7b1642f748d572d9867a0923035a,1,5,
P4-RAW_RUN-410a31bb96ad,raw_run,P4_WITH_P5,P4_provisional_gauge_refactor_20260717,20260717,fly1,fly1,full,SUCCESS_WITH_TRAJECTORY,RUNTIME_ONLY,COMPLIANT_EXPERIMENT_ROOT,C:/Users/baloney/Desktop/实验目录/P4_provisional_gauge_refactor_20260717/focus_fly1/20260717_022149_one_lap_formal/fly1,C:/Users/baloney/Desktop/实验目录/P4_provisional_gauge_refactor_20260717/focus_fly1/20260717_022149_one_lap_formal/fly1/traj_nav.txt,,930.0,1151.0,online_multisensor_alignment,baseline,guarded,12,,,0,6170,,8,,,,,,,,,,,48a29a112cd6d77fb3081411b0b1c8cec61acf7c43adf723fb61025d8b8b54ea,1,3,acceptance=PASS
P4-BATCH-084c2c1b0375,batch,P4_RELATED_UNCLASSIFIED,P4_provisional_gauge_refactor_20260717,20260717,fly3,20260717_031429_fly3_one_lap_fair_nasa_no_anchor,one_lap,BATCH_RECEIPT_PRESENT,ORCHESTRATION_ONLY,COMPLIANT_EXPERIMENT_ROOT,C:/Users/baloney/Desktop/实验目录/P4_provisional_gauge_refactor_20260717/causal_no_anchor/20260717_031429_fly3_one_lap_fair_nasa_no_anchor,,,,,,,,,,,,,,,,,,,,,,,,,,,,batch_exit_codes.csv
P4-BATCH-f836c4aef642,batch,P4_RELATED_UNCLASSIFIED,P4_provisional_gauge_refactor_20260717,20260717,fly3,20260717_025346_one_lap_fair_nasa,one_lap,BATCH_RECEIPT_PRESENT,ORCHESTRATION_ONLY,COMPLIANT_EXPERIMENT_ROOT,C:/Users/baloney/Desktop/实验目录/P4_provisional_gauge_refactor_20260717/fair_nasa_p4_fly3/20260717_025346_one_lap_fair_nasa,,,,,,,,,,,,,,,,,,,,,,,,,,,,batch_exit_codes.csv
P4-BATCH-1b6ffbc19601,batch,P4_RELATED_UNCLASSIFIED,P4_provisional_gauge_refactor_20260717,20260717,fly3,20260717_022149_one_lap_formal,focus,BATCH_RECEIPT_PRESENT,ORCHESTRATION_ONLY,COMPLIANT_EXPERIMENT_ROOT,C:/Users/baloney/Desktop/实验目录/P4_provisional_gauge_refactor_20260717/focus_fly3/20260717_022149_one_lap_formal,,,,,,,,,,,,,,,,,,,,,,,,,,,,batch_exit_codes.csv
P4-EVALUATION-cc96b640d237,evaluation,P4,P4_provisional_gauge_refactor_20260717,20260717,fly3,p4_sliding_similarity_nasa_stride12,focus,EVALUATED,FORMAL_MAIN,COMPLIANT_EXPERIMENT_ROOT,C:/Users/baloney/Desktop/实验目录/P4_provisional_gauge_refactor_20260717/fair_nasa_evaluation/p4_fair_nasa_focus_20260717/20260717_fly3_p4_sliding_similarity_nasa_stride12_部分,C:/Users/baloney/Desktop/实验目录/P4_provisional_gauge_refactor_20260717/fair_nasa_p4_fly3/20260717_025346_one_lap_fair_nasa/fly3/traj_nav.txt,,629.272258282,946.976679564,,,,,start_heading,gps_update_after_vio,,,,,,317.4,11.809,235.06,19.02,3.92,4.089,1.71,1.78,-1.78,,,3,Formal P4 sliding-window run under the same frozen NASA/Lear GPS-Z and fixed-stride contract as the single-row control.
P4-EVALUATION-06f035f770e9,evaluation,P4_RELATED_UNCLASSIFIED,P4_provisional_gauge_refactor_20260717,20260717,fly3,single_row_covlocked_nasa_stride12,focus,EVALUATED,FORMAL_MAIN,COMPLIANT_EXPERIMENT_ROOT,C:/Users/baloney/Desktop/实验目录/P4_provisional_gauge_refactor_20260717/fair_nasa_evaluation/p4_fair_nasa_focus_20260717/20260717_fly3_single_row_covlocked_nasa_stride12_部分,C:/Users/baloney/Desktop/实验目录/P4_provisional_gauge_refactor_20260717/fair_nasa_single/20260717_025346_fly3/traj_nav.txt,,629.272258282,946.976679564,,,,,start_heading,gps_update_after_vio,,,,,,317.4,11.809,117.86,152.02,1.208,1.506,1.42,2.22,-2.0,,,6,"Fair control: current binary, frozen startup covariance, frozen NASA/Lear GPS-Z contract, fixed stride 12."
P4-EVALUATION-d10108c3d050,evaluation,P4_RELATED_UNCLASSIFIED,P4_provisional_gauge_refactor_20260717,20260717,fly3,current_binary_single_row_stride12,full,EVALUATED,FORMAL_MAIN,COMPLIANT_EXPERIMENT_ROOT,C:/Users/baloney/Desktop/实验目录/P4_provisional_gauge_refactor_20260717/focus_evaluation/p4_gauge_focus_20260717/20260717_fly3_current_binary_single_row_stride12_部分,C:/Users/baloney/Desktop/实验目录/P4_provisional_gauge_refactor_20260717/current_single_row_focus/20260717_023225_fly3/traj_nav.txt,,629.272258282,946.976679564,,,,,start_heading,gps_update_after_vio,,,,,,317.4,11.809,170.93,224.78,2.212,3.147,3.69,4.21,-6.31,,,3,Current binary and current config with one-row FC full-state initialization; same evaluation overlap as P4.
P4-EVALUATION-7fbf155ced05,evaluation,P4_RELATED_UNCLASSIFIED,P4_provisional_gauge_refactor_20260717,20260717,fly3,frozen_single_row_stride12,focus,EVALUATED,FORMAL_MAIN,COMPLIANT_EXPERIMENT_ROOT,C:/Users/baloney/Desktop/实验目录/P4_provisional_gauge_refactor_20260717/focus_evaluation/p4_gauge_focus_20260717/20260717_fly3_frozen_single_row_stride12_部分,C:/Users/baloney/Desktop/实验目录/_OPENVINS_ORGANIZED_20260625/01_final_locked_stride_sweep/stable_config_stride_validation_20260622/runs/fly3_oc_stride12/traj.txt,,629.272258282,946.976679564,,,,,start_heading,gps_update_after_vio,,,,,,317.4,11.809,118.5,148.69,1.219,1.65,1.75,1.37,-1.56,,,4,"Correct frozen historical one-row FC initialization, cropped to exactly the current P4 overlap."
P4-EVALUATION-bfa818ed7c14,evaluation,P4,P4_provisional_gauge_refactor_20260717,20260717,fly3,p4_sliding_similarity_history,focus,EVALUATED,FORMAL_MAIN,COMPLIANT_EXPERIMENT_ROOT,C:/Users/baloney/Desktop/实验目录/P4_provisional_gauge_refactor_20260717/focus_evaluation/p4_gauge_focus_20260717/20260717_fly3_p4_sliding_similarity_history_部分,C:/Users/baloney/Desktop/实验目录/P4_provisional_gauge_refactor_20260717/focus_fly3/20260717_022149_one_lap_formal/fly3/traj_nav.txt,,629.272258282,946.976679564,,,,,start_heading,gps_update_after_vio,,,,,,317.4,11.809,179.45,258.73,1.503,2.396,3.0,4.22,-1.72,,,3,Formal P4 fixed 8 s sliding windows; provisional VIO history preserved; causal similarity release; no GPS XY/course online.
P4-EVALUATION-be61617bfbc9,evaluation,P4_RELATED_UNCLASSIFIED,P4_provisional_gauge_refactor_20260717,20260717,fly3,current_binary_single_row_covlocked_stride12,focus,EVALUATED,FORMAL_MAIN,COMPLIANT_EXPERIMENT_ROOT,C:/Users/baloney/Desktop/实验目录/P4_provisional_gauge_refactor_20260717/focus_evaluation/p4_gauge_focus_20260717/p4_gauge_focus_20260717/20260717_fly3_current_binary_single_row_covlocked_stride12_部分,C:/Users/baloney/Desktop/实验目录/P4_provisional_gauge_refactor_20260717/current_single_row_covlocked/20260717_024442_fly3/traj_nav.txt,,629.272258282,946.976679564,,,,,start_heading,gps_update_after_vio,,,,,,317.4,11.809,184.47,214.63,2.555,2.798,1.88,2.88,-2.16,,,3,"Current binary single-row control with the exact frozen covariance contract: att=3deg, pos=0.05m, vel=5m/s, bg=0.003rad/s, ba=1m/s2."
P4-RAW_RUN-fc3f2e44706e,raw_run,P4_WITH_P5,P4_provisional_gauge_refactor_20260717,20260717,fly3,fly3,full,SUCCESS_WITH_TRAJECTORY,RUNTIME_ONLY,COMPLIANT_EXPERIMENT_ROOT,C:/Users/baloney/Desktop/实验目录/P4_provisional_gauge_refactor_20260717/20260717_021659_short_shadow/fly3,C:/Users/baloney/Desktop/实验目录/P4_provisional_gauge_refactor_20260717/20260717_021659_short_shadow/fly3/traj_nav.txt,,618.0,640.0,online_multisensor_alignment,baseline,guarded,12,,,0,323,,8,,,,,,,,,,,4e7958e315bc2640a4c91d1865083ab2778280d2f8d5560ea223afaa474acc64,3,1,acceptance=FAIL
P4-RAW_RUN-c6019438da89,raw_run,P4_WITH_P5,P4_provisional_gauge_refactor_20260717,20260717,fly3,fly3,full,SUCCESS_WITH_TRAJECTORY,RUNTIME_ONLY,COMPLIANT_EXPERIMENT_ROOT,C:/Users/baloney/Desktop/实验目录/P4_provisional_gauge_refactor_20260717/causal_no_anchor/20260717_031429_fly3_one_lap_fair_nasa_no_anchor/fly3,C:/Users/baloney/Desktop/实验目录/P4_provisional_gauge_refactor_20260717/causal_no_anchor/20260717_031429_fly3_one_lap_fair_nasa_no_anchor/fly3/traj_nav.txt,,618.0,947.0,online_multisensor_alignment,baseline,nasa_lean,12,,,0,1,,,,,,,,,,,,,2a986c1e41ec9b8cae28867f98aa6fafd5e5f0cff8bb8a47208c0dd9a5855fa4,1,1,
P4-RAW_RUN-47e9aec2ff2a,raw_run,P4,P4_provisional_gauge_refactor_20260717,20260717,fly3,20260717_024336_fly3,full,SUCCESS_WITH_TRAJECTORY,RUNTIME_ONLY,COMPLIANT_EXPERIMENT_ROOT,C:/Users/baloney/Desktop/实验目录/P4_provisional_gauge_refactor_20260717/current_single_row_covlocked/20260717_024336_fly3,C:/Users/baloney/Desktop/实验目录/P4_provisional_gauge_refactor_20260717/current_single_row_covlocked/20260717_024336_fly3/traj_nav.txt,,618.0,622.0,fc_full_state,baseline,guarded,12,,,0,71,,,,,,,,,,,,,ac69a26b59d5cca75ab72fd5fba2a8fb55a52d94feb2f5035b84cd54b8904313,1,1,
P4-RAW_RUN-494998e0eb0b,raw_run,P4,P4_provisional_gauge_refactor_20260717,20260717,fly3,20260717_024442_fly3,full,SUCCESS_WITH_TRAJECTORY,RUNTIME_ONLY,COMPLIANT_EXPERIMENT_ROOT,C:/Users/baloney/Desktop/实验目录/P4_provisional_gauge_refactor_20260717/current_single_row_covlocked/20260717_024442_fly3,C:/Users/baloney/Desktop/实验目录/P4_provisional_gauge_refactor_20260717/current_single_row_covlocked/20260717_024442_fly3/traj_nav.txt,,618.0,947.0,fc_full_state,baseline,guarded,12,,,0,9817,,,,,,,,,,,,,b72664b5d8ad6c2f864423ca5dec14787272882cf4c44a12c28c17bb92669996,1,3,
P4-RAW_RUN-68c8d35442aa,raw_run,P4,P4_provisional_gauge_refactor_20260717,20260717,fly3,20260717_023225_fly3,full,SUCCESS_WITH_TRAJECTORY,RUNTIME_ONLY,COMPLIANT_EXPERIMENT_ROOT,C:/Users/baloney/Desktop/实验目录/P4_provisional_gauge_refactor_20260717/current_single_row_focus/20260717_023225_fly3,C:/Users/baloney/Desktop/实验目录/P4_provisional_gauge_refactor_20260717/current_single_row_focus/20260717_023225_fly3/traj_nav.txt,,618.0,947.0,fc_full_state,baseline,guarded,12,,,0,9817,,,,,,,,,,,,,3fc563bc954ef1c2c1ec7577e8661ddbcd4e56ccca19e2cef77d0766894227c1,1,3,
P4-RAW_RUN-5fb10840fa1a,raw_run,P4,P4_provisional_gauge_refactor_20260717,20260717,fly3,20260717_025150_fly3,full,SUCCESS_WITH_TRAJECTORY,RUNTIME_ONLY,COMPLIANT_EXPERIMENT_ROOT,C:/Users/baloney/Desktop/实验目录/P4_provisional_gauge_refactor_20260717/current_single_row_nasa_contract/20260717_025150_fly3,C:/Users/baloney/Desktop/实验目录/P4_provisional_gauge_refactor_20260717/current_single_row_nasa_contract/20260717_025150_fly3/traj_nav.txt,,618.0,650.0,fc_full_state,baseline,nasa_lean,12,,,0,911,,,,,,,,,,,,,c47d0bb217c8c587c0e519b15add40e2ce470d31c5390d3b1bf72dd063e8a714,1,1,
P4-RAW_RUN-500bfa005ad7,raw_run,P4_WITH_P5,P4_provisional_gauge_refactor_20260717,20260717,fly3,fly3,full,SUCCESS_WITH_TRAJECTORY,RUNTIME_ONLY,COMPLIANT_EXPERIMENT_ROOT,C:/Users/baloney/Desktop/实验目录/P4_provisional_gauge_refactor_20260717/fair_nasa_p4_fly3/20260717_025346_one_lap_fair_nasa/fly3,C:/Users/baloney/Desktop/实验目录/P4_provisional_gauge_refactor_20260717/fair_nasa_p4_fly3/20260717_025346_one_lap_fair_nasa/fly3/traj_nav.txt,,618.0,947.0,online_multisensor_alignment,baseline,nasa_lean,12,,,0,9529,,8,,,,,,,,,,,c035d978b9a2d10684defe9ce6b1c53b7c035354b32a137bd868e3d57c9e7ba5,2,3,acceptance=PASS
P4-RAW_RUN-1c1521ad5b71,raw_run,P4,P4_provisional_gauge_refactor_20260717,20260717,fly3,20260717_025346_fly3,full,SUCCESS_WITH_TRAJECTORY,RUNTIME_ONLY,COMPLIANT_EXPERIMENT_ROOT,C:/Users/baloney/Desktop/实验目录/P4_provisional_gauge_refactor_20260717/fair_nasa_single/20260717_025346_fly3,C:/Users/baloney/Desktop/实验目录/P4_provisional_gauge_refactor_20260717/fair_nasa_single/20260717_025346_fly3/traj_nav.txt,,618.0,947.0,fc_full_state,baseline,nasa_lean,12,,,0,9817,,,,,,,,,,,,,8c87b7bd4bcf2488df5c24d0e43bc9dce55b8c5fcbb374fbde1a1064557db99f,1,6,
P4-RAW_RUN-bafe587337cf,raw_run,P4_WITH_P5,P4_provisional_gauge_refactor_20260717,20260717,fly3,fly3,full,SUCCESS_WITH_TRAJECTORY,RUNTIME_ONLY,COMPLIANT_EXPERIMENT_ROOT,C:/Users/baloney/Desktop/实验目录/P4_provisional_gauge_refactor_20260717/focus_fly3/20260717_022149_one_lap_formal/fly3,C:/Users/baloney/Desktop/实验目录/P4_provisional_gauge_refactor_20260717/focus_fly3/20260717_022149_one_lap_formal/fly3/traj_nav.txt,,618.0,947.0,online_multisensor_alignment,baseline,guarded,12,,,0,9529,,8,,,,,,,,,,,a117884b37a7f47972f4582ba3aa928a11dd5eb402313bcee779e8b165e99a45,1,3,acceptance=PASS
P4-RUN_SPEC-8026a3a3e44a,run_spec,P4,p4_crossflight_v14_20260717,20260717,fly1,current_runtime_single_row_control,,SPEC_INPUTS_PRESENT,SPEC_ONLY,LEGACY_OUTSIDE_EXPERIMENT_ROOT,D:/vscode_dir/open_vins_p4_sliding_r1/analysis/run_specs/p4_crossflight_v14_20260717/fly1_current_single_row_common.json,C:/Users/baloney/Desktop/P4_direct_sliding_state_20260717/crossflight_single_row_controls_v14/fly1/20260717_113250_fly1/traj_nav.txt,analysis/run_specs/p4_crossflight_v14_20260717/fly1_current_single_row_common.json,999.671996832,1703.193238869,,,,,start_heading,gps_update_after_vio,,30178,,,,,,,,,,,,,,,3,"Same current binary/config/backend as P4 v14, but initialized from one FC state; exact P4/global common interval."
P4-RUN_SPEC-28741a41fede,run_spec,P4,p4_crossflight_v14_20260717,20260717,fly1,historical_global_baseline_oc_stride12,,SPEC_INPUTS_PRESENT,SPEC_ONLY,COMPLIANT_EXPERIMENT_ROOT,D:/vscode_dir/open_vins_p4_sliding_r1/analysis/run_specs/p4_crossflight_v14_20260717/fly1_global_common.json,C:/Users/baloney/Desktop/实验目录/_OPENVINS_ORGANIZED_20260625/01_final_locked_stride_sweep/stable_config_stride_validation_20260622/runs/fly1_oc_stride12/traj.txt,analysis/run_specs/p4_crossflight_v14_20260717/fly1_global_common.json,999.671996832,1703.193238869,,,,,start_heading,gps_update_after_vio,,30178,,,,,,,,,,,,,,,4,"Historical global-baseline stride-12 trajectory, re-evaluated on the exact P4 common interval with the current official start-heading contract."
P4-RUN_SPEC-f9c2ec9295b4,run_spec,P4,p4_crossflight_v14_20260717,20260717,fly1,p4_direct_sliding_native_handoff,full,SPEC_INPUTS_PRESENT,SPEC_ONLY,LEGACY_OUTSIDE_EXPERIMENT_ROOT,D:/vscode_dir/open_vins_p4_sliding_r1/analysis/run_specs/p4_crossflight_v14_20260717/fly1_p4_common.json,C:/Users/baloney/Desktop/P4_direct_sliding_state_20260717/crossflight_native_handoff_v14/fly1/20260717_105504_fly1_full_native_handoff/fly1/traj_nav.txt,analysis/run_specs/p4_crossflight_v14_20260717/fly1_p4_common.json,999.671996832,1703.193238869,,,,,start_heading,gps_update_after_vio,,28139,,,,,,,,,,,,,,,3,Unchanged P4 v14 full-flight result on the strict common interval with the historical stride-12 global baseline.
P4-RUN_SPEC-9b2320741364,run_spec,P4,p4_crossflight_v14_20260717,20260717,fly2,current_runtime_single_row_control,,SPEC_INPUTS_PRESENT,SPEC_ONLY,LEGACY_OUTSIDE_EXPERIMENT_ROOT,D:/vscode_dir/open_vins_p4_sliding_r1/analysis/run_specs/p4_crossflight_v14_20260717/fly2_current_single_row_common.json,C:/Users/baloney/Desktop/P4_direct_sliding_state_20260717/crossflight_single_row_controls_v14/fly2/20260717_113250_fly2_single_row_nasa_stride12/traj_nav.txt,analysis/run_specs/p4_crossflight_v14_20260717/fly2_current_single_row_common.json,733.649778605,2299.639999952,,,,,start_heading,gps_update_after_vio,,53927,,,,,,,,,,,,,,,3,"Same current binary/config/backend as P4 v14, but initialized from one FC state; exact P4/global common interval."
P4-RUN_SPEC-370e15429e5f,run_spec,P4,p4_crossflight_v14_20260717,20260717,fly2,historical_global_baseline_oc_stride12,,SPEC_INPUTS_PRESENT,SPEC_ONLY,COMPLIANT_EXPERIMENT_ROOT,D:/vscode_dir/open_vins_p4_sliding_r1/analysis/run_specs/p4_crossflight_v14_20260717/fly2_global_common.json,C:/Users/baloney/Desktop/实验目录/_OPENVINS_ORGANIZED_20260625/01_final_locked_stride_sweep/stable_config_stride_validation_20260622/runs/fly2_oc_stride12/traj.txt,analysis/run_specs/p4_crossflight_v14_20260717/fly2_global_common.json,733.649778605,2299.639999952,,,,,start_heading,gps_update_after_vio,,47930,,,,,,,,,,,,,,,2,"Historical global-baseline stride-12 trajectory, re-evaluated on the exact P4 common interval with the current official start-heading contract."
P4-RUN_SPEC-12a1982484c0,run_spec,P4,p4_crossflight_v14_20260717,20260717,fly2,p4_direct_sliding_native_handoff,full,SPEC_INPUTS_PRESENT,SPEC_ONLY,LEGACY_OUTSIDE_EXPERIMENT_ROOT,D:/vscode_dir/open_vins_p4_sliding_r1/analysis/run_specs/p4_crossflight_v14_20260717/fly2_p4_common.json,C:/Users/baloney/Desktop/P4_direct_sliding_state_20260717/crossflight_native_handoff_v14/fly2/20260717_105742_fly2_true_full_native_handoff/fly2/traj_nav.txt,analysis/run_specs/p4_crossflight_v14_20260717/fly2_p4_common.json,733.649778605,2299.639999952,,,,,start_heading,gps_update_after_vio,,52968,,,,,,,,,,,,,,,5,Unchanged P4 v14 full fly2 result on the strict common interval with the historical stride-12 global baseline.
P4-RUN_SPEC-9b9a81821119,run_spec,P4,p4_crossflight_v14_20260717,20260717,fly2,p4_direct_sliding_native_handoff_true_full,full,SPEC_INPUTS_PRESENT,SPEC_ONLY,LEGACY_OUTSIDE_EXPERIMENT_ROOT,D:/vscode_dir/open_vins_p4_sliding_r1/analysis/run_specs/p4_crossflight_v14_20260717/fly2_p4_true_full.json,C:/Users/baloney/Desktop/P4_direct_sliding_state_20260717/crossflight_native_handoff_v14/fly2/20260717_105742_fly2_true_full_native_handoff/fly2/traj_nav.txt,analysis/run_specs/p4_crossflight_v14_20260717/fly2_p4_true_full.json,733.649778605,2499.9,,,,,start_heading,gps_update_after_vio,,52968,,,,,,,,,,,,,,,5,True full fly2 P4 run through 2500 s; the historical global baseline ends at 2300 s and is compared separately on the strict common interval.
P4-RUN_SPEC-2188b79ee594,run_spec,P4,p4_crossflight_v14_20260717,20260717,fly3,current_runtime_single_row_control,,SPEC_INPUTS_PRESENT,SPEC_ONLY,LEGACY_OUTSIDE_EXPERIMENT_ROOT,D:/vscode_dir/open_vins_p4_sliding_r1/analysis/run_specs/p4_crossflight_v14_20260717/fly3_current_single_row_common.json,C:/Users/baloney/Desktop/P4_direct_sliding_state_20260717/crossflight_single_row_controls_v14/fly3/20260717_113250_fly3/traj_nav.txt,analysis/run_specs/p4_crossflight_v14_20260717/fly3_current_single_row_common.json,650.450491428,1726.199999809,,,,,start_heading,gps_update_after_vio,,36504,,,,,,,,,,,,,,,3,"Same current binary/config/backend as P4 v14, but initialized from one FC state; exact P4/global common interval."
P4-RUN_SPEC-c1fa1821644c,run_spec,P4,p4_crossflight_v14_20260717,20260717,fly3,historical_global_baseline_oc_stride12,,SPEC_INPUTS_PRESENT,SPEC_ONLY,COMPLIANT_EXPERIMENT_ROOT,D:/vscode_dir/open_vins_p4_sliding_r1/analysis/run_specs/p4_crossflight_v14_20260717/fly3_global_common.json,C:/Users/baloney/Desktop/实验目录/_OPENVINS_ORGANIZED_20260625/01_final_locked_stride_sweep/stable_config_stride_validation_20260622/runs/fly3_oc_stride12/traj.txt,analysis/run_specs/p4_crossflight_v14_20260717/fly3_global_common.json,650.450491428,1726.199999809,,,,,start_heading,gps_update_after_vio,,36504,,,,,,,,,,,,,,,4,"Historical global-baseline stride-12 trajectory, re-evaluated on the exact P4 common interval with the current official start-heading contract."
P4-RUN_SPEC-a9990f807e10,run_spec,P4,p4_crossflight_v14_20260717,20260717,fly3,p4_direct_sliding_native_handoff,full,SPEC_INPUTS_PRESENT,SPEC_ONLY,LEGACY_OUTSIDE_EXPERIMENT_ROOT,D:/vscode_dir/open_vins_p4_sliding_r1/analysis/run_specs/p4_crossflight_v14_20260717/fly3_p4_common.json,C:/Users/baloney/Desktop/P4_direct_sliding_state_20260717/crossflight_native_handoff_v14/fly3/20260717_105504_fly3_full_native_handoff/fly3/traj_nav.txt,analysis/run_specs/p4_crossflight_v14_20260717/fly3_p4_common.json,650.450491428,1726.199999809,,,,,start_heading,gps_update_after_vio,,35581,,,,,,,,,,,,,,,3,Unchanged P4 v14 full-flight result on the strict common interval with the historical stride-12 global baseline.
P4-RUN_SPEC-a256205c2c53,run_spec,P4,p4_direct_sliding_state_20260717,20260717,fly1,p4_direct_joint_state_nasa_stride12,focus,SPEC_INPUTS_PRESENT,SPEC_ONLY,COMPLIANT_EXPERIMENT_ROOT,D:/vscode_dir/open_vins_p4_sliding_r1/analysis/run_specs/p4_gauge_focus_20260717/fly1_direct_sliding_state.json,C:/Users/baloney/Desktop/实验目录/P4_direct_sliding_state_20260717/20260717_040030_fly1_one_lap_direct_covariance/fly1/traj_nav.txt,analysis/run_specs/p4_gauge_focus_20260717/fly1_direct_sliding_state.json,947.250199795,1150.8,,,,,start_heading,gps_update_after_vio,,6111,,,,,,,,,,,,,,,3,Direct coherent q/p/v/bg/ba/covariance release after repeated 8 s joint windows and covariance-normalized same-time overlap consistency; no provisional VIO or Sim(3) history reset; no GPS XY/course online.
P4-RUN_SPEC-9de774e92de8,run_spec,P4,p4_direct_sliding_state_20260717,20260717,fly1,single_row_covlocked_nasa_stride12_common_direct,focus,SPEC_INPUTS_PRESENT,SPEC_ONLY,COMPLIANT_EXPERIMENT_ROOT,D:/vscode_dir/open_vins_p4_sliding_r1/analysis/run_specs/p4_gauge_focus_20260717/fly1_fair_nasa_single_common_direct.json,C:/Users/baloney/Desktop/实验目录/P4_provisional_gauge_refactor_20260717/fair_nasa_single/20260717_025346_fly1/traj_nav.txt,analysis/run_specs/p4_gauge_focus_20260717/fly1_fair_nasa_single_common_direct.json,947.250199795,1150.8,,,,,start_heading,gps_update_after_vio,,6578,,,,,,,,,,,,,,,5,Fair single-row control cropped to the exact direct-release evaluation interval.
P4-RUN_SPEC-f099f7ce665d,run_spec,P4,p4_direct_sliding_state_20260717,20260717,fly2,p4_bias_seed_center_common_direct,focus,SPEC_INPUTS_PRESENT,SPEC_ONLY,LEGACY_OUTSIDE_EXPERIMENT_ROOT,D:/vscode_dir/open_vins_p4_sliding_r1/analysis/run_specs/p4_gauge_focus_20260717/fly2_bias_seed_center_common_direct.json,C:/Users/baloney/Desktop/P4_direct_sliding_state_20260717/bias_seed_center_full/20260717_050856_fly2_bias_seed_center_full/fly2/traj_nav.txt,analysis/run_specs/p4_gauge_focus_20260717/fly2_bias_seed_center_common_direct.json,728.84884119,1099.8,,,,,start_heading,gps_update_after_vio,,11131,,,,,,,,,,,,,,,4,Graph-state candidate with first bg/ba priors centered at the data-derived seeds; coherent q/p/v/bg/ba and recovered covariance; no GPS XY/course online.
P4-RUN_SPEC-81c2925219fc,run_spec,P4,p4_direct_sliding_state_20260717,20260717,fly2,single_row_delay_matched_726p448_common_direct,focus,SPEC_INPUTS_PRESENT,SPEC_ONLY,COMPLIANT_EXPERIMENT_ROOT,D:/vscode_dir/open_vins_p4_sliding_r1/analysis/run_specs/p4_gauge_focus_20260717/fly2_delay_matched_single_common_direct.json,C:/Users/baloney/Desktop/实验目录/P4_direct_sliding_state_20260717/delay_matched_single_fly2/20260717_043334_fly2_single_row_nasa_stride12/traj_nav.txt,analysis/run_specs/p4_gauge_focus_20260717/fly2_delay_matched_single_common_direct.json,728.84884119,1099.8,,,,,start_heading,gps_update_after_vio,,11153,,,,,,,,,,,,,,,10,Causal delayed-start single-row control initialized at the P4 release time; same stride/GPS-Z and common evaluation interval.
P4-RUN_SPEC-99fa846da0f0,run_spec,P4,p4_direct_sliding_state_20260717,20260717,fly2,p4_direct_joint_state_nasa_stride12,focus,SPEC_INPUTS_PRESENT,SPEC_ONLY,COMPLIANT_EXPERIMENT_ROOT,D:/vscode_dir/open_vins_p4_sliding_r1/analysis/run_specs/p4_gauge_focus_20260717/fly2_direct_sliding_state.json,C:/Users/baloney/Desktop/实验目录/P4_direct_sliding_state_20260717/20260717_040557_fly2_direction_direct_covariance/fly2/traj_nav.txt,analysis/run_specs/p4_gauge_focus_20260717/fly2_direct_sliding_state.json,728.84884119,1099.8,,,,,start_heading,gps_update_after_vio,,11131,,,,,,,,,,,,,,,3,Direction-transfer check for direct coherent q/p/v/bg/ba/covariance release; no GPS XY/course online.
P4-RUN_SPEC-cdb818281859,run_spec,P4,p4_direct_sliding_state_20260717,20260717,fly2,single_row_covlocked_nasa_stride12_common_direct,focus,SPEC_INPUTS_PRESENT,SPEC_ONLY,COMPLIANT_EXPERIMENT_ROOT,D:/vscode_dir/open_vins_p4_sliding_r1/analysis/run_specs/p4_gauge_focus_20260717/fly2_fair_nasa_single_common_direct.json,C:/Users/baloney/Desktop/实验目录/P4_direct_sliding_state_20260717/fly2_fair_single_control/20260717_041311_fly2_single_row_nasa_stride12/traj_nav.txt,analysis/run_specs/p4_gauge_focus_20260717/fly2_fair_nasa_single_common_direct.json,728.84884119,1099.8,,,,,start_heading,gps_update_after_vio,,11946,,,,,,,,,,,,,,,16,"Fair single-row control under the same current runner, refined GPS, NASA/Lear GPS-Z and stride-12 contract, cropped to the direct-release interval."
P4-RUN_SPEC-29f25f3ad7aa,run_spec,P4,p4_direct_sliding_state_20260717,20260717,fly2,diagnostic_graph_q_fc_pv_zero_bias_common_direct,focus,SPEC_INPUTS_PRESENT,SPEC_ONLY,COMPLIANT_EXPERIMENT_ROOT,D:/vscode_dir/open_vins_p4_sliding_r1/analysis/run_specs/p4_gauge_focus_20260717/fly2_graph_q_fc_pv_zero_bias_common_direct.json,C:/Users/baloney/Desktop/实验目录/P4_direct_sliding_state_20260717/graph_q_fc_pv_zero_bias_ablation/20260717_044837_fly2_graph_q_fc_pv_zero_bias/fly2/traj_nav.txt,analysis/run_specs/p4_gauge_focus_20260717/fly2_graph_q_fc_pv_zero_bias_common_direct.json,728.84884119,1099.8,,,,,start_heading,gps_update_after_vio,,11131,,,,,,,,,,,,,,,4,"Root-cause ablation only: graph attitude, synchronized FC p/v, zero bias and legacy diagonal covariance; no GPS horizontal estimator input."
P4-RUN_SPEC-03cf9646d5ff,run_spec,P4,p4_direct_sliding_state_20260717,20260717,fly2,diagnostic_staged_shared_bias_cli_cov_common_direct,focus,SPEC_INPUTS_PRESENT,SPEC_ONLY,LEGACY_OUTSIDE_EXPERIMENT_ROOT,D:/vscode_dir/open_vins_p4_sliding_r1/analysis/run_specs/p4_gauge_focus_20260717/fly2_staged_shared_bias_cli_cov_common_direct.json,C:/Users/baloney/Desktop/P4_direct_sliding_state_20260717/staged_shared_bias_covariance_ablation/20260717_054929_fly2_staged_shared_bias_cli_cov_full/fly2/traj_nav.txt,analysis/run_specs/p4_gauge_focus_20260717/fly2_staged_shared_bias_cli_cov_common_direct.json,728.84884119,1099.8,,,,,start_heading,gps_update_after_vio,,11131,,,,,,,,,,,,,,,4,"Root-cause ablation only: same staged shared-bias P4 nominal state and release time, with the frozen single-row diagonal initialization covariance replacing the recovered graph covariance."
P4-RUN_SPEC-a0b2b065af99,run_spec,P4,p4_direct_sliding_state_20260717,20260717,fly2,p4_staged_shared_bias_common_direct,focus,SPEC_INPUTS_PRESENT,SPEC_ONLY,LEGACY_OUTSIDE_EXPERIMENT_ROOT,D:/vscode_dir/open_vins_p4_sliding_r1/analysis/run_specs/p4_gauge_focus_20260717/fly2_staged_shared_bias_common_direct.json,C:/Users/baloney/Desktop/P4_direct_sliding_state_20260717/staged_shared_bias_full/20260717_054006_fly2_staged_shared_bias_full/fly2/traj_nav.txt,analysis/run_specs/p4_gauge_focus_20260717/fly2_staged_shared_bias_common_direct.json,728.84884119,1099.8,,,,,start_heading,gps_update_after_vio,,11131,,,,,,,,,,,,,,,6,"Finite 8 s graph with one shared bg/ba pair, ba-fixed coarse solve, IMU repreintegration at the coarse bg, then coherent q/p/v/bg/ba/covariance release; no GPS XY/course online."
P4-RUN_SPEC-c0b1d2b2541a,run_spec,P4,p4_direct_sliding_state_20260717,20260717,fly2,diagnostic_staged_shared_bias_fc_attitude_common_direct,focus,SPEC_INPUTS_PRESENT,SPEC_ONLY,LEGACY_OUTSIDE_EXPERIMENT_ROOT,D:/vscode_dir/open_vins_p4_sliding_r1/analysis/run_specs/p4_gauge_focus_20260717/fly2_staged_shared_bias_fc_attitude_common_direct.json,C:/Users/baloney/Desktop/P4_direct_sliding_state_20260717/staged_shared_bias_attitude_ablation_v2/20260717_060700_fly2_staged_shared_bias_fc_attitude_full_v2/fly2/traj_nav.txt,analysis/run_specs/p4_gauge_focus_20260717/fly2_staged_shared_bias_fc_attitude_common_direct.json,728.84884119,1099.8,,,,,start_heading,gps_update_after_vio,,11131,,,,,,,,,,,,,,,4,"Root-cause ablation only: same staged shared-bias P4 p/v/bg/ba/covariance and release time, q replaced by accepted mount times synchronized FC attitude; no GPS XY/course online."
P4-RUN_SPEC-2a9ae1c45225,run_spec,P4,p4_direct_sliding_state_20260717,20260717,fly3,p4_direct_joint_state_nasa_stride12,focus,SPEC_INPUTS_PRESENT,SPEC_ONLY,COMPLIANT_EXPERIMENT_ROOT,D:/vscode_dir/open_vins_p4_sliding_r1/analysis/run_specs/p4_gauge_focus_20260717/fly3_direct_sliding_state.json,C:/Users/baloney/Desktop/实验目录/P4_direct_sliding_state_20260717/20260717_035318_fly3_one_lap_direct_covariance/fly3/traj_nav.txt,analysis/run_specs/p4_gauge_focus_20260717/fly3_direct_sliding_state.json,632.199999809,946.799999952,,,,,start_heading,gps_update_after_vio,,9446,,,,,,,,,,,,,,,4,Direct coherent q/p/v/bg/ba/covariance release after repeated 8 s joint windows and covariance-normalized same-time overlap consistency; no provisional VIO or Sim(3) history reset; no GPS XY/course online.
P4-RUN_SPEC-1da192f39aa2,run_spec,P4,p4_direct_sliding_state_20260717,20260717,fly3,single_row_covlocked_nasa_stride12_common_direct,focus,SPEC_INPUTS_PRESENT,SPEC_ONLY,COMPLIANT_EXPERIMENT_ROOT,D:/vscode_dir/open_vins_p4_sliding_r1/analysis/run_specs/p4_gauge_focus_20260717/fly3_fair_nasa_single_common_direct.json,C:/Users/baloney/Desktop/实验目录/P4_provisional_gauge_refactor_20260717/fair_nasa_single/20260717_025346_fly3/traj_nav.txt,analysis/run_specs/p4_gauge_focus_20260717/fly3_fair_nasa_single_common_direct.json,632.199999809,946.799999952,,,,,start_heading,gps_update_after_vio,,9817,,,,,,,,,,,,,,,6,Fair single-row control cropped to the exact direct-release evaluation interval.
P4-RUN_SPEC-6b36ec5ede2a,run_spec,P4,p4_fair_nasa_focus_20260717,20260717,fly1,p4_sliding_similarity_nasa_stride12,focus,SPEC_INPUTS_PRESENT,SPEC_ONLY,COMPLIANT_EXPERIMENT_ROOT,D:/vscode_dir/open_vins_p4_sliding_r1/analysis/run_specs/p4_gauge_focus_20260717/fly1_fair_nasa_p4.json,C:/Users/baloney/Desktop/实验目录/P4_provisional_gauge_refactor_20260717/fair_nasa_p4_fly1/20260717_025346_one_lap_fair_nasa/fly1/traj_nav.txt,analysis/run_specs/p4_gauge_focus_20260717/fly1_fair_nasa_p4.json,945.282735109,1150.967029333,,,,,start_heading,gps_update_after_vio,,6170,,,,,,,,,,,,,,,3,Formal P4 sliding-window run under the same frozen NASA/Lear GPS-Z and fixed-stride contract as the single-row control.
P4-RUN_SPEC-de1d1268ec01,run_spec,P4,p4_fair_nasa_focus_20260717,20260717,fly1,single_row_covlocked_nasa_stride12,focus,SPEC_INPUTS_PRESENT,SPEC_ONLY,COMPLIANT_EXPERIMENT_ROOT,D:/vscode_dir/open_vins_p4_sliding_r1/analysis/run_specs/p4_gauge_focus_20260717/fly1_fair_nasa_single.json,C:/Users/baloney/Desktop/实验目录/P4_provisional_gauge_refactor_20260717/fair_nasa_single/20260717_025346_fly1/traj_nav.txt,analysis/run_specs/p4_gauge_focus_20260717/fly1_fair_nasa_single.json,945.282735109,1150.967029333,,,,,start_heading,gps_update_after_vio,,6578,,,,,,,,,,,,,,,5,"Fair control: current binary, frozen startup covariance, frozen NASA/Lear GPS-Z contract, fixed stride 12."
P4-RUN_SPEC-664610196f22,run_spec,P4,p4_fair_nasa_focus_20260717,20260717,fly3,p4_sliding_similarity_nasa_stride12,focus,SPEC_INPUTS_PRESENT,SPEC_ONLY,COMPLIANT_EXPERIMENT_ROOT,D:/vscode_dir/open_vins_p4_sliding_r1/analysis/run_specs/p4_gauge_focus_20260717/fly3_fair_nasa_p4.json,C:/Users/baloney/Desktop/实验目录/P4_provisional_gauge_refactor_20260717/fair_nasa_p4_fly3/20260717_025346_one_lap_fair_nasa/fly3/traj_nav.txt,analysis/run_specs/p4_gauge_focus_20260717/fly3_fair_nasa_p4.json,629.272258282,946.976679564,,,,,start_heading,gps_update_after_vio,,9529,,,,,,,,,,,,,,,3,Formal P4 sliding-window run under the same frozen NASA/Lear GPS-Z and fixed-stride contract as the single-row control.
P4-RUN_SPEC-66bc3e5368c2,run_spec,P4,p4_fair_nasa_focus_20260717,20260717,fly3,single_row_covlocked_nasa_stride12,focus,SPEC_INPUTS_PRESENT,SPEC_ONLY,COMPLIANT_EXPERIMENT_ROOT,D:/vscode_dir/open_vins_p4_sliding_r1/analysis/run_specs/p4_gauge_focus_20260717/fly3_fair_nasa_single.json,C:/Users/baloney/Desktop/实验目录/P4_provisional_gauge_refactor_20260717/fair_nasa_single/20260717_025346_fly3/traj_nav.txt,analysis/run_specs/p4_gauge_focus_20260717/fly3_fair_nasa_single.json,629.272258282,946.976679564,,,,,start_heading,gps_update_after_vio,,9817,,,,,,,,,,,,,,,6,"Fair control: current binary, frozen startup covariance, frozen NASA/Lear GPS-Z contract, fixed stride 12."
P4-RUN_SPEC-c7fe6ee3bb93,run_spec,P4,p4_fc_anchor_relative_20260717,20260717,fly2,early_single_row_732p05_899p7,,SPEC_INPUTS_PRESENT,SPEC_ONLY,COMPLIANT_EXPERIMENT_ROOT,D:/vscode_dir/open_vins_p4_sliding_r1/analysis/run_specs/p4_fc_time_integral_20260717/fly2_early_single_732p05_899p7.json,C:/Users/baloney/Desktop/实验目录/P4_direct_sliding_state_20260717/fly2_fair_single_control/20260717_041311_fly2_single_row_nasa_stride12/traj_nav.txt,analysis/run_specs/p4_fc_time_integral_20260717/fly2_early_single_732p05_899p7.json,732.049474955,899.7,,,,,start_heading,gps_update_after_vio,,11946,,,,,,,,,,,,,,,16,Strict common-start early single-row control for gauge/shape FC model.
P4-RUN_SPEC-7d79b929e2cd,run_spec,P4,p4_fc_anchor_relative_20260717,20260717,fly2,p4_anchor_relative_732p05_899p7,,SPEC_INPUTS_PRESENT,SPEC_ONLY,LEGACY_OUTSIDE_EXPERIMENT_ROOT,D:/vscode_dir/open_vins_p4_sliding_r1/analysis/run_specs/p4_fc_time_integral_20260717/fly2_p4_anchor_relative_732p05_899p7.json,C:/Users/baloney/Desktop/P4_direct_sliding_state_20260717/anchor_relative_fc_half_v14/20260717_103241_fly2_anchor_relative_fc_half/fly2/traj_nav.txt,analysis/run_specs/p4_fc_time_integral_20260717/fly2_p4_anchor_relative_732p05_899p7.json,732.049474955,899.7,,,,,start_heading,gps_update_after_vio,,5038,,,,,,,,,,,,,,,3,"Gauge/shape separated FC model, strict common start at first valid P4 output."
P4-RUN_SPEC-7b6478be268f,run_spec,P4,p4_fc_time_integral_20260717,20260717,fly2,delay_matched_single_row_732p85_799p7,short,SPEC_INPUTS_PRESENT,SPEC_ONLY,COMPLIANT_EXPERIMENT_ROOT,D:/vscode_dir/open_vins_p4_sliding_r1/analysis/run_specs/p4_fc_time_integral_20260717/fly2_delay_single_732p85_799p7.json,C:/Users/baloney/Desktop/实验目录/P4_direct_sliding_state_20260717/delay_matched_single_fly2/20260717_043334_fly2_single_row_nasa_stride12/traj_nav.txt,analysis/run_specs/p4_fc_time_integral_20260717/fly2_delay_single_732p85_799p7.json,732.849630833,799.7,,,,,start_heading,gps_update_after_vio,,11153,,,,,,,,,,,,,,,10,Delay-matched single-row control cropped to the new P4 short interval.
P4-RUN_SPEC-6cef4f1065b3,run_spec,P4,p4_fc_time_integral_20260717,20260717,fly2,delay_matched_single_row_732p85_899p7,,SPEC_INPUTS_PRESENT,SPEC_ONLY,COMPLIANT_EXPERIMENT_ROOT,D:/vscode_dir/open_vins_p4_sliding_r1/analysis/run_specs/p4_fc_time_integral_20260717/fly2_delay_single_732p85_899p7.json,C:/Users/baloney/Desktop/实验目录/P4_direct_sliding_state_20260717/delay_matched_single_fly2/20260717_043334_fly2_single_row_nasa_stride12/traj_nav.txt,analysis/run_specs/p4_fc_time_integral_20260717/fly2_delay_single_732p85_899p7.json,732.849630833,899.7,,,,,start_heading,gps_update_after_vio,,11153,,,,,,,,,,,,,,,10,Delay-matched single-row control cropped to the P4 half-lap interval.
P4-RUN_SPEC-8fdfe11b447d,run_spec,P4,p4_fc_time_integral_20260717,20260717,fly2,early_single_row_732p85_799p7,short,SPEC_INPUTS_PRESENT,SPEC_ONLY,COMPLIANT_EXPERIMENT_ROOT,D:/vscode_dir/open_vins_p4_sliding_r1/analysis/run_specs/p4_fc_time_integral_20260717/fly2_early_single_732p85_799p7.json,C:/Users/baloney/Desktop/实验目录/P4_direct_sliding_state_20260717/fly2_fair_single_control/20260717_041311_fly2_single_row_nasa_stride12/traj_nav.txt,analysis/run_specs/p4_fc_time_integral_20260717/fly2_early_single_732p85_799p7.json,732.849630833,799.7,,,,,start_heading,gps_update_after_vio,,11946,,,,,,,,,,,,,,,16,Early single-row control cropped to the new P4 short interval.
P4-RUN_SPEC-b237ee02306b,run_spec,P4,p4_fc_time_integral_20260717,20260717,fly2,early_single_row_732p85_899p7,,SPEC_INPUTS_PRESENT,SPEC_ONLY,COMPLIANT_EXPERIMENT_ROOT,D:/vscode_dir/open_vins_p4_sliding_r1/analysis/run_specs/p4_fc_time_integral_20260717/fly2_early_single_732p85_899p7.json,C:/Users/baloney/Desktop/实验目录/P4_direct_sliding_state_20260717/fly2_fair_single_control/20260717_041311_fly2_single_row_nasa_stride12/traj_nav.txt,analysis/run_specs/p4_fc_time_integral_20260717/fly2_early_single_732p85_899p7.json,732.849630833,899.7,,,,,start_heading,gps_update_after_vio,,11946,,,,,,,,,,,,,,,16,Early single-row control cropped to the P4 half-lap interval.
P4-RUN_SPEC-bc8bd43758f0,run_spec,P4,p4_fc_time_integral_20260717,20260717,fly2,early_single_row_733p65_1099p8,full,SPEC_INPUTS_PRESENT,SPEC_ONLY,COMPLIANT_EXPERIMENT_ROOT,D:/vscode_dir/open_vins_p4_sliding_r1/analysis/run_specs/p4_fc_time_integral_20260717/fly2_early_single_733p65_1099p8.json,C:/Users/baloney/Desktop/实验目录/P4_direct_sliding_state_20260717/fly2_fair_single_control/20260717_041311_fly2_single_row_nasa_stride12/traj_nav.txt,analysis/run_specs/p4_fc_time_integral_20260717/fly2_early_single_733p65_1099p8.json,733.649779,1099.8,,,,,start_heading,gps_update_after_vio,,11946,,,,,,,,,,,,,,,16,Full fly2 strict common-start early single-row control.
P4-RUN_SPEC-30391ac5c2c7,run_spec,P4,p4_fc_time_integral_20260717,20260717,fly2,early_single_row_733p65_899p7,,SPEC_INPUTS_PRESENT,SPEC_ONLY,COMPLIANT_EXPERIMENT_ROOT,D:/vscode_dir/open_vins_p4_sliding_r1/analysis/run_specs/p4_fc_time_integral_20260717/fly2_early_single_733p65_899p7.json,C:/Users/baloney/Desktop/实验目录/P4_direct_sliding_state_20260717/fly2_fair_single_control/20260717_041311_fly2_single_row_nasa_stride12/traj_nav.txt,analysis/run_specs/p4_fc_time_integral_20260717/fly2_early_single_733p65_899p7.json,733.649779,899.7,,,,,start_heading,gps_update_after_vio,,11946,,,,,,,,,,,,,,,16,Strict common-start early single-row control at the first valid P4 output.
P4-RUN_SPEC-c96319e1fe9f,run_spec,P4,p4_fc_time_integral_20260717,20260717,fly2,p4_time_integral_parallel_release_732p85_799p7,short,SPEC_INPUTS_PRESENT,SPEC_ONLY,LEGACY_OUTSIDE_EXPERIMENT_ROOT,D:/vscode_dir/open_vins_p4_sliding_r1/analysis/run_specs/p4_fc_time_integral_20260717/fly2_p4_732p85_799p7.json,C:/Users/baloney/Desktop/P4_direct_sliding_state_20260717/fc_time_integral_parallel_release_v14/20260717_092428_fly2_fc_time_integral_parallel_release_v14/fly2/traj_nav.txt,analysis/run_specs/p4_fc_time_integral_20260717/fly2_p4_732p85_799p7.json,732.849630833,799.7,,,,,start_heading,gps_update_after_vio,,1991,,,,,,,,,,,,,,,3,Formal short propagation check after direct P4 release; GPS is evaluation-only except the frozen NASA/Lear GPS-Z mode.
P4-RUN_SPEC-bcc99b67db83,run_spec,P4,p4_fc_time_integral_20260717,20260717,fly2,p4_time_integral_parallel_release_732p85_899p7,,SPEC_INPUTS_PRESENT,SPEC_ONLY,LEGACY_OUTSIDE_EXPERIMENT_ROOT,D:/vscode_dir/open_vins_p4_sliding_r1/analysis/run_specs/p4_fc_time_integral_20260717/fly2_p4_732p85_899p7.json,C:/Users/baloney/Desktop/P4_direct_sliding_state_20260717/fc_time_integral_half_lap_v14/20260717_093134_fly2_fc_time_integral_half_lap_v14/fly2/traj_nav.txt,analysis/run_specs/p4_fc_time_integral_20260717/fly2_p4_732p85_899p7.json,732.849630833,899.7,,,,,start_heading,gps_update_after_vio,,4990,,,,,,,,,,,,,,,3,Half-lap propagation check after formal direct P4 release.
P4-RUN_SPEC-2d7e4744cc74,run_spec,P4,p4_fc_time_integral_20260717,20260717,fly2,p4_cli_cov_no_history_732p85_899p7,,SPEC_INPUTS_PRESENT,SPEC_ONLY,LEGACY_OUTSIDE_EXPERIMENT_ROOT,D:/vscode_dir/open_vins_p4_sliding_r1/analysis/run_specs/p4_fc_time_integral_20260717/fly2_p4_cli_cov_no_history_732p85_899p7.json,C:/Users/baloney/Desktop/P4_direct_sliding_state_20260717/covariance_handoff_diagnostic_v14/20260717_094342_fly2_cli_cov_no_history_half_lap/fly2/traj_nav.txt,analysis/run_specs/p4_fc_time_integral_20260717/fly2_p4_cli_cov_no_history_732p85_899p7.json,732.849630833,899.7,,,,,start_heading,gps_update_after_vio,,4942,,,,,,,,,,,,,,,3,"Diagnostic only: same P4 nominal state and release time, CLI diagonal covariance, no transferred pose/landmark history."
P4-RUN_SPEC-b18c1ed88718,run_spec,P4,p4_fc_time_integral_20260717,20260717,fly2,p4_native_handoff_history_732p85_899p7,,SPEC_INPUTS_PRESENT,SPEC_ONLY,LEGACY_OUTSIDE_EXPERIMENT_ROOT,D:/vscode_dir/open_vins_p4_sliding_r1/analysis/run_specs/p4_fc_time_integral_20260717/fly2_p4_native_handoff_history_732p85_899p7.json,C:/Users/baloney/Desktop/P4_direct_sliding_state_20260717/handoff_inflated_history_v14/20260717_100406_fly2_native_handoff_history_half_lap/fly2/traj_nav.txt,analysis/run_specs/p4_fc_time_integral_20260717/fly2_p4_native_handoff_history_732p85_899p7.json,732.849630833,899.7,,,,,start_heading,gps_update_after_vio,,4990,,,,,,,,,,,,,,,5,Formal P4 handoff: complete graph history plus native OpenVINS initialization covariance inflation by congruence.
P4-RUN_SPEC-a66f31697312,run_spec,P4,p4_fc_time_integral_20260717,20260717,fly2,p4_native_handoff_history_733p65_1099p8,full,SPEC_INPUTS_PRESENT,SPEC_ONLY,LEGACY_OUTSIDE_EXPERIMENT_ROOT,D:/vscode_dir/open_vins_p4_sliding_r1/analysis/run_specs/p4_fc_time_integral_20260717/fly2_p4_native_handoff_history_733p65_1099p8.json,C:/Users/baloney/Desktop/P4_direct_sliding_state_20260717/handoff_inflated_history_full_v14/20260717_101107_fly2_native_handoff_history_full/fly2/traj_nav.txt,analysis/run_specs/p4_fc_time_integral_20260717/fly2_p4_native_handoff_history_733p65_1099p8.json,733.649779,1099.8,,,,,start_heading,gps_update_after_vio,,10987,,,,,,,,,,,,,,,3,Full fly2 strict common-start validation of complete-history native covariance handoff.
P4-RUN_SPEC-c1a35e4f4124,run_spec,P4,p4_fc_time_integral_20260717,20260717,fly2,p4_native_handoff_history_733p65_899p7,,SPEC_INPUTS_PRESENT,SPEC_ONLY,LEGACY_OUTSIDE_EXPERIMENT_ROOT,D:/vscode_dir/open_vins_p4_sliding_r1/analysis/run_specs/p4_fc_time_integral_20260717/fly2_p4_native_handoff_history_733p65_899p7.json,C:/Users/baloney/Desktop/P4_direct_sliding_state_20260717/handoff_inflated_history_v14/20260717_100406_fly2_native_handoff_history_half_lap/fly2/traj_nav.txt,analysis/run_specs/p4_fc_time_integral_20260717/fly2_p4_native_handoff_history_733p65_899p7.json,733.649779,899.7,,,,,start_heading,gps_update_after_vio,,4990,,,,,,,,,,,,,,,5,Strict common-start half-lap comparison at the first valid P4 output.
P4-RUN_SPEC-7166bd1af2eb,run_spec,P4,p4_gauge_focus_20260717,20260717,fly1,p4_sliding_similarity_history,focus,SPEC_INPUTS_PRESENT,SPEC_ONLY,COMPLIANT_EXPERIMENT_ROOT,D:/vscode_dir/open_vins_p4_sliding_r1/analysis/run_specs/p4_gauge_focus_20260717/fly1_current.json,C:/Users/baloney/Desktop/实验目录/P4_provisional_gauge_refactor_20260717/focus_fly1/20260717_022149_one_lap_formal/fly1/traj_nav.txt,analysis/run_specs/p4_gauge_focus_20260717/fly1_current.json,945.282735109,1150.967029333,,,,,start_heading,gps_update_after_vio,,6170,,,,,,,,,,,,,,,3,Formal P4 fixed 8 s sliding windows; provisional VIO history preserved; causal similarity release; no GPS XY/course online.
P4-RUN_SPEC-ee287f0493bd,run_spec,P4,p4_gauge_focus_20260717,20260717,fly1,current_binary_single_row_stride12,full,SPEC_INPUTS_PRESENT,SPEC_ONLY,COMPLIANT_EXPERIMENT_ROOT,D:/vscode_dir/open_vins_p4_sliding_r1/analysis/run_specs/p4_gauge_focus_20260717/fly1_current_single_row.json,C:/Users/baloney/Desktop/实验目录/P4_provisional_gauge_refactor_20260717/current_single_row_focus/20260717_023225_fly1/traj_nav.txt,analysis/run_specs/p4_gauge_focus_20260717/fly1_current_single_row.json,945.282735109,1150.967029333,,,,,start_heading,gps_update_after_vio,,6578,,,,,,,,,,,,,,,3,Current binary and current config with one-row FC full-state initialization; same evaluation overlap as P4.
P4-RUN_SPEC-b9d6d56e0614,run_spec,P4,p4_gauge_focus_20260717,20260717,fly1,current_binary_single_row_covlocked_stride12,focus,SPEC_INPUTS_PRESENT,SPEC_ONLY,COMPLIANT_EXPERIMENT_ROOT,D:/vscode_dir/open_vins_p4_sliding_r1/analysis/run_specs/p4_gauge_focus_20260717/fly1_current_single_row_covlocked.json,C:/Users/baloney/Desktop/实验目录/P4_provisional_gauge_refactor_20260717/current_single_row_covlocked/20260717_024425_fly1/traj_nav.txt,analysis/run_specs/p4_gauge_focus_20260717/fly1_current_single_row_covlocked.json,945.282735109,1150.967029333,,,,,start_heading,gps_update_after_vio,,6578,,,,,,,,,,,,,,,3,"Current binary single-row control with the exact frozen covariance contract: att=3deg, pos=0.05m, vel=5m/s, bg=0.003rad/s, ba=1m/s2."
P4-RUN_SPEC-9394d53de635,run_spec,P4,p4_gauge_focus_20260717,20260717,fly1,frozen_single_row_stride12,focus,SPEC_INPUTS_PRESENT,SPEC_ONLY,COMPLIANT_EXPERIMENT_ROOT,D:/vscode_dir/open_vins_p4_sliding_r1/analysis/run_specs/p4_gauge_focus_20260717/fly1_frozen_single_row.json,C:/Users/baloney/Desktop/实验目录/_OPENVINS_ORGANIZED_20260625/01_final_locked_stride_sweep/stable_config_stride_validation_20260622/runs/fly1_oc_stride12/traj.txt,analysis/run_specs/p4_gauge_focus_20260717/fly1_frozen_single_row.json,945.282735109,1150.967029333,,,,,start_heading,gps_update_after_vio,,30178,,,,,,,,,,,,,,,4,"Correct frozen historical one-row FC initialization, cropped to exactly the current P4 overlap."
P4-RUN_SPEC-8a0470df48ac,run_spec,P4,p4_gauge_focus_20260717,20260717,fly3,p4_sliding_similarity_history,focus,SPEC_INPUTS_PRESENT,SPEC_ONLY,COMPLIANT_EXPERIMENT_ROOT,D:/vscode_dir/open_vins_p4_sliding_r1/analysis/run_specs/p4_gauge_focus_20260717/fly3_current.json,C:/Users/baloney/Desktop/实验目录/P4_provisional_gauge_refactor_20260717/focus_fly3/20260717_022149_one_lap_formal/fly3/traj_nav.txt,analysis/run_specs/p4_gauge_focus_20260717/fly3_current.json,629.272258282,946.976679564,,,,,start_heading,gps_update_after_vio,,9529,,,,,,,,,,,,,,,3,Formal P4 fixed 8 s sliding windows; provisional VIO history preserved; causal similarity release; no GPS XY/course online.
P4-RUN_SPEC-c70cb267ef30,run_spec,P4,p4_gauge_focus_20260717,20260717,fly3,current_binary_single_row_stride12,full,SPEC_INPUTS_PRESENT,SPEC_ONLY,COMPLIANT_EXPERIMENT_ROOT,D:/vscode_dir/open_vins_p4_sliding_r1/analysis/run_specs/p4_gauge_focus_20260717/fly3_current_single_row.json,C:/Users/baloney/Desktop/实验目录/P4_provisional_gauge_refactor_20260717/current_single_row_focus/20260717_023225_fly3/traj_nav.txt,analysis/run_specs/p4_gauge_focus_20260717/fly3_current_single_row.json,629.272258282,946.976679564,,,,,start_heading,gps_update_after_vio,,9817,,,,,,,,,,,,,,,3,Current binary and current config with one-row FC full-state initialization; same evaluation overlap as P4.
P4-RUN_SPEC-8ae59bd7cb71,run_spec,P4,p4_gauge_focus_20260717,20260717,fly3,current_binary_single_row_covlocked_stride12,focus,SPEC_INPUTS_PRESENT,SPEC_ONLY,COMPLIANT_EXPERIMENT_ROOT,D:/vscode_dir/open_vins_p4_sliding_r1/analysis/run_specs/p4_gauge_focus_20260717/fly3_current_single_row_covlocked.json,C:/Users/baloney/Desktop/实验目录/P4_provisional_gauge_refactor_20260717/current_single_row_covlocked/20260717_024442_fly3/traj_nav.txt,analysis/run_specs/p4_gauge_focus_20260717/fly3_current_single_row_covlocked.json,629.272258282,946.976679564,,,,,start_heading,gps_update_after_vio,,9817,,,,,,,,,,,,,,,3,"Current binary single-row control with the exact frozen covariance contract: att=3deg, pos=0.05m, vel=5m/s, bg=0.003rad/s, ba=1m/s2."
P4-RUN_SPEC-4f55389e1434,run_spec,P4,p4_gauge_focus_20260717,20260717,fly3,frozen_single_row_stride12,focus,SPEC_INPUTS_PRESENT,SPEC_ONLY,COMPLIANT_EXPERIMENT_ROOT,D:/vscode_dir/open_vins_p4_sliding_r1/analysis/run_specs/p4_gauge_focus_20260717/fly3_frozen_single_row.json,C:/Users/baloney/Desktop/实验目录/_OPENVINS_ORGANIZED_20260625/01_final_locked_stride_sweep/stable_config_stride_validation_20260622/runs/fly3_oc_stride12/traj.txt,analysis/run_specs/p4_gauge_focus_20260717/fly3_frozen_single_row.json,629.272258282,946.976679564,,,,,start_heading,gps_update_after_vio,,36504,,,,,,,,,,,,,,,4,"Correct frozen historical one-row FC initialization, cropped to exactly the current P4 overlap."
P4-RUN_SPEC-c99b24ae8e46,run_spec,P4,p4_window_full_graph_posterior_20260717,20260717,fly2,p4_full_graph_precise_consume_full,full,SPEC_INPUTS_PRESENT,SPEC_ONLY,LEGACY_OUTSIDE_EXPERIMENT_ROOT,D:/vscode_dir/open_vins_p4_sliding_r1/analysis/run_specs/p4_gauge_focus_20260717/fly2_full_graph_precise_consume_full_common.json,C:/Users/baloney/Desktop/P4_direct_sliding_state_20260717/full_graph_precise_consume_full/20260717_073729_fly2_full_graph_precise_consume_full/fly2/traj_nav.txt,analysis/run_specs/p4_gauge_focus_20260717/fly2_full_graph_precise_consume_full_common.json,728.84884119,1099.8,,,,,start_heading,gps_update_after_vio,,11203,,,,,,,,,,,,,,,3,"Formal 8 s P4 graph uses all 20-21 selected frames, transfers the terminal consecutive clone marginal and persistent landmarks, and removes only exact P4-consumed feature IDs; no GPS XY/course online."
P4-RUN_SPEC-c43c4a979367,run_spec,P4,p4_window_full_graph_posterior_20260717,20260717,fly2,p4_full_graph_precise_consume_nasa_full,full,SPEC_INPUTS_PRESENT,SPEC_ONLY,LEGACY_OUTSIDE_EXPERIMENT_ROOT,D:/vscode_dir/open_vins_p4_sliding_r1/analysis/run_specs/p4_gauge_focus_20260717/fly2_full_graph_precise_consume_nasa_full_common.json,C:/Users/baloney/Desktop/P4_direct_sliding_state_20260717/full_graph_precise_consume_nasa_full/20260717_074641_fly2_full_graph_precise_consume_nasa_full/fly2/traj_nav.txt,analysis/run_specs/p4_gauge_focus_20260717/fly2_full_graph_precise_consume_nasa_full_common.json,728.84884119,1099.8,,,,,start_heading,gps_update_after_vio,,11203,,,,,,,,,,,,,,,3,"Same formal full-graph P4 posterior contract as the candidate, with height-mode nasa_lean matching the frozen single-row control; no GPS XY/course online."
P4-RUN_SPEC-6fc470d6e968,run_spec,P4,p4_window_full_graph_posterior_20260717,20260717,fly2,p4_full_graph_precise_consume_short,full,SPEC_INPUTS_PRESENT,SPEC_ONLY,LEGACY_OUTSIDE_EXPERIMENT_ROOT,D:/vscode_dir/open_vins_p4_sliding_r1/analysis/run_specs/p4_gauge_focus_20260717/fly2_full_graph_precise_consume_short_common.json,C:/Users/baloney/Desktop/P4_direct_sliding_state_20260717/full_graph_precise_consume_short/20260717_073346_fly2_full_graph_precise_consume_short/fly2/traj_nav.txt,analysis/run_specs/p4_gauge_focus_20260717/fly2_full_graph_precise_consume_short_common.json,728.84884119,819.8,,,,,start_heading,gps_update_after_vio,,2807,,,,,,,,,,,,,,,3,"Formal 8 s P4 graph uses all 20-21 selected frames, transfers the terminal consecutive clone marginal and persistent landmarks, and removes only exact P4-consumed feature IDs; no GPS XY/course online."
P4-RUN_SPEC-aefe838db61d,run_spec,P4,p4_window_full_posterior_20260717,20260717,fly2,p4_full_posterior_short,full,SPEC_INPUTS_PRESENT,SPEC_ONLY,LEGACY_OUTSIDE_EXPERIMENT_ROOT,D:/vscode_dir/open_vins_p4_sliding_r1/analysis/run_specs/p4_gauge_focus_20260717/fly2_full_posterior_short_common.json,C:/Users/baloney/Desktop/P4_direct_sliding_state_20260717/full_posterior_short/20260717_065933_fly2_full_posterior_short/fly2/traj_nav.txt,analysis/run_specs/p4_gauge_focus_20260717/fly2_full_posterior_short_common.json,728.84884119,819.8,,,,,start_heading,gps_update_after_vio,,2783,,,,,,,,,,,,,,,3,"Shared-bias staged P4 with atomic active-state, clone, persistent-landmark, and full joint-covariance transfer; startup pixels consumed once; no GPS XY/course online."
P4-RUN_SPEC-3441cd605b4c,run_spec,P4,p4_window_history_transfer_20260717,20260717,fly2,single_row_delay_matched_short,focus,SPEC_INPUTS_PRESENT,SPEC_ONLY,COMPLIANT_EXPERIMENT_ROOT,D:/vscode_dir/open_vins_p4_sliding_r1/analysis/run_specs/p4_gauge_focus_20260717/fly2_delay_matched_single_short_common.json,C:/Users/baloney/Desktop/实验目录/P4_direct_sliding_state_20260717/delay_matched_single_fly2/20260717_043334_fly2_single_row_nasa_stride12/traj_nav.txt,analysis/run_specs/p4_gauge_focus_20260717/fly2_delay_matched_single_short_common.json,728.84884119,819.8,,,,,start_heading,gps_update_after_vio,,11153,,,,,,,,,,,,,,,10,Single-row initializer delayed to the exact P4 release time.
P4-RUN_SPEC-a3457cfad58d,run_spec,P4,p4_window_history_transfer_20260717,20260717,fly2,single_row_early_start_short,focus,SPEC_INPUTS_PRESENT,SPEC_ONLY,COMPLIANT_EXPERIMENT_ROOT,D:/vscode_dir/open_vins_p4_sliding_r1/analysis/run_specs/p4_gauge_focus_20260717/fly2_fair_single_short_common.json,C:/Users/baloney/Desktop/实验目录/P4_direct_sliding_state_20260717/fly2_fair_single_control/20260717_041311_fly2_single_row_nasa_stride12/traj_nav.txt,analysis/run_specs/p4_gauge_focus_20260717/fly2_fair_single_short_common.json,728.84884119,819.8,,,,,start_heading,gps_update_after_vio,,11946,,,,,,,,,,,,,,,16,Single-row initializer started at 700 s and evaluated on the common P4 interval.
P4-RUN_SPEC-db8fd847f2cc,run_spec,P4,p4_window_history_transfer_20260717,20260717,fly2,p4_history_transfer_full,full,SPEC_INPUTS_PRESENT,SPEC_ONLY,LEGACY_OUTSIDE_EXPERIMENT_ROOT,D:/vscode_dir/open_vins_p4_sliding_r1/analysis/run_specs/p4_gauge_focus_20260717/fly2_history_transfer_full_common.json,C:/Users/baloney/Desktop/P4_direct_sliding_state_20260717/history_transfer_full/20260717_064049_fly2_history_transfer_full/fly2/traj_nav.txt,analysis/run_specs/p4_gauge_focus_20260717/fly2_history_transfer_full_common.json,728.84884119,1099.8,,,,,start_heading,gps_update_after_vio,,11179,,,,,,,,,,,,,,,3,Shared-bias staged P4 plus atomic transfer of nine historical clones and the complete 69x69 active/clone covariance; no GPS XY/course online.
P4-RUN_SPEC-05a3ff7f87ea,run_spec,P4,p4_window_history_transfer_20260717,20260717,fly2,p4_history_transfer_short,focus,SPEC_INPUTS_PRESENT,SPEC_ONLY,LEGACY_OUTSIDE_EXPERIMENT_ROOT,D:/vscode_dir/open_vins_p4_sliding_r1/analysis/run_specs/p4_gauge_focus_20260717/fly2_history_transfer_short_common.json,C:/Users/baloney/Desktop/P4_direct_sliding_state_20260717/history_transfer_short/20260717_063459_fly2_history_transfer_short/fly2/traj_nav.txt,analysis/run_specs/p4_gauge_focus_20260717/fly2_history_transfer_short_common.json,728.84884119,819.8,,,,,start_heading,gps_update_after_vio,,2783,,,,,,,,,,,,,,,3,Shared-bias staged P4 plus atomic historical clone and joint covariance transfer; no GPS XY/course online.
P4-RUN_SPEC-0492d8cb3154,run_spec,P4,p4_window_history_transfer_20260717,20260717,fly2,p4_staged_terminal_only_short,focus,SPEC_INPUTS_PRESENT,SPEC_ONLY,LEGACY_OUTSIDE_EXPERIMENT_ROOT,D:/vscode_dir/open_vins_p4_sliding_r1/analysis/run_specs/p4_gauge_focus_20260717/fly2_staged_shared_bias_short_common.json,C:/Users/baloney/Desktop/P4_direct_sliding_state_20260717/staged_shared_bias_full/20260717_054006_fly2_staged_shared_bias_full/fly2/traj_nav.txt,analysis/run_specs/p4_gauge_focus_20260717/fly2_staged_shared_bias_short_common.json,728.84884119,819.8,,,,,start_heading,gps_update_after_vio,,11131,,,,,,,,,,,,,,,6,"Same P4 graph and release state, but terminal-only 15-state injection."
