ts_ns,lat,lon,alt
-286646761179,38.4950895,103.2002021,1394.793579
-286446761131,38.4950895,103.2002021,1394.796875
-286246761084,38.4950895,103.2002021,1394.797363
-286046761036,38.4950895,103.2002021,1394.792603
-285846760988,38.4950895,103.2002021,1394.794067
-285646761179,38.4950895,103.2002021,1394.794556
-285446761131,38.4950895,103.2002021,1394.793091
-285246761084,38.4950895,103.2002021,1394.792603
-285046761036,38.4950895,103.2002021,1394.796875
-284846760988,38.4950895,103.2002021,1394.797485
-284446761131,38.4950895,103.2002021,1394.799683
-284446761131,38.4950895,103.2002021,1394.799683
-284046761036,38.4950895,103.2002021,1394.796753
-283846760988,38.4950895,103.2002021,1394.796509
-283646761179,38.4950895,103.2002021,1394.797974
-283446761131,38.4950895,103.2002021,1394.799805
-283246761084,38.4950895,103.2002021,1394.798706
-283046761036,38.4950895,103.2002021,1394.793335
-282846760988,38.4950895,103.2002021,1394.796387
-282646761179,38.4950895,103.2002021,1394.794434
-282446761131,38.4950895,103.2002021,1394.796143
-282246761084,38.4950895,103.2002021,1394.796509
-282046761036,38.4950895,103.2002021,1394.794922
-281846760988,38.4950895,103.2002021,1394.796997
-281646761179,38.4950895,103.2002021,1394.793213
-281446761131,38.4950895,103.2002021,1394.797852
-281246761084,38.4950895,103.2002021,1394.797363
-281046761036,38.4950895,103.2002021,1394.7948
-280846760988,38.4950895,103.2002021,1394.793579
-280646761179,38.4950895,103.2002021,1394.795776
-280446761131,38.4950895,103.2002021,1394.796021
-280246761084,38.4950895,103.2002021,1394.795898
-280046761036,38.4950895,103.2002021,1394.794434
-279846760988,38.4950895,103.2002021,1394.794678
-279646761179,38.4950895,103.2002021,1394.793701
-279446761131,38.4950895,103.2002021,1394.795654
-279246761084,38.4950895,103.2002021,1394.795044
-279046761036,38.4950895,103.2002021,1394.797485
-278846760988,38.4950895,103.2002021,1394.797607
-278646761179,38.4950895,103.2002021,1394.795288
-278446761131,38.4950895,103.2002021,1394.796021
-278246761084,38.4950895,103.2002021,1394.794189
-278046761036,38.4950895,103.2002021,1394.795898
-277846760988,38.4950895,103.2002021,1394.796143
-277646761179,38.4950895,103.2002021,1394.79834
-277446761131,38.4950895,103.2002021,1394.800781
-277246761084,38.4950895,103.2002021,1394.79895
-277046761036,38.4950895,103.2002021,1394.791382
-276846760988,38.4950895,103.2002021,1394.796021
-276646761179,38.4950895,103.2002021,1394.794678
-276446761131,38.4950895,103.200202,1394.797974
-276246761084,38.4950894,103.200202,1394.798462
-276046761036,38.4950895,103.2002021,1394.796387
-275846760988,38.4950895,103.2002021,1394.795044
-275646761179,38.4950895,103.2002021,1394.79895
-275446761131,38.4950895,103.2002021,1394.795532
-275246761084,38.4950895,103.2002021,1394.796997
-275046761036,38.4950895,103.2002021,1394.797119
-274646761179,38.4950895,103.2002021,1394.798218
-274446761131,38.4950895,103.2002021,1394.797241
-274246761084,38.4950895,103.2002021,1394.797485
-274046761036,38.4950895,103.2002021,1394.793579
-273846760988,38.4950895,103.200202,1394.794678
-273646761179,38.4950895,103.200202,1394.797241
-273446761131,38.4950895,103.2002021,1394.79541
-273246761084,38.4950895,103.200202,1394.796021
-273046761036,38.4950895,103.2002021,1394.796509
-272846760988,38.4950895,103.2002021,1394.797241
-272646761179,38.4950895,103.2002021,1394.796265
-272446761131,38.4950895,103.2002021,1394.798462
-272246761084,38.4950895,103.2002021,1394.795288
-272046761036,38.4950895,103.2002021,1394.797852
-271846760988,38.4950895,103.2002021,1394.797607
-271646761179,38.4950895,103.2002021,1394.79895
-271446761131,38.4950895,103.2002021,1394.798828
-271246761084,38.4950895,103.2002021,1394.798584
-271046761036,38.4950895,103.2002021,1394.797607
-270846760988,38.4950895,103.2002021,1394.794067
-270646761179,38.4950895,103.2002021,1394.794556
-270446761131,38.4950895,103.2002021,1394.796631
-270246761084,38.4950895,103.2002021,1394.795654
-270046761036,38.4950895,103.2002021,1394.796265
-269846760988,38.4950895,103.2002021,1394.795654
-269646761179,38.4950895,103.2002021,1394.797363
-269446761131,38.4950895,103.2002021,1394.796753
-269246761084,38.4950895,103.2002021,1394.796631
-269046761036,38.4950895,103.2002021,1394.793579
-268846760988,38.4950895,103.2002021,1394.792236
-268646761179,38.4950895,103.2002021,1394.796021
-268446761131,38.4950895,103.2002021,1394.793823
-268246761084,38.4950895,103.2002021,1394.793091
-268046761036,38.4950895,103.2002021,1394.795166
-267846760988,38.4950895,103.2002021,1394.795044
-267646761179,38.4950895,103.2002021,1394.794556
-267446761131,38.4950895,103.2002021,1394.794556
-267246761084,38.4950895,103.2002021,1394.793945
-267046761036,38.4950895,103.2002021,1394.791626
-266846760988,38.4950895,103.2002021,1394.795166
-266646761179,38.4950895,103.2002021,1394.794189
-266446761131,38.4950895,103.2002021,1394.796021
-266246761084,38.4950895,103.2002021,1394.794067
-266046761036,38.4950895,103.2002021,1394.796387
-265846760988,38.4950895,103.2002021,1394.797852
-265646761179,38.4950895,103.2002021,1394.795898
-265446761131,38.4950895,103.2002021,1394.79834
-265246761084,38.4950895,103.2002021,1394.796143
-265046761036,38.4950895,103.2002021,1394.793091
-264646761179,38.4950895,103.2002021,1394.792969
-264446761131,38.4950895,103.2002021,1394.798584
-264246761084,38.4950895,103.2002021,1394.796875
-264046761036,38.4950895,103.2002021,1394.798584
-263846760988,38.4950895,103.2002021,1394.799438
-263646761179,38.4950895,103.2002021,1394.797974
-263446761131,38.4950895,103.2002021,1394.799561
-263246761084,38.4950895,103.2002021,1394.800659
-263046761036,38.4950895,103.2002021,1394.794067
-262846760988,38.4950895,103.2002021,1394.794678
-262646761179,38.4950895,103.2002021,1394.793823
-262446761131,38.4950895,103.2002021,1394.794312
-262246761084,38.4950895,103.2002021,1394.793579
-262046761036,38.4950895,103.2002021,1394.795654
-261846760988,38.4950895,103.2002021,1394.79541
-261646761179,38.4950895,103.2002021,1394.794067
-261446761131,38.4950895,103.2002021,1394.796143
-261246761084,38.4950895,103.2002021,1394.793701
-261046761036,38.4950895,103.2002021,1394.796387
-260846760988,38.4950895,103.2002021,1394.796753
-260646761179,38.4950895,103.2002021,1394.794556
-260446761131,38.4950895,103.2002021,1394.796753
-260246761084,38.4950895,103.2002021,1394.794678
-260046761036,38.4950895,103.2002021,1394.795532
-259846760988,38.4950895,103.2002021,1394.797974
-259646761179,38.4950895,103.2002021,1394.798706
-259446761131,38.4950895,103.2002021,1394.797852
-259246761084,38.4950895,103.2002021,1394.798584
-259046761036,38.4950895,103.2002021,1394.795044
-258846760988,38.4950895,103.2002021,1394.794312
-258646761179,38.4950895,103.2002021,1394.794556
-258446761131,38.4950895,103.2002021,1394.795044
-258246761084,38.4950895,103.2002021,1394.796753
-258046761036,38.4950895,103.2002021,1394.794067
-257846760988,38.4950895,103.2002021,1394.794312
-257646761179,38.4950895,103.2002021,1394.793335
-257446761131,38.4950895,103.2002021,1394.796753
-257246761084,38.4950895,103.2002021,1394.796143
-257046761036,38.4950895,103.2002021,1394.795288
-256846760988,38.4950895,103.2002021,1394.795288
-256646761179,38.4950895,103.2002021,1394.794189
-256446761131,38.4950895,103.2002021,1394.796631
-256246761084,38.4950895,103.2002021,1394.794434
-256046761036,38.4950895,103.2002021,1394.794922
-255846760988,38.4950895,103.2002021,1394.796143
-255646761179,38.4950895,103.2002021,1394.795044
-255446761131,38.4950895,103.2002021,1394.796509
-255246761084,38.4950895,103.2002021,1394.795532
-254846760988,38.4950895,103.2002021,1394.797607
-254646761179,38.4950895,103.2002021,1394.797485
-254446761131,38.4950895,103.2002021,1394.796631
-254246761084,38.4950895,103.2002021,1394.797607
-254046761036,38.4950895,103.2002021,1394.796387
-253846760988,38.4950895,103.2002021,1394.795288
-253646761179,38.4950895,103.2002021,1394.796021
-253446761131,38.4950895,103.2002021,1394.796875
-253246761084,38.4950895,103.2002021,1394.797974
-253046761036,38.4950895,103.2002021,1394.794067
-252846760988,38.4950895,103.2002021,1394.795898
-252646761179,38.4950895,103.2002021,1394.794556
-252446761131,38.4950895,103.2002021,1394.795776
-252246761084,38.4950895,103.2002021,1394.793213
-252046761036,38.4950895,103.2002021,1394.798218
-251846760988,38.4950895,103.2002021,1394.795532
-251646761179,38.4950895,103.2002021,1394.796265
-251446761131,38.4950895,103.2002021,1394.798096
-251246761084,38.4950895,103.2002021,1394.796021
-251046761036,38.4950895,103.2002021,1394.797119
-250846760988,38.4950895,103.2002021,1394.796631
-250646761179,38.4950895,103.2002021,1394.794312
-250446761131,38.4950895,103.2002021,1394.797485
-250246761084,38.4950895,103.2002021,1394.795776
-250046761036,38.4950895,103.2002021,1394.796631
-249846760988,38.4950895,103.2002021,1394.797363
-249646761179,38.4950895,103.2002021,1394.796387
-249446761131,38.4950895,103.2002021,1394.799072
-249246761084,38.4950895,103.2002021,1394.79834
-249046761036,38.4950895,103.2002021,1394.790161
-248846760988,38.4950895,103.2002021,1394.793091
-248646761179,38.4950895,103.2002021,1394.792236
-248446761131,38.4950895,103.2002021,1394.793579
-248246761084,38.4950895,103.2002021,1394.792114
-248046761036,38.4950895,103.2002021,1394.794189
-247846760988,38.4950895,103.2002021,1394.793945
-247646761179,38.4950895,103.2002021,1394.794678
-247446761131,38.4950895,103.2002021,1394.797119
-247246761084,38.4950895,103.2002021,1394.795776
-247046761036,38.4950895,103.2002021,1394.793945
-246846760988,38.4950895,103.2002021,1394.794067
-246646761179,38.4950895,103.2002021,1394.79248
-246446761131,38.4950895,103.2002021,1394.794434
-246246761084,38.4950895,103.2002021,1394.796875
-246046761036,38.4950895,103.2002021,1394.795044
-245846760988,38.4950895,103.2002021,1394.793945
-245646761179,38.4950895,103.2002021,1394.795776
-245446761131,38.4950895,103.2002021,1394.796021
-245246761084,38.4950895,103.2002021,1394.794678
-244846760988,38.4950895,103.2002021,1394.795166
-244646761179,38.4950895,103.2002021,1394.794312
-244446761131,38.4950894,103.2002021,1394.792969
-244246761084,38.4950894,103.2002021,1394.795044
-244046761036,38.4950895,103.2002021,1394.7948
-243846760988,38.4950895,103.2002021,1394.797607
-243646761179,38.4950895,103.2002021,1394.795654
-243446761131,38.4950895,103.2002021,1394.795166
-243246761084,38.4950895,103.2002021,1394.796997
-243046761036,38.4950895,103.2002021,1394.794556
-242846760988,38.4950895,103.2002021,1394.792603
-242646761179,38.4950895,103.2002021,1394.792725
-242446761131,38.4950895,103.2002021,1394.793945
-242246761084,38.4950895,103.2002021,1394.792725
-242046761036,38.4950895,103.2002021,1394.793823
-241846760988,38.4950895,103.2002021,1394.794556
-241646761179,38.4950895,103.2002021,1394.794189
-241446761131,38.4950895,103.2002021,1394.795044
-241246761084,38.4950895,103.2002021,1394.793945
-241046761036,38.4950895,103.2002021,1394.796509
-240846760988,38.4950894,103.2002021,1394.7948
-240646761179,38.4950894,103.2002021,1394.795898
-240446761131,38.4950894,103.2002021,1394.796021
-240246761084,38.4950894,103.2002021,1394.795288
-240046761036,38.4950894,103.2002021,1394.793945
-239846760988,38.4950894,103.2002021,1394.794312
-239646761179,38.4950895,103.2002021,1394.793823
-239446761131,38.4950894,103.2002021,1394.795532
-239246761084,38.4950894,103.2002021,1394.795288
-239046761036,38.4950894,103.2002021,1394.792236
-238846760988,38.4950895,103.2002021,1394.792114
-238646761179,38.4950895,103.2002021,1394.794434
-238446761131,38.4950895,103.2002021,1394.792725
-238246761084,38.4950895,103.2002021,1394.792725
-238046761036,38.4950894,103.2002021,1394.796631
-237846760988,38.4950894,103.2002021,1394.793335
-237646761179,38.4950895,103.2002021,1394.792236
-237446761131,38.4950895,103.2002021,1394.794312
-237246761084,38.4950895,103.2002021,1394.791504
-237046761036,38.4950895,103.2002021,1394.797485
-236846760988,38.4950895,103.2002021,1394.795776
-236646761179,38.4950895,103.2002021,1394.795044
-236446761131,38.4950894,103.2002021,1394.796265
-236246761084,38.4950895,103.2002021,1394.795898
-236046761036,38.4950895,103.2002021,1394.794922
-235846760988,38.4950895,103.2002021,1394.792603
-235646761179,38.4950895,103.2002021,1394.791992
-235446761131,38.4950894,103.2002021,1394.795898
-235046761036,38.4950895,103.2002021,1394.793701
-234846760988,38.4950894,103.2002021,1394.794678
-234646761179,38.4950895,103.2002021,1394.793213
-234446761131,38.4950894,103.2002021,1394.793945
-234246761084,38.4950894,103.2002021,1394.793213
-234046761036,38.4950895,103.2002021,1394.791626
-233846760988,38.4950894,103.2002021,1394.791992
-233646761179,38.4950894,103.2002021,1394.793335
-233446761131,38.4950895,103.2002021,1394.790771
-233246761084,38.4950894,103.2002021,1394.789307
-233046761036,38.4950894,103.2002021,1394.797485
-232846760988,38.4950894,103.2002021,1394.795532
-232646761179,38.4950894,103.2002021,1394.798706
-232446761131,38.4950894,103.2002021,1394.799561
-232246761084,38.4950894,103.2002021,1394.7948
-232046761036,38.4950894,103.2002021,1394.797119
-231846760988,38.4950894,103.2002021,1394.800171
-231646761179,38.4950894,103.2002021,1394.795898
-231446761131,38.4950894,103.2002021,1394.799805
-231246761084,38.4950894,103.2002021,1394.792358
-231046761036,38.4950894,103.2002021,1394.796509
-230846760988,38.4950894,103.2002021,1394.791992
-230646761179,38.4950894,103.2002021,1394.791992
-230446761131,38.4950894,103.2002021,1394.795166
-230246761084,38.4950894,103.200202,1394.795532
-230046761036,38.4950895,103.2002021,1394.790649
-229846760988,38.4950895,103.2002021,1394.789185
-229646761179,38.4950895,103.2002021,1394.78833
-229446761131,38.4950895,103.2002021,1394.789185
-229246761084,38.4950895,103.2002021,1394.789185
-229046761036,38.4950895,103.2002021,1394.791138
-228846760988,38.4950895,103.2002021,1394.788818
-228646761179,38.4950895,103.2002021,1394.788818
-228446761131,38.4950895,103.2002021,1394.790405
-228246761084,38.4950895,103.2002021,1394.788452
-228046761036,38.4950894,103.2002021,1394.794678
-227846760988,38.4950895,103.2002021,1394.796265
-227646761179,38.4950895,103.2002021,1394.794312
-227446761131,38.4950894,103.2002021,1394.795776
-227246761084,38.4950894,103.2002021,1394.793579
-227046761036,38.4950895,103.2002021,1394.789673
-226846760988,38.4950895,103.2002021,1394.790039
-226646761179,38.4950895,103.2002021,1394.791382
-226446761131,38.4950894,103.2002021,1394.792114
-226246761084,38.4950895,103.2002021,1394.790771
-226046761036,38.4950895,103.2002021,1394.789917
-225846760988,38.4950895,103.2002021,1394.787842
-225446761131,38.4950895,103.2002021,1394.790527
-225446761131,38.4950895,103.2002021,1394.790527
-225046761036,38.4950895,103.2002021,1394.79126
-224846760988,38.4950895,103.2002021,1394.791016
-224646761179,38.4950895,103.2002021,1394.788818
-224446761131,38.4950895,103.2002021,1394.788818
-224246761084,38.4950895,103.200202,1394.789429
-224046761036,38.4950895,103.2002021,1394.790894
-223846760988,38.4950895,103.2002021,1394.788818
-223646761179,38.4950895,103.2002021,1394.790161
-223446761131,38.4950895,103.2002021,1394.790039
-223246761084,38.4950895,103.2002021,1394.789185
-223046761036,38.4950895,103.2002021,1394.788574
-222846760988,38.4950895,103.2002021,1394.785767
-222646761179,38.4950895,103.2002021,1394.789307
-222446761131,38.4950895,103.2002021,1394.788086
-222246761084,38.4950895,103.2002021,1394.787476
-222046761036,38.4950895,103.2002021,1394.785522
-221846760988,38.4950895,103.2002021,1394.786499
-221646761179,38.4950895,103.2002021,1394.78772
-221446761131,38.4950895,103.2002021,1394.786133
-221246761084,38.4950895,103.2002021,1394.785522
-221046761036,38.4950895,103.2002021,1394.787476
-220846760988,38.4950895,103.2002021,1394.786011
-220646761179,38.4950895,103.2002021,1394.784668
-220446761131,38.4950895,103.2002021,1394.788696
-220246761084,38.4950895,103.2002021,1394.789063
-220046761036,38.4950895,103.2002021,1394.786865
-219846760988,38.4950895,103.2002021,1394.785522
-219646761179,38.4950895,103.2002021,1394.787598
-219446761131,38.4950895,103.2002021,1394.7854
-219246761084,38.4950895,103.2002021,1394.785767
-219046761036,38.4950895,103.2002021,1394.789185
-218846760988,38.4950895,103.2002021,1394.787476
-218646761179,38.4950895,103.2002021,1394.787842
-218446761131,38.4950895,103.2002021,1394.785645
-218246761084,38.4950895,103.2002021,1394.787476
-218046761036,38.4950895,103.2002021,1394.789185
-217846760988,38.4950895,103.2002021,1394.787354
-217646761179,38.4950895,103.2002021,1394.789551
-217446761131,38.4950895,103.2002021,1394.78772
-217246761084,38.4950895,103.2002021,1394.78894
-217046761036,38.4950895,103.2002021,1394.787476
-216846760988,38.4950895,103.2002021,1394.785522
-216646761179,38.4950895,103.2002021,1394.785645
-216446761131,38.4950895,103.2002021,1394.7854
-216246761084,38.4950895,103.2002021,1394.785767
-216046761036,38.4950895,103.2002021,1394.785522
-215846760988,38.4950895,103.2002021,1394.786255
-215446761131,38.4950895,103.2002021,1394.786621
-215246761084,38.4950895,103.2002021,1394.786255
-215046761036,38.4950895,103.2002021,1394.787842
-214846760988,38.4950895,103.2002021,1394.789185
-214646761179,38.4950895,103.2002021,1394.78833
-214446761131,38.4950895,103.2002021,1394.787354
-214246761084,38.4950895,103.2002021,1394.787354
-214046761036,38.4950895,103.2002021,1394.788086
-213846760988,38.4950895,103.2002021,1394.788208
-213646761179,38.4950895,103.2002021,1394.787964
-213446761131,38.4950895,103.2002021,1394.788452
-213246761084,38.4950895,103.2002021,1394.787109
-213046761036,38.4950894,103.2002021,1394.79248
-212846760988,38.4950895,103.2002021,1394.789795
-212646761179,38.4950895,103.2002021,1394.788574
-212446761131,38.4950895,103.2002021,1394.789429
-212246761084,38.4950894,103.2002021,1394.790771
-212046761036,38.4950895,103.2002021,1394.792358
-211846760988,38.4950895,103.2002021,1394.78833
-211646761179,38.4950895,103.2002021,1394.793579
-211446761131,38.4950895,103.2002021,1394.790771
-211246761084,38.4950894,103.2002021,1394.789551
-211046761036,38.4950895,103.2002021,1394.793213
-210846760988,38.4950895,103.2002021,1394.793335
-210646761179,38.4950895,103.2002021,1394.792236
-210446761131,38.4950895,103.2002021,1394.792358
-210246761084,38.4950894,103.2002021,1394.794434
-210046761036,38.4950895,103.2002021,1394.790527
-209846760988,38.4950895,103.2002021,1394.788208
-209646761179,38.4950895,103.2002021,1394.791992
-209446761131,38.4950895,103.2002021,1394.788818
-209246761084,38.4950895,103.2002021,1394.791748
-209046761036,38.4950895,103.2002021,1394.795288
-208846760988,38.4950895,103.2002021,1394.792236
-208646761179,38.4950895,103.2002021,1394.793701
-208446761131,38.4950895,103.2002021,1394.79187
-208246761084,38.4950895,103.2002021,1394.791016
-208046761036,38.4950895,103.2002021,1394.789795
-207846760988,38.4950895,103.2002021,1394.792236
-207646761179,38.4950895,103.2002021,1394.795898
-207446761131,38.4950895,103.2002021,1394.794434
-207246761084,38.4950895,103.2002021,1394.792847
-207046761036,38.4950895,103.2002021,1394.796387
-206846760988,38.4950895,103.2002021,1394.796509
-206646761179,38.4950895,103.2002021,1394.798584
-206446761131,38.4950895,103.2002021,1394.797852
-206246761084,38.4950895,103.2002021,1394.793701
-206046761036,38.4950894,103.2002021,1394.794678
-205646761179,38.4950894,103.2002021,1394.795776
-205446761131,38.4950894,103.2002021,1394.796997
-205246761084,38.4950894,103.2002021,1394.796387
-205046761036,38.4950894,103.2002021,1394.793213
-204846760988,38.4950894,103.2002021,1394.792847
-204646761179,38.4950895,103.2002021,1394.794434
-204446761131,38.4950894,103.2002021,1394.791016
-204246761084,38.4950895,103.2002021,1394.789063
-204046761036,38.4950895,103.2002021,1394.795166
-203846760988,38.4950895,103.2002021,1394.796387
-203646761179,38.4950895,103.2002021,1394.795898
-203446761131,38.4950894,103.2002021,1394.796509
-203246761084,38.4950895,103.2002021,1394.795654
-203046761036,38.4950894,103.2002021,1394.793945
-202846760988,38.4950895,103.2002021,1394.793213
-202646761179,38.4950894,103.2002021,1394.79541
-202446761131,38.4950894,103.2002021,1394.79248
-202246761084,38.4950895,103.2002021,1394.791992
-202046761036,38.4950895,103.2002021,1394.796021
-201846760988,38.4950894,103.2002021,1394.795166
-201646761179,38.4950894,103.2002021,1394.79541
-201446761131,38.4950895,103.2002021,1394.7948
-201246761084,38.4950894,103.2002021,1394.795288
-201046761036,38.4950895,103.2002021,1394.791992
-200846760988,38.4950894,103.2002021,1394.792725
-200646761179,38.4950895,103.2002021,1394.794067
-200446761131,38.4950894,103.2002021,1394.793701
-200246761084,38.4950895,103.2002021,1394.792725
-200046761036,38.4950894,103.2002021,1394.796509
-199846760988,38.4950894,103.2002021,1394.796143
-199646761179,38.4950894,103.2002021,1394.798218
-199446761131,38.4950894,103.2002021,1394.795654
-199246761084,38.4950894,103.2002021,1394.797363
-199046761036,38.4950895,103.2002021,1394.791748
-198846760988,38.4950895,103.2002021,1394.794556
-198646761179,38.4950895,103.2002021,1394.793701
-198446761131,38.4950895,103.2002021,1394.794922
-198246761084,38.4950895,103.2002021,1394.793457
-198046761036,38.4950895,103.2002021,1394.794189
-197846760988,38.4950894,103.2002021,1394.79541
-197646761179,38.4950895,103.2002021,1394.794922
-197446761131,38.4950894,103.2002021,1394.797363
-197246761084,38.4950894,103.2002021,1394.798828
-197046761036,38.4950894,103.2002021,1394.792358
-196846760988,38.4950895,103.2002021,1394.791626
-196646761179,38.4950894,103.2002021,1394.792847
-196446761131,38.4950895,103.2002021,1394.79248
-196246761084,38.4950894,103.2002021,1394.792114
-195846760988,38.4950895,103.2002021,1394.789917
-195646761179,38.4950895,103.2002021,1394.792969
-195446761131,38.4950895,103.2002021,1394.793091
-195246761084,38.4950895,103.2002021,1394.792603
-195046761036,38.4950894,103.2002021,1394.79248
-194846760988,38.4950894,103.2002021,1394.793701
-194646761179,38.4950894,103.2002021,1394.791748
-194446761131,38.4950894,103.2002021,1394.790649
-194246761084,38.4950894,103.2002021,1394.792236
-194046761036,38.4950895,103.2002021,1394.79126
-193846760988,38.4950894,103.2002021,1394.793335
-193646761179,38.4950894,103.2002021,1394.794678
-193446761131,38.4950894,103.2002021,1394.793457
-193246761084,38.4950894,103.2002021,1394.794189
-193046761036,38.4950895,103.2002021,1394.792725
-192846760988,38.4950895,103.2002021,1394.789185
-192646761179,38.4950895,103.2002021,1394.790405
-192446761131,38.4950894,103.2002021,1394.79187
-192246761084,38.4950894,103.2002021,1394.790649
-192046761036,38.4950895,103.2002021,1394.798218
-191846760988,38.4950895,103.2002021,1394.800781
-191646761179,38.4950895,103.2002021,1394.801147
-191446761131,38.4950895,103.2002021,1394.802246
-191246761084,38.4950895,103.2002021,1394.80188
-191046761036,38.4950894,103.2002021,1394.797119
-190846760988,38.4950894,103.2002021,1394.79541
-190646761179,38.4950894,103.2002021,1394.799316
-190446761131,38.4950894,103.2002021,1394.799927
-190246761084,38.4950894,103.2002021,1394.799927
-190046761036,38.4950894,103.2002021,1394.796265
-189846760988,38.4950894,103.2002021,1394.796387
-189646761179,38.4950894,103.2002021,1394.795898
-189446761131,38.4950894,103.2002021,1394.795776
-189246761084,38.4950894,103.2002021,1394.796997
-189046761036,38.4950895,103.2002021,1394.798462
-188846760988,38.4950894,103.2002021,1394.800049
-188646761179,38.4950894,103.200202,1394.800171
-188446761131,38.4950894,103.2002021,1394.801147
-188246761084,38.4950894,103.2002021,1394.800415
-188046761036,38.4950894,103.2002021,1394.797485
-187846760988,38.4950894,103.2002021,1394.799927
-187646761179,38.4950894,103.2002021,1394.80188
-187446761131,38.4950894,103.200202,1394.802124
-187246761084,38.4950894,103.2002021,1394.79895
-187046761036,38.4950894,103.2002021,1394.802612
-186846760988,38.4950894,103.200202,1394.799927
-186646761179,38.4950894,103.200202,1394.798218
-186446761131,38.4950894,103.200202,1394.79895
-186246761084,38.4950894,103.200202,1394.800537
-185846760988,38.4950894,103.200202,1394.796265
-185646761179,38.4950894,103.2002021,1394.799316
-185446761131,38.4950894,103.2002021,1394.79834
-185246761084,38.4950894,103.2002021,1394.795776
-185046761036,38.4950894,103.2002021,1394.799561
-184846760988,38.4950894,103.2002021,1394.799561
-184646761179,38.4950894,103.2002021,1394.79895
-184446761131,38.4950894,103.2002021,1394.800537
-184246761084,38.4950894,103.200202,1394.80188
-184046761036,38.4950894,103.2002021,1394.797241
-183846760988,38.4950894,103.2002021,1394.801392
-183646761179,38.4950894,103.2002021,1394.801392
-183446761131,38.4950894,103.2002021,1394.800293
-183246761084,38.4950894,103.2002021,1394.799927
-183046761036,38.4950894,103.2002021,1394.797363
-182846760988,38.4950894,103.2002021,1394.798706
-182646761179,38.4950894,103.2002021,1394.799194
-182446761131,38.4950894,103.2002021,1394.801147
-182246761084,38.4950894,103.2002021,1394.801392
-182046761036,38.4950894,103.2002021,1394.795654
-181846760988,38.4950894,103.2002021,1394.796753
-181646761179,38.4950894,103.2002021,1394.797363
-181446761131,38.4950894,103.2002021,1394.801636
-181246761084,38.4950894,103.2002021,1394.796143
-181046761036,38.4950894,103.2002021,1394.793701
-180846760988,38.4950894,103.2002021,1394.793457
-180646761179,38.4950894,103.2002021,1394.791992
-180446761131,38.4950894,103.2002021,1394.781616
-180246761084,38.4950894,103.2002021,1394.782837
-180046761036,38.4950895,103.2002021,1394.785522
-179846760988,38.4950895,103.2002021,1394.786133
-179646761179,38.4950895,103.2002021,1394.7854
-179446761131,38.4950895,103.2002021,1394.788574
-179246761084,38.4950895,103.2002021,1394.790161
-179046761036,38.4950895,103.2002021,1394.787109
-178846760988,38.4950895,103.2002021,1394.792236
-178646761179,38.4950894,103.2002021,1394.793579
-178446761131,38.4950895,103.2002021,1394.793457
-178246761084,38.4950895,103.2002021,1394.790649
-178046761036,38.4950895,103.2002021,1394.791138
-177846760988,38.4950894,103.2002021,1394.791504
-177646761179,38.4950895,103.2002021,1394.789795
-177446761131,38.4950894,103.2002021,1394.790405
-177246761084,38.4950895,103.2002021,1394.789185
-177046761036,38.4950895,103.2002021,1394.788452
-176846760988,38.4950895,103.2002021,1394.791992
-176646761179,38.4950895,103.2002021,1394.788208
-176446761131,38.4950895,103.2002021,1394.789795
-176246761084,38.4950895,103.2002021,1394.788208
-175846760988,38.4950895,103.2002021,1394.785889
-175646761179,38.4950894,103.2002021,1394.785156
-175446761131,38.4950894,103.2002021,1394.786987
-175246761084,38.4950894,103.2002021,1394.786865
-175046761036,38.4950894,103.2002021,1394.786621
-174846760988,38.4950894,103.2002021,1394.788818
-174646761179,38.4950894,103.2002021,1394.790527
-174446761131,38.4950894,103.2002021,1394.790649
-174246761084,38.4950894,103.2002021,1394.788208
-174046761036,38.4950895,103.2002021,1394.786987
-173846760988,38.4950895,103.2002021,1394.786743
-173646761179,38.4950895,103.2002021,1394.788208
-173446761131,38.4950895,103.2002021,1394.785034
-173246761084,38.4950895,103.2002021,1394.785889
-173046761036,38.4950894,103.2002021,1394.789307
-172846760988,38.4950895,103.2002021,1394.788818
-172646761179,38.4950894,103.2002021,1394.78833
-172446761131,38.4950895,103.2002021,1394.786987
-172246761084,38.4950895,103.2002021,1394.785645
-172046761036,38.4950895,103.2002021,1394.791016
-171846760988,38.4950895,103.2002021,1394.791504
-171646761179,38.4950895,103.2002021,1394.790283
-171446761131,38.4950895,103.2002021,1394.790649
-171246761084,38.4950895,103.2002021,1394.789185
-171046761036,38.4950895,103.2002021,1394.789307
-170846760988,38.4950895,103.2002021,1394.789429
-170646761179,38.4950895,103.2002021,1394.787598
-170446761131,38.4950895,103.2002021,1394.788452
-170246761084,38.4950895,103.2002021,1394.787964
-170046761036,38.4950895,103.2002021,1394.788696
-169846760988,38.4950895,103.2002021,1394.788696
-169646761179,38.4950894,103.2002021,1394.789185
-169446761131,38.4950894,103.2002021,1394.788208
-169246761084,38.4950894,103.2002021,1394.786621
-169046761036,38.4950895,103.2002021,1394.789429
-168846760988,38.4950895,103.2002021,1394.789795
-168646761179,38.4950895,103.2002021,1394.788086
-168446761131,38.4950895,103.2002021,1394.78772
-168246761084,38.4950895,103.2002021,1394.790039
-168046761036,38.4950895,103.2002021,1394.787598
-167846760988,38.4950895,103.2002021,1394.785645
-167646761179,38.4950894,103.2002021,1394.786743
-167446761131,38.4950895,103.2002021,1394.78772
-167246761084,38.4950895,103.2002021,1394.78772
-167046761036,38.4950895,103.2002021,1394.791748
-166846760988,38.4950895,103.2002021,1394.792236
-166646761179,38.4950894,103.2002021,1394.793701
-166446761131,38.4950894,103.2002021,1394.792847
-166046761036,38.4950894,103.2002021,1394.787476
-165846760988,38.4950894,103.2002021,1394.786377
-165646761179,38.4950894,103.2002021,1394.788574
-165446761131,38.4950894,103.2002021,1394.789551
-165246761084,38.4950894,103.2002021,1394.786743
-165046761036,38.4950895,103.2002021,1394.786011
-164846760988,38.4950895,103.2002021,1394.786499
-164646761179,38.4950894,103.2002021,1394.788086
-164446761131,38.4950894,103.2002021,1394.786133
-164246761084,38.4950894,103.200202,1394.783691
-164046761036,38.4950895,103.2002021,1394.789795
-163846760988,38.4950895,103.2002021,1394.789429
-163646761179,38.4950894,103.2002021,1394.786987
-163446761131,38.4950894,103.2002021,1394.789429
-163246761084,38.4950895,103.2002021,1394.786621
-163046761036,38.4950894,103.2002021,1394.785278
-162846760988,38.4950894,103.2002021,1394.785522
-162646761179,38.4950894,103.2002021,1394.789429
-162446761131,38.4950894,103.2002021,1394.78418
-162246761084,38.4950894,103.2002021,1394.784058
-162046761036,38.4950895,103.2002021,1394.786865
-161846760988,38.4950895,103.2002021,1394.786377
-161646761179,38.4950895,103.2002021,1394.786255
-161446761131,38.4950895,103.2002021,1394.785522
-161246761084,38.4950895,103.2002021,1394.782715
-161046761036,38.4950895,103.2002021,1394.791016
-160846760988,38.4950895,103.2002021,1394.78833
-160646761179,38.4950895,103.2002021,1394.790161
-160446761131,38.4950895,103.2002021,1394.788696
-160246761084,38.4950895,103.2002021,1394.790771
-160046761036,38.4950895,103.2002021,1394.7854
-159846760988,38.4950895,103.200202,1394.78772
-159646761179,38.4950895,103.200202,1394.786621
-159446761131,38.4950895,103.200202,1394.788086
-159246761084,38.4950895,103.200202,1394.786255
-159046761036,38.4950895,103.2002021,1394.793457
-158846760988,38.4950894,103.2002021,1394.789917
-158646761179,38.4950894,103.2002021,1394.787964
-158446761131,38.4950894,103.2002021,1394.786133
-158246761084,38.4950894,103.2002021,1394.781982
-158046761036,38.4950895,103.2002021,1394.78833
-157846760988,38.4950895,103.200202,1394.792236
-157646761179,38.4950895,103.200202,1394.792725
-157446761131,38.4950894,103.200202,1394.789795
-157246761084,38.4950894,103.2002019,1394.791504
-157046761036,38.4950894,103.2002019,1394.788696
-156846760988,38.4950894,103.2002019,1394.788574
-156446761131,38.4950894,103.2002019,1394.789917
-156446761131,38.4950894,103.2002019,1394.789917
-156046761036,38.4950894,103.2002019,1394.791748
-155846760988,38.4950894,103.2002019,1394.78772
-155646761179,38.4950894,103.2002019,1394.791748
-155446761131,38.4950894,103.2002019,1394.791626
-155246761084,38.4950894,103.2002019,1394.789307
-155046761036,38.4950894,103.2002019,1394.78833
-154846760988,38.4950894,103.2002019,1394.787109
-154646761179,38.4950894,103.2002019,1394.789551
-154446761131,38.4950894,103.2002019,1394.788574
-154246761084,38.4950894,103.2002019,1394.786743
-154046761036,38.4950894,103.2002019,1394.78833
-153846760988,38.4950894,103.2002019,1394.790405
-153646761179,38.4950894,103.2002019,1394.791748
-153446761131,38.4950894,103.2002019,1394.790039
-153246761084,38.4950894,103.2002019,1394.792969
-153046761036,38.4950895,103.2002019,1394.790649
-152846760988,38.4950895,103.2002019,1394.785522
-152646761179,38.4950894,103.2002019,1394.782471
-152446761131,38.4950894,103.200202,1394.784546
-152246761084,38.4950894,103.200202,1394.786011
-152046761036,38.4950894,103.2002019,1394.789917
-151846760988,38.4950895,103.200202,1394.788696
-151646761179,38.4950894,103.2002019,1394.790894
-151446761131,38.4950894,103.2002019,1394.792358
-151246761084,38.4950894,103.2002019,1394.793945
-151046761036,38.4950894,103.2002019,1394.788696
-150846760988,38.4950894,103.2002019,1394.789917
-150646761179,38.4950894,103.2002019,1394.788452
-150446761131,38.4950894,103.2002019,1394.791992
-150246761084,38.4950894,103.2002019,1394.786987
-150046761036,38.4950894,103.2002019,1394.789551
-149846760988,38.4950894,103.2002019,1394.791626
-149646761179,38.4950894,103.2002019,1394.790649
-149446761131,38.4950894,103.2002019,1394.78833
-149246761084,38.4950894,103.2002019,1394.790527
-149046761036,38.4950894,103.2002019,1394.790649
-148846760988,38.4950894,103.2002019,1394.790649
-148646761179,38.4950894,103.2002019,1394.791382
-148446761131,38.4950894,103.2002019,1394.790894
-148246761084,38.4950894,103.2002019,1394.788574
-148046761036,38.4950894,103.2002019,1394.793457
-147846760988,38.4950894,103.2002019,1394.794067
-147646761179,38.4950894,103.2002019,1394.790649
-147446761131,38.4950894,103.2002019,1394.791382
-147246761084,38.4950894,103.2002019,1394.789429
-147046761036,38.4950894,103.2002019,1394.793579
-146646761179,38.4950894,103.2002019,1394.794312
-146446761131,38.4950894,103.2002019,1394.793701
-146246761084,38.4950894,103.2002019,1394.794312
-146046761036,38.4950894,103.2002019,1394.790771
-145846760988,38.4950894,103.2002019,1394.792969
-145646761179,38.4950894,103.2002019,1394.789795
-145446761131,38.4950894,103.2002019,1394.78833
-145246761084,38.4950894,103.2002019,1394.788574
-145046761036,38.4950895,103.200202,1394.786377
-144846760988,38.4950894,103.200202,1394.785645
-144646761179,38.4950894,103.200202,1394.786499
-144446761131,38.4950894,103.2002019,1394.787476
-144246761084,38.4950894,103.2002019,1394.786743
-144046761036,38.4950894,103.2002019,1394.793945
-143846760988,38.4950894,103.2002019,1394.795898
-143646761179,38.4950894,103.200202,1394.794434
-143446761131,38.4950894,103.2002019,1394.79834
-143246761084,38.4950894,103.2002019,1394.798584
-143046761036,38.4950894,103.2002019,1394.794067
-142846760988,38.4950894,103.2002019,1394.795532
-142646761179,38.4950894,103.2002019,1394.785645
-142446761131,38.4950895,103.200202,1394.778809
-142246761084,38.4950895,103.2002019,1394.778076
-142046761036,38.4950894,103.2002019,1394.792603
-141846760988,38.4950894,103.2002019,1394.799072
-141646761179,38.4950894,103.200202,1394.804321
-141446761131,38.4950894,103.2002019,1394.799561
-141246761084,38.4950894,103.2002019,1394.797119
-141046761036,38.4950894,103.200202,1394.788696
-140846760988,38.4950895,103.200202,1394.783569
-140646761179,38.4950894,103.200202,1394.786987
-140446761131,38.4950894,103.200202,1394.788452
-140246761084,38.4950894,103.200202,1394.785767
-140046761036,38.4950894,103.200202,1394.788818
-139846760988,38.4950894,103.200202,1394.790405
-139646761179,38.4950894,103.200202,1394.790771
-139446761131,38.4950894,103.200202,1394.792358
-139246761084,38.4950894,103.200202,1394.791016
-139046761036,38.4950894,103.200202,1394.787354
-138846760988,38.4950894,103.200202,1394.790894
-138646761179,38.4950894,103.200202,1394.790894
-138446761131,38.4950894,103.200202,1394.788818
-138246761084,38.4950894,103.200202,1394.785034
-138046761036,38.4950894,103.200202,1394.786133
-137846760988,38.4950894,103.200202,1394.785645
-137646761179,38.4950894,103.200202,1394.785767
-137446761131,38.4950894,103.200202,1394.787842
-137246761084,38.4950894,103.200202,1394.789917
-137046761036,38.4950895,103.200202,1394.782959
-136646761179,38.4950895,103.200202,1394.781494
-136446761131,38.4950895,103.200202,1394.78418
-136246761084,38.4950895,103.200202,1394.781494
-136046761036,38.4950894,103.200202,1394.782715
-135846760988,38.4950895,103.200202,1394.782593
-135646761179,38.4950895,103.200202,1394.781616
-135446761131,38.4950895,103.200202,1394.779297
-135246761084,38.4950895,103.200202,1394.777954
-135046761036,38.4950894,103.200202,1394.784058
-134846760988,38.4950895,103.200202,1394.783325
-134646761179,38.4950894,103.200202,1394.784668
-134446761131,38.4950894,103.200202,1394.785522
-134246761084,38.4950895,103.200202,1394.782593
-134046761036,38.4950894,103.200202,1394.786499
-133846760988,38.4950894,103.2002019,1394.786011
-133646761179,38.4950894,103.200202,1394.788086
-133446761131,38.4950894,103.2002019,1394.783691
-133246761084,38.4950894,103.2002019,1394.785767
-133046761036,38.4950894,103.2002019,1394.786011
-132846760988,38.4950894,103.200202,1394.784302
-132646761179,38.4950894,103.2002019,1394.786377
-132446761131,38.4950894,103.2002019,1394.784302
-132246761084,38.4950894,103.2002019,1394.790649
-132046761036,38.4950894,103.200202,1394.794067
-131846760988,38.4950894,103.2002019,1394.796265
-131646761179,38.4950894,103.200202,1394.793579
-131446761131,38.4950894,103.200202,1394.793701
-131246761084,38.4950894,103.200202,1394.790283
-131046761036,38.4950894,103.2002019,1394.789307
-130846760988,38.4950894,103.2002019,1394.788208
-130646761179,38.4950894,103.2002019,1394.78894
-130446761131,38.4950894,103.2002019,1394.790161
-130246761084,38.4950894,103.2002019,1394.786499
-130046761036,38.4950894,103.200202,1394.781128
-129846760988,38.4950894,103.200202,1394.781982
-129646761179,38.4950894,103.200202,1394.7854
-129446761131,38.4950894,103.200202,1394.782227
-129246761084,38.4950894,103.200202,1394.785767
-129046761036,38.4950894,103.200202,1394.782715
-128846760988,38.4950894,103.200202,1394.780762
-128646761179,38.4950894,103.200202,1394.782715
-128446761131,38.4950894,103.200202,1394.786377
-128246761084,38.4950894,103.2002019,1394.786743
-128046761036,38.4950894,103.2002019,1394.798706
-127846760988,38.4950894,103.200202,1394.796997
-127646761179,38.4950894,103.2002019,1394.796631
-127446761131,38.4950894,103.200202,1394.801147
-127246761084,38.4950894,103.200202,1394.796021
-126846760988,38.4950894,103.200202,1394.789551
-126646761179,38.4950894,103.200202,1394.789307
-126446761131,38.4950894,103.200202,1394.788452
-126246761084,38.4950894,103.200202,1394.790161
-126046761036,38.4950894,103.200202,1394.785156
-125846760988,38.4950894,103.200202,1394.789917
-125646761179,38.4950894,103.200202,1394.789795
-125446761131,38.4950894,103.200202,1394.791382
-125246761084,38.4950894,103.200202,1394.789551
-125046761036,38.4950894,103.200202,1394.786743
-124846760988,38.4950894,103.200202,1394.784058
-124646761179,38.4950894,103.200202,1394.788818
-124446761131,38.4950895,103.200202,1394.789795
-124246761084,38.4950895,103.2002021,1394.787476
-124046761036,38.4950895,103.200202,1394.788696
-123846760988,38.4950894,103.2002021,1394.791016
-123646761179,38.4950894,103.2002021,1394.790894
-123446761131,38.4950894,103.200202,1394.791992
-123246761084,38.4950894,103.2002021,1394.794189
-123046761036,38.4950895,103.2002021,1394.78479
-122846760988,38.4950895,103.2002021,1394.785522
-122646761179,38.4950895,103.2002021,1394.7854
-122446761131,38.4950894,103.2002021,1394.787231
-122246761084,38.4950895,103.2002021,1394.786133
-122046761036,38.4950895,103.2002021,1394.787964
-121846760988,38.4950895,103.2002021,1394.787964
-121646761179,38.4950895,103.200202,1394.786377
-121446761131,38.4950894,103.2002019,1394.79187
-121246761084,38.4950894,103.200202,1394.788574
-121046761036,38.4950894,103.200202,1394.786743
-120846760988,38.4950894,103.200202,1394.786743
-120646761179,38.4950894,103.200202,1394.785522
-120446761131,38.4950894,103.200202,1394.786743
-120246761084,38.4950894,103.2002019,1394.786865
-120046761036,38.4950894,103.200202,1394.788208
-119846760988,38.4950894,103.200202,1394.787231
-119646761179,38.4950894,103.200202,1394.788574
-119446761131,38.4950894,103.200202,1394.79126
-119246761084,38.4950894,103.200202,1394.790405
-119046761036,38.4950894,103.200202,1394.786377
-118846760988,38.4950894,103.200202,1394.788452
-118646761179,38.4950894,103.200202,1394.78833
-118446761131,38.4950894,103.200202,1394.788696
-118246761084,38.4950894,103.2002019,1394.787109
-118046761036,38.4950894,103.200202,1394.78772
-117846760988,38.4950894,103.2002019,1394.785767
-117646761179,38.4950894,103.200202,1394.786987
-117446761131,38.4950894,103.2002019,1394.787109
-117246761084,38.4950894,103.200202,1394.787231
-116846760988,38.4950894,103.200202,1394.784546
-116646761179,38.4950894,103.200202,1394.786987
-116446761131,38.4950894,103.200202,1394.785522
-116246761084,38.4950894,103.200202,1394.786743
-116046761036,38.4950894,103.200202,1394.786133
-115846760988,38.4950894,103.200202,1394.790039
-115646761179,38.4950894,103.200202,1394.793823
-115446761131,38.4950894,103.200202,1394.789673
-115246761084,38.4950894,103.200202,1394.793091
-115046761036,38.4950895,103.200202,1394.785278
-114846760988,38.4950895,103.200202,1394.782715
-114646761179,38.4950894,103.200202,1394.783569
-114446761131,38.4950894,103.200202,1394.784912
-114246761084,38.4950895,103.200202,1394.784546
-114046761036,38.4950894,103.200202,1394.790161
-113846760988,38.4950894,103.200202,1394.792847
-113646761179,38.4950894,103.200202,1394.792725
-113446761131,38.4950894,103.200202,1394.789063
-113246761084,38.4950894,103.200202,1394.788574
-113046761036,38.4950894,103.200202,1394.791748
-112846760988,38.4950894,103.200202,1394.793701
-112646761179,38.4950894,103.200202,1394.791748
-112446761131,38.4950894,103.200202,1394.789551
-112246761084,38.4950894,103.200202,1394.791626
-112046761036,38.4950895,103.200202,1394.788574
-111846760988,38.4950895,103.200202,1394.789429
-111646761179,38.4950895,103.200202,1394.787598
-111446761131,38.4950895,103.200202,1394.788696
-111246761084,38.4950895,103.200202,1394.78833
-111046761036,38.4950895,103.200202,1394.790161
-110846760988,38.4950895,103.200202,1394.789673
-110646761179,38.4950895,103.200202,1394.78894
-110446761131,38.4950895,103.200202,1394.786499
-110246761084,38.4950895,103.200202,1394.790039
-110046761036,38.4950894,103.200202,1394.787231
-109846760988,38.4950894,103.200202,1394.786377
-109646761179,38.4950895,103.200202,1394.785889
-109446761131,38.4950895,103.200202,1394.783691
-109246761084,38.4950894,103.200202,1394.783936
-109046761036,38.4950894,103.200202,1394.791382
-108846760988,38.4950895,103.200202,1394.790894
-108646761179,38.4950894,103.200202,1394.790527
-108446761131,38.4950894,103.2002019,1394.78833
-108246761084,38.4950895,103.200202,1394.787354
-108046761036,38.4950894,103.200202,1394.788696
-107846760988,38.4950895,103.2002021,1394.788818
-107646761179,38.4950895,103.200202,1394.789551
-107446761131,38.4950895,103.200202,1394.789429
-107046761036,38.4950894,103.200202,1394.792114
-106846760988,38.4950895,103.200202,1394.790771
-106646761179,38.4950894,103.200202,1394.790649
-106446761131,38.4950894,103.200202,1394.791382
-106246761084,38.4950895,103.2002021,1394.793945
-106046761036,38.4950895,103.2002022,1394.792236
-105846760988,38.4950895,103.2002022,1394.790405
-105646761179,38.4950895,103.2002022,1394.79126
-105446761131,38.4950895,103.2002022,1394.789673
-105246761084,38.4950895,103.2002022,1394.79126
-105046761036,38.4950895,103.2002022,1394.792603
-104846760988,38.4950895,103.2002022,1394.791382
-104646761179,38.4950895,103.2002021,1394.791016
-104446761131,38.4950895,103.2002021,1394.791748
-104246761084,38.4950895,103.2002021,1394.79126
-104046761036,38.4950895,103.2002022,1394.790527
-103846760988,38.4950895,103.2002022,1394.789429
-103646761179,38.4950895,103.2002021,1394.788208
-103446761131,38.4950895,103.2002021,1394.787964
-103246761084,38.4950895,103.2002021,1394.789795
-103046761036,38.4950895,103.2002021,1394.789185
-102846760988,38.4950895,103.2002021,1394.789917
-102646761179,38.4950895,103.2002021,1394.791748
-102446761131,38.4950895,103.2002021,1394.793091
-102246761084,38.4950895,103.2002021,1394.79126
-102046761036,38.4950895,103.2002022,1394.78894
-101846760988,38.4950895,103.2002022,1394.789063
-101646761179,38.4950895,103.2002021,1394.790283
-101446761131,38.4950895,103.2002022,1394.789551
-101246761084,38.4950895,103.2002022,1394.786865
-101046761036,38.4950895,103.2002021,1394.792114
-100846760988,38.4950895,103.2002021,1394.789307
-100646761179,38.4950895,103.2002021,1394.79126
-100446761131,38.4950895,103.2002021,1394.792114
-100246761084,38.4950895,103.2002021,1394.791992
-100046761036,38.4950895,103.2002021,1394.790527
-99846760988,38.4950895,103.2002021,1394.789551
-99646761179,38.4950895,103.2002021,1394.789307
-99446761131,38.4950895,103.2002021,1394.790405
-99246761084,38.4950895,103.2002021,1394.790894
-99046761036,38.4950895,103.2002021,1394.791748
-98846760988,38.4950895,103.2002021,1394.794067
-98646761179,38.4950895,103.2002021,1394.793823
-98446761131,38.4950895,103.2002021,1394.795898
-98246761084,38.4950895,103.2002021,1394.789795
-98046761036,38.4950895,103.2002021,1394.7948
-97846760988,38.4950895,103.2002021,1394.7948
-97446761131,38.4950895,103.2002021,1394.795166
-97446761131,38.4950895,103.2002021,1394.795166
-97046761036,38.4950895,103.2002021,1394.78833
-96846760988,38.4950895,103.2002021,1394.788452
-96646761179,38.4950895,103.2002021,1394.788574
-96446761131,38.4950895,103.2002021,1394.790894
-96246761084,38.4950895,103.2002021,1394.791382
-96046761036,38.4950895,103.2002021,1394.788208
-95846760988,38.4950895,103.2002022,1394.789795
-95646761179,38.4950895,103.2002022,1394.788696
-95446761131,38.4950895,103.2002021,1394.788452
-95246761084,38.4950895,103.2002022,1394.786255
-95046761036,38.4950895,103.2002022,1394.789917
-94846760988,38.4950895,103.2002022,1394.787476
-94646761179,38.4950895,103.2002022,1394.785889
-94446761131,38.4950895,103.2002021,1394.791016
-94246761084,38.4950895,103.2002022,1394.791016
-94046761036,38.4950895,103.2002022,1394.794678
-93846760988,38.4950895,103.2002022,1394.791138
-93646761179,38.4950895,103.2002022,1394.780029
-93446761131,38.4950895,103.2002022,1394.776245
-93246761084,38.4950895,103.2002023,1394.779297
-93046761036,38.4950895,103.2002021,1394.789185
-92846760988,38.4950895,103.2002022,1394.787231
-92646761179,38.4950895,103.2002021,1394.789795
-92446761131,38.4950895,103.2002021,1394.785522
-92246761084,38.4950895,103.2002021,1394.779907
-92046761036,38.4950895,103.2002022,1394.782104
-91846760988,38.4950895,103.2002022,1394.786987
-91646761179,38.4950895,103.2002021,1394.789673
-91446761131,38.4950895,103.2002021,1394.791992
-91246761084,38.4950895,103.2002021,1394.791504
-91046761036,38.4950895,103.2002021,1394.798706
-90846760988,38.4950895,103.2002021,1394.797974
-90646761179,38.4950895,103.2002021,1394.79834
-90446761131,38.4950895,103.2002021,1394.795776
-90246761084,38.4950895,103.2002021,1394.795288
-90046761036,38.4950895,103.2002021,1394.792603
-89846760988,38.4950895,103.2002021,1394.792358
-89646761179,38.4950895,103.2002021,1394.791748
-89446761131,38.4950895,103.2002021,1394.792603
-89246761084,38.4950895,103.2002021,1394.79248
-89046761036,38.4950895,103.2002021,1394.79541
-88846760988,38.4950895,103.2002021,1394.794922
-88646761179,38.4950895,103.2002021,1394.793701
-88446761131,38.4950895,103.2002021,1394.794556
-88246761084,38.4950895,103.2002021,1394.794312
-88046761036,38.4950895,103.2002021,1394.788818
-87846760988,38.4950895,103.2002021,1394.788818
-87446761131,38.4950895,103.2002021,1394.789917
-87246761084,38.4950895,103.2002021,1394.790039
-87046761036,38.4950895,103.2002021,1394.791748
-86846760988,38.4950895,103.2002021,1394.789917
-86646761179,38.4950895,103.2002021,1394.792847
-86446761131,38.4950895,103.2002021,1394.790894
-86246761084,38.4950895,103.2002021,1394.791016
-86046761036,38.4950895,103.2002021,1394.792114
-85846760988,38.4950895,103.2002021,1394.79126
-85646761179,38.4950895,103.2002021,1394.791626
-85446761131,38.4950895,103.2002021,1394.790405
-85246761084,38.4950895,103.2002021,1394.792236
-85046761036,38.4950895,103.2002021,1394.791016
-84846760988,38.4950895,103.2002021,1394.791382
-84646761179,38.4950895,103.2002021,1394.789429
-84446761131,38.4950895,103.2002021,1394.79248
-84246761084,38.4950895,103.2002021,1394.791382
-84046761036,38.4950895,103.2002021,1394.791626
-83846760988,38.4950895,103.2002021,1394.787842
-83646761179,38.4950895,103.2002021,1394.789917
-83446761131,38.4950895,103.2002021,1394.788208
-83246761084,38.4950895,103.2002021,1394.790649
-83046761036,38.4950895,103.2002021,1394.791748
-82846760988,38.4950895,103.2002021,1394.78772
-82646761179,38.4950895,103.2002021,1394.789063
-82446761131,38.4950895,103.2002021,1394.78772
-82246761084,38.4950895,103.2002021,1394.789185
-82046761036,38.4950895,103.2002021,1394.790039
-81846760988,38.4950895,103.2002021,1394.793701
-81646761179,38.4950895,103.2002021,1394.794556
-81446761131,38.4950895,103.2002021,1394.792725
-81246761084,38.4950895,103.2002021,1394.793945
-81046761036,38.4950895,103.2002021,1394.792236
-80846760988,38.4950895,103.2002021,1394.793335
-80646761179,38.4950895,103.2002021,1394.790649
-80446761131,38.4950895,103.2002021,1394.791382
-80246761084,38.4950895,103.2002021,1394.792358
-80046761036,38.4950895,103.2002021,1394.793579
-79846760988,38.4950895,103.2002021,1394.795166
-79646761179,38.4950895,103.2002021,1394.794434
-79446761131,38.4950895,103.2002021,1394.791992
-79246761084,38.4950895,103.2002021,1394.793945
-79046761036,38.4950895,103.2002021,1394.793213
-78846760988,38.4950895,103.2002021,1394.793091
-78646761179,38.4950895,103.2002021,1394.796631
-78446761131,38.4950895,103.2002021,1394.795166
-78246761084,38.4950895,103.2002021,1394.793945
-78046761036,38.4950895,103.2002021,1394.793213
-77646761179,38.4950895,103.2002021,1394.792603
-77446761131,38.4950895,103.2002021,1394.794189
-77246761084,38.4950895,103.2002021,1394.794189
-77046761036,38.4950895,103.2002021,1394.795654
-76846760988,38.4950895,103.2002021,1394.79248
-76646761179,38.4950895,103.2002021,1394.796387
-76446761131,38.4950895,103.2002021,1394.796021
-76246761084,38.4950895,103.2002021,1394.794189
-76046761036,38.4950895,103.2002021,1394.790771
-75846760988,38.4950895,103.2002021,1394.791504
-75646761179,38.4950895,103.2002021,1394.795288
-75446761131,38.4950895,103.2002021,1394.795532
-75246761084,38.4950895,103.2002021,1394.792847
-75046761036,38.4950895,103.2002021,1394.793701
-74846760988,38.4950895,103.2002021,1394.792847
-74646761179,38.4950895,103.2002021,1394.79541
-74446761131,38.4950895,103.2002021,1394.794556
-74246761084,38.4950895,103.2002021,1394.793823
-74046761036,38.4950895,103.2002021,1394.798462
-73846760988,38.4950895,103.2002021,1394.799072
-73646761179,38.4950895,103.2002021,1394.796387
-73446761131,38.4950895,103.2002021,1394.796387
-73246761084,38.4950895,103.2002021,1394.798096
-73046761036,38.4950895,103.2002021,1394.792603
-72846760988,38.4950895,103.2002021,1394.793823
-72646761179,38.4950895,103.2002021,1394.795898
-72446761131,38.4950895,103.2002021,1394.793457
-72246761084,38.4950895,103.2002021,1394.794189
-72046761036,38.4950895,103.2002021,1394.789063
-71846760988,38.4950895,103.2002021,1394.790527
-71646761179,38.4950895,103.2002021,1394.789551
-71446761131,38.4950895,103.2002021,1394.790039
-71246761084,38.4950895,103.2002021,1394.788208
-71046761036,38.4950895,103.2002022,1394.786987
-70846760988,38.4950895,103.2002022,1394.788086
-70646761179,38.4950895,103.2002022,1394.789795
-70446761131,38.4950895,103.2002021,1394.789795
-70246761084,38.4950895,103.2002021,1394.793945
-70046761036,38.4950895,103.2002021,1394.787354
-69846760988,38.4950895,103.2002021,1394.788086
-69646761179,38.4950895,103.2002022,1394.789063
-69446761131,38.4950895,103.2002021,1394.786499
-69246761084,38.4950895,103.2002022,1394.788818
-69046761036,38.4950895,103.2002022,1394.789673
-68846760988,38.4950895,103.2002021,1394.791016
-68646761179,38.4950895,103.2002022,1394.790894
-68446761131,38.4950895,103.2002022,1394.791382
-68246761084,38.4950895,103.2002021,1394.790283
-67846760988,38.4950895,103.2002022,1394.790039
-67646761179,38.4950895,103.2002022,1394.790283
-67446761131,38.4950895,103.2002022,1394.794189
-67246761084,38.4950895,103.2002022,1394.79248
-67046761036,38.4950895,103.2002022,1394.79187
-66846760988,38.4950895,103.2002021,1394.791504
-66646761179,38.4950895,103.2002022,1394.792358
-66446761131,38.4950895,103.2002021,1394.791992
-66246761084,38.4950895,103.2002021,1394.789917
-66046761036,38.4950895,103.2002022,1394.794067
-65846760988,38.4950895,103.2002022,1394.793701
-65646761179,38.4950895,103.2002022,1394.794922
-65446761131,38.4950895,103.2002022,1394.7948
-65246761084,38.4950895,103.2002021,1394.796631
-65046761036,38.4950895,103.2002021,1394.78894
-64846760988,38.4950895,103.2002021,1394.787598
-64646761179,38.4950895,103.2002021,1394.789429
-64446761131,38.4950895,103.2002021,1394.789917
-64246761084,38.4950895,103.2002021,1394.786621
-64046761036,38.4950895,103.2002021,1394.789185
-63846760988,38.4950895,103.2002021,1394.791748
-63646761179,38.4950895,103.2002021,1394.790161
-63446761131,38.4950895,103.2002021,1394.790161
-63246761084,38.4950895,103.2002022,1394.790527
-63046761036,38.4950895,103.2002021,1394.79187
-62846760988,38.4950895,103.2002021,1394.793335
-62646761179,38.4950895,103.2002021,1394.794189
-62446761131,38.4950895,103.2002021,1394.79187
-62246761084,38.4950895,103.2002021,1394.793823
-62046761036,38.4950895,103.2002022,1394.791504
-61846760988,38.4950895,103.2002021,1394.789429
-61646761179,38.4950895,103.2002022,1394.789795
-61446761131,38.4950895,103.2002022,1394.79248
-61246761084,38.4950895,103.2002022,1394.790771
-61046761036,38.4950895,103.2002021,1394.79187
-60846760988,38.4950895,103.2002021,1394.793457
-60646761179,38.4950895,103.2002021,1394.793213
-60446761131,38.4950895,103.2002021,1394.793945
-60246761084,38.4950895,103.2002021,1394.792725
-60046761036,38.4950895,103.2002022,1394.791382
-59846760988,38.4950895,103.2002021,1394.789795
-59646761179,38.4950895,103.2002021,1394.792114
-59446761131,38.4950895,103.2002021,1394.791626
-59246761084,38.4950895,103.2002021,1394.792114
-59046761036,38.4950895,103.2002021,1394.786377
-58846760988,38.4950895,103.2002021,1394.789917
-58646761179,38.4950895,103.2002022,1394.789551
-58446761131,38.4950895,103.2002021,1394.791138
-58246761084,38.4950895,103.2002021,1394.789429
-57846760988,38.4950895,103.2002021,1394.790527
-57646761179,38.4950895,103.2002021,1394.794556
-57446761131,38.4950895,103.2002021,1394.790771
-57246761084,38.4950895,103.2002021,1394.792236
-57046761036,38.4950895,103.2002021,1394.790039
-56846760988,38.4950895,103.2002021,1394.78772
-56646761179,38.4950895,103.2002021,1394.79248
-56446761131,38.4950895,103.2002021,1394.789917
-56246761084,38.4950895,103.2002021,1394.789307
-56046761036,38.4950895,103.2002022,1394.792114
-55846760988,38.4950895,103.2002022,1394.793213
-55646761179,38.4950895,103.2002022,1394.7948
-55446761131,38.4950895,103.2002022,1394.791016
-55246761084,38.4950895,103.2002022,1394.790527
-55046761036,38.4950895,103.2002021,1394.791382
-54846760988,38.4950895,103.2002021,1394.792725
-54646761179,38.4950895,103.2002022,1394.791138
-54446761131,38.4950895,103.2002021,1394.792725
-54246761084,38.4950895,103.2002022,1394.790405
-54046761036,38.4950895,103.2002021,1394.789917
-53846760988,38.4950895,103.2002021,1394.792969
-53646761179,38.4950895,103.2002021,1394.790283
-53446761131,38.4950895,103.2002021,1394.789063
-53246761084,38.4950895,103.2002021,1394.792847
-53046761036,38.4950895,103.2002021,1394.792358
-52846760988,38.4950895,103.2002022,1394.792358
-52646761179,38.4950895,103.2002021,1394.791504
-52446761131,38.4950895,103.2002021,1394.791504
-52246761084,38.4950895,103.2002021,1394.791992
-52046761036,38.4950895,103.2002022,1394.791504
-51846760988,38.4950895,103.2002021,1394.791382
-51646761179,38.4950895,103.2002021,1394.789307
-51446761131,38.4950895,103.2002022,1394.791504
-51246761084,38.4950895,103.2002022,1394.790527
-51046761036,38.4950895,103.2002021,1394.790894
-50846760988,38.4950895,103.2002021,1394.790161
-50646761179,38.4950895,103.2002021,1394.790283
-50446761131,38.4950895,103.2002021,1394.792236
-50246761084,38.4950895,103.2002021,1394.789185
-50046761036,38.4950895,103.2002021,1394.789673
-49846760988,38.4950895,103.2002021,1394.791748
-49646761179,38.4950895,103.2002021,1394.791992
-49446761131,38.4950895,103.2002021,1394.7948
-49246761084,38.4950895,103.2002021,1394.791748
-49046761036,38.4950895,103.2002021,1394.790649
-48846760988,38.4950895,103.2002021,1394.791382
-48646761179,38.4950895,103.2002021,1394.792969
-48446761131,38.4950895,103.2002021,1394.79187
-48046761036,38.4950895,103.2002022,1394.792603
-47846760988,38.4950895,103.2002021,1394.791748
-47646761179,38.4950895,103.2002021,1394.792847
-47446761131,38.4950895,103.2002022,1394.796265
-47246761084,38.4950895,103.2002022,1394.793579
-47046761036,38.4950895,103.2002021,1394.790283
-46846760988,38.4950895,103.2002021,1394.790405
-46646761179,38.4950895,103.2002021,1394.792358
-46446761131,38.4950895,103.2002021,1394.791138
-46246761084,38.4950895,103.2002021,1394.789063
-46046761036,38.4950895,103.2002021,1394.792847
-45846760988,38.4950895,103.2002022,1394.793457
-45646761179,38.4950895,103.2002021,1394.793945
-45446761131,38.4950895,103.2002021,1394.794678
-45246761084,38.4950895,103.2002021,1394.793213
-45046761036,38.4950895,103.2002021,1394.789429
-44846760988,38.4950895,103.2002021,1394.791504
-44646761179,38.4950895,103.2002021,1394.791382
-44446761131,38.4950895,103.2002021,1394.791016
-44246761084,38.4950895,103.2002021,1394.789551
-44046761036,38.4950895,103.2002022,1394.793701
-43846760988,38.4950895,103.2002022,1394.795044
-43646761179,38.4950895,103.2002021,1394.794067
-43446761131,38.4950895,103.2002021,1394.796143
-43246761084,38.4950895,103.2002022,1394.7948
-43046761036,38.4950895,103.2002021,1394.791016
-42846760988,38.4950895,103.2002021,1394.789673
-42646761179,38.4950895,103.2002021,1394.788208
-42446761131,38.4950895,103.2002021,1394.789673
-42246761084,38.4950895,103.2002021,1394.788574
-42046761036,38.4950895,103.2002021,1394.79248
-41846760988,38.4950895,103.2002021,1394.790039
-41646761179,38.4950895,103.2002021,1394.792358
-41446761131,38.4950895,103.2002021,1394.790894
-41246761084,38.4950895,103.2002021,1394.793213
-41046761036,38.4950895,103.2002022,1394.791016
-40846760988,38.4950895,103.2002022,1394.790161
-40646761179,38.4950895,103.2002021,1394.793091
-40446761131,38.4950895,103.2002021,1394.794312
-40246761084,38.4950895,103.2002021,1394.792969
-40046761036,38.4950895,103.2002022,1394.792847
-39846760988,38.4950895,103.2002022,1394.791748
-39646761179,38.4950895,103.2002022,1394.791626
-39446761131,38.4950895,103.2002021,1394.790039
-39246761084,38.4950895,103.2002021,1394.790527
-39046761036,38.4950895,103.2002021,1394.78833
-38846760988,38.4950895,103.2002021,1394.790649
-38646761179,38.4950895,103.2002021,1394.793213
-38446761131,38.4950895,103.2002021,1394.790527
-38046761036,38.4950895,103.2002021,1394.79126
-37846760988,38.4950895,103.2002021,1394.789917
-37646761179,38.4950895,103.2002021,1394.790405
-37446761131,38.4950895,103.2002021,1394.789673
-37246761084,38.4950895,103.2002021,1394.789551
-37046761036,38.4950895,103.2002021,1394.78833
-36846760988,38.4950895,103.2002021,1394.789673
-36646761179,38.4950895,103.2002021,1394.788086
-36446761131,38.4950895,103.2002021,1394.788086
-36246761084,38.4950895,103.2002021,1394.79126
-36046761036,38.4950895,103.2002021,1394.788086
-35846760988,38.4950895,103.2002021,1394.787231
-35646761179,38.4950895,103.2002021,1394.790405
-35446761131,38.4950895,103.2002021,1394.786255
-35246761084,38.4950895,103.2002021,1394.78772
-35046761036,38.4950895,103.2002021,1394.789673
-34846760988,38.4950895,103.2002021,1394.789307
-34646761179,38.4950895,103.2002021,1394.792236
-34446761131,38.4950895,103.2002021,1394.790649
-34246761084,38.4950895,103.2002021,1394.791138
-34046761036,38.4950895,103.2002022,1394.791016
-33846760988,38.4950895,103.2002022,1394.789551
-33646761179,38.4950895,103.2002022,1394.792236
-33446761131,38.4950895,103.2002022,1394.791626
-33246761084,38.4950895,103.2002021,1394.791382
-33046761036,38.4950895,103.2002022,1394.78772
-32846760988,38.4950895,103.2002022,1394.789307
-32646761179,38.4950895,103.2002022,1394.790894
-32446761131,38.4950895,103.2002022,1394.787476
-32246761084,38.4950895,103.2002022,1394.790649
-32046761036,38.4950895,103.2002021,1394.789917
-31846760988,38.4950895,103.2002021,1394.790771
-31646761179,38.4950895,103.2002021,1394.788696
-31446761131,38.4950895,103.2002021,1394.788208
-31246761084,38.4950895,103.2002021,1394.789063
-31046761036,38.4950895,103.2002022,1394.784546
-30846760988,38.4950895,103.2002022,1394.786621
-30646761179,38.4950895,103.2002022,1394.786987
-30446761131,38.4950895,103.2002022,1394.787354
-30246761084,38.4950895,103.2002022,1394.786743
-30046761036,38.4950895,103.2002021,1394.791992
-29846760988,38.4950895,103.2002021,1394.792358
-29646761179,38.4950895,103.2002021,1394.789307
-29446761131,38.4950895,103.2002021,1394.790771
-29246761084,38.4950895,103.2002021,1394.788208
-29046761036,38.4950895,103.2002022,1394.793579
-28846760988,38.4950895,103.2002021,1394.790771
-28446761131,38.4950895,103.2002022,1394.791138
-28446761131,38.4950895,103.2002022,1394.791138
-28046761036,38.4950895,103.2002021,1394.794556
-27846760988,38.4950895,103.2002022,1394.794678
-27646761179,38.4950895,103.2002021,1394.793335
-27446761131,38.4950895,103.2002021,1394.793823
-27246761084,38.4950895,103.2002021,1394.791382
-27046761036,38.4950895,103.2002021,1394.792236
-26846760988,38.4950895,103.2002022,1394.79187
-26646761179,38.4950895,103.2002021,1394.790405
-26446761131,38.4950895,103.2002022,1394.790771
-26246761084,38.4950895,103.2002021,1394.793335
-26046761036,38.4950895,103.2002022,1394.791382
-25846760988,38.4950895,103.2002022,1394.791138
-25646761179,38.4950895,103.2002022,1394.791992
-25446761131,38.4950895,103.2002022,1394.791382
-25246761084,38.4950895,103.2002022,1394.791382
-25046761036,38.4950895,103.2002022,1394.792236
-24846760988,38.4950895,103.2002021,1394.792603
-24646761179,38.4950895,103.2002021,1394.794678
-24446761131,38.4950895,103.2002021,1394.792725
-24246761084,38.4950895,103.2002021,1394.792603
-24046761036,38.4950895,103.2002021,1394.789429
-23846760988,38.4950895,103.2002021,1394.790894
-23646761179,38.4950895,103.2002021,1394.791016
-23446761131,38.4950895,103.2002021,1394.789551
-23246761084,38.4950895,103.2002021,1394.790771
-23046761036,38.4950895,103.2002021,1394.788818
-22846760988,38.4950895,103.2002021,1394.787598
-22646761179,38.4950895,103.2002021,1394.787231
-22446761131,38.4950895,103.2002021,1394.787598
-22246761084,38.4950895,103.2002021,1394.790771
-22046761036,38.4950895,103.2002021,1394.790039
-21846760988,38.4950895,103.2002021,1394.792725
-21646761179,38.4950895,103.2002021,1394.791748
-21446761131,38.4950895,103.2002021,1394.790894
-21246761084,38.4950895,103.2002021,1394.794189
-21046761036,38.4950895,103.2002021,1394.789673
-20846760988,38.4950895,103.2002021,1394.792114
-20646761179,38.4950895,103.2002021,1394.790283
-20446761131,38.4950895,103.2002021,1394.789917
-20246761084,38.4950895,103.2002021,1394.791382
-20046761036,38.4950895,103.2002021,1394.792725
-19846760988,38.4950895,103.2002021,1394.793335
-19646761179,38.4950895,103.2002021,1394.791748
-19446761131,38.4950895,103.2002021,1394.79187
-19246761084,38.4950895,103.2002021,1394.793457
-19046761036,38.4950895,103.2002021,1394.788696
-18646761179,38.4950895,103.2002021,1394.791138
-18446761131,38.4950895,103.2002021,1394.790771
-18246761084,38.4950895,103.2002021,1394.790649
-18046761036,38.4950895,103.2002021,1394.791016
-17846760988,38.4950895,103.2002021,1394.7948
-17646761179,38.4950895,103.2002021,1394.794434
-17446761131,38.4950895,103.2002021,1394.791748
-17246761084,38.4950895,103.2002021,1394.79187
-17046761036,38.4950895,103.2002021,1394.793823
-16846760988,38.4950895,103.2002021,1394.793091
-16646761179,38.4950895,103.2002021,1394.792725
-16446761131,38.4950895,103.2002021,1394.790283
-16246761084,38.4950895,103.2002021,1394.793457
-16046761036,38.4950895,103.2002021,1394.792603
-15846760988,38.4950895,103.2002021,1394.792847
-15646761179,38.4950895,103.2002021,1394.792969
-15446761131,38.4950895,103.2002021,1394.794434
-15246761084,38.4950895,103.2002021,1394.792236
-15046761036,38.4950895,103.2002021,1394.796997
-14846760988,38.4950895,103.2002021,1394.796753
-14646761179,38.4950895,103.2002021,1394.797729
-14446761131,38.4950895,103.2002021,1394.79541
-14246761084,38.4950895,103.2002021,1394.796875
-14046761036,38.4950895,103.2002021,1394.79541
-13846760988,38.4950895,103.2002021,1394.793213
-13646761179,38.4950895,103.2002021,1394.792847
-13446761131,38.4950895,103.2002021,1394.7948
-13246761084,38.4950895,103.2002021,1394.792358
-13046761036,38.4950895,103.2002021,1394.79248
-12846760988,38.4950895,103.2002021,1394.792358
-12646761179,38.4950895,103.2002021,1394.795288
-12446761131,38.4950895,103.2002021,1394.794067
-12246761084,38.4950895,103.2002021,1394.791992
-12046761036,38.4950895,103.2002021,1394.792236
-11846760988,38.4950895,103.2002021,1394.793091
-11646761179,38.4950895,103.2002021,1394.792236
-11446761131,38.4950895,103.2002021,1394.790405
-11246761084,38.4950895,103.2002021,1394.79187
-11046761036,38.4950895,103.2002021,1394.793457
-10846760988,38.4950895,103.2002021,1394.790649
-10646761179,38.4950895,103.2002021,1394.793579
-10446761131,38.4950895,103.2002021,1394.79126
-10246761084,38.4950895,103.2002021,1394.793823
-10046761036,38.4950895,103.2002021,1394.787598
-9846760988,38.4950895,103.2002021,1394.787842
-9646761179,38.4950895,103.2002021,1394.790039
-9446761131,38.4950895,103.2002021,1394.789063
-9246761084,38.4950895,103.2002021,1394.790039
-8846760988,38.4950895,103.2002021,1394.789185
-8646761179,38.4950895,103.2002021,1394.791016
-8446761131,38.4950895,103.2002021,1394.788696
-8246761084,38.4950895,103.2002021,1394.790405
-8046761036,38.4950895,103.2002021,1394.790039
-7846760988,38.4950895,103.2002021,1394.790527
-7646761179,38.4950895,103.2002021,1394.791016
-7446761131,38.4950895,103.2002021,1394.789063
-7246761084,38.4950895,103.2002021,1394.789917
-7046761036,38.4950895,103.2002021,1394.790649
-6846760988,38.4950895,103.2002022,1394.792603
-6646761179,38.4950895,103.2002021,1394.79248
-6446761131,38.4950895,103.2002022,1394.789673
-6246761084,38.4950895,103.2002021,1394.790161
-6046761036,38.4950895,103.2002021,1394.789673
-5846760988,38.4950895,103.2002021,1394.79126
-5646761179,38.4950895,103.2002021,1394.791382
-5446761131,38.4950895,103.2002021,1394.791138
-5246761084,38.4950895,103.2002021,1394.792236
-5046761036,38.4950895,103.2002021,1394.786011
-4846760988,38.4950895,103.2002021,1394.786499
-4646761179,38.4950895,103.2002021,1394.786987
-4446761131,38.4950895,103.2002021,1394.786743
-4246761084,38.4950895,103.2002021,1394.786133
-4046761036,38.4950895,103.2002021,1394.789307
-3846760988,38.4950895,103.2002021,1394.790405
-3646761179,38.4950895,103.2002021,1394.787964
-3446761131,38.4950895,103.2002021,1394.788208
-3246761084,38.4950895,103.2002021,1394.78894
-3046761036,38.4950895,103.2002021,1394.788696
-2846760988,38.4950895,103.2002021,1394.789307
-2646761179,38.4950895,103.2002021,1394.789551
-2446761131,38.4950895,103.2002021,1394.790405
-2246761084,38.4950895,103.2002021,1394.78772
-2046761036,38.4950895,103.2002021,1394.790649
-1846760988,38.4950895,103.2002022,1394.789307
-1646761179,38.4950895,103.2002022,1394.787231
-1446761131,38.4950895,103.2002022,1394.789063
-1246761084,38.4950895,103.2002022,1394.790649
-1046761036,38.4950895,103.2002021,1394.78833
-846760988,38.4950895,103.2002021,1394.787231
-646761179,38.4950895,103.2002021,1394.785034
-446761131,38.4950895,103.2002021,1394.787476
-246761084,38.4950895,103.2002022,1394.785278
-46761036,38.4950895,103.2002021,1394.792847
153239012,38.4950895,103.2002021,1394.793457
353238821,38.4950895,103.2002021,1394.793213
553238869,38.4950895,103.2002021,1394.796753
753238916,38.4950895,103.2002021,1394.793823
1153239012,38.4950895,103.2002021,1394.787842
1353238821,38.4950895,103.2002021,1394.788452
1553238869,38.4950895,103.2002021,1394.784668
1753238916,38.4950895,103.2002021,1394.784668
1953238964,38.4950895,103.2002022,1394.790283
2153239012,38.4950895,103.2002022,1394.790894
2353238821,38.4950895,103.2002021,1394.789551
2553238869,38.4950895,103.2002021,1394.79126
2753238916,38.4950895,103.2002021,1394.78833
2953238964,38.4950895,103.2002021,1394.790405
3153239012,38.4950895,103.2002021,1394.791382
3353238821,38.4950895,103.2002021,1394.794678
3553238869,38.4950895,103.2002021,1394.791992
3753238916,38.4950895,103.2002021,1394.792603
3953238964,38.4950895,103.2002021,1394.793701
4153239012,38.4950895,103.2002021,1394.794312
4353238821,38.4950895,103.2002021,1394.793457
4553238869,38.4950895,103.2002021,1394.794556
4753238916,38.4950895,103.2002021,1394.793091
4953238964,38.4950895,103.2002021,1394.791138
5153239012,38.4950895,103.2002021,1394.791504
5353238821,38.4950895,103.2002021,1394.794067
5553238869,38.4950895,103.2002021,1394.794189
5753238916,38.4950895,103.2002021,1394.793213
5953238964,38.4950895,103.2002021,1394.792725
6153239012,38.4950895,103.2002021,1394.792236
6353238821,38.4950895,103.2002021,1394.795288
6553238869,38.4950895,103.2002021,1394.792725
6753238916,38.4950895,103.2002021,1394.795532
6953238964,38.4950895,103.2002021,1394.790771
7153239012,38.4950895,103.2002021,1394.791016
7353238821,38.4950895,103.2002021,1394.788818
7553238869,38.4950895,103.2002021,1394.791138
7753238916,38.4950895,103.2002021,1394.791504
7953238964,38.4950895,103.2002021,1394.78833
8153239012,38.4950895,103.2002021,1394.78833
8353238821,38.4950895,103.2002021,1394.788696
8553238869,38.4950895,103.2002021,1394.790161
8753238916,38.4950895,103.2002021,1394.790527
8953238964,38.4950895,103.2002021,1394.788574
9153239012,38.4950895,103.2002021,1394.790283
9353238821,38.4950895,103.2002021,1394.789063
9553238869,38.4950895,103.2002021,1394.788818
9753238916,38.4950895,103.2002021,1394.789917
9953238964,38.4950895,103.2002021,1394.78894
10153239012,38.4950895,103.2002021,1394.790527
10353238821,38.4950895,103.2002021,1394.788696
10553238869,38.4950895,103.2002021,1394.788574
10953238964,38.4950895,103.2002021,1394.789917
11153239012,38.4950895,103.2002021,1394.789063
11353238821,38.4950895,103.2002021,1394.789185
11553238869,38.4950895,103.2002021,1394.788086
11753238916,38.4950895,103.2002021,1394.789795
11953238964,38.4950895,103.2002021,1394.790649
12153239012,38.4950895,103.2002021,1394.78894
12353238821,38.4950895,103.2002021,1394.789795
12553238869,38.4950895,103.2002021,1394.790527
12753238916,38.4950895,103.2002021,1394.788574
12953238964,38.4950895,103.2002021,1394.792358
13153239012,38.4950895,103.2002021,1394.79126
13353238821,38.4950895,103.2002021,1394.793945
13553238869,38.4950895,103.2002021,1394.789185
13753238916,38.4950895,103.2002021,1394.790894
13953238964,38.4950895,103.2002021,1394.786865
14153239012,38.4950895,103.2002021,1394.787231
14353238821,38.4950895,103.2002021,1394.788696
14553238869,38.4950895,103.2002021,1394.789063
14753238916,38.4950895,103.2002021,1394.787964
14953238964,38.4950895,103.2002021,1394.785278
15153239012,38.4950895,103.2002021,1394.786133
15353238821,38.4950895,103.2002021,1394.786499
15553238869,38.4950895,103.2002021,1394.786011
15753238916,38.4950895,103.2002021,1394.787842
15953238964,38.4950895,103.2002021,1394.78772
16153239012,38.4950895,103.2002021,1394.789551
16353238821,38.4950895,103.2002021,1394.789551
16553238869,38.4950895,103.2002021,1394.790405
16753238916,38.4950895,103.2002021,1394.792114
16953238964,38.4950895,103.2002021,1394.791382
17153239012,38.4950895,103.2002022,1394.791626
17353238821,38.4950895,103.2002021,1394.791626
17553238869,38.4950895,103.2002021,1394.789429
17753238916,38.4950895,103.2002021,1394.790649
17953238964,38.4950895,103.2002021,1394.787109
18153239012,38.4950895,103.2002021,1394.786865
18353238821,38.4950895,103.2002021,1394.788086
18553238869,38.4950895,103.2002021,1394.785278
18753238916,38.4950895,103.2002021,1394.7854
18953238964,38.4950895,103.2002021,1394.789185
19153239012,38.4950895,103.2002021,1394.788574
19353238821,38.4950895,103.2002021,1394.791382
19553238869,38.4950895,103.2002021,1394.788452
19753238916,38.4950895,103.2002021,1394.790283
19953238964,38.4950895,103.2002021,1394.790527
20153239012,38.4950895,103.2002021,1394.78772
20353238821,38.4950895,103.2002021,1394.78833
20553238869,38.4950895,103.2002021,1394.786255
20953238964,38.4950895,103.2002021,1394.794067
21153239012,38.4950895,103.2002021,1394.793945
21353238821,38.4950895,103.2002021,1394.794556
21553238869,38.4950895,103.2002021,1394.793091
21753238916,38.4950895,103.2002021,1394.791382
21953238964,38.4950895,103.2002021,1394.790405
22153239012,38.4950895,103.2002021,1394.789795
22353238821,38.4950895,103.2002021,1394.79126
22553238869,38.4950895,103.2002021,1394.790894
22753238916,38.4950895,103.2002021,1394.790527
22953238964,38.4950895,103.2002021,1394.788208
23153239012,38.4950895,103.2002021,1394.78772
23353238821,38.4950895,103.2002021,1394.78894
23553238869,38.4950895,103.2002021,1394.788696
23753238916,38.4950895,103.2002021,1394.789429
23953238964,38.4950895,103.2002021,1394.788086
24153239012,38.4950895,103.2002021,1394.788574
24353238821,38.4950895,103.2002021,1394.786865
24553238869,38.4950895,103.2002021,1394.785645
24753238916,38.4950895,103.2002021,1394.783325
24953238964,38.4950895,103.2002021,1394.793457
25153239012,38.4950895,103.2002021,1394.790649
25353238821,38.4950895,103.2002021,1394.792725
25553238869,38.4950895,103.2002021,1394.790527
25753238916,38.4950895,103.2002021,1394.792236
25953238964,38.4950895,103.2002021,1394.788818
26153239012,38.4950895,103.2002021,1394.789673
26353238821,38.4950895,103.2002021,1394.788452
26553238869,38.4950895,103.2002021,1394.789429
26753238916,38.4950895,103.2002021,1394.787842
26953238964,38.4950895,103.2002021,1394.789673
27153239012,38.4950895,103.2002021,1394.788696
27353238821,38.4950895,103.2002021,1394.791504
27553238869,38.4950895,103.2002021,1394.788818
27753238916,38.4950895,103.2002021,1394.789307
27953238964,38.4950895,103.2002022,1394.786865
28153239012,38.4950895,103.2002021,1394.790405
28353238821,38.4950895,103.2002021,1394.790161
28553238869,38.4950895,103.2002021,1394.78772
28753238916,38.4950895,103.2002021,1394.788574
28953238964,38.4950895,103.2002021,1394.792603
29153239012,38.4950895,103.2002021,1394.789429
29353238821,38.4950895,103.2002021,1394.789673
29553238869,38.4950895,103.2002021,1394.787354
29753238916,38.4950895,103.2002021,1394.78894
29953238964,38.4950895,103.2002021,1394.79126
30153239012,38.4950895,103.2002021,1394.792358
30553238869,38.4950895,103.2002022,1394.792358
30553238869,38.4950895,103.2002022,1394.792358
30953238964,38.4950895,103.2002021,1394.790039
31153239012,38.4950895,103.2002021,1394.790894
31353238821,38.4950895,103.2002021,1394.791504
31553238869,38.4950895,103.2002021,1394.789063
31753238916,38.4950895,103.2002021,1394.790039
31953238964,38.4950895,103.2002021,1394.785645
32153239012,38.4950895,103.2002021,1394.786133
32353238821,38.4950895,103.2002021,1394.786133
32553238869,38.4950895,103.2002021,1394.786743
32753238916,38.4950895,103.2002021,1394.786743
32953238964,38.4950895,103.2002021,1394.791626
33153239012,38.4950895,103.2002021,1394.791138
33353238821,38.4950895,103.2002021,1394.78772
33553238869,38.4950895,103.2002021,1394.790161
33753238916,38.4950895,103.2002021,1394.78833
33953238964,38.4950895,103.2002021,1394.792114
34153239012,38.4950895,103.2002021,1394.792358
34353238821,38.4950895,103.2002021,1394.793091
34553238869,38.4950895,103.2002021,1394.791138
34753238916,38.4950895,103.2002021,1394.792236
34953238964,38.4950895,103.2002021,1394.791382
35153239012,38.4950895,103.2002021,1394.792725
35353238821,38.4950895,103.2002021,1394.795044
35553238869,38.4950895,103.2002021,1394.794556
35753238916,38.4950895,103.2002021,1394.792969
35953238964,38.4950895,103.2002021,1394.793823
36153239012,38.4950895,103.2002021,1394.791748
36353238821,38.4950895,103.2002021,1394.790771
36553238869,38.4950895,103.2002021,1394.793213
36753238916,38.4950895,103.2002021,1394.791992
36953238964,38.4950895,103.2002021,1394.787231
37153239012,38.4950895,103.2002021,1394.790771
37353238821,38.4950895,103.2002021,1394.791504
37553238869,38.4950895,103.2002021,1394.792236
37753238916,38.4950895,103.2002021,1394.791138
37953238964,38.4950895,103.2002021,1394.790771
38153239012,38.4950895,103.2002021,1394.79187
38353238821,38.4950895,103.2002021,1394.79126
38553238869,38.4950895,103.2002021,1394.792114
38753238916,38.4950895,103.2002021,1394.792114
38953238964,38.4950895,103.2002021,1394.793701
39153239012,38.4950895,103.2002021,1394.792725
39353238821,38.4950895,103.2002021,1394.791138
39553238869,38.4950895,103.2002021,1394.792358
39753238916,38.4950895,103.2002021,1394.793335
39953238964,38.4950895,103.2002021,1394.794189
40353238821,38.4950895,103.2002021,1394.790771
40553238869,38.4950895,103.2002021,1394.790161
40753238916,38.4950895,103.2002021,1394.790039
40953238964,38.4950895,103.2002021,1394.788086
41153239012,38.4950895,103.2002021,1394.789795
41353238821,38.4950895,103.2002021,1394.78833
41553238869,38.4950895,103.2002021,1394.789673
41753238916,38.4950895,103.2002021,1394.789429
41953238964,38.4950895,103.2002021,1394.792969
42153239012,38.4950895,103.2002021,1394.795166
42353238821,38.4950895,103.2002021,1394.793335
42553238869,38.4950895,103.2002021,1394.790527
42753238916,38.4950895,103.2002021,1394.796265
42953238964,38.4950895,103.2002021,1394.789795
43153239012,38.4950895,103.2002021,1394.789551
43353238821,38.4950895,103.2002021,1394.793091
43553238869,38.4950895,103.2002021,1394.787354
43753238916,38.4950895,103.2002021,1394.790283
43953238964,38.4950895,103.2002021,1394.789307
44153239012,38.4950895,103.2002021,1394.786133
44353238821,38.4950895,103.2002021,1394.789185
44553238869,38.4950895,103.2002021,1394.788818
44753238916,38.4950895,103.2002021,1394.791382
44953238964,38.4950895,103.2002021,1394.788574
45153239012,38.4950895,103.2002021,1394.792969
45353238821,38.4950895,103.2002021,1394.789795
45553238869,38.4950895,103.2002021,1394.792358
45753238916,38.4950895,103.2002021,1394.793213
45953238964,38.4950895,103.2002021,1394.790527
46153239012,38.4950895,103.2002021,1394.792725
46353238821,38.4950895,103.2002021,1394.792236
46553238869,38.4950895,103.2002021,1394.790649
46753238916,38.4950895,103.2002021,1394.792114
46953238964,38.4950895,103.2002021,1394.789673
47153239012,38.4950895,103.2002021,1394.79187
47353238821,38.4950895,103.2002021,1394.791748
47553238869,38.4950895,103.2002021,1394.789917
47753238916,38.4950895,103.2002021,1394.793823
47953238964,38.4950895,103.2002021,1394.789429
48153239012,38.4950895,103.2002021,1394.790405
48353238821,38.4950895,103.2002021,1394.786987
48553238869,38.4950895,103.2002021,1394.788452
48753238916,38.4950895,103.2002021,1394.790161
48953238964,38.4950895,103.2002021,1394.792114
49153239012,38.4950895,103.2002021,1394.79248
49353238821,38.4950895,103.2002021,1394.794434
49553238869,38.4950895,103.2002021,1394.793457
49753238916,38.4950895,103.2002021,1394.793457
49953238964,38.4950895,103.2002021,1394.792236
50353238821,38.4950895,103.2002021,1394.792603
50553238869,38.4950895,103.2002021,1394.793457
50753238916,38.4950895,103.2002021,1394.792114
50953238964,38.4950895,103.2002021,1394.794678
51153239012,38.4950895,103.2002021,1394.791016
51353238821,38.4950895,103.2002021,1394.794678
51553238869,38.4950895,103.2002021,1394.794556
51753238916,38.4950895,103.2002021,1394.796143
51953238964,38.4950895,103.2002021,1394.78772
52153239012,38.4950895,103.2002021,1394.789917
52353238821,38.4950895,103.2002021,1394.789795
52553238869,38.4950895,103.2002021,1394.788452
52753238916,38.4950895,103.2002021,1394.788208
52953238964,38.4950895,103.2002021,1394.791748
53153239012,38.4950895,103.2002021,1394.790649
53353238821,38.4950895,103.2002021,1394.792969
53553238869,38.4950895,103.2002021,1394.791138
53753238916,38.4950895,103.2002021,1394.792725
53953238964,38.4950895,103.2002021,1394.791382
54153239012,38.4950895,103.2002021,1394.790771
54353238821,38.4950895,103.2002021,1394.790405
54553238869,38.4950895,103.2002021,1394.791626
54753238916,38.4950895,103.2002021,1394.790894
54953238964,38.4950895,103.2002021,1394.79126
55153239012,38.4950895,103.2002021,1394.789307
55353238821,38.4950895,103.2002021,1394.78894
55553238869,38.4950895,103.2002021,1394.789185
55753238916,38.4950895,103.2002021,1394.793335
55953238964,38.4950895,103.2002021,1394.790894
56153239012,38.4950895,103.2002021,1394.793701
56353238821,38.4950895,103.2002021,1394.791016
56553238869,38.4950895,103.2002021,1394.791626
56753238916,38.4950895,103.2002021,1394.791504
56953238964,38.4950895,103.2002021,1394.79248
57153239012,38.4950895,103.2002021,1394.794922
57353238821,38.4950895,103.2002021,1394.793213
57553238869,38.4950895,103.2002021,1394.795166
57753238916,38.4950895,103.2002021,1394.796021
57953238964,38.4950895,103.2002021,1394.790894
58153239012,38.4950895,103.2002021,1394.791992
58353238821,38.4950895,103.2002021,1394.792847
58553238869,38.4950895,103.2002021,1394.79187
58753238916,38.4950895,103.2002021,1394.790527
58953238964,38.4950895,103.2002021,1394.79541
59153239012,38.4950895,103.2002021,1394.793213
59353238821,38.4950895,103.2002021,1394.792725
59553238869,38.4950895,103.2002021,1394.793213
59753238916,38.4950895,103.2002021,1394.79541
60153239012,38.4950895,103.2002021,1394.793579
60353238821,38.4950895,103.2002021,1394.791504
60553238869,38.4950895,103.2002021,1394.792847
60753238916,38.4950895,103.2002021,1394.794434
60953238964,38.4950895,103.2002021,1394.794189
61153239012,38.4950895,103.2002021,1394.792603
61353238821,38.4950895,103.2002021,1394.792725
61553238869,38.4950895,103.2002021,1394.789429
61753238916,38.4950895,103.2002021,1394.791748
61953238964,38.4950895,103.2002021,1394.790161
62153239012,38.4950895,103.2002021,1394.791382
62353238821,38.4950895,103.2002021,1394.787964
62553238869,38.4950895,103.2002021,1394.787598
62753238916,38.4950895,103.2002021,1394.789429
62953238964,38.4950895,103.2002021,1394.791748
63153239012,38.4950895,103.2002021,1394.79187
63353238821,38.4950895,103.2002021,1394.790527
63553238869,38.4950895,103.2002021,1394.793335
63753238916,38.4950895,103.2002021,1394.793335
63953238964,38.4950895,103.2002021,1394.791138
64153239012,38.4950895,103.2002021,1394.791382
64353238821,38.4950895,103.2002021,1394.78833
64553238869,38.4950895,103.2002021,1394.792358
64753238916,38.4950895,103.2002021,1394.789795
64953238964,38.4950895,103.2002021,1394.792603
65153239012,38.4950895,103.2002021,1394.792847
65353238821,38.4950895,103.2002021,1394.792969
65553238869,38.4950895,103.2002021,1394.793213
65753238916,38.4950895,103.2002021,1394.793091
65953238964,38.4950895,103.2002021,1394.794678
66153239012,38.4950895,103.2002021,1394.792847
66353238821,38.4950895,103.2002021,1394.794189
66553238869,38.4950895,103.2002021,1394.7948
66753238916,38.4950895,103.2002021,1394.793945
66953238964,38.4950895,103.2002021,1394.789551
67153239012,38.4950895,103.2002021,1394.792725
67353238821,38.4950895,103.2002021,1394.790527
67553238869,38.4950895,103.2002021,1394.793091
67753238916,38.4950895,103.2002021,1394.791626
67953238964,38.4950895,103.2002021,1394.797607
68153239012,38.4950895,103.2002021,1394.793945
68353238821,38.4950895,103.2002021,1394.794067
68553238869,38.4950895,103.2002021,1394.79541
68753238916,38.4950895,103.2002021,1394.796021
68953238964,38.4950895,103.2002021,1394.793335
69153239012,38.4950895,103.2002021,1394.79187
69353238821,38.4950895,103.2002021,1394.794312
69553238869,38.4950895,103.2002021,1394.794922
69753238916,38.4950895,103.2002021,1394.794189
70153239012,38.4950895,103.2002021,1394.793823
70353238821,38.4950895,103.2002021,1394.793091
70553238869,38.4950895,103.2002021,1394.792969
70753238916,38.4950895,103.2002021,1394.793213
70953238964,38.4950895,103.2002021,1394.79834
71153239012,38.4950895,103.2002021,1394.797852
71353238821,38.4950895,103.2002021,1394.798828
71553238869,38.4950895,103.2002021,1394.797363
71753238916,38.4950895,103.2002021,1394.799072
71953238964,38.4950895,103.2002021,1394.795044
72153239012,38.4950895,103.2002021,1394.794434
72353238821,38.4950895,103.2002021,1394.793701
72553238869,38.4950895,103.2002021,1394.796143
72753238916,38.4950895,103.2002021,1394.794678
72953238964,38.4950895,103.2002021,1394.794678
73153239012,38.4950895,103.2002021,1394.793091
73353238821,38.4950895,103.2002021,1394.792969
73553238869,38.4950895,103.2002021,1394.796021
73753238916,38.4950895,103.2002021,1394.795898
73953238964,38.4950894,103.200202,1394.795654
74153239012,38.4950895,103.2002021,1394.795288
74353238821,38.4950895,103.2002021,1394.795776
74553238869,38.4950895,103.2002021,1394.795288
74753238916,38.4950895,103.2002021,1394.795654
74953238964,38.4950894,103.2002021,1394.796021
75153239012,38.4950894,103.2002021,1394.794922
75353238821,38.4950895,103.200202,1394.796265
75553238869,38.4950894,103.2002021,1394.796387
75753238916,38.4950895,103.2002021,1394.795044
75953238964,38.4950894,103.200202,1394.798462
76153239012,38.4950895,103.200202,1394.798706
76353238821,38.4950895,103.200202,1394.799927
76553238869,38.4950894,103.200202,1394.798462
76753238916,38.4950895,103.200202,1394.798584
76953238964,38.4950895,103.200202,1394.7948
77153239012,38.4950895,103.200202,1394.795288
77353238821,38.4950894,103.200202,1394.797974
77553238869,38.4950895,103.200202,1394.795532
77753238916,38.4950895,103.200202,1394.795654
77953238964,38.4950894,103.200202,1394.796875
78153239012,38.4950894,103.200202,1394.796509
78353238821,38.4950894,103.200202,1394.796387
78553238869,38.4950895,103.200202,1394.795532
78753238916,38.4950895,103.200202,1394.792358
78953238964,38.4950894,103.200202,1394.799927
79153239012,38.4950894,103.200202,1394.799072
79353238821,38.4950894,103.200202,1394.797607
79553238869,38.4950894,103.200202,1394.801392
79953238964,38.4950895,103.200202,1394.796631
80153239012,38.4950894,103.200202,1394.799805
80353238821,38.4950894,103.200202,1394.798584
80553238869,38.4950894,103.200202,1394.799683
80753238916,38.4950894,103.200202,1394.798462
80953238964,38.4950894,103.200202,1394.799561
81153239012,38.4950894,103.200202,1394.800659
81353238821,38.4950894,103.200202,1394.799683
81553238869,38.4950894,103.200202,1394.801147
81753238916,38.4950894,103.200202,1394.800049
81953238964,38.4950894,103.200202,1394.797852
82153239012,38.4950894,103.200202,1394.795166
82353238821,38.4950894,103.200202,1394.793457
82553238869,38.4950894,103.200202,1394.79541
82753238916,38.4950894,103.200202,1394.795044
82953238964,38.4950894,103.200202,1394.793579
83153239012,38.4950894,103.200202,1394.794556
83353238821,38.4950894,103.200202,1394.792725
83553238869,38.4950894,103.200202,1394.793823
83753238916,38.4950894,103.200202,1394.791748
83953238964,38.4950894,103.200202,1394.791748
84153239012,38.4950894,103.200202,1394.794922
84353238821,38.4950894,103.200202,1394.795776
84553238869,38.4950894,103.200202,1394.795898
84753238916,38.4950894,103.200202,1394.795898
84953238964,38.4950894,103.200202,1394.793945
85153239012,38.4950894,103.200202,1394.791748
85353238821,38.4950894,103.200202,1394.792236
85553238869,38.4950894,103.200202,1394.793579
85753238916,38.4950894,103.200202,1394.791626
85953238964,38.4950894,103.200202,1394.791504
86153239012,38.4950894,103.200202,1394.792725
86353238821,38.4950894,103.200202,1394.791748
86553238869,38.4950894,103.200202,1394.793091
86753238916,38.4950894,103.200202,1394.79248
86953238964,38.4950894,103.200202,1394.790405
87153239012,38.4950894,103.200202,1394.791504
87353238821,38.4950894,103.200202,1394.788696
87553238869,38.4950894,103.200202,1394.793457
87753238916,38.4950894,103.200202,1394.78894
87953238964,38.4950894,103.2002019,1394.791504
88153239012,38.4950894,103.200202,1394.793335
88353238821,38.4950894,103.200202,1394.793213
88553238869,38.4950894,103.200202,1394.794678
88753238916,38.4950894,103.2002019,1394.790527
88953238964,38.4950894,103.200202,1394.791626
89153239012,38.4950894,103.200202,1394.791504
89553238869,38.4950894,103.200202,1394.791138
89553238869,38.4950894,103.200202,1394.791138
89953238964,38.4950894,103.2002019,1394.791138
90153239012,38.4950894,103.2002019,1394.790161
90353238821,38.4950894,103.2002019,1394.790894
90553238869,38.4950894,103.2002019,1394.79187
90753238916,38.4950894,103.2002019,1394.790405
90953238964,38.4950894,103.2002019,1394.788452
91153239012,38.4950894,103.2002019,1394.787598
91353238821,38.4950894,103.2002019,1394.786987
91553238869,38.4950894,103.2002019,1394.786133
91753238916,38.4950894,103.2002019,1394.789185
91953238964,38.4950894,103.2002019,1394.786133
92153239012,38.4950894,103.2002019,1394.783447
92353238821,38.4950894,103.2002019,1394.783081
92553238869,38.4950894,103.2002019,1394.786377
92753238916,38.4950894,103.2002019,1394.78479
92953238964,38.4950894,103.2002019,1394.785889
93153239012,38.4950894,103.2002019,1394.78479
93353238821,38.4950894,103.2002019,1394.785889
93553238869,38.4950894,103.2002019,1394.785278
93753238916,38.4950894,103.2002019,1394.783813
93953238964,38.4950894,103.2002019,1394.786621
94153239012,38.4950894,103.2002019,1394.787354
94353238821,38.4950894,103.2002019,1394.784058
94553238869,38.4950894,103.2002019,1394.787476
94753238916,38.4950894,103.2002019,1394.786865
94953238964,38.4950894,103.2002019,1394.784302
95153239012,38.4950894,103.2002019,1394.785889
95353238821,38.4950895,103.2002019,1394.782715
95553238869,38.4950894,103.2002019,1394.783813
95753238916,38.4950894,103.2002019,1394.784546
95953238964,38.4950894,103.2002019,1394.78479
96153239012,38.4950894,103.2002019,1394.784546
96353238821,38.4950894,103.2002019,1394.784302
96553238869,38.4950894,103.2002019,1394.784912
96753238916,38.4950894,103.2002019,1394.782837
96953238964,38.4950894,103.2002019,1394.786133
97153239012,38.4950895,103.2002019,1394.785278
97353238821,38.4950894,103.2002019,1394.786133
97553238869,38.4950895,103.2002019,1394.785156
97753238916,38.4950894,103.2002019,1394.786377
97953238964,38.4950895,103.2002019,1394.78186
98153239012,38.4950894,103.2002019,1394.783447
98353238821,38.4950894,103.2002019,1394.782837
98553238869,38.4950894,103.2002019,1394.783203
98753238916,38.4950895,103.2002019,1394.781494
98953238964,38.4950894,103.2002019,1394.786011
99353238821,38.4950894,103.2002019,1394.781128
99553238869,38.4950894,103.2002019,1394.783691
99753238916,38.4950894,103.2002019,1394.78418
99953238964,38.4950894,103.2002019,1394.783691
100153239012,38.4950894,103.2002019,1394.787354
100353238821,38.4950894,103.2002019,1394.784546
100553238869,38.4950894,103.2002019,1394.78479
100753238916,38.4950894,103.2002019,1394.782959
100953238964,38.4950894,103.2002019,1394.785034
101153239012,38.4950894,103.2002019,1394.788452
101353238821,38.4950894,103.2002019,1394.785156
101553238869,38.4950894,103.2002019,1394.786377
101753238916,38.4950894,103.2002019,1394.786255
101953238964,38.4950894,103.2002019,1394.780884
102153239012,38.4950894,103.2002019,1394.782593
102353238821,38.4950894,103.2002019,1394.781494
102553238869,38.4950894,103.2002019,1394.781128
102753238916,38.4950894,103.2002019,1394.780273
102953238964,38.4950894,103.2002019,1394.781494
103153239012,38.4950894,103.2002019,1394.782715
103353238821,38.4950894,103.2002019,1394.78418
103553238869,38.4950894,103.2002019,1394.78418
103753238916,38.4950894,103.2002019,1394.782471
103953238964,38.4950894,103.2002019,1394.783813
104153239012,38.4950894,103.2002019,1394.781494
104353238821,38.4950894,103.2002019,1394.781982
104553238869,38.4950894,103.2002019,1394.781982
104753238916,38.4950894,103.2002019,1394.783569
104953238964,38.4950894,103.2002019,1394.780151
105153239012,38.4950894,103.2002019,1394.778564
105353238821,38.4950894,103.2002019,1394.78125
105553238869,38.4950894,103.2002019,1394.780762
105753238916,38.4950895,103.2002019,1394.776855
105953238964,38.4950894,103.2002019,1394.782959
106153239012,38.4950894,103.2002019,1394.780762
106353238821,38.4950894,103.2002019,1394.780762
106553238869,38.4950894,103.2002019,1394.783325
106753238916,38.4950894,103.2002019,1394.781494
106953238964,38.4950894,103.2002019,1394.783813
107153239012,38.4950894,103.2002019,1394.782471
107353238821,38.4950894,103.2002019,1394.783691
107553238869,38.4950894,103.2002019,1394.783325
107753238916,38.4950894,103.2002019,1394.780884
107953238964,38.4950894,103.2002019,1394.78186
108153239012,38.4950894,103.2002019,1394.781372
108353238821,38.4950894,103.2002019,1394.781982
108553238869,38.4950894,103.2002019,1394.783325
108753238916,38.4950894,103.2002019,1394.783936
108953238964,38.4950895,103.2002019,1394.778442
109353238821,38.4950894,103.2002019,1394.779419
109553238869,38.4950895,103.2002019,1394.78186
109753238916,38.4950895,103.2002019,1394.780518
109953238964,38.4950894,103.2002019,1394.779297
110153239012,38.4950894,103.2002019,1394.779541
110353238821,38.4950894,103.2002019,1394.78186
110553238869,38.4950894,103.2002019,1394.781372
110753238916,38.4950894,103.2002019,1394.779907
110953238964,38.4950894,103.2002019,1394.782104
111153239012,38.4950894,103.2002019,1394.781006
111353238821,38.4950894,103.2002019,1394.783447
111553238869,38.4950894,103.2002019,1394.783081
111753238916,38.4950894,103.2002019,1394.783081
111953238964,38.4950895,103.2002021,1394.787842
112153239012,38.4950895,103.2002021,1394.788086
112353238821,38.4950895,103.2002021,1394.787109
112553238869,38.4950895,103.2002021,1394.789551
112753238916,38.4950895,103.2002021,1394.789185
112953238964,38.4950895,103.2002021,1394.791138
113153239012,38.4950895,103.2002021,1394.788208
113353238821,38.4950895,103.2002021,1394.790161
113553238869,38.4950895,103.2002021,1394.789673
113753238916,38.4950895,103.2002021,1394.787964
113953238964,38.4950895,103.2002021,1394.790527
114153239012,38.4950895,103.2002021,1394.790405
114353238821,38.4950895,103.2002021,1394.79126
114553238869,38.4950895,103.2002021,1394.79187
114753238916,38.4950895,103.2002021,1394.791992
114953238964,38.4950895,103.2002021,1394.793213
115153239012,38.4950895,103.2002021,1394.791016
115353238821,38.4950895,103.2002021,1394.790771
115553238869,38.4950895,103.2002021,1394.789551
115753238916,38.4950895,103.2002021,1394.790894
115953238964,38.4950895,103.2002021,1394.791504
116153239012,38.4950895,103.2002021,1394.793945
116353238821,38.4950895,103.2002021,1394.793823
116553238869,38.4950895,103.2002021,1394.794189
116753238916,38.4950895,103.2002021,1394.793945
116953238964,38.4950895,103.2002022,1394.790771
117153239012,38.4950895,103.2002021,1394.79187
117353238821,38.4950895,103.2002021,1394.789429
117553238869,38.4950895,103.2002021,1394.790649
117753238916,38.4950895,103.2002021,1394.789673
117953238964,38.4950895,103.2002021,1394.792603
118153239012,38.4950895,103.2002021,1394.790527
118353238821,38.4950895,103.2002022,1394.790161
118553238869,38.4950895,103.2002021,1394.793335
118753238916,38.4950895,103.2002021,1394.790405
119153239012,38.4950895,103.2002021,1394.793823
119353238821,38.4950895,103.2002021,1394.793945
119553238869,38.4950895,103.2002021,1394.79248
119753238916,38.4950895,103.2002021,1394.79126
119953238964,38.4950895,103.2002021,1394.792969
120153239012,38.4950895,103.2002021,1394.793701
120353238821,38.4950895,103.2002021,1394.792969
120553238869,38.4950895,103.2002021,1394.795166
120753238916,38.4950895,103.2002021,1394.792236
120953238964,38.4950895,103.2002021,1394.789795
121153239012,38.4950895,103.2002021,1394.78894
121353238821,38.4950895,103.2002021,1394.790649
121553238869,38.4950895,103.2002021,1394.789185
121753238916,38.4950895,103.2002021,1394.790894
121953238964,38.4950895,103.2002021,1394.789429
122153239012,38.4950895,103.2002021,1394.788208
122353238821,38.4950895,103.2002021,1394.789429
122553238869,38.4950895,103.2002021,1394.788696
122753238916,38.4950895,103.2002021,1394.789917
122953238964,38.4950895,103.2002021,1394.792725
123153239012,38.4950895,103.2002021,1394.791016
123353238821,38.4950895,103.2002021,1394.789917
123553238869,38.4950895,103.2002021,1394.792236
123753238916,38.4950895,103.2002021,1394.791138
123953238964,38.4950895,103.2002021,1394.790161
124153239012,38.4950895,103.2002021,1394.792358
124353238821,38.4950895,103.2002021,1394.791992
124553238869,38.4950895,103.2002021,1394.79126
124753238916,38.4950895,103.2002021,1394.792114
124953238964,38.4950895,103.2002021,1394.792603
125153239012,38.4950895,103.2002021,1394.793701
125353238821,38.4950895,103.2002021,1394.789673
125553238869,38.4950895,103.2002021,1394.789917
125753238916,38.4950895,103.2002021,1394.791504
125953238964,38.4950895,103.2002021,1394.790039
126153239012,38.4950895,103.2002021,1394.792236
126353238821,38.4950895,103.2002021,1394.791992
126553238869,38.4950895,103.2002021,1394.790161
126753238916,38.4950895,103.2002021,1394.790894
126953238964,38.4950895,103.2002021,1394.791138
127153239012,38.4950895,103.2002021,1394.790771
127353238821,38.4950895,103.2002021,1394.78894
127553238869,38.4950895,103.2002021,1394.791992
127753238916,38.4950895,103.2002021,1394.788574
127953238964,38.4950895,103.2002021,1394.793457
128153239012,38.4950895,103.2002022,1394.793213
128353238821,38.4950895,103.2002021,1394.792236
128553238869,38.4950895,103.2002021,1394.792847
128753238916,38.4950895,103.2002021,1394.790405
129153239012,38.4950895,103.2002021,1394.7948
129353238821,38.4950895,103.2002021,1394.792725
129553238869,38.4950895,103.2002021,1394.793091
129753238916,38.4950895,103.2002021,1394.790161
129953238964,38.4950895,103.2002021,1394.79126
130153239012,38.4950895,103.2002021,1394.791138
130353238821,38.4950895,103.2002021,1394.790771
130553238869,38.4950895,103.2002021,1394.79126
130753238916,38.4950895,103.2002021,1394.791626
130953238964,38.4950895,103.2002021,1394.790161
131153239012,38.4950895,103.2002021,1394.791382
131353238821,38.4950895,103.2002021,1394.789795
131553238869,38.4950895,103.2002021,1394.789429
131753238916,38.4950895,103.2002021,1394.788818
131953238964,38.4950895,103.2002021,1394.792603
132153239012,38.4950895,103.2002021,1394.792969
132353238821,38.4950895,103.2002021,1394.793091
132553238869,38.4950895,103.2002021,1394.793335
132753238916,38.4950895,103.2002021,1394.794189
132953238964,38.4950895,103.2002021,1394.788696
133153239012,38.4950895,103.2002021,1394.790283
133353238821,38.4950895,103.2002021,1394.793335
133553238869,38.4950895,103.2002021,1394.79187
133753238916,38.4950895,103.2002021,1394.792969
133953238964,38.4950895,103.2002021,1394.790161
134153239012,38.4950895,103.2002021,1394.789307
134353238821,38.4950895,103.2002021,1394.791504
134553238869,38.4950895,103.2002021,1394.787842
134753238916,38.4950895,103.2002021,1394.788574
134953238964,38.4950895,103.2002021,1394.790649
135153239012,38.4950895,103.2002021,1394.789917
135353238821,38.4950895,103.2002021,1394.786499
135553238869,38.4950895,103.2002021,1394.789307
135753238916,38.4950895,103.2002021,1394.78894
135953238964,38.4950895,103.2002021,1394.791626
136153239012,38.4950895,103.2002021,1394.79187
136353238821,38.4950895,103.2002021,1394.793579
136553238869,38.4950895,103.2002021,1394.790649
136753238916,38.4950895,103.2002021,1394.789917
136953238964,38.4950895,103.2002021,1394.792603
137153239012,38.4950895,103.2002021,1394.793091
137353238821,38.4950895,103.2002021,1394.792969
137553238869,38.4950895,103.2002021,1394.792725
137753238916,38.4950895,103.2002021,1394.793945
137953238964,38.4950895,103.2002021,1394.792358
138153239012,38.4950895,103.2002021,1394.788696
138353238821,38.4950895,103.2002021,1394.789795
138553238869,38.4950895,103.2002021,1394.790527
138953238964,38.4950895,103.2002021,1394.791748
139153239012,38.4950895,103.2002021,1394.792114
139353238821,38.4950895,103.2002021,1394.793213
139553238869,38.4950895,103.2002021,1394.791016
139753238916,38.4950895,103.2002021,1394.790039
139953238964,38.4950895,103.2002021,1394.792358
140153239012,38.4950895,103.2002021,1394.790771
140353238821,38.4950895,103.2002021,1394.793945
140553238869,38.4950895,103.2002021,1394.790894
140753238916,38.4950895,103.2002021,1394.792236
140953238964,38.4950895,103.2002021,1394.791626
141153239012,38.4950895,103.2002021,1394.790283
141353238821,38.4950895,103.2002021,1394.791016
141553238869,38.4950895,103.2002021,1394.790039
141753238916,38.4950895,103.2002021,1394.788574
141953238964,38.4950895,103.2002021,1394.797852
142153239012,38.4950895,103.2002021,1394.796265
142353238821,38.4950895,103.2002021,1394.797363
142553238869,38.4950895,103.2002021,1394.795898
142753238916,38.4950895,103.2002021,1394.798584
142953238964,38.4950895,103.2002021,1394.791504
143153239012,38.4950895,103.2002021,1394.791138
143353238821,38.4950895,103.2002021,1394.79126
143553238869,38.4950895,103.2002021,1394.792236
143753238916,38.4950895,103.2002021,1394.789063
143953238964,38.4950895,103.2002021,1394.797607
144153239012,38.4950895,103.2002021,1394.797729
144353238821,38.4950895,103.2002021,1394.797729
144553238869,38.4950895,103.2002021,1394.796021
144753238916,38.4950895,103.2002021,1394.794556
144953238964,38.4950895,103.2002021,1394.7948
145153239012,38.4950895,103.2002021,1394.797119
145353238821,38.4950895,103.2002021,1394.797974
145553238869,38.4950895,103.2002021,1394.79541
145753238916,38.4950895,103.2002021,1394.796265
145953238964,38.4950895,103.2002021,1394.790527
146153239012,38.4950895,103.2002021,1394.79126
146353238821,38.4950895,103.2002021,1394.792847
146553238869,38.4950895,103.2002021,1394.794434
146753238916,38.4950895,103.2002021,1394.788696
146953238964,38.4950895,103.2002021,1394.793945
147153239012,38.4950895,103.2002021,1394.794434
147353238821,38.4950895,103.2002021,1394.793213
147553238869,38.4950895,103.2002021,1394.796387
147753238916,38.4950895,103.2002021,1394.794067
147953238964,38.4950895,103.2002021,1394.790649
148153239012,38.4950895,103.2002021,1394.790527
148553238869,38.4950895,103.2002021,1394.787109
148553238869,38.4950895,103.2002021,1394.787109
148953238964,38.4950895,103.2002021,1394.786133
149153239012,38.4950895,103.2002021,1394.785889
149353238821,38.4950895,103.2002021,1394.787231
149553238869,38.4950895,103.2002021,1394.78833
149753238916,38.4950895,103.2002021,1394.786865
149953238964,38.4950895,103.2002021,1394.790283
150153239012,38.4950895,103.2002021,1394.788574
150353238821,38.4950895,103.2002021,1394.788696
150553238869,38.4950895,103.2002021,1394.787842
150753238916,38.4950895,103.2002021,1394.791626
150953238964,38.4950895,103.2002021,1394.785278
151153239012,38.4950895,103.2002021,1394.785522
151353238821,38.4950895,103.2002021,1394.783081
151553238869,38.4950895,103.2002021,1394.784302
151753238916,38.4950895,103.2002021,1394.78418
151953238964,38.4950895,103.2002021,1394.785156
152153239012,38.4950895,103.2002021,1394.7854
152353238821,38.4950895,103.2002021,1394.785645
152553238869,38.4950895,103.2002021,1394.787354
152753238916,38.4950895,103.2002021,1394.786987
152953238964,38.4950895,103.2002021,1394.786377
153153239012,38.4950895,103.2002021,1394.785889
153353238821,38.4950895,103.2002021,1394.785889
153553238869,38.4950895,103.2002021,1394.786499
153753238916,38.4950895,103.2002021,1394.785156
153953238964,38.4950895,103.2002021,1394.783203
154153239012,38.4950895,103.2002021,1394.786377
154353238821,38.4950895,103.2002021,1394.785645
154553238869,38.4950895,103.2002021,1394.782715
154753238916,38.4950895,103.2002021,1394.782959
154953238964,38.4950895,103.2002021,1394.783936
155153239012,38.4950895,103.2002021,1394.783569
155353238821,38.4950895,103.2002021,1394.785278
155553238869,38.4950895,103.2002021,1394.785034
155753238916,38.4950895,103.2002021,1394.784668
155953238964,38.4950895,103.2002021,1394.782593
156153239012,38.4950895,103.2002021,1394.782593
156353238821,38.4950895,103.2002021,1394.782104
156553238869,38.4950895,103.2002021,1394.782959
156753238916,38.4950895,103.2002021,1394.78479
156953238964,38.4950895,103.2002021,1394.780884
157153239012,38.4950895,103.2002021,1394.78418
157353238821,38.4950895,103.2002021,1394.782227
157553238869,38.4950895,103.200202,1394.783325
157753238916,38.4950895,103.200202,1394.783081
157953238964,38.4950895,103.2002021,1394.791504
158153239012,38.4950895,103.2002021,1394.793945
158553238869,38.4950895,103.2002021,1394.790771
158553238869,38.4950895,103.2002021,1394.790771
158953238964,38.4950895,103.2002021,1394.79187
159153239012,38.4950895,103.2002021,1394.792236
159353238821,38.4950895,103.2002021,1394.794556
159553238869,38.4950895,103.2002021,1394.793457
159753238916,38.4950895,103.2002021,1394.79187
159953238964,38.4950895,103.2002021,1394.790405
160153239012,38.4950895,103.2002021,1394.793091
160353238821,38.4950895,103.2002021,1394.79126
160553238869,38.4950895,103.2002021,1394.794556
160753238916,38.4950895,103.2002021,1394.791016
160953238964,38.4950895,103.2002021,1394.793579
161153239012,38.4950895,103.2002021,1394.794922
161353238821,38.4950895,103.2002021,1394.794067
161553238869,38.4950895,103.2002021,1394.791992
161753238916,38.4950895,103.2002021,1394.793579
161953238964,38.4950895,103.2002021,1394.793213
162153239012,38.4950895,103.2002021,1394.79248
162353238821,38.4950895,103.2002021,1394.79541
162553238869,38.4950895,103.2002021,1394.793823
162753238916,38.4950895,103.2002021,1394.791748
162953238964,38.4950895,103.2002021,1394.792114
163153239012,38.4950895,103.2002021,1394.791992
163353238821,38.4950895,103.2002021,1394.790894
163553238869,38.4950895,103.2002021,1394.790894
163753238916,38.4950895,103.2002021,1394.789917
163953238964,38.4950895,103.2002021,1394.792847
164153239012,38.4950895,103.2002021,1394.791016
164353238821,38.4950895,103.2002021,1394.790405
164553238869,38.4950895,103.2002021,1394.792969
164753238916,38.4950895,103.2002021,1394.791138
164953238964,38.4950895,103.2002021,1394.79126
165153239012,38.4950895,103.2002021,1394.792969
165353238821,38.4950895,103.2002021,1394.792725
165553238869,38.4950895,103.2002021,1394.791504
165753238916,38.4950895,103.2002021,1394.79187
165953238964,38.4950895,103.2002021,1394.790771
166153239012,38.4950895,103.2002021,1394.794067
166353238821,38.4950895,103.2002021,1394.793457
166553238869,38.4950895,103.2002021,1394.789551
166753238916,38.4950895,103.2002021,1394.793091
166953238964,38.4950895,103.2002021,1394.79126
167153239012,38.4950895,103.2002021,1394.789795
167353238821,38.4950895,103.2002021,1394.791748
167553238869,38.4950895,103.2002021,1394.78833
167753238916,38.4950895,103.2002021,1394.790649
167953238964,38.4950895,103.2002021,1394.793701
168353238821,38.4950895,103.2002021,1394.793457
168553238869,38.4950895,103.2002021,1394.793213
168753238916,38.4950895,103.2002021,1394.793579
168953238964,38.4950895,103.2002021,1394.790649
169153239012,38.4950895,103.2002021,1394.790527
169353238821,38.4950895,103.2002021,1394.790894
169553238869,38.4950895,103.2002021,1394.793579
169753238916,38.4950895,103.2002021,1394.790283
169953238964,38.4950895,103.2002021,1394.790771
170153239012,38.4950895,103.2002021,1394.790161
170353238821,38.4950895,103.2002021,1394.791992
170553238869,38.4950895,103.2002021,1394.789185
170753238916,38.4950895,103.2002021,1394.789795
170953238964,38.4950895,103.2002021,1394.79187
171153239012,38.4950895,103.2002021,1394.789185
171353238821,38.4950895,103.2002021,1394.790649
171553238869,38.4950895,103.2002021,1394.790039
171753238916,38.4950895,103.2002021,1394.791626
171953238964,38.4950895,103.2002021,1394.788818
172153239012,38.4950895,103.2002021,1394.787964
172353238821,38.4950895,103.2002021,1394.789551
172553238869,38.4950895,103.2002021,1394.788086
172753238916,38.4950895,103.2002021,1394.789795
172953238964,38.4950895,103.2002021,1394.790161
173153239012,38.4950895,103.2002021,1394.788696
173353238821,38.4950895,103.2002021,1394.791016
173553238869,38.4950895,103.2002021,1394.789795
173753238916,38.4950895,103.2002021,1394.79187
173953238964,38.4950895,103.2002021,1394.787598
174153239012,38.4950895,103.2002021,1394.790771
174353238821,38.4950895,103.2002021,1394.792236
174553238869,38.4950895,103.2002021,1394.789429
174753238916,38.4950895,103.2002021,1394.791382
174953238964,38.4950895,103.2002021,1394.796387
175153239012,38.4950895,103.2002021,1394.792847
175353238821,38.4950895,103.2002021,1394.793701
175553238869,38.4950895,103.2002021,1394.79541
175753238916,38.4950895,103.2002021,1394.793335
175953238964,38.4950895,103.2002021,1394.797363
176153239012,38.4950895,103.2002021,1394.793457
176353238821,38.4950895,103.2002021,1394.794556
176553238869,38.4950895,103.2002021,1394.793457
176753238916,38.4950895,103.2002021,1394.79541
176953238964,38.4950895,103.2002021,1394.794556
177153239012,38.4950895,103.2002021,1394.792847
177353238821,38.4950895,103.2002021,1394.792114
177553238869,38.4950895,103.2002021,1394.791016
177753238916,38.4950895,103.2002021,1394.791138
178153239012,38.4950895,103.2002021,1394.789185
178353238821,38.4950895,103.2002021,1394.790649
178553238869,38.4950895,103.2002021,1394.78894
178753238916,38.4950895,103.2002021,1394.791748
178953238964,38.4950895,103.2002021,1394.791016
179153239012,38.4950895,103.2002021,1394.790771
179353238821,38.4950895,103.2002021,1394.791626
179553238869,38.4950895,103.2002021,1394.790283
179753238916,38.4950895,103.2002021,1394.791992
179953238964,38.4950895,103.2002021,1394.793091
180153239012,38.4950895,103.2002021,1394.791748
180353238821,38.4950895,103.2002021,1394.79248
180553238869,38.4950895,103.2002021,1394.793701
180753238916,38.4950895,103.2002021,1394.794434
180953238964,38.4950895,103.2002021,1394.794922
181153239012,38.4950895,103.2002021,1394.795044
181353238821,38.4950895,103.2002021,1394.795654
181553238869,38.4950895,103.2002021,1394.793701
181753238916,38.4950895,103.2002021,1394.795532
181953238964,38.4950895,103.2002021,1394.794067
182153239012,38.4950895,103.2002021,1394.794678
182353238821,38.4950895,103.2002021,1394.796997
182553238869,38.4950895,103.2002021,1394.796753
182753238916,38.4950895,103.2002021,1394.795044
182953238964,38.4950895,103.2002021,1394.798706
183153239012,38.4950895,103.2002021,1394.795898
183353238821,38.4950895,103.2002021,1394.796387
183553238869,38.4950895,103.2002021,1394.795776
183753238916,38.4950895,103.2002021,1394.79834
183953238964,38.4950895,103.2002021,1394.794312
184153239012,38.4950895,103.2002021,1394.795532
184353238821,38.4950895,103.2002021,1394.795044
184553238869,38.4950895,103.2002021,1394.797974
184753238916,38.4950895,103.2002021,1394.794922
184953238964,38.4950895,103.200202,1394.796997
185153239012,38.4950895,103.200202,1394.798706
185353238821,38.4950895,103.2002021,1394.796875
185553238869,38.4950895,103.2002021,1394.797729
185753238916,38.4950895,103.2002021,1394.800049
185953238964,38.4950895,103.200202,1394.795532
186153239012,38.4950895,103.200202,1394.795288
186353238821,38.4950895,103.200202,1394.797729
186553238869,38.4950895,103.200202,1394.795654
186753238916,38.4950895,103.200202,1394.796143
186953238964,38.4950895,103.200202,1394.797974
187153239012,38.4950895,103.200202,1394.795776
187353238821,38.4950895,103.200202,1394.796387
187553238869,38.4950895,103.200202,1394.796997
187753238916,38.4950895,103.200202,1394.797241
188153239012,38.4950895,103.200202,1394.795898
188353238821,38.4950895,103.200202,1394.799438
188553238869,38.4950895,103.200202,1394.798462
188753238916,38.4950895,103.200202,1394.797974
188953238964,38.4950895,103.200202,1394.796387
189153239012,38.4950895,103.200202,1394.796753
189353238821,38.4950895,103.200202,1394.796875
189553238869,38.4950895,103.200202,1394.795532
189753238916,38.4950895,103.200202,1394.795898
189953238964,38.4950895,103.200202,1394.799194
190153239012,38.4950895,103.200202,1394.798218
190353238821,38.4950895,103.200202,1394.797852
190553238869,38.4950895,103.200202,1394.800415
190753238916,38.4950895,103.200202,1394.799072
190953238964,38.4950895,103.200202,1394.800537
191153239012,38.4950895,103.200202,1394.797363
191353238821,38.4950895,103.200202,1394.796021
191553238869,38.4950895,103.200202,1394.795776
191753238916,38.4950895,103.200202,1394.797485
191953238964,38.4950895,103.200202,1394.796021
192153239012,38.4950895,103.200202,1394.798462
192353238821,38.4950895,103.200202,1394.796997
192553238869,38.4950895,103.200202,1394.796509
192753238916,38.4950895,103.200202,1394.79834
192953238964,38.4950895,103.200202,1394.796265
193153239012,38.4950895,103.200202,1394.797607
193353238821,38.4950895,103.200202,1394.797485
193553238869,38.4950895,103.200202,1394.796997
193753238916,38.4950895,103.200202,1394.794312
193953238964,38.4950895,103.200202,1394.797363
194153239012,38.4950895,103.200202,1394.79895
194353238821,38.4950895,103.200202,1394.797974
194553238869,38.4950895,103.200202,1394.798828
194753238916,38.4950895,103.200202,1394.799316
194953238964,38.4950895,103.200202,1394.800659
195153239012,38.4950895,103.200202,1394.800781
195353238821,38.4950895,103.200202,1394.797241
195553238869,38.4950895,103.200202,1394.797974
195753238916,38.4950895,103.200202,1394.797119
195953238964,38.4950895,103.200202,1394.799805
196153239012,38.4950895,103.200202,1394.797241
196353238821,38.4950895,103.200202,1394.797241
196553238869,38.4950895,103.200202,1394.800415
196753238916,38.4950895,103.200202,1394.798462
196953238964,38.4950895,103.200202,1394.800537
197153239012,38.4950895,103.200202,1394.800293
197353238821,38.4950895,103.200202,1394.798462
197553238869,38.4950895,103.200202,1394.802124
197953238964,38.4950895,103.200202,1394.798584
198153239012,38.4950895,103.200202,1394.796875
198353238821,38.4950895,103.200202,1394.797974
198553238869,38.4950895,103.200202,1394.800537
198753238916,38.4950895,103.200202,1394.797974
198953238964,38.4950895,103.200202,1394.799194
199153239012,38.4950895,103.200202,1394.798828
199353238821,38.4950895,103.200202,1394.804077
199553238869,38.4950895,103.200202,1394.800171
199753238916,38.4950895,103.200202,1394.797119
199953238964,38.4950895,103.200202,1394.798462
200153239012,38.4950895,103.200202,1394.800049
200353238821,38.4950895,103.200202,1394.800293
200553238869,38.4950895,103.200202,1394.800415
200753238916,38.4950895,103.200202,1394.798706
200953238964,38.4950895,103.200202,1394.802856
201153239012,38.4950895,103.200202,1394.801147
201353238821,38.4950895,103.2002019,1394.804321
201553238869,38.4950895,103.200202,1394.802368
201753238916,38.4950895,103.200202,1394.803223
201953238964,38.4950895,103.2002019,1394.801025
202153239012,38.4950895,103.200202,1394.802002
202353238821,38.4950895,103.200202,1394.802612
202553238869,38.4950895,103.200202,1394.802368
202753238916,38.4950895,103.200202,1394.800293
202953238964,38.4950895,103.200202,1394.804565
203153239012,38.4950895,103.200202,1394.804321
203353238821,38.4950895,103.200202,1394.803833
203553238869,38.4950895,103.200202,1394.803833
203753238916,38.4950895,103.200202,1394.80188
203953238964,38.4950895,103.200202,1394.805054
204153239012,38.4950895,103.200202,1394.804565
204353238821,38.4950895,103.200202,1394.80542
204553238869,38.4950895,103.200202,1394.802612
204753238916,38.4950895,103.200202,1394.802856
204953238964,38.4950895,103.2002019,1394.800537
205153239012,38.4950895,103.2002019,1394.802002
205353238821,38.4950895,103.2002019,1394.801392
205553238869,38.4950895,103.2002019,1394.800781
205753238916,38.4950895,103.2002019,1394.804077
205953238964,38.4950895,103.2002019,1394.80188
206153239012,38.4950895,103.2002019,1394.803589
206353238821,38.4950895,103.2002019,1394.803223
206553238869,38.4950895,103.2002019,1394.801025
206753238916,38.4950895,103.2002019,1394.800781
206953238964,38.4950895,103.2002019,1394.802368
207153239012,38.4950895,103.2002019,1394.803223
207353238821,38.4950895,103.2002019,1394.807373
207553238869,38.4950895,103.2002019,1394.804688
207953238964,38.4950895,103.2002021,1394.796387
208153239012,38.4950895,103.2002021,1394.797974
208353238821,38.4950895,103.2002021,1394.797363
208553238869,38.4950895,103.2002021,1394.796509
208753238916,38.4950895,103.2002021,1394.795654
208953238964,38.4950895,103.2002021,1394.796021
209153239012,38.4950895,103.2002021,1394.793823
209353238821,38.4950895,103.2002021,1394.795898
209553238869,38.4950895,103.2002021,1394.796631
209753238916,38.4950895,103.2002021,1394.795532
209953238964,38.4950895,103.2002021,1394.794922
210153239012,38.4950895,103.2002021,1394.798096
210353238821,38.4950895,103.2002021,1394.798462
210553238869,38.4950895,103.2002021,1394.800293
210753238916,38.4950895,103.2002021,1394.796875
210953238964,38.4950895,103.2002021,1394.799072
211153239012,38.4950895,103.2002021,1394.798462
211353238821,38.4950895,103.2002021,1394.796631
211553238869,38.4950895,103.2002021,1394.798096
211753238916,38.4950895,103.2002021,1394.79895
211953238964,38.4950895,103.2002021,1394.795898
212153239012,38.4950895,103.2002021,1394.796631
212353238821,38.4950895,103.2002021,1394.794189
212553238869,38.4950895,103.2002021,1394.794556
212753238916,38.4950895,103.2002021,1394.796265
212953238964,38.4950895,103.2002021,1394.798462
213153239012,38.4950895,103.2002021,1394.794067
213353238821,38.4950895,103.2002021,1394.796753
213553238869,38.4950895,103.2002021,1394.795044
213753238916,38.4950895,103.2002021,1394.796997
213953238964,38.4950895,103.2002021,1394.794189
214153239012,38.4950895,103.2002021,1394.797363
214353238821,38.4950895,103.2002021,1394.795532
214553238869,38.4950895,103.2002021,1394.799438
214753238916,38.4950895,103.2002021,1394.797241
214953238964,38.4950895,103.2002021,1394.795898
215153239012,38.4950895,103.2002021,1394.7948
215353238821,38.4950895,103.2002021,1394.795166
215553238869,38.4950895,103.2002021,1394.796021
215753238916,38.4950895,103.2002021,1394.791626
215953238964,38.4950895,103.2002021,1394.789917
216153239012,38.4950895,103.2002021,1394.789063
216353238821,38.4950895,103.2002021,1394.788574
216553238869,38.4950896,103.2002021,1394.786621
216753238916,38.4950895,103.2002021,1394.789185
216953238964,38.4950895,103.2002021,1394.793701
217153239012,38.4950895,103.2002021,1394.792236
217553238869,38.4950895,103.2002021,1394.793579
217553238869,38.4950895,103.2002021,1394.793579
217953238964,38.4950895,103.2002021,1394.7948
218153239012,38.4950895,103.2002021,1394.792725
218353238821,38.4950895,103.2002021,1394.795044
218553238869,38.4950895,103.2002021,1394.793701
218753238916,38.4950895,103.2002021,1394.79541
218953238964,38.4950895,103.2002021,1394.793823
219153239012,38.4950895,103.2002021,1394.790405
219353238821,38.4950895,103.2002021,1394.793457
219553238869,38.4950895,103.2002021,1394.792969
219753238916,38.4950895,103.2002021,1394.792358
219953238964,38.4950895,103.2002021,1394.792847
220153239012,38.4950895,103.2002021,1394.791626
220353238821,38.4950895,103.2002021,1394.79126
220553238869,38.4950895,103.2002021,1394.791016
220753238916,38.4950895,103.2002021,1394.792603
220953238964,38.4950895,103.2002021,1394.790527
221153239012,38.4950895,103.2002021,1394.790283
221353238821,38.4950895,103.2002021,1394.790283
221553238869,38.4950895,103.2002021,1394.786865
221753238916,38.4950895,103.2002021,1394.789917
221953238964,38.4950895,103.2002021,1394.78894
222153239012,38.4950895,103.2002021,1394.788574
222353238821,38.4950895,103.2002021,1394.790283
222553238869,38.4950895,103.2002021,1394.788818
222753238916,38.4950895,103.2002021,1394.791016
222953238964,38.4950895,103.2002021,1394.790649
223153239012,38.4950895,103.2002021,1394.791382
223353238821,38.4950895,103.2002021,1394.790283
223553238869,38.4950895,103.2002021,1394.792114
223753238916,38.4950895,103.2002021,1394.791138
223953238964,38.4950895,103.2002021,1394.791016
224153239012,38.4950895,103.2002021,1394.792603
224353238821,38.4950895,103.2002021,1394.789917
224553238869,38.4950895,103.2002021,1394.791016
224753238916,38.4950895,103.2002021,1394.790771
224953238964,38.4950895,103.2002021,1394.790283
225153239012,38.4950895,103.2002021,1394.791748
225353238821,38.4950895,103.2002021,1394.789673
225553238869,38.4950895,103.2002021,1394.790405
225753238916,38.4950895,103.2002021,1394.789185
225953238964,38.4950895,103.2002021,1394.790039
226153239012,38.4950895,103.2002021,1394.788208
226353238821,38.4950895,103.2002021,1394.790039
226553238869,38.4950895,103.2002021,1394.786865
226753238916,38.4950895,103.2002021,1394.78833
226953238964,38.4950895,103.2002021,1394.790405
227353238821,38.4950895,103.2002021,1394.79187
227553238869,38.4950895,103.2002021,1394.792358
227753238916,38.4950895,103.2002021,1394.790405
227953238964,38.4950895,103.2002021,1394.789795
228153239012,38.4950895,103.2002021,1394.79126
228353238821,38.4950895,103.2002021,1394.788452
228553238869,38.4950895,103.2002021,1394.786377
228753238916,38.4950895,103.2002021,1394.789551
228953238964,38.4950895,103.2002021,1394.79126
229153239012,38.4950895,103.2002021,1394.790283
229353238821,38.4950895,103.2002021,1394.789063
229553238869,38.4950895,103.2002021,1394.789551
229753238916,38.4950895,103.2002021,1394.790039
229953238964,38.4950895,103.2002021,1394.79126
230153239012,38.4950895,103.2002021,1394.790283
230353238821,38.4950895,103.2002021,1394.792603
230553238869,38.4950895,103.2002021,1394.792969
230753238916,38.4950895,103.2002021,1394.79126
230953238964,38.4950895,103.2002021,1394.791016
231153239012,38.4950895,103.2002021,1394.793701
231353238821,38.4950895,103.2002021,1394.792358
231553238869,38.4950895,103.2002021,1394.792969
231753238916,38.4950895,103.2002021,1394.793701
231953238964,38.4950895,103.2002021,1394.790894
232153239012,38.4950895,103.2002021,1394.790649
232353238821,38.4950895,103.2002021,1394.790527
232553238869,38.4950895,103.2002021,1394.789673
232753238916,38.4950895,103.2002021,1394.790161
232953238964,38.4950895,103.2002021,1394.79248
233153239012,38.4950895,103.2002021,1394.790771
233353238821,38.4950895,103.2002021,1394.793945
233553238869,38.4950895,103.2002021,1394.794922
233753238916,38.4950895,103.2002021,1394.7948
233953238964,38.4950895,103.2002021,1394.789795
234153239012,38.4950895,103.2002021,1394.790283
234353238821,38.4950895,103.2002021,1394.791382
234553238869,38.4950895,103.2002021,1394.790039
234753238916,38.4950895,103.2002021,1394.790649
234953238964,38.4950895,103.2002021,1394.790039
235153239012,38.4950895,103.2002021,1394.79187
235353238821,38.4950895,103.2002021,1394.792725
235553238869,38.4950895,103.2002021,1394.792236
235753238916,38.4950895,103.2002021,1394.792847
235953238964,38.4950895,103.2002021,1394.79248
236153239012,38.4950895,103.2002022,1394.791748
236353238821,38.4950895,103.2002021,1394.791992
236553238869,38.4950895,103.2002021,1394.794556
236753238916,38.4950895,103.2002021,1394.797485
236953238964,38.4950895,103.2002021,1394.797607
237353238821,38.4950895,103.2002021,1394.803833
237553238869,38.4950895,103.2002021,1394.800781
237753238916,38.4950895,103.2002021,1394.801758
237953238964,38.4950895,103.2002021,1394.79541
238153239012,38.4950895,103.2002021,1394.795532
238353238821,38.4950895,103.2002021,1394.796387
238553238869,38.4950895,103.2002021,1394.796753
238753238916,38.4950895,103.2002021,1394.793823
238953238964,38.4950895,103.2002021,1394.798584
239153239012,38.4950895,103.2002021,1394.796631
239353238821,38.4950895,103.2002021,1394.795288
239553238869,38.4950895,103.2002021,1394.796387
239753238916,38.4950895,103.2002021,1394.792725
239953238964,38.4950895,103.2002021,1394.797729
240153239012,38.4950895,103.2002021,1394.795288
240353238821,38.4950895,103.2002021,1394.79834
240553238869,38.4950895,103.2002021,1394.796387
240753238916,38.4950895,103.2002021,1394.797852
240953238964,38.4950895,103.2002021,1394.795044
241153239012,38.4950895,103.2002021,1394.793945
241353238821,38.4950895,103.2002021,1394.796753
241553238869,38.4950895,103.2002021,1394.796509
241753238916,38.4950895,103.2002021,1394.79541
241953238964,38.4950895,103.2002021,1394.792603
242153239012,38.4950895,103.2002021,1394.791626
242353238821,38.4950895,103.2002021,1394.791382
242553238869,38.4950895,103.2002021,1394.7854
242753238916,38.4950895,103.2002021,1394.785278
242953238964,38.4950895,103.2002021,1394.796753
243153239012,38.4950895,103.2002021,1394.798462
243353238821,38.4950895,103.2002021,1394.796631
243553238869,38.4950895,103.2002021,1394.800781
243753238916,38.4950895,103.2002021,1394.796631
243953238964,38.4950895,103.2002021,1394.793823
244153239012,38.4950895,103.2002021,1394.796021
244353238821,38.4950895,103.2002021,1394.798584
244553238869,38.4950895,103.2002021,1394.800293
244753238916,38.4950895,103.2002021,1394.798828
244953238964,38.4950895,103.2002021,1394.797729
245153239012,38.4950895,103.2002021,1394.799438
245353238821,38.4950895,103.2002021,1394.797485
245553238869,38.4950895,103.2002021,1394.79541
245753238916,38.4950895,103.2002021,1394.795288
245953238964,38.4950895,103.2002021,1394.793457
246153239012,38.4950895,103.2002021,1394.791992
246353238821,38.4950895,103.2002021,1394.794189
246553238869,38.4950895,103.2002021,1394.792603
246753238916,38.4950895,103.2002021,1394.790649
247153239012,38.4950895,103.2002021,1394.791626
247353238821,38.4950895,103.2002021,1394.791748
247553238869,38.4950895,103.2002021,1394.792236
247753238916,38.4950895,103.2002021,1394.793091
247953238964,38.4950895,103.2002021,1394.786743
248153239012,38.4950895,103.2002021,1394.785522
248353238821,38.4950895,103.2002021,1394.78833
248553238869,38.4950895,103.2002021,1394.786499
248753238916,38.4950895,103.2002021,1394.783936
248953238964,38.4950895,103.2002021,1394.790283
249153239012,38.4950895,103.2002021,1394.793213
249353238821,38.4950895,103.2002021,1394.791504
249553238869,38.4950895,103.2002021,1394.790405
249753238916,38.4950895,103.2002021,1394.792114
249953238964,38.4950895,103.2002021,1394.79126
250153239012,38.4950895,103.2002021,1394.789795
250353238821,38.4950895,103.2002021,1394.788696
250553238869,38.4950895,103.2002021,1394.790039
250753238916,38.4950895,103.2002021,1394.789673
250953238964,38.4950895,103.2002021,1394.790771
251153239012,38.4950895,103.2002021,1394.79187
251353238821,38.4950895,103.2002021,1394.794678
251553238869,38.4950895,103.2002021,1394.787598
251753238916,38.4950895,103.2002021,1394.791382
251953238964,38.4950895,103.2002021,1394.794556
252153239012,38.4950895,103.2002021,1394.793945
252353238821,38.4950895,103.2002021,1394.795288
252553238869,38.4950895,103.2002021,1394.792847
252753238916,38.4950895,103.2002021,1394.793335
252953238964,38.4950895,103.2002021,1394.79248
253153239012,38.4950895,103.2002021,1394.789063
253353238821,38.4950895,103.2002021,1394.792114
253553238869,38.4950895,103.2002021,1394.793335
253753238916,38.4950895,103.2002021,1394.792725
253953238964,38.4950895,103.2002021,1394.794189
254153239012,38.4950895,103.2002021,1394.79187
254353238821,38.4950895,103.2002021,1394.78833
254553238869,38.4950895,103.2002021,1394.790039
254753238916,38.4950895,103.2002021,1394.793091
254953238964,38.4950895,103.2002021,1394.791748
255153239012,38.4950895,103.2002021,1394.790649
255353238821,38.4950895,103.2002021,1394.793091
255553238869,38.4950895,103.2002021,1394.790039
255753238916,38.4950895,103.2002021,1394.791382
255953238964,38.4950895,103.2002021,1394.793945
256153239012,38.4950895,103.2002021,1394.793945
256353238821,38.4950895,103.2002021,1394.794067
256553238869,38.4950895,103.2002021,1394.795166
256753238916,38.4950895,103.2002021,1394.795044
257153239012,38.4950895,103.2002021,1394.793701
257353238821,38.4950895,103.2002021,1394.79248
257553238869,38.4950895,103.2002021,1394.793579
257753238916,38.4950895,103.2002021,1394.794556
257953238964,38.4950895,103.2002021,1394.791138
258153239012,38.4950895,103.2002021,1394.793335
258353238821,38.4950895,103.2002021,1394.795898
258553238869,38.4950895,103.2002021,1394.7948
258753238916,38.4950895,103.2002021,1394.795776
258953238964,38.4950895,103.2002021,1394.793945
259153239012,38.4950895,103.2002021,1394.793579
259353238821,38.4950895,103.2002021,1394.792358
259553238869,38.4950895,103.2002021,1394.793335
259753238916,38.4950895,103.2002021,1394.793823
259953238964,38.4950895,103.2002021,1394.789063
260153239012,38.4950895,103.2002021,1394.790283
260353238821,38.4950895,103.2002021,1394.78894
260553238869,38.4950895,103.2002021,1394.789917
260753238916,38.4950895,103.2002021,1394.787354
260953238964,38.4950895,103.2002021,1394.792603
261153239012,38.4950895,103.2002021,1394.793945
261353238821,38.4950895,103.2002021,1394.791016
261553238869,38.4950895,103.2002021,1394.795166
261753238916,38.4950895,103.2002021,1394.793945
261953238964,38.4950895,103.2002021,1394.791504
262153239012,38.4950895,103.2002021,1394.792725
262353238821,38.4950895,103.2002021,1394.790527
262553238869,38.4950895,103.2002021,1394.790894
262753238916,38.4950895,103.2002021,1394.790527
262953238964,38.4950895,103.2002021,1394.788696
263153239012,38.4950895,103.2002021,1394.788818
263353238821,38.4950895,103.2002021,1394.789307
263553238869,38.4950895,103.2002021,1394.78772
263753238916,38.4950895,103.2002021,1394.789429
263953238964,38.4950895,103.2002021,1394.789307
264153239012,38.4950895,103.2002021,1394.789795
264353238821,38.4950895,103.2002021,1394.792847
264553238869,38.4950895,103.2002021,1394.789917
264753238916,38.4950895,103.2002021,1394.791504
264953238964,38.4950895,103.2002021,1394.789429
265153239012,38.4950895,103.2002021,1394.790405
265353238821,38.4950895,103.2002021,1394.790161
265553238869,38.4950895,103.2002021,1394.791504
265753238916,38.4950895,103.2002021,1394.787964
265953238964,38.4950895,103.2002021,1394.791138
266153239012,38.4950895,103.2002021,1394.792603
266353238821,38.4950895,103.2002021,1394.790405
266553238869,38.4950895,103.2002021,1394.790405
266953238964,38.4950895,103.2002021,1394.789063
267153239012,38.4950895,103.2002021,1394.790527
267353238821,38.4950895,103.2002021,1394.790161
267553238869,38.4950895,103.2002021,1394.791016
267753238916,38.4950895,103.2002021,1394.790405
267953238964,38.4950895,103.2002021,1394.790649
268153239012,38.4950895,103.2002021,1394.794312
268353238821,38.4950895,103.2002021,1394.791504
268553238869,38.4950895,103.2002021,1394.79187
268753238916,38.4950895,103.2002021,1394.791626
268953238964,38.4950895,103.2002021,1394.79126
269153239012,38.4950895,103.2002021,1394.793213
269353238821,38.4950895,103.2002021,1394.792603
269553238869,38.4950895,103.2002021,1394.792969
269753238916,38.4950895,103.2002021,1394.790039
269953238964,38.4950895,103.2002021,1394.795532
270153239012,38.4950895,103.2002021,1394.794678
270353238821,38.4950895,103.2002021,1394.794922
270553238869,38.4950895,103.2002021,1394.794678
270753238916,38.4950895,103.2002021,1394.792847
270953238964,38.4950895,103.2002021,1394.793701
271153239012,38.4950895,103.2002021,1394.794556
271353238821,38.4950895,103.2002021,1394.792358
271553238869,38.4950895,103.2002021,1394.791748
271753238916,38.4950895,103.2002021,1394.793213
271953238964,38.4950895,103.2002021,1394.786865
272153239012,38.4950895,103.2002021,1394.786377
272353238821,38.4950895,103.2002021,1394.791748
272553238869,38.4950895,103.2002021,1394.790771
272753238916,38.4950895,103.2002021,1394.78772
272953238964,38.4950895,103.2002021,1394.798828
273153239012,38.4950895,103.2002021,1394.796753
273353238821,38.4950895,103.2002021,1394.797852
273553238869,38.4950895,103.2002021,1394.797363
273753238916,38.4950895,103.2002021,1394.796631
273953238964,38.4950895,103.2002021,1394.794434
274153239012,38.4950895,103.2002021,1394.796387
274353238821,38.4950895,103.2002021,1394.795654
274553238869,38.4950895,103.2002021,1394.796997
274753238916,38.4950895,103.2002021,1394.795288
274953238964,38.4950895,103.2002021,1394.799316
275153239012,38.4950895,103.2002021,1394.797363
275353238821,38.4950895,103.2002021,1394.796509
275553238869,38.4950895,103.2002021,1394.797485
275753238916,38.4950895,103.2002021,1394.796631
275953238964,38.4950895,103.200202,1394.802246
276153239012,38.4950895,103.2002021,1394.803101
276553238869,38.4950895,103.200202,1394.802612
276553238869,38.4950895,103.200202,1394.802612
276953238964,38.4950895,103.2002021,1394.803101
277153239012,38.4950895,103.2002021,1394.799194
277353238821,38.4950895,103.2002021,1394.79895
277553238869,38.4950895,103.2002021,1394.796875
277753238916,38.4950895,103.2002021,1394.797607
277953238964,38.4950895,103.2002021,1394.795166
278153239012,38.4950895,103.2002021,1394.797729
278353238821,38.4950895,103.2002021,1394.801758
278553238869,38.4950895,103.2002021,1394.798462
278753238916,38.4950895,103.2002021,1394.798218
278953238964,38.4950895,103.2002021,1394.796997
279153239012,38.4950895,103.2002021,1394.796875
279353238821,38.4950895,103.2002021,1394.795654
279553238869,38.4950895,103.2002021,1394.798584
279753238916,38.4950895,103.2002021,1394.794556
279953238964,38.4950895,103.2002021,1394.795654
280153239012,38.4950895,103.2002021,1394.796753
280353238821,38.4950895,103.2002021,1394.797241
280553238869,38.4950895,103.2002021,1394.795532
280753238916,38.4950895,103.2002021,1394.795044
280953238964,38.4950895,103.2002021,1394.798828
281153239012,38.4950895,103.2002021,1394.797241
281353238821,38.4950895,103.2002021,1394.799194
281553238869,38.4950895,103.2002021,1394.799072
281753238916,38.4950895,103.2002021,1394.797607
281953238964,38.4950895,103.2002021,1394.802734
282153239012,38.4950895,103.2002021,1394.800537
282353238821,38.4950895,103.2002021,1394.802124
282553238869,38.4950895,103.2002021,1394.803223
282753238916,38.4950895,103.2002021,1394.802002
282953238964,38.4950895,103.2002021,1394.802124
283153239012,38.4950895,103.2002021,1394.802246
283353238821,38.4950895,103.2002021,1394.804077
283553238869,38.4950895,103.2002021,1394.803101
283753238916,38.4950895,103.2002021,1394.803833
283953238964,38.4950895,103.2002021,1394.79895
284153239012,38.4950895,103.2002021,1394.799072
284353238821,38.4950895,103.2002021,1394.798218
284553238869,38.4950895,103.2002021,1394.801758
284753238916,38.4950895,103.2002021,1394.798096
284953238964,38.4950895,103.2002021,1394.797241
285153239012,38.4950895,103.2002021,1394.795044
285353238821,38.4950895,103.2002021,1394.795532
285553238869,38.4950895,103.2002021,1394.793945
285753238916,38.4950895,103.2002021,1394.795776
285953238964,38.4950895,103.2002021,1394.798828
286353238821,38.4950895,103.2002021,1394.801514
286553238869,38.4950895,103.2002021,1394.801147
286753238916,38.4950895,103.2002021,1394.800781
286953238964,38.4950895,103.2002021,1394.79126
287153239012,38.4950895,103.2002021,1394.792358
287353238821,38.4950895,103.2002021,1394.794312
287553238869,38.4950895,103.2002021,1394.792236
287753238916,38.4950895,103.2002021,1394.7948
287953238964,38.4950895,103.2002021,1394.793823
288153239012,38.4950895,103.2002021,1394.79541
288353238821,38.4950895,103.2002021,1394.797119
288553238869,38.4950895,103.2002021,1394.796143
288753238916,38.4950895,103.2002021,1394.794067
288953238964,38.4950895,103.2002021,1394.797119
289153239012,38.4950895,103.2002021,1394.799316
289353238821,38.4950895,103.2002021,1394.796753
289553238869,38.4950895,103.2002021,1394.796143
289753238916,38.4950895,103.2002021,1394.794678
289953238964,38.4950895,103.2002021,1394.797729
290153239012,38.4950895,103.2002021,1394.797363
290353238821,38.4950895,103.2002021,1394.79834
290553238869,38.4950895,103.2002021,1394.799561
290753238916,38.4950895,103.2002021,1394.803589
290953238964,38.4950895,103.2002021,1394.803955
291153239012,38.4950895,103.2002021,1394.805664
291353238821,38.4950895,103.2002021,1394.803345
291553238869,38.4950895,103.2002021,1394.805542
291753238916,38.4950895,103.2002021,1394.804321
291953238964,38.4950895,103.2002021,1394.803467
292153239012,38.4950895,103.2002021,1394.802124
292353238821,38.4950895,103.2002021,1394.803589
292553238869,38.4950895,103.2002021,1394.80188
292753238916,38.4950895,103.2002021,1394.803223
292953238964,38.4950895,103.2002021,1394.794434
293153239012,38.4950895,103.2002021,1394.793945
293353238821,38.4950895,103.2002021,1394.7948
293553238869,38.4950895,103.2002021,1394.796265
293753238916,38.4950895,103.2002021,1394.793945
293953238964,38.4950895,103.2002021,1394.80127
294153239012,38.4950895,103.2002021,1394.802246
294353238821,38.4950895,103.2002021,1394.802002
294553238869,38.4950895,103.2002021,1394.80127
294753238916,38.4950895,103.2002021,1394.802979
294953238964,38.4950895,103.2002021,1394.801025
295153239012,38.4950895,103.2002021,1394.799316
295353238821,38.4950895,103.2002021,1394.800171
295553238869,38.4950895,103.2002021,1394.799805
295753238916,38.4950895,103.2002021,1394.800781
295953238964,38.4950895,103.2002021,1394.798218
296353238821,38.4950895,103.2002021,1394.799316
296553238869,38.4950895,103.2002021,1394.799805
296753238916,38.4950895,103.2002021,1394.79541
296953238964,38.4950895,103.2002021,1394.802002
297153239012,38.4950895,103.2002021,1394.802002
297353238821,38.4950895,103.2002021,1394.804199
297553238869,38.4950895,103.2002021,1394.803223
297753238916,38.4950895,103.2002021,1394.80542
297953238964,38.4950895,103.2002021,1394.799683
298153239012,38.4950895,103.2002021,1394.798828
298353238821,38.4950895,103.2002021,1394.800903
298553238869,38.4950895,103.2002021,1394.800049
298753238916,38.4950895,103.2002021,1394.800171
298953238964,38.4950895,103.2002021,1394.800415
299153239012,38.4950895,103.2002021,1394.803711
299353238821,38.4950895,103.2002021,1394.803101
299553238869,38.4950895,103.2002021,1394.802246
299753238916,38.4950895,103.2002021,1394.802368
299953238964,38.4950895,103.2002021,1394.804443
300153239012,38.4950895,103.2002021,1394.802612
300353238821,38.4950895,103.2002021,1394.802368
300553238869,38.4950895,103.2002021,1394.803223
300753238916,38.4950895,103.2002021,1394.79834
300953238964,38.4950895,103.2002021,1394.802124
301153239012,38.4950895,103.2002021,1394.801514
301353238821,38.4950895,103.2002021,1394.802002
301553238869,38.4950895,103.2002021,1394.803589
301753238916,38.4950895,103.2002021,1394.804199
301953238964,38.4950895,103.2002021,1394.799316
302153239012,38.4950895,103.2002021,1394.803345
302353238821,38.4950895,103.2002021,1394.801514
302553238869,38.4950895,103.2002021,1394.79895
302753238916,38.4950895,103.2002021,1394.800781
302953238964,38.4950895,103.2002021,1394.802734
303153239012,38.4950895,103.2002021,1394.803345
303353238821,38.4950895,103.2002021,1394.800659
303553238869,38.4950895,103.2002021,1394.803833
303753238916,38.4950895,103.2002021,1394.800903
303953238964,38.4950895,103.2002021,1394.802612
304153239012,38.4950895,103.2002021,1394.803955
304353238821,38.4950895,103.2002021,1394.803223
304553238869,38.4950895,103.2002021,1394.803345
304753238916,38.4950895,103.2002021,1394.803223
304953238964,38.4950895,103.2002021,1394.802612
305153239012,38.4950895,103.2002021,1394.798828
305353238821,38.4950895,103.2002021,1394.798706
305553238869,38.4950895,103.2002021,1394.801514
305753238916,38.4950895,103.2002021,1394.799927
306153239012,38.4950895,103.2002021,1394.80127
306353238821,38.4950895,103.2002021,1394.801025
306553238869,38.4950895,103.2002021,1394.802002
306753238916,38.4950895,103.2002021,1394.801758
306953238964,38.4950895,103.2002021,1394.799194
307153239012,38.4950895,103.2002021,1394.801025
307353238821,38.4950895,103.2002021,1394.799316
307553238869,38.4950895,103.2002021,1394.800903
307753238916,38.4950895,103.2002021,1394.798462
307953238964,38.4950895,103.2002021,1394.800293
308153239012,38.4950895,103.2002021,1394.799438
308353238821,38.4950895,103.2002021,1394.800537
308553238869,38.4950895,103.2002021,1394.800171
308753238916,38.4950895,103.2002021,1394.800781
308953238964,38.4950895,103.2002021,1394.800781
309153239012,38.4950895,103.2002021,1394.802002
309353238821,38.4950895,103.2002021,1394.799683
309553238869,38.4950895,103.2002021,1394.800415
309753238916,38.4950895,103.2002021,1394.80127
309953238964,38.4950895,103.2002021,1394.800049
310153239012,38.4950895,103.2002021,1394.801514
310353238821,38.4950895,103.2002021,1394.799438
310553238869,38.4950895,103.2002021,1394.801147
310753238916,38.4950895,103.2002021,1394.800049
310953238964,38.4950895,103.2002021,1394.80188
311153239012,38.4950895,103.2002021,1394.804199
311353238821,38.4950895,103.2002021,1394.805542
311553238869,38.4950895,103.2002021,1394.804565
311753238916,38.4950895,103.2002021,1394.802612
311953238964,38.4950895,103.2002021,1394.800781
312153239012,38.4950895,103.2002021,1394.801514
312353238821,38.4950895,103.2002021,1394.802612
312553238869,38.4950895,103.2002021,1394.804565
312753238916,38.4950895,103.2002021,1394.803833
312953238964,38.4950895,103.2002021,1394.803833
313153239012,38.4950895,103.2002021,1394.802979
313353238821,38.4950895,103.2002021,1394.803467
313553238869,38.4950895,103.2002021,1394.801025
313753238916,38.4950895,103.2002021,1394.801514
313953238964,38.4950895,103.2002021,1394.801025
314153239012,38.4950895,103.2002021,1394.801758
314353238821,38.4950895,103.2002021,1394.80188
314553238869,38.4950895,103.2002021,1394.799683
314753238916,38.4950895,103.2002021,1394.803223
314953238964,38.4950895,103.2002021,1394.800171
315153239012,38.4950895,103.2002021,1394.799561
315353238821,38.4950895,103.2002021,1394.797974
315553238869,38.4950895,103.2002021,1394.798584
315953238964,38.4950895,103.2002021,1394.799927
316153239012,38.4950895,103.2002021,1394.799561
316353238821,38.4950895,103.2002021,1394.800293
316553238869,38.4950895,103.2002021,1394.799316
316753238916,38.4950895,103.2002021,1394.798828
316953238964,38.4950895,103.2002021,1394.802124
317153239012,38.4950895,103.2002021,1394.802856
317353238821,38.4950895,103.2002021,1394.802002
317553238869,38.4950895,103.2002021,1394.802002
317753238916,38.4950895,103.2002021,1394.804199
317953238964,38.4950895,103.2002021,1394.798218
318153239012,38.4950895,103.2002021,1394.800171
318353238821,38.4950895,103.2002021,1394.798584
318553238869,38.4950895,103.2002021,1394.799194
318753238916,38.4950895,103.2002021,1394.797241
318953238964,38.4950895,103.2002021,1394.803345
319153239012,38.4950895,103.2002021,1394.801392
319353238821,38.4950895,103.2002021,1394.805054
319553238869,38.4950895,103.2002021,1394.801025
319753238916,38.4950895,103.2002021,1394.801147
319953238964,38.4950895,103.2002021,1394.803467
320153239012,38.4950895,103.2002021,1394.803833
320353238821,38.4950895,103.2002021,1394.801392
320553238869,38.4950895,103.2002021,1394.805298
320753238916,38.4950895,103.2002021,1394.803345
320953238964,38.4950895,103.2002021,1394.803223
321153239012,38.4950895,103.2002021,1394.805298
321353238821,38.4950895,103.2002021,1394.806519
321553238869,38.4950895,103.2002021,1394.806519
321753238916,38.4950895,103.2002021,1394.803467
321953238964,38.4950895,103.2002021,1394.805176
322153239012,38.4950895,103.2002021,1394.802734
322353238821,38.4950895,103.2002021,1394.803223
322553238869,38.4950895,103.2002021,1394.803833
322753238916,38.4950895,103.2002021,1394.804199
322953238964,38.4950895,103.2002021,1394.800781
323153239012,38.4950895,103.2002021,1394.800171
323353238821,38.4950895,103.2002021,1394.804443
323553238869,38.4950895,103.2002021,1394.800293
323753238916,38.4950895,103.2002021,1394.800171
323953238964,38.4950895,103.2002021,1394.799805
324153239012,38.4950895,103.2002021,1394.800171
324353238821,38.4950895,103.2002021,1394.797852
324553238869,38.4950895,103.2002021,1394.800049
324753238916,38.4950895,103.2002021,1394.799561
324953238964,38.4950895,103.2002021,1394.799194
325153239012,38.4950895,103.2002021,1394.800171
325353238821,38.4950895,103.2002021,1394.800415
325553238869,38.4950895,103.2002021,1394.800415
325953238964,38.4950895,103.2002021,1394.798218
326153239012,38.4950895,103.2002021,1394.795776
326353238821,38.4950895,103.2002021,1394.796753
326553238869,38.4950895,103.2002021,1394.798096
326753238916,38.4950895,103.2002021,1394.795654
326953238964,38.4950895,103.2002021,1394.795044
327153239012,38.4950895,103.2002021,1394.793945
327353238821,38.4950895,103.2002021,1394.792114
327553238869,38.4950895,103.2002021,1394.793213
327753238916,38.4950895,103.2002021,1394.791626
327953238964,38.4950895,103.2002021,1394.798462
328153239012,38.4950895,103.2002021,1394.796875
328353238821,38.4950895,103.2002021,1394.797852
328553238869,38.4950895,103.2002021,1394.799805
328753238916,38.4950895,103.2002021,1394.797119
328953238964,38.4950895,103.2002021,1394.801392
329153239012,38.4950895,103.2002021,1394.804443
329353238821,38.4950895,103.2002021,1394.802734
329553238869,38.4950895,103.2002021,1394.799438
329753238916,38.4950895,103.2002021,1394.800293
329953238964,38.4950895,103.2002021,1394.79895
330153239012,38.4950895,103.2002021,1394.797119
330353238821,38.4950895,103.2002021,1394.797485
330553238869,38.4950895,103.2002021,1394.799194
330753238916,38.4950895,103.2002021,1394.797729
330953238964,38.4950895,103.2002022,1394.790161
331153239012,38.4950895,103.2002022,1394.783813
331353238821,38.4950895,103.2002022,1394.787354
331553238869,38.4950895,103.2002022,1394.786865
331753238916,38.4950895,103.2002022,1394.785522
331953238964,38.4950895,103.2002022,1394.790649
332153239012,38.4950895,103.2002022,1394.791016
332353238821,38.4950895,103.2002022,1394.79187
332553238869,38.4950895,103.2002022,1394.791748
332753238916,38.4950895,103.2002022,1394.789795
332953238964,38.4950895,103.2002022,1394.787964
333153239012,38.4950895,103.2002022,1394.786987
333353238821,38.4950895,103.2002022,1394.787964
333553238869,38.4950895,103.2002022,1394.789795
333753238916,38.4950895,103.2002022,1394.787964
333953238964,38.4950895,103.2002022,1394.796631
334153239012,38.4950895,103.2002021,1394.794556
334353238821,38.4950895,103.2002022,1394.796021
334553238869,38.4950895,103.2002021,1394.794189
334753238916,38.4950895,103.2002022,1394.796753
334953238964,38.4950895,103.2002021,1394.790649
335153239012,38.4950895,103.2002021,1394.79187
335553238869,38.4950895,103.2002021,1394.791992
335553238869,38.4950895,103.2002021,1394.791992
335953238964,38.4950895,103.2002022,1394.790527
336153239012,38.4950895,103.2002021,1394.789673
336353238821,38.4950895,103.2002022,1394.790283
336553238869,38.4950895,103.2002022,1394.790405
336753238916,38.4950895,103.2002022,1394.791504
336953238964,38.4950895,103.2002021,1394.793335
337153239012,38.4950895,103.2002021,1394.789307
337353238821,38.4950895,103.2002021,1394.79126
337553238869,38.4950895,103.2002021,1394.792847
337753238916,38.4950895,103.2002021,1394.789917
337953238964,38.4950895,103.2002021,1394.794312
338153239012,38.4950895,103.2002021,1394.794312
338353238821,38.4950895,103.2002021,1394.7948
338553238869,38.4950895,103.2002021,1394.794678
338753238916,38.4950895,103.2002021,1394.796387
338953238964,38.4950895,103.2002021,1394.796021
339153239012,38.4950895,103.2002021,1394.795044
339353238821,38.4950895,103.2002021,1394.793945
339553238869,38.4950895,103.2002021,1394.794678
339753238916,38.4950895,103.2002021,1394.796875
339953238964,38.4950895,103.2002022,1394.794434
340153239012,38.4950895,103.2002021,1394.795776
340353238821,38.4950895,103.2002021,1394.795898
340553238869,38.4950895,103.2002022,1394.795532
340753238916,38.4950895,103.2002021,1394.794067
340953238964,38.4950895,103.2002021,1394.793823
341153239012,38.4950895,103.2002021,1394.793335
341353238821,38.4950895,103.2002021,1394.795044
341553238869,38.4950895,103.2002021,1394.7948
341753238916,38.4950895,103.2002021,1394.792603
341953238964,38.4950895,103.2002021,1394.789063
342153239012,38.4950895,103.2002021,1394.789673
342353238821,38.4950895,103.2002021,1394.790894
342553238869,38.4950895,103.2002021,1394.79126
342753238916,38.4950895,103.2002021,1394.790527
342953238964,38.4950895,103.2002021,1394.792358
343153239012,38.4950895,103.2002021,1394.793945
343353238821,38.4950895,103.2002021,1394.791992
343553238869,38.4950895,103.2002021,1394.79187
343753238916,38.4950895,103.2002021,1394.794922
343953238964,38.4950895,103.2002021,1394.789185
344153239012,38.4950895,103.2002021,1394.790771
344353238821,38.4950895,103.2002021,1394.791138
344553238869,38.4950895,103.2002021,1394.792236
344753238916,38.4950895,103.2002021,1394.791992
344953238964,38.4950895,103.2002022,1394.793335
345353238821,38.4950895,103.2002021,1394.795166
345553238869,38.4950895,103.2002021,1394.796265
345753238916,38.4950895,103.2002021,1394.795044
345953238964,38.4950895,103.2002021,1394.794678
346153239012,38.4950895,103.2002021,1394.795288
346353238821,38.4950895,103.2002022,1394.794067
346553238869,38.4950895,103.2002022,1394.793945
346753238916,38.4950895,103.2002022,1394.795776
346953238964,38.4950895,103.2002021,1394.793213
347153239012,38.4950895,103.2002021,1394.795288
347353238821,38.4950895,103.2002021,1394.794922
347553238869,38.4950895,103.2002021,1394.793213
347753238916,38.4950895,103.2002021,1394.793091
347953238964,38.4950895,103.2002021,1394.790283
348153239012,38.4950895,103.2002021,1394.791992
348353238821,38.4950895,103.2002021,1394.791382
348553238869,38.4950895,103.2002021,1394.791748
348753238916,38.4950895,103.2002021,1394.792603
348953238964,38.4950895,103.2002021,1394.793091
349153239012,38.4950895,103.2002021,1394.79248
349353238821,38.4950895,103.2002021,1394.790527
349553238869,38.4950895,103.2002021,1394.791016
349753238916,38.4950895,103.2002021,1394.790649
349953238964,38.4950895,103.2002021,1394.793823
350153239012,38.4950895,103.2002021,1394.795166
350353238821,38.4950895,103.2002021,1394.795044
350553238869,38.4950895,103.2002021,1394.794922
350753238916,38.4950895,103.2002021,1394.793579
350953238964,38.4950895,103.2002021,1394.797119
351153239012,38.4950895,103.2002021,1394.797974
351353238821,38.4950895,103.2002021,1394.798706
351553238869,38.4950895,103.2002021,1394.798828
351753238916,38.4950895,103.2002021,1394.800781
351953238964,38.4950895,103.2002021,1394.790283
352153239012,38.4950895,103.2002021,1394.79248
352353238821,38.4950895,103.2002021,1394.794067
352553238869,38.4950895,103.2002021,1394.79187
352753238916,38.4950895,103.2002021,1394.794312
352953238964,38.4950895,103.2002021,1394.797974
353153239012,38.4950895,103.2002021,1394.794067
353353238821,38.4950895,103.2002021,1394.796753
353553238869,38.4950895,103.2002021,1394.797241
353753238916,38.4950895,103.2002021,1394.797485
353953238964,38.4950895,103.2002022,1394.79187
354153239012,38.4950895,103.2002021,1394.793335
354353238821,38.4950895,103.2002021,1394.7948
354553238869,38.4950895,103.2002021,1394.792358
354753238916,38.4950895,103.2002021,1394.793457
355153239012,38.4950895,103.2002021,1394.792847
355353238821,38.4950895,103.2002021,1394.795898
355553238869,38.4950895,103.2002021,1394.793213
355753238916,38.4950895,103.2002021,1394.794556
355953238964,38.4950895,103.2002021,1394.794556
356153239012,38.4950895,103.2002021,1394.793091
356353238821,38.4950895,103.2002021,1394.795288
356553238869,38.4950895,103.2002021,1394.796997
356753238916,38.4950895,103.2002021,1394.794434
356953238964,38.4950895,103.2002022,1394.789307
357153239012,38.4950895,103.2002021,1394.790039
357353238821,38.4950895,103.2002021,1394.793091
357553238869,38.4950895,103.2002021,1394.79248
357753238916,38.4950895,103.2002021,1394.793335
357953238964,38.4950895,103.2002021,1394.794556
358153239012,38.4950895,103.2002021,1394.796021
358353238821,38.4950895,103.2002021,1394.797241
358553238869,38.4950895,103.2002021,1394.799316
358753238916,38.4950895,103.2002021,1394.793823
358953238964,38.4950895,103.2002021,1394.79895
359153239012,38.4950895,103.2002021,1394.797241
359353238821,38.4950895,103.2002021,1394.79834
359553238869,38.4950895,103.2002021,1394.796997
359753238916,38.4950895,103.2002021,1394.797119
359953238964,38.4950895,103.2002022,1394.786865
360153239012,38.4950895,103.2002022,1394.787842
360353238821,38.4950895,103.2002022,1394.789185
360553238869,38.4950895,103.2002022,1394.788452
360753238916,38.4950895,103.2002022,1394.788208
360953238964,38.4950895,103.2002022,1394.785767
361153239012,38.4950895,103.2002022,1394.788696
361353238821,38.4950895,103.2002022,1394.788452
361553238869,38.4950895,103.2002021,1394.786865
361753238916,38.4950895,103.2002022,1394.786255
361953238964,38.4950895,103.2002021,1394.787964
362153239012,38.4950895,103.2002021,1394.786987
362353238821,38.4950895,103.2002021,1394.788574
362553238869,38.4950895,103.2002021,1394.786987
362753238916,38.4950895,103.2002021,1394.7854
362953238964,38.4950895,103.2002021,1394.790283
363153239012,38.4950895,103.2002021,1394.790405
363353238821,38.4950895,103.2002021,1394.792236
363553238869,38.4950895,103.2002021,1394.791382
363753238916,38.4950895,103.2002021,1394.790405
363953238964,38.4950895,103.2002021,1394.786011
364153239012,38.4950895,103.2002021,1394.786865
364353238821,38.4950895,103.2002021,1394.787231
364553238869,38.4950895,103.2002021,1394.787964
364753238916,38.4950895,103.2002021,1394.789673
365153239012,38.4950895,103.2002021,1394.788696
365353238821,38.4950895,103.2002021,1394.790283
365553238869,38.4950895,103.2002021,1394.790039
365753238916,38.4950895,103.2002021,1394.788452
365953238964,38.4950895,103.2002021,1394.793335
366153239012,38.4950895,103.2002021,1394.793945
366353238821,38.4950895,103.2002021,1394.791992
366553238869,38.4950895,103.2002021,1394.791504
366753238916,38.4950895,103.2002021,1394.794556
366953238964,38.4950895,103.2002022,1394.78894
367153239012,38.4950895,103.2002022,1394.789307
367353238821,38.4950895,103.2002021,1394.791382
367553238869,38.4950895,103.2002021,1394.790161
367753238916,38.4950895,103.2002021,1394.78894
367953238964,38.4950895,103.2002021,1394.791016
368153239012,38.4950895,103.2002021,1394.791992
368353238821,38.4950895,103.2002021,1394.793945
368553238869,38.4950895,103.2002021,1394.79248
368753238916,38.4950895,103.2002021,1394.791992
368953238964,38.4950895,103.2002022,1394.79248
369153239012,38.4950895,103.2002021,1394.790649
369353238821,38.4950895,103.2002022,1394.791748
369553238869,38.4950895,103.2002022,1394.791748
369753238916,38.4950895,103.2002021,1394.791748
369953238964,38.4950895,103.2002021,1394.795898
370153239012,38.4950895,103.2002021,1394.789429
370353238821,38.4950895,103.2002021,1394.793091
370553238869,38.4950895,103.2002021,1394.788452
370753238916,38.4950895,103.2002021,1394.78186
370953238964,38.4950895,103.2002022,1394.792969
371153239012,38.4950895,103.2002022,1394.799194
371353238821,38.4950895,103.2002023,1394.80481
371553238869,38.4950895,103.2002023,1394.808472
371753238916,38.4950895,103.2002022,1394.807861
371953238964,38.4950895,103.2002021,1394.805054
372153239012,38.4950895,103.2002021,1394.79895
372353238821,38.4950895,103.2002021,1394.801147
372553238869,38.4950895,103.2002021,1394.799683
372753238916,38.4950895,103.2002021,1394.796265
372953238964,38.4950895,103.2002021,1394.797119
373153239012,38.4950895,103.2002021,1394.794189
373353238821,38.4950895,103.2002021,1394.793091
373553238869,38.4950895,103.2002021,1394.797363
373753238916,38.4950895,103.2002021,1394.796265
373953238964,38.4950895,103.2002021,1394.791504
374153239012,38.4950895,103.2002021,1394.791626
374353238821,38.4950895,103.2002021,1394.789795
374553238869,38.4950895,103.2002021,1394.790405
374753238916,38.4950895,103.2002021,1394.793823
375153239012,38.4950895,103.2002021,1394.78418
375353238821,38.4950895,103.2002021,1394.790771
375553238869,38.4950895,103.2002021,1394.78894
375753238916,38.4950895,103.2002021,1394.788452
375953238964,38.4950895,103.2002021,1394.790283
376153239012,38.4950895,103.2002021,1394.793213
376353238821,38.4950895,103.2002021,1394.791748
376553238869,38.4950895,103.2002021,1394.79126
376753238916,38.4950895,103.2002021,1394.79126
376953238964,38.4950895,103.2002021,1394.793335
377153239012,38.4950895,103.2002021,1394.792969
377353238821,38.4950895,103.2002021,1394.794189
377553238869,38.4950895,103.2002021,1394.7948
377753238916,38.4950895,103.2002021,1394.794678
377953238964,38.4950895,103.2002021,1394.794067
378153239012,38.4950895,103.2002021,1394.796265
378353238821,38.4950895,103.2002021,1394.793945
378553238869,38.4950895,103.2002021,1394.796997
378753238916,38.4950895,103.2002022,1394.794678
378953238964,38.4950895,103.2002022,1394.798096
379153239012,38.4950895,103.2002021,1394.795288
379353238821,38.4950895,103.2002022,1394.797119
379553238869,38.4950895,103.2002022,1394.795898
379753238916,38.4950895,103.2002021,1394.796265
379953238964,38.4950895,103.2002021,1394.795288
380153239012,38.4950895,103.2002021,1394.795898
380353238821,38.4950895,103.2002021,1394.794189
380553238869,38.4950895,103.2002021,1394.793213
380753238916,38.4950895,103.2002021,1394.795166
380953238964,38.4950895,103.2002021,1394.793945
381153239012,38.4950895,103.2002021,1394.790283
381353238821,38.4950895,103.2002021,1394.791748
381553238869,38.4950895,103.2002021,1394.794434
381753238916,38.4950895,103.2002021,1394.793701
381953238964,38.4950895,103.2002021,1394.78772
382153239012,38.4950895,103.2002021,1394.789185
382353238821,38.4950895,103.2002021,1394.789795
382553238869,38.4950895,103.2002021,1394.788818
382753238916,38.4950895,103.2002021,1394.790894
382953238964,38.4950895,103.2002021,1394.796997
383153239012,38.4950895,103.2002021,1394.792847
383353238821,38.4950895,103.2002021,1394.79248
383553238869,38.4950895,103.2002021,1394.794556
383753238916,38.4950895,103.2002022,1394.793335
383953238964,38.4950895,103.2002022,1394.791992
384153239012,38.4950895,103.2002022,1394.793457
384353238821,38.4950896,103.2002022,1394.7948
384553238869,38.4950896,103.2002024,1394.793213
384953238964,38.4950897,103.2002027,1394.794312
385153239012,38.4950897,103.2002029,1394.796143
385353238821,38.4950898,103.2002033,1394.794556
385553238869,38.4950899,103.2002038,1394.796875
385753238916,38.4950901,103.2002043,1394.796631
385953238964,38.4950902,103.2002048,1394.796265
386153239012,38.4950903,103.2002053,1394.794312
386353238821,38.4950904,103.2002056,1394.792969
386553238869,38.4950904,103.2002056,1394.792236
386753238916,38.4950904,103.2002056,1394.792725
386953238964,38.4950904,103.2002056,1394.790283
387153239012,38.4950905,103.2002058,1394.791016
387353238821,38.4950905,103.200206,1394.792603
387553238869,38.4950906,103.2002064,1394.789795
387753238916,38.4950907,103.2002067,1394.793213
387953238964,38.4950908,103.200207,1394.79834
388153239012,38.4950909,103.2002074,1394.797974
388353238821,38.495091,103.2002078,1394.797607
388553238869,38.4950911,103.2002081,1394.797607
388753238916,38.4950911,103.2002084,1394.796875
388953238964,38.4950912,103.2002087,1394.798462
389153239012,38.4950913,103.2002089,1394.801636
389353238821,38.4950913,103.2002089,1394.800659
389553238869,38.4950913,103.2002089,1394.796509
389753238916,38.4950913,103.2002089,1394.796021
389953238964,38.4950913,103.200209,1394.786011
390153239012,38.4950913,103.200209,1394.785767
390353238821,38.4950913,103.200209,1394.788818
390553238869,38.4950913,103.2002089,1394.78772
390753238916,38.4950913,103.2002089,1394.786865
390953238964,38.4950913,103.2002091,1394.791016
391153239012,38.4950914,103.2002091,1394.789917
391353238821,38.4950914,103.2002092,1394.787842
391553238869,38.4950914,103.2002093,1394.793823
391753238916,38.4950914,103.2002093,1394.789429
391953238964,38.4950914,103.2002093,1394.789917
392153239012,38.4950914,103.2002093,1394.789063
392353238821,38.4950914,103.2002093,1394.78894
392553238869,38.4950914,103.2002093,1394.78772
392753238916,38.4950914,103.2002093,1394.786987
392953238964,38.4950914,103.2002094,1394.791626
393153239012,38.4950915,103.2002096,1394.793213
393353238821,38.4950915,103.2002097,1394.794678
393553238869,38.4950915,103.2002098,1394.792847
393753238916,38.4950915,103.2002097,1394.793091
393953238964,38.4950915,103.2002097,1394.789063
394153239012,38.4950915,103.2002096,1394.78772
394553238869,38.4950915,103.2002095,1394.789429
394553238869,38.4950915,103.2002095,1394.789429
394953238964,38.4950915,103.2002096,1394.793335
395153239012,38.4950915,103.2002096,1394.789063
395353238821,38.4950915,103.2002097,1394.794434
395553238869,38.4950915,103.2002097,1394.792725
395753238916,38.4950915,103.2002097,1394.792725
395953238964,38.4950915,103.2002097,1394.792603
396153239012,38.4950915,103.2002097,1394.794556
396353238821,38.4950915,103.2002097,1394.795166
396553238869,38.4950915,103.2002097,1394.794067
396753238916,38.4950915,103.2002097,1394.795044
396953238964,38.4950915,103.2002097,1394.78772
397153239012,38.4950915,103.2002097,1394.788574
397353238821,38.4950915,103.2002097,1394.788452
397553238869,38.4950915,103.2002097,1394.790039
397753238916,38.4950915,103.2002097,1394.786987
397953238964,38.4950915,103.2002098,1394.792969
398153239012,38.4950915,103.2002097,1394.791748
398353238821,38.4950915,103.2002098,1394.791748
398553238869,38.4950915,103.2002097,1394.79126
398753238916,38.4950915,103.2002097,1394.791748
398953238964,38.4950915,103.2002097,1394.788086
399153239012,38.4950915,103.2002097,1394.787964
399353238821,38.4950915,103.2002097,1394.78894
399553238869,38.4950915,103.2002097,1394.786011
399753238916,38.4950915,103.2002097,1394.786133
399953238964,38.4950915,103.2002097,1394.790283
400153239012,38.4950915,103.2002097,1394.789673
400353238821,38.4950915,103.2002097,1394.78894
400553238869,38.4950915,103.2002097,1394.791992
400753238916,38.4950915,103.2002097,1394.79248
400953238964,38.4950915,103.2002097,1394.792725
401153239012,38.4950915,103.2002097,1394.791504
401353238821,38.4950915,103.2002097,1394.790039
401553238869,38.4950915,103.2002097,1394.790649
401753238916,38.4950915,103.2002097,1394.790894
401953238964,38.4950915,103.2002097,1394.789551
402153239012,38.4950915,103.2002097,1394.79126
402353238821,38.4950915,103.2002097,1394.791016
402553238869,38.4950915,103.2002097,1394.790649
402753238916,38.4950915,103.2002097,1394.790527
402953238964,38.4950915,103.2002097,1394.788086
403153239012,38.4950915,103.2002097,1394.788696
403353238821,38.4950915,103.2002097,1394.790405
403553238869,38.4950915,103.2002097,1394.788452
403753238916,38.4950915,103.2002097,1394.788574
403953238964,38.4950915,103.2002097,1394.790771
404353238821,38.4950915,103.2002097,1394.791016
404553238869,38.4950915,103.2002097,1394.788208
404753238916,38.4950915,103.2002097,1394.79187
404953238964,38.4950915,103.2002098,1394.786743
405153239012,38.4950915,103.2002097,1394.788696
405353238821,38.4950915,103.2002097,1394.799194
405553238869,38.4950915,103.2002097,1394.804199
405753238916,38.4950915,103.2002097,1394.797119
405953238964,38.4950915,103.2002098,1394.793945
406153239012,38.4950915,103.2002098,1394.787231
406353238821,38.4950915,103.2002097,1394.787964
406553238869,38.4950915,103.2002097,1394.788818
406753238916,38.4950915,103.2002097,1394.786743
406953238964,38.4950915,103.2002097,1394.791382
407153239012,38.4950915,103.2002097,1394.790894
407353238821,38.4950915,103.2002097,1394.789551
407553238869,38.4950915,103.2002097,1394.788086
407753238916,38.4950915,103.2002097,1394.78894
407953238964,38.4950915,103.2002097,1394.78833
408153239012,38.4950915,103.2002097,1394.788452
408353238821,38.4950915,103.2002097,1394.791382
408553238869,38.4950915,103.2002097,1394.792358
408753238916,38.4950915,103.2002097,1394.786865
408953238964,38.4950915,103.2002097,1394.799316
409153239012,38.4950915,103.2002097,1394.807129
409353238821,38.4950915,103.2002097,1394.805176
409553238869,38.4950915,103.2002097,1394.805908
409753238916,38.4950915,103.2002097,1394.811401
409953238964,38.4950915,103.2002096,1394.804321
410153239012,38.4950915,103.2002096,1394.801636
410353238821,38.4950915,103.2002097,1394.804443
410553238869,38.4950915,103.2002097,1394.797974
410753238916,38.4950915,103.2002097,1394.794434
410953238964,38.4950915,103.2002098,1394.789551
411153239012,38.4950915,103.2002098,1394.787964
411353238821,38.4950915,103.2002098,1394.789185
411553238869,38.4950915,103.2002097,1394.789185
411753238916,38.4950915,103.2002097,1394.789063
411953238964,38.4950915,103.2002097,1394.79187
412153239012,38.4950915,103.2002097,1394.790527
412353238821,38.4950915,103.2002097,1394.791504
412553238869,38.4950915,103.2002097,1394.794434
412753238916,38.4950915,103.2002097,1394.793335
412953238964,38.4950915,103.2002097,1394.785767
413153239012,38.4950915,103.2002097,1394.786621
413353238821,38.4950915,103.2002097,1394.787964
413553238869,38.4950915,103.2002097,1394.785522
413753238916,38.4950915,103.2002097,1394.787109
414153239012,38.4950915,103.2002097,1394.790771
414353238821,38.4950915,103.2002097,1394.790405
414553238869,38.4950915,103.2002097,1394.78894
414753238916,38.4950915,103.2002097,1394.788208
414953238964,38.4950915,103.2002097,1394.791504
415153239012,38.4950915,103.2002097,1394.789795
415353238821,38.4950915,103.2002097,1394.790649
415553238869,38.4950915,103.2002097,1394.787598
415753238916,38.4950915,103.2002097,1394.792358
415953238964,38.4950915,103.2002097,1394.789063
416153239012,38.4950915,103.2002097,1394.789673
416353238821,38.4950915,103.2002097,1394.788086
416553238869,38.4950915,103.2002097,1394.789917
416753238916,38.4950915,103.2002097,1394.787354
416953238964,38.4950915,103.2002097,1394.796265
417153239012,38.4950915,103.2002097,1394.795044
417353238821,38.4950915,103.2002097,1394.796265
417553238869,38.4950915,103.2002097,1394.795776
417753238916,38.4950915,103.2002097,1394.794556
417953238964,38.4950915,103.2002097,1394.793823
418153239012,38.4950915,103.2002097,1394.793945
418353238821,38.4950915,103.2002097,1394.791992
418553238869,38.4950915,103.2002097,1394.793823
418753238916,38.4950915,103.2002097,1394.792114
418953238964,38.4950915,103.2002097,1394.789185
419153239012,38.4950915,103.2002097,1394.792725
419353238821,38.4950915,103.2002097,1394.79187
419553238869,38.4950915,103.2002097,1394.792603
419753238916,38.4950915,103.2002097,1394.790649
419953238964,38.4950915,103.2002097,1394.787964
420153239012,38.4950915,103.2002097,1394.786865
420353238821,38.4950915,103.2002097,1394.785156
420553238869,38.4950915,103.2002097,1394.786499
420753238916,38.4950915,103.2002097,1394.786499
420953238964,38.4950915,103.2002098,1394.790039
421153239012,38.4950915,103.2002097,1394.790405
421353238821,38.4950915,103.2002097,1394.790283
421553238869,38.4950915,103.2002097,1394.79187
421753238916,38.4950915,103.2002097,1394.792725
421953238964,38.4950915,103.2002097,1394.793457
422153239012,38.4950915,103.2002097,1394.790649
422353238821,38.4950915,103.2002097,1394.793823
422553238869,38.4950915,103.2002097,1394.795898
422753238916,38.4950915,103.2002097,1394.794189
422953238964,38.4950915,103.2002097,1394.795776
423153239012,38.4950915,103.2002097,1394.794312
423353238821,38.4950915,103.2002097,1394.794678
423553238869,38.4950915,103.2002097,1394.791504
423753238916,38.4950915,103.2002097,1394.792969
424153239012,38.4950915,103.2002097,1394.793701
424353238821,38.4950915,103.2002097,1394.792358
424553238869,38.4950915,103.2002097,1394.792114
424753238916,38.4950915,103.2002097,1394.790894
424953238964,38.4950915,103.2002098,1394.786865
425153239012,38.4950915,103.2002097,1394.786011
425353238821,38.4950915,103.2002097,1394.78833
425553238869,38.4950915,103.2002097,1394.786133
425753238916,38.4950915,103.2002097,1394.788208
425953238964,38.4950915,103.2002097,1394.790894
426153239012,38.4950915,103.2002097,1394.788208
426353238821,38.4950915,103.2002097,1394.788208
426553238869,38.4950915,103.2002097,1394.788086
426753238916,38.4950915,103.2002097,1394.788086
426953238964,38.4950915,103.2002098,1394.790161
427153239012,38.4950915,103.2002097,1394.790039
427353238821,38.4950915,103.2002098,1394.79187
427553238869,38.4950915,103.2002097,1394.790405
427753238916,38.4950915,103.2002097,1394.790771
427953238964,38.4950915,103.2002097,1394.789551
428153239012,38.4950915,103.2002097,1394.790894
428353238821,38.4950915,103.2002097,1394.790527
428553238869,38.4950915,103.2002097,1394.789795
428753238916,38.4950915,103.2002097,1394.789307
428953238964,38.4950915,103.2002097,1394.795776
429153239012,38.4950915,103.2002097,1394.791992
429353238821,38.4950915,103.2002097,1394.792603
429553238869,38.4950915,103.2002097,1394.795898
429753238916,38.4950915,103.2002097,1394.794312
429953238964,38.4950915,103.2002097,1394.78894
430153239012,38.4950915,103.2002097,1394.787842
430353238821,38.4950915,103.2002097,1394.789673
430553238869,38.4950915,103.2002097,1394.78772
430753238916,38.4950915,103.2002097,1394.789551
430953238964,38.4950915,103.2002097,1394.787354
431153239012,38.4950915,103.2002097,1394.78833
431353238821,38.4950915,103.2002097,1394.78772
431553238869,38.4950915,103.2002097,1394.787964
431753238916,38.4950915,103.2002097,1394.78833
431953238964,38.4950915,103.2002097,1394.784668
432153239012,38.4950915,103.2002098,1394.791016
432353238821,38.4950915,103.2002097,1394.785156
432553238869,38.4950915,103.2002097,1394.781982
432753238916,38.4950915,103.2002098,1394.784912
432953238964,38.4950915,103.2002097,1394.792725
433153239012,38.4950915,103.2002097,1394.78833
433353238821,38.4950915,103.2002097,1394.789795
433553238869,38.4950915,103.2002097,1394.790649
433753238916,38.4950915,103.2002097,1394.790161
434153239012,38.4950915,103.2002097,1394.792236
434353238821,38.4950915,103.2002097,1394.791992
434553238869,38.4950915,103.2002098,1394.794312
434753238916,38.4950915,103.2002098,1394.791382
434953238964,38.4950915,103.2002097,1394.791626
435153239012,38.4950915,103.2002097,1394.791138
435353238821,38.4950915,103.2002097,1394.79248
435553238869,38.4950915,103.2002097,1394.792969
435753238916,38.4950915,103.2002097,1394.792236
435953238964,38.4950915,103.2002097,1394.79248
436153239012,38.4950915,103.2002097,1394.794067
436353238821,38.4950915,103.2002097,1394.794312
436553238869,38.4950915,103.2002097,1394.793701
436753238916,38.4950915,103.2002097,1394.79541
436953238964,38.4950915,103.2002097,1394.790771
437153239012,38.4950915,103.2002097,1394.792603
437353238821,38.4950915,103.2002097,1394.791382
437553238869,38.4950915,103.2002097,1394.792969
437753238916,38.4950915,103.2002097,1394.790771
437953238964,38.4950915,103.2002097,1394.791992
438153239012,38.4950915,103.2002097,1394.79187
438353238821,38.4950915,103.2002097,1394.79126
438553238869,38.4950915,103.2002097,1394.789063
438753238916,38.4950915,103.2002097,1394.790039
438953238964,38.4950915,103.2002097,1394.791626
439153239012,38.4950915,103.2002097,1394.793213
439353238821,38.4950915,103.2002097,1394.793091
439553238869,38.4950915,103.2002097,1394.792358
439753238916,38.4950915,103.2002097,1394.794556
439953238964,38.4950915,103.2002097,1394.791626
440153239012,38.4950915,103.2002097,1394.793457
440353238821,38.4950915,103.2002097,1394.78833
440553238869,38.4950915,103.2002097,1394.79187
440753238916,38.4950915,103.2002097,1394.79126
440953238964,38.4950915,103.2002097,1394.7948
441153239012,38.4950915,103.2002097,1394.794556
441353238821,38.4950915,103.2002097,1394.796509
441553238869,38.4950915,103.2002097,1394.796631
441753238916,38.4950915,103.2002097,1394.795654
441953238964,38.4950915,103.2002097,1394.795044
442153239012,38.4950915,103.2002097,1394.793945
442353238821,38.4950915,103.2002097,1394.794067
442553238869,38.4950915,103.2002097,1394.792725
442753238916,38.4950915,103.2002097,1394.791626
442953238964,38.4950915,103.2002097,1394.795776
443153239012,38.4950915,103.2002097,1394.796387
443353238821,38.4950915,103.2002097,1394.79541
443553238869,38.4950915,103.2002097,1394.79834
443953238964,38.4950915,103.2002097,1394.791748
444153239012,38.4950915,103.2002097,1394.793091
444353238821,38.4950915,103.2002097,1394.791504
444553238869,38.4950915,103.2002097,1394.792847
444753238916,38.4950915,103.2002097,1394.790771
444953238964,38.4950915,103.2002097,1394.798462
445153239012,38.4950915,103.2002097,1394.797607
445353238821,38.4950915,103.2002097,1394.797119
445553238869,38.4950915,103.2002097,1394.795288
445753238916,38.4950915,103.2002097,1394.795532
445953238964,38.4950915,103.2002097,1394.788818
446153239012,38.4950915,103.2002097,1394.792969
446353238821,38.4950915,103.2002097,1394.791626
446553238869,38.4950915,103.2002097,1394.791748
446753238916,38.4950915,103.2002097,1394.789551
446953238964,38.4950915,103.2002097,1394.790771
447153239012,38.4950915,103.2002097,1394.78894
447353238821,38.4950915,103.2002097,1394.791382
447553238869,38.4950915,103.2002097,1394.790649
447753238916,38.4950915,103.2002097,1394.791626
447953238964,38.4950915,103.2002097,1394.790283
448153239012,38.4950915,103.2002097,1394.79126
448353238821,38.4950915,103.2002097,1394.790527
448553238869,38.4950915,103.2002097,1394.793091
448753238916,38.4950915,103.2002097,1394.789917
448953238964,38.4950915,103.2002097,1394.792114
449153239012,38.4950915,103.2002097,1394.793335
449353238821,38.4950915,103.2002097,1394.790527
449553238869,38.4950915,103.2002097,1394.793213
449753238916,38.4950915,103.2002097,1394.790039
449953238964,38.4950915,103.2002097,1394.795044
450153239012,38.4950915,103.2002097,1394.793945
450353238821,38.4950915,103.2002097,1394.790039
450553238869,38.4950915,103.2002097,1394.792725
450753238916,38.4950915,103.2002097,1394.791016
450953238964,38.4950915,103.2002097,1394.787598
451153239012,38.4950915,103.2002097,1394.789307
451353238821,38.4950915,103.2002097,1394.790039
451553238869,38.4950915,103.2002097,1394.790527
451753238916,38.4950915,103.2002097,1394.789185
451953238964,38.4950915,103.2002097,1394.786133
452153239012,38.4950915,103.2002097,1394.789063
452353238821,38.4950915,103.2002097,1394.784058
452553238869,38.4950915,103.2002097,1394.786865
452753238916,38.4950915,103.2002097,1394.786255
452953238964,38.4950915,103.2002097,1394.787109
453153239012,38.4950915,103.2002097,1394.785645
453553238869,38.4950915,103.2002097,1394.785034
453553238869,38.4950915,103.2002097,1394.785034
453953238964,38.4950915,103.2002097,1394.786987
454153239012,38.4950915,103.2002097,1394.784912
454353238821,38.4950915,103.2002097,1394.786377
454553238869,38.4950915,103.2002097,1394.786621
454753238916,38.4950915,103.2002097,1394.785767
454953238964,38.4950915,103.2002097,1394.781616
455153239012,38.4950915,103.2002097,1394.78186
455353238821,38.4950915,103.2002097,1394.783447
455553238869,38.4950915,103.2002097,1394.781494
455753238916,38.4950915,103.2002097,1394.783203
455953238964,38.4950915,103.2002097,1394.781738
456153239012,38.4950915,103.2002097,1394.782471
456353238821,38.4950915,103.2002097,1394.780762
456553238869,38.4950915,103.2002097,1394.780273
456753238916,38.4950915,103.2002097,1394.781128
456953238964,38.4950915,103.2002097,1394.779907
457153239012,38.4950915,103.2002097,1394.77771
457353238821,38.4950915,103.2002097,1394.779541
457553238869,38.4950915,103.2002096,1394.780884
457753238916,38.4950915,103.2002097,1394.780396
457953238964,38.4950915,103.2002097,1394.778198
458153239012,38.4950915,103.2002097,1394.780151
458353238821,38.4950915,103.2002096,1394.779297
458553238869,38.4950915,103.2002097,1394.778809
458753238916,38.4950915,103.2002097,1394.776367
458953238964,38.4950915,103.2002096,1394.779785
459153239012,38.4950915,103.2002096,1394.776978
459353238821,38.4950915,103.2002096,1394.777588
459553238869,38.4950915,103.2002096,1394.775391
459753238916,38.4950915,103.2002096,1394.775391
459953238964,38.4950915,103.2002096,1394.778687
460153239012,38.4950915,103.2002096,1394.779175
460353238821,38.4950915,103.2002096,1394.780029
460553238869,38.4950915,103.2002096,1394.778687
460753238916,38.4950915,103.2002096,1394.783203
460953238964,38.4950915,103.2002096,1394.778442
461153239012,38.4950915,103.2002096,1394.77478
461353238821,38.4950915,103.2002096,1394.77356
461553238869,38.4950915,103.2002096,1394.77417
461753238916,38.4950915,103.2002096,1394.774292
461953238964,38.4950915,103.2002096,1394.771118
462153239012,38.4950915,103.2002096,1394.769653
462353238821,38.4950915,103.2002096,1394.775146
462553238869,38.4950915,103.2002096,1394.77478
462753238916,38.4950915,103.2002096,1394.772217
462953238964,38.4950915,103.2002096,1394.772339
463353238821,38.4950915,103.2002096,1394.77063
463553238869,38.4950915,103.2002096,1394.770508
463753238916,38.4950915,103.2002096,1394.769897
463953238964,38.4950915,103.2002096,1394.773315
464153239012,38.4950915,103.2002096,1394.772339
464353238821,38.4950915,103.2002096,1394.773804
464553238869,38.4950915,103.2002096,1394.774902
464753238916,38.4950915,103.2002096,1394.773804
464953238964,38.4950915,103.2002096,1394.770996
465153239012,38.4950915,103.2002096,1394.771851
465353238821,38.4950915,103.2002096,1394.770874
465553238869,38.4950915,103.2002096,1394.771973
465753238916,38.4950915,103.2002096,1394.770508
465953238964,38.4950915,103.2002096,1394.772095
466153239012,38.4950915,103.2002096,1394.77356
466353238821,38.4950915,103.2002096,1394.773682
466553238869,38.4950915,103.2002096,1394.775879
466753238916,38.4950915,103.2002096,1394.774658
466953238964,38.4950915,103.2002096,1394.768433
467153239012,38.4950915,103.2002096,1394.769531
467353238821,38.4950915,103.2002096,1394.770386
467553238869,38.4950915,103.2002096,1394.770508
467753238916,38.4950915,103.2002096,1394.767944
467953238964,38.4950915,103.2002096,1394.771851
468153239012,38.4950915,103.2002096,1394.771606
468353238821,38.4950915,103.2002096,1394.772461
468553238869,38.4950915,103.2002096,1394.769653
468753238916,38.4950915,103.2002096,1394.770508
468953238964,38.4950915,103.2002096,1394.772705
469153239012,38.4950915,103.2002096,1394.771729
469353238821,38.4950915,103.2002096,1394.770874
469553238869,38.4950915,103.2002096,1394.770874
469753238916,38.4950915,103.2002096,1394.773071
469953238964,38.4950915,103.2002096,1394.769165
470153239012,38.4950915,103.2002096,1394.769775
470353238821,38.4950915,103.2002096,1394.771851
470553238869,38.4950915,103.2002096,1394.769897
470753238916,38.4950915,103.2002096,1394.768066
470953238964,38.4950915,103.2002096,1394.77002
471153239012,38.4950915,103.2002096,1394.769775
471353238821,38.4950915,103.2002096,1394.768799
471553238869,38.4950915,103.2002096,1394.770264
471753238916,38.4950915,103.2002096,1394.771606
471953238964,38.4950915,103.2002097,1394.78772
472153239012,38.4950915,103.2002097,1394.786865
472353238821,38.4950915,103.2002097,1394.789307
472553238869,38.4950915,103.2002097,1394.787231
472753238916,38.4950915,103.2002097,1394.788696
472953238964,38.4950915,103.2002097,1394.784424
473353238821,38.4950915,103.2002097,1394.782104
473553238869,38.4950915,103.2002097,1394.783447
473753238916,38.4950915,103.2002097,1394.785278
473953238964,38.4950915,103.2002097,1394.784546
474153239012,38.4950915,103.2002097,1394.785156
474353238821,38.4950915,103.2002097,1394.788086
474553238869,38.4950915,103.2002097,1394.785034
474753238916,38.4950915,103.2002097,1394.784668
474953238964,38.4950915,103.2002097,1394.78833
475153239012,38.4950915,103.2002097,1394.786499
475353238821,38.4950915,103.2002097,1394.788818
475553238869,38.4950915,103.2002097,1394.788696
475753238916,38.4950915,103.2002097,1394.787964
475953238964,38.4950915,103.2002097,1394.788208
476153239012,38.4950915,103.2002097,1394.785889
476353238821,38.4950915,103.2002097,1394.787598
476553238869,38.4950915,103.2002097,1394.787964
476753238916,38.4950915,103.2002097,1394.786621
476953238964,38.4950915,103.2002097,1394.786255
477153239012,38.4950915,103.2002097,1394.786743
477353238821,38.4950915,103.2002097,1394.786255
477553238869,38.4950915,103.2002097,1394.787842
477753238916,38.4950915,103.2002097,1394.787231
477953238964,38.4950915,103.2002097,1394.788574
478153239012,38.4950915,103.2002097,1394.785522
478353238821,38.4950915,103.2002097,1394.788452
478553238869,38.4950915,103.2002097,1394.790894
478753238916,38.4950915,103.2002097,1394.788574
478953238964,38.4950915,103.2002097,1394.786499
479153239012,38.4950915,103.2002097,1394.786255
479353238821,38.4950915,103.2002097,1394.786133
479553238869,38.4950915,103.2002097,1394.786255
479753238916,38.4950915,103.2002097,1394.782471
479953238964,38.4950915,103.2002097,1394.79187
480153239012,38.4950915,103.2002097,1394.792969
480353238821,38.4950915,103.2002097,1394.790894
480553238869,38.4950915,103.2002097,1394.791626
480753238916,38.4950915,103.2002097,1394.788696
480953238964,38.4950915,103.2002097,1394.785889
481153239012,38.4950915,103.2002097,1394.786743
481353238821,38.4950915,103.2002097,1394.787598
481553238869,38.4950915,103.2002097,1394.785645
481753238916,38.4950915,103.2002097,1394.78418
481953238964,38.4950915,103.2002097,1394.787842
482153239012,38.4950915,103.2002097,1394.786377
482353238821,38.4950915,103.2002097,1394.788452
482553238869,38.4950915,103.2002097,1394.788574
482753238916,38.4950915,103.2002097,1394.786865
483153239012,38.4950915,103.2002097,1394.79187
483353238821,38.4950915,103.2002097,1394.792236
483553238869,38.4950915,103.2002097,1394.79248
483753238916,38.4950915,103.2002097,1394.79126
483953238964,38.4950915,103.2002097,1394.789795
484153239012,38.4950915,103.2002097,1394.790649
484353238821,38.4950915,103.2002097,1394.786255
484553238869,38.4950915,103.2002097,1394.78894
484753238916,38.4950915,103.2002097,1394.789307
484953238964,38.4950915,103.2002096,1394.786499
485153239012,38.4950915,103.2002096,1394.78894
485353238821,38.4950915,103.2002096,1394.790161
485553238869,38.4950915,103.2002096,1394.786499
485753238916,38.4950915,103.2002096,1394.787109
485953238964,38.4950915,103.2002096,1394.782715
486153239012,38.4950915,103.2002096,1394.781982
486353238821,38.4950915,103.2002096,1394.784058
486553238869,38.4950915,103.2002096,1394.781616
486753238916,38.4950915,103.2002096,1394.783203
486953238964,38.4950915,103.2002096,1394.783936
487153239012,38.4950915,103.2002096,1394.784424
487353238821,38.4950915,103.2002096,1394.7854
487553238869,38.4950915,103.2002096,1394.782959
487753238916,38.4950915,103.2002096,1394.783813
487953238964,38.4950915,103.2002096,1394.782593
488153239012,38.4950915,103.2002096,1394.784546
488353238821,38.4950915,103.2002096,1394.782349
488553238869,38.4950915,103.2002096,1394.780884
488753238916,38.4950915,103.2002096,1394.782959
488953238964,38.4950915,103.2002096,1394.78418
489153239012,38.4950915,103.2002096,1394.78479
489353238821,38.4950915,103.2002096,1394.784424
489553238869,38.4950915,103.2002096,1394.783936
489753238916,38.4950915,103.2002096,1394.782593
489953238964,38.4950915,103.2002096,1394.781738
490153239012,38.4950915,103.2002096,1394.785767
490353238821,38.4950915,103.2002095,1394.78894
490553238869,38.4950915,103.2002096,1394.787231
490753238916,38.4950915,103.2002095,1394.782837
490953238964,38.4950915,103.2002094,1394.785156
491153239012,38.4950914,103.2002092,1394.787354
491353238821,38.4950914,103.2002091,1394.790039
491553238869,38.4950913,103.2002089,1394.793823
491753238916,38.4950913,103.2002088,1394.794189
491953238964,38.4950913,103.200209,1394.791382
492153239012,38.4950913,103.2002089,1394.793091
492353238821,38.4950913,103.2002089,1394.794067
492553238869,38.4950912,103.2002088,1394.792725
492753238916,38.4950913,103.2002089,1394.787109
493153239012,38.4950913,103.2002089,1394.789307
493353238821,38.4950912,103.2002088,1394.790771
493553238869,38.4950912,103.2002088,1394.790161
493753238916,38.4950912,103.2002088,1394.789795
493953238964,38.4950913,103.2002089,1394.786255
494153239012,38.4950913,103.2002091,1394.784912
494353238821,38.4950914,103.2002093,1394.783081
494553238869,38.4950915,103.2002095,1394.78125
494753238916,38.4950915,103.2002096,1394.779541
494953238964,38.4950915,103.2002095,1394.783203
495153239012,38.4950915,103.2002095,1394.782837
495353238821,38.4950915,103.2002095,1394.784546
495553238869,38.4950915,103.2002095,1394.784058
495753238916,38.4950915,103.2002095,1394.787842
495953238964,38.4950915,103.2002095,1394.783203
496153239012,38.4950915,103.2002096,1394.781006
496353238821,38.4950915,103.2002096,1394.783325
496553238869,38.4950914,103.2002096,1394.776123
496753238916,38.4950914,103.2002096,1394.77832
496953238964,38.4950915,103.2002095,1394.782715
497153239012,38.4950915,103.2002095,1394.782227
497353238821,38.4950915,103.2002095,1394.783081
497553238869,38.4950915,103.2002095,1394.786621
497753238916,38.4950915,103.2002096,1394.787109
497953238964,38.4950915,103.2002095,1394.781982
498153239012,38.4950915,103.2002095,1394.785767
498353238821,38.4950915,103.2002095,1394.783936
498553238869,38.4950915,103.2002095,1394.78125
498753238916,38.4950915,103.2002095,1394.78064
498953238964,38.4950915,103.2002095,1394.787231
499153239012,38.4950915,103.2002095,1394.785767
499353238821,38.4950915,103.2002095,1394.78894
499553238869,38.4950915,103.2002095,1394.790771
499753238916,38.4950915,103.2002095,1394.790527
499953238964,38.4950915,103.2002095,1394.788452
500153239012,38.4950915,103.2002095,1394.78894
500353238821,38.4950915,103.2002095,1394.789063
500553238869,38.4950915,103.2002095,1394.787231
500753238916,38.4950915,103.2002095,1394.784912
500953238964,38.4950915,103.2002095,1394.787964
501153239012,38.4950915,103.2002095,1394.788696
501353238821,38.4950915,103.2002095,1394.791504
501553238869,38.4950915,103.2002095,1394.79187
501753238916,38.4950915,103.2002095,1394.789551
501953238964,38.4950915,103.2002095,1394.786011
502153239012,38.4950915,103.2002095,1394.784302
502353238821,38.4950915,103.2002095,1394.7854
502553238869,38.4950915,103.2002095,1394.784546
502953238964,38.4950915,103.2002095,1394.787476
503153239012,38.4950915,103.2002095,1394.790039
503353238821,38.4950915,103.2002095,1394.789185
503553238869,38.4950914,103.2002094,1394.790405
503753238916,38.4950914,103.2002095,1394.791382
503953238964,38.4950915,103.2002094,1394.78772
504153239012,38.4950915,103.2002094,1394.786377
504353238821,38.4950915,103.2002094,1394.785889
504553238869,38.4950915,103.2002094,1394.786133
504753238916,38.4950915,103.2002094,1394.786499
504953238964,38.4950915,103.2002095,1394.788818
505153239012,38.4950915,103.2002095,1394.789063
505353238821,38.4950915,103.2002095,1394.789917
505553238869,38.4950915,103.2002094,1394.78894
505753238916,38.4950915,103.2002095,1394.790161
505953238964,38.4950915,103.2002095,1394.786133
506153239012,38.4950915,103.2002095,1394.786255
506353238821,38.4950915,103.2002095,1394.786255
506553238869,38.4950915,103.2002095,1394.786133
506753238916,38.4950915,103.2002095,1394.785522
506953238964,38.4950915,103.2002095,1394.784668
507153239012,38.4950915,103.2002095,1394.787109
507353238821,38.4950915,103.2002095,1394.786743
507553238869,38.4950915,103.2002094,1394.785278
507753238916,38.4950915,103.2002095,1394.785889
507953238964,38.4950915,103.2002095,1394.7854
508153239012,38.4950915,103.2002095,1394.786255
508353238821,38.4950915,103.2002095,1394.784912
508553238869,38.4950915,103.2002095,1394.783691
508753238916,38.4950915,103.2002095,1394.786987
508953238964,38.4950915,103.2002094,1394.783569
509153239012,38.4950915,103.2002094,1394.783203
509353238821,38.4950915,103.2002095,1394.785889
509553238869,38.4950915,103.2002094,1394.783325
509753238916,38.4950915,103.2002095,1394.782959
509953238964,38.4950915,103.2002095,1394.78772
510153239012,38.4950915,103.2002095,1394.784058
510353238821,38.4950915,103.2002095,1394.787842
510553238869,38.4950915,103.2002095,1394.782593
510753238916,38.4950915,103.2002095,1394.784668
510953238964,38.4950915,103.2002095,1394.785278
511153239012,38.4950915,103.2002095,1394.785767
511353238821,38.4950915,103.2002095,1394.785889
511553238869,38.4950915,103.2002095,1394.786621
511753238916,38.4950915,103.2002095,1394.784668
511953238964,38.4950915,103.2002095,1394.783936
512153239012,38.4950915,103.2002094,1394.781616
512553238869,38.4950915,103.2002094,1394.784668
512553238869,38.4950915,103.2002094,1394.784668
512953238964,38.4950915,103.2002094,1394.786011
513153239012,38.4950915,103.2002095,1394.784424
513353238821,38.4950915,103.2002094,1394.787354
513553238869,38.4950915,103.2002094,1394.785889
513753238916,38.4950915,103.2002094,1394.784668
513953238964,38.4950915,103.2002094,1394.787476
514153239012,38.4950915,103.2002094,1394.785156
514353238821,38.4950915,103.2002094,1394.788086
514553238869,38.4950915,103.2002094,1394.788086
514753238916,38.4950915,103.2002094,1394.785889
514953238964,38.4950915,103.2002094,1394.785034
515153239012,38.4950915,103.2002094,1394.78418
515353238821,38.4950915,103.2002094,1394.786865
515553238869,38.4950915,103.2002094,1394.782715
515753238916,38.4950914,103.2002094,1394.782959
515953238964,38.4950914,103.2002094,1394.786499
516153239012,38.4950914,103.2002094,1394.7854
516353238821,38.4950915,103.2002094,1394.786865
516553238869,38.4950915,103.2002094,1394.785645
516753238916,38.4950914,103.2002094,1394.785767
516953238964,38.4950915,103.2002094,1394.783447
517153239012,38.4950914,103.2002094,1394.785278
517353238821,38.4950914,103.2002094,1394.783569
517553238869,38.4950915,103.2002094,1394.784424
517753238916,38.4950914,103.2002094,1394.786621
517953238964,38.4950915,103.2002094,1394.784302
518153239012,38.4950915,103.2002094,1394.783936
518353238821,38.4950915,103.2002094,1394.784302
518553238869,38.4950915,103.2002094,1394.785522
518753238916,38.4950915,103.2002094,1394.7854
518953238964,38.4950915,103.2002094,1394.78479
519153239012,38.4950915,103.2002094,1394.787476
519353238821,38.4950915,103.2002094,1394.785889
519553238869,38.4950915,103.2002094,1394.78479
519753238916,38.4950915,103.2002094,1394.785156
519953238964,38.4950915,103.2002094,1394.784668
520153239012,38.4950915,103.2002094,1394.783447
520353238821,38.4950915,103.2002094,1394.784546
520553238869,38.4950915,103.2002094,1394.7854
520753238916,38.4950914,103.2002094,1394.783325
520953238964,38.4950914,103.2002094,1394.785034
521153239012,38.4950914,103.2002094,1394.7854
521353238821,38.4950914,103.2002094,1394.783569
521553238869,38.4950915,103.2002094,1394.785278
521753238916,38.4950914,103.2002094,1394.785522
521953238964,38.4950915,103.2002094,1394.783691
522153239012,38.4950914,103.2002094,1394.78479
522553238869,38.4950914,103.2002094,1394.785645
522753238916,38.4950914,103.2002094,1394.786255
522953238964,38.4950914,103.2002094,1394.785278
523153239012,38.4950914,103.2002094,1394.782959
523353238821,38.4950914,103.2002094,1394.785889
523553238869,38.4950914,103.2002093,1394.786621
523753238916,38.4950914,103.2002093,1394.785645
523953238964,38.4950914,103.2002093,1394.787842
524153239012,38.4950914,103.2002093,1394.788208
524353238821,38.4950914,103.2002093,1394.789429
524553238869,38.4950914,103.2002093,1394.788696
524753238916,38.4950914,103.2002093,1394.790283
524953238964,38.4950914,103.2002093,1394.786133
525153239012,38.4950914,103.2002093,1394.787476
525353238821,38.4950914,103.2002093,1394.78479
525553238869,38.4950914,103.2002093,1394.785156
525753238916,38.4950914,103.2002093,1394.783813
525953238964,38.4950914,103.2002093,1394.787109
526153239012,38.4950914,103.2002093,1394.783813
526353238821,38.4950914,103.2002093,1394.784912
526553238869,38.4950914,103.2002093,1394.787231
526753238916,38.4950914,103.2002093,1394.786743
526953238964,38.4950914,103.2002093,1394.785156
527153239012,38.4950914,103.2002093,1394.786011
527353238821,38.4950914,103.2002093,1394.785034
527553238869,38.4950914,103.2002093,1394.783325
527753238916,38.4950914,103.2002093,1394.783203
527953238964,38.4950914,103.2002093,1394.78186
528153239012,38.4950914,103.2002093,1394.781494
528353238821,38.4950914,103.2002093,1394.78186
528553238869,38.4950914,103.2002093,1394.782959
528753238916,38.4950914,103.2002093,1394.783813
528953238964,38.4950914,103.2002093,1394.786011
529153239012,38.4950914,103.2002093,1394.786865
529353238821,38.4950914,103.2002093,1394.785278
529553238869,38.4950914,103.2002093,1394.786255
529753238916,38.4950914,103.2002093,1394.786377
529953238964,38.4950914,103.2002093,1394.7854
530153239012,38.4950914,103.2002093,1394.787354
530353238821,38.4950914,103.2002093,1394.7854
530553238869,38.4950914,103.2002093,1394.786987
530753238916,38.4950914,103.2002093,1394.785522
530953238964,38.4950914,103.2002093,1394.787476
531153239012,38.4950914,103.2002093,1394.787598
531353238821,38.4950914,103.2002093,1394.787476
531553238869,38.4950914,103.2002093,1394.78772
531753238916,38.4950914,103.2002093,1394.787598
531953238964,38.4950914,103.2002093,1394.787354
532353238821,38.4950914,103.2002093,1394.787354
532553238869,38.4950914,103.2002093,1394.785767
532753238916,38.4950914,103.2002093,1394.785034
532953238964,38.4950914,103.2002093,1394.787964
533153239012,38.4950914,103.2002093,1394.788452
533353238821,38.4950914,103.2002093,1394.788452
533553238869,38.4950914,103.2002093,1394.788574
533753238916,38.4950914,103.2002093,1394.788452
533953238964,38.4950914,103.2002093,1394.788452
534153239012,38.4950914,103.2002093,1394.787598
534353238821,38.4950914,103.2002093,1394.787964
534553238869,38.4950914,103.2002093,1394.789063
534753238916,38.4950914,103.2002093,1394.788696
534953238964,38.4950914,103.2002093,1394.787354
535153239012,38.4950914,103.2002093,1394.786621
535353238821,38.4950914,103.2002093,1394.786133
535553238869,38.4950914,103.2002093,1394.787598
535753238916,38.4950914,103.2002093,1394.786011
535953238964,38.4950914,103.2002093,1394.784912
536153239012,38.4950914,103.2002093,1394.785522
536353238821,38.4950914,103.2002093,1394.783691
536553238869,38.4950914,103.2002093,1394.785034
536753238916,38.4950914,103.2002093,1394.784912
536953238964,38.4950914,103.2002093,1394.783936
537153239012,38.4950914,103.2002093,1394.785645
537353238821,38.4950914,103.2002093,1394.786133
537553238869,38.4950914,103.2002093,1394.784058
537753238916,38.4950914,103.2002093,1394.783691
537953238964,38.4950914,103.2002093,1394.787109
538153239012,38.4950914,103.2002093,1394.787842
538353238821,38.4950914,103.2002093,1394.789063
538553238869,38.4950914,103.2002093,1394.785156
538753238916,38.4950914,103.2002093,1394.785889
538953238964,38.4950914,103.2002093,1394.785278
539153239012,38.4950914,103.2002093,1394.786865
539353238821,38.4950914,103.2002093,1394.786987
539553238869,38.4950914,103.2002093,1394.787964
539753238916,38.4950914,103.2002093,1394.785034
539953238964,38.4950914,103.2002093,1394.790161
540153239012,38.4950914,103.2002093,1394.790039
540353238821,38.4950914,103.2002093,1394.789673
540553238869,38.4950914,103.2002093,1394.790283
540753238916,38.4950914,103.2002093,1394.789673
540953238964,38.4950914,103.2002093,1394.788086
541153239012,38.4950914,103.2002093,1394.788208
541353238821,38.4950914,103.2002093,1394.791016
541553238869,38.4950914,103.2002093,1394.789429
541753238916,38.4950914,103.2002093,1394.788696
542153239012,38.4950914,103.2002093,1394.785889
542353238821,38.4950914,103.2002093,1394.786255
542553238869,38.4950914,103.2002093,1394.786865
542753238916,38.4950914,103.2002093,1394.78772
542953238964,38.4950914,103.2002093,1394.788696
543153239012,38.4950914,103.2002093,1394.791138
543353238821,38.4950914,103.2002093,1394.789551
543553238869,38.4950914,103.2002093,1394.789795
543753238916,38.4950914,103.2002093,1394.791382
543953238964,38.4950914,103.2002093,1394.788086
544153239012,38.4950914,103.2002093,1394.785522
544353238821,38.4950914,103.2002093,1394.789429
544553238869,38.4950914,103.2002093,1394.786255
544753238916,38.4950914,103.2002093,1394.789185
544953238964,38.4950914,103.2002093,1394.788574
545153239012,38.4950914,103.2002093,1394.788818
545353238821,38.4950914,103.2002093,1394.790283
545553238869,38.4950914,103.2002093,1394.790161
545753238916,38.4950914,103.2002093,1394.786499
545953238964,38.4950914,103.2002093,1394.789673
546153239012,38.4950914,103.2002093,1394.790894
546353238821,38.4950914,103.2002093,1394.790527
546553238869,38.4950914,103.2002093,1394.789307
546753238916,38.4950914,103.2002093,1394.790161
546953238964,38.4950914,103.2002093,1394.786987
547153239012,38.4950914,103.2002093,1394.788208
547353238821,38.4950914,103.2002093,1394.788818
547553238869,38.4950914,103.2002093,1394.790161
547753238916,38.4950914,103.2002093,1394.787476
547953238964,38.4950914,103.2002092,1394.789307
548153239012,38.4950914,103.2002092,1394.789429
548353238821,38.4950914,103.2002092,1394.790771
548553238869,38.4950914,103.2002092,1394.791626
548753238916,38.4950914,103.2002093,1394.789551
548953238964,38.4950914,103.2002093,1394.789673
549153239012,38.4950914,103.2002093,1394.790771
549353238821,38.4950914,103.2002093,1394.790283
549553238869,38.4950914,103.2002093,1394.790283
549753238916,38.4950914,103.2002093,1394.787842
549953238964,38.4950914,103.2002093,1394.792236
550153239012,38.4950914,103.2002093,1394.789307
550353238821,38.4950914,103.2002093,1394.789917
550553238869,38.4950914,103.2002093,1394.790771
550753238916,38.4950914,103.2002093,1394.792114
550953238964,38.4950914,103.2002093,1394.788574
551153239012,38.4950914,103.2002093,1394.788086
551353238821,38.4950914,103.2002093,1394.790161
551553238869,38.4950914,103.2002093,1394.789551
551753238916,38.4950914,103.2002093,1394.789063
552153239012,38.4950914,103.2002093,1394.785522
552353238821,38.4950914,103.2002093,1394.784546
552553238869,38.4950914,103.2002093,1394.786987
552753238916,38.4950914,103.2002093,1394.783203
552953238964,38.4950914,103.2002093,1394.78894
553153239012,38.4950914,103.2002093,1394.78833
553353238821,38.4950914,103.2002092,1394.78894
553553238869,38.4950914,103.2002093,1394.789063
553753238916,38.4950914,103.2002093,1394.790039
553953238964,38.4950914,103.2002093,1394.784302
554153239012,38.4950914,103.2002093,1394.787231
554353238821,38.4950914,103.2002093,1394.788696
554553238869,38.4950914,103.2002093,1394.786377
554753238916,38.4950914,103.2002093,1394.787964
554953238964,38.4950914,103.2002093,1394.787109
555153239012,38.4950914,103.2002093,1394.78772
555353238821,38.4950914,103.2002093,1394.789307
555553238869,38.4950914,103.2002093,1394.787476
555753238916,38.4950914,103.2002093,1394.786865
555953238964,38.4950914,103.2002092,1394.790649
556153239012,38.4950914,103.2002092,1394.790039
556353238821,38.4950914,103.2002093,1394.790771
556553238869,38.4950914,103.2002093,1394.792114
556753238916,38.4950914,103.2002092,1394.79187
556953238964,38.4950914,103.2002092,1394.79248
557153239012,38.4950914,103.2002092,1394.789063
557353238821,38.4950914,103.2002092,1394.791992
557553238869,38.4950914,103.2002092,1394.792603
557753238916,38.4950914,103.2002092,1394.793457
557953238964,38.4950914,103.2002092,1394.790649
558153239012,38.4950914,103.2002092,1394.794067
558353238821,38.4950914,103.2002092,1394.793213
558553238869,38.4950914,103.2002092,1394.794678
558753238916,38.4950914,103.2002092,1394.792847
558953238964,38.4950914,103.2002093,1394.786987
559153239012,38.4950914,103.2002093,1394.786011
559353238821,38.4950914,103.2002093,1394.786011
559553238869,38.4950914,103.2002093,1394.787476
559753238916,38.4950914,103.2002093,1394.786133
559953238964,38.4950914,103.2002093,1394.787598
560153239012,38.4950914,103.2002093,1394.786255
560353238821,38.4950914,103.2002093,1394.788208
560553238869,38.4950914,103.2002093,1394.784912
560753238916,38.4950914,103.2002093,1394.786743
560953238964,38.4950915,103.2002093,1394.785034
561153239012,38.4950915,103.2002093,1394.782959
561353238821,38.4950914,103.2002093,1394.784302
561553238869,38.4950915,103.2002093,1394.78418
561953238964,38.4950914,103.2002093,1394.786255
562153239012,38.4950914,103.2002093,1394.789429
562353238821,38.4950914,103.2002093,1394.787109
562553238869,38.4950914,103.2002093,1394.790649
562753238916,38.4950914,103.2002093,1394.790894
562953238964,38.4950914,103.2002093,1394.786621
563153239012,38.4950914,103.2002093,1394.786377
563353238821,38.4950914,103.2002093,1394.785522
563553238869,38.4950914,103.2002093,1394.786133
563753238916,38.4950914,103.2002093,1394.785889
563953238964,38.4950914,103.2002093,1394.786133
564153239012,38.4950914,103.2002093,1394.786499
564353238821,38.4950914,103.2002093,1394.786011
564553238869,38.4950914,103.2002093,1394.786133
564753238916,38.4950914,103.2002093,1394.787109
564953238964,38.4950914,103.2002093,1394.788574
565153239012,38.4950914,103.2002093,1394.785034
565353238821,38.4950914,103.2002093,1394.785522
565553238869,38.4950915,103.2002093,1394.786377
565753238916,38.4950914,103.2002093,1394.787476
565953238964,38.4950914,103.2002093,1394.791748
566153239012,38.4950914,103.2002093,1394.790405
566353238821,38.4950914,103.2002093,1394.790283
566553238869,38.4950914,103.2002093,1394.789185
566753238916,38.4950914,103.2002093,1394.789429
566953238964,38.4950914,103.2002093,1394.789429
567153239012,38.4950914,103.2002093,1394.786255
567353238821,38.4950914,103.2002093,1394.78833
567553238869,38.4950914,103.2002093,1394.790161
567753238916,38.4950914,103.2002093,1394.78894
567953238964,38.4950914,103.2002093,1394.79126
568153239012,38.4950914,103.2002093,1394.791748
568353238821,38.4950914,103.2002093,1394.789673
568553238869,38.4950914,103.2002093,1394.788696
568753238916,38.4950914,103.2002093,1394.790649
568953238964,38.4950914,103.2002093,1394.786621
569153239012,38.4950914,103.2002093,1394.787109
569353238821,38.4950914,103.2002093,1394.787598
569553238869,38.4950914,103.2002093,1394.786621
569753238916,38.4950914,103.2002093,1394.786011
569953238964,38.4950914,103.2002093,1394.78418
570153239012,38.4950914,103.2002093,1394.787231
570353238821,38.4950914,103.2002093,1394.786621
570553238869,38.4950914,103.2002093,1394.787842
570753238916,38.4950914,103.2002093,1394.787964
570953238964,38.4950914,103.2002093,1394.789185
571153239012,38.4950914,103.2002093,1394.790527
571353238821,38.4950914,103.2002093,1394.789429
571553238869,38.4950914,103.2002093,1394.786987
571953238964,38.4950914,103.2002093,1394.784912
572153239012,38.4950914,103.2002093,1394.78479
572353238821,38.4950914,103.2002093,1394.7854
572553238869,38.4950914,103.2002093,1394.785889
572753238916,38.4950914,103.2002093,1394.783203
572953238964,38.4950915,103.2002093,1394.78418
573153239012,38.4950915,103.2002093,1394.785522
573353238821,38.4950914,103.2002093,1394.787354
573553238869,38.4950915,103.2002093,1394.790283
573753238916,38.4950915,103.2002093,1394.787109
573953238964,38.4950914,103.2002092,1394.790161
574153239012,38.4950914,103.2002092,1394.790405
574353238821,38.4950914,103.2002092,1394.792236
574553238869,38.4950914,103.2002092,1394.78894
574753238916,38.4950914,103.2002092,1394.791504
574953238964,38.4950914,103.2002092,1394.788452
575153239012,38.4950914,103.2002091,1394.786377
575353238821,38.4950914,103.2002091,1394.786987
575553238869,38.4950914,103.2002091,1394.789429
575753238916,38.4950914,103.2002091,1394.787476
575953238964,38.4950914,103.2002091,1394.787598
576153239012,38.4950914,103.2002091,1394.786133
576353238821,38.4950914,103.2002091,1394.789307
576553238869,38.4950914,103.2002091,1394.788086
576753238916,38.4950914,103.2002091,1394.787842
576953238964,38.4950914,103.2002091,1394.784424
577153239012,38.4950914,103.2002091,1394.786743
577353238821,38.4950914,103.2002091,1394.787964
577553238869,38.4950914,103.2002091,1394.787598
577753238916,38.4950914,103.2002091,1394.78772
577953238964,38.4950914,103.2002091,1394.787231
578153239012,38.4950914,103.2002091,1394.789063
578353238821,38.4950914,103.2002091,1394.790649
578553238869,38.4950914,103.2002091,1394.790894
578753238916,38.4950914,103.2002091,1394.789795
578953238964,38.4950914,103.2002091,1394.786621
579153239012,38.4950914,103.2002091,1394.789429
579353238821,38.4950914,103.2002091,1394.79187
579553238869,38.4950914,103.2002091,1394.790649
579753238916,38.4950914,103.2002091,1394.791992
579953238964,38.4950914,103.2002091,1394.790161
580153239012,38.4950914,103.2002091,1394.788696
580353238821,38.4950914,103.2002091,1394.789185
580553238869,38.4950914,103.2002091,1394.788086
580753238916,38.4950914,103.2002091,1394.788452
580953238964,38.4950914,103.2002091,1394.788818
581153239012,38.4950914,103.2002091,1394.790161
581553238869,38.4950914,103.2002092,1394.790771
581553238869,38.4950914,103.2002092,1394.790771
581953238964,38.4950914,103.2002091,1394.788452
582153239012,38.4950914,103.2002092,1394.788086
582353238821,38.4950914,103.2002092,1394.790039
582553238869,38.4950914,103.2002092,1394.786499
582753238916,38.4950914,103.2002091,1394.786499
582953238964,38.4950914,103.2002092,1394.788452
583153239012,38.4950914,103.2002091,1394.791382
583353238821,38.4950914,103.2002091,1394.790527
583553238869,38.4950914,103.2002091,1394.790527
583753238916,38.4950914,103.2002091,1394.790405
583953238964,38.4950914,103.2002091,1394.791382
584153239012,38.4950914,103.2002091,1394.792725
584353238821,38.4950914,103.2002091,1394.792603
584553238869,38.4950914,103.2002091,1394.792969
584753238916,38.4950914,103.2002091,1394.793335
584953238964,38.4950914,103.2002091,1394.788574
585153239012,38.4950914,103.2002091,1394.789551
585353238821,38.4950914,103.2002091,1394.791748
585553238869,38.4950914,103.2002091,1394.790161
585753238916,38.4950914,103.2002091,1394.79187
585953238964,38.4950914,103.2002091,1394.787354
586153239012,38.4950914,103.2002091,1394.78772
586353238821,38.4950914,103.2002091,1394.788086
586553238869,38.4950914,103.2002091,1394.789673
586753238916,38.4950914,103.2002091,1394.791748
586953238964,38.4950914,103.2002091,1394.790649
587153239012,38.4950914,103.2002091,1394.791016
587353238821,38.4950914,103.2002091,1394.791382
587553238869,38.4950914,103.2002091,1394.79248
587753238916,38.4950914,103.2002091,1394.790894
587953238964,38.4950914,103.2002091,1394.792236
588153239012,38.4950914,103.2002091,1394.79248
588353238821,38.4950914,103.2002091,1394.794434
588553238869,38.4950914,103.2002091,1394.793701
588753238916,38.4950914,103.2002091,1394.793091
588953238964,38.4950914,103.2002091,1394.791748
589153239012,38.4950914,103.2002091,1394.793335
589353238821,38.4950914,103.2002091,1394.793213
589553238869,38.4950914,103.2002091,1394.792236
589753238916,38.4950914,103.2002091,1394.790161
589953238964,38.4950914,103.2002091,1394.794556
590153239012,38.4950914,103.2002091,1394.796509
590353238821,38.4950914,103.2002091,1394.793945
590553238869,38.4950914,103.2002091,1394.796265
590753238916,38.4950914,103.2002091,1394.795898
590953238964,38.4950914,103.2002091,1394.795044
591353238821,38.4950914,103.2002091,1394.793945
591553238869,38.4950914,103.2002091,1394.796509
591753238916,38.4950914,103.2002091,1394.795166
591953238964,38.4950914,103.2002091,1394.791138
592153239012,38.4950914,103.2002091,1394.790649
592353238821,38.4950914,103.2002091,1394.790894
592553238869,38.4950914,103.2002091,1394.789673
592753238916,38.4950914,103.2002091,1394.791382
592953238964,38.4950914,103.2002091,1394.788818
593153239012,38.4950914,103.2002091,1394.787964
593353238821,38.4950914,103.2002091,1394.786377
593553238869,38.4950914,103.2002091,1394.786865
593753238916,38.4950914,103.2002091,1394.786255
593953238964,38.4950914,103.2002091,1394.792114
594153239012,38.4950914,103.2002091,1394.793335
594353238821,38.4950914,103.2002091,1394.790649
594553238869,38.4950914,103.2002091,1394.792725
594753238916,38.4950914,103.2002091,1394.791748
594953238964,38.4950914,103.2002091,1394.789795
595153239012,38.4950914,103.2002091,1394.788574
595353238821,38.4950914,103.2002091,1394.788208
595553238869,38.4950914,103.2002091,1394.790283
595753238916,38.4950914,103.2002091,1394.78894
595953238964,38.4950914,103.2002091,1394.793091
596153239012,38.4950914,103.2002091,1394.794067
596353238821,38.4950914,103.2002091,1394.794434
596553238869,38.4950914,103.2002091,1394.793945
596753238916,38.4950914,103.2002091,1394.793701
596953238964,38.4950914,103.2002091,1394.790649
597153239012,38.4950914,103.2002091,1394.789551
597353238821,38.4950914,103.2002091,1394.790649
597553238869,38.4950914,103.2002091,1394.789551
597753238916,38.4950914,103.2002091,1394.790405
597953238964,38.4950914,103.2002091,1394.792725
598153239012,38.4950914,103.2002091,1394.790894
598353238821,38.4950914,103.2002091,1394.791504
598553238869,38.4950914,103.2002091,1394.792236
598753238916,38.4950914,103.2002091,1394.791992
598953238964,38.4950914,103.2002091,1394.792236
599153239012,38.4950914,103.2002091,1394.79187
599353238821,38.4950914,103.2002091,1394.790894
599553238869,38.4950914,103.2002091,1394.792358
599753238916,38.4950914,103.2002091,1394.789917
599953238964,38.4950914,103.2002091,1394.792725
600153239012,38.4950914,103.2002091,1394.790527
600353238821,38.4950914,103.2002091,1394.790649
600553238869,38.4950914,103.2002091,1394.790039
600753238916,38.4950914,103.2002091,1394.790894
601153239012,38.4950914,103.2002091,1394.79187
601353238821,38.4950914,103.2002091,1394.789185
601553238869,38.4950914,103.2002091,1394.789917
601753238916,38.4950914,103.2002091,1394.789917
601953238964,38.4950914,103.2002091,1394.787842
602153239012,38.4950914,103.2002091,1394.78772
602353238821,38.4950914,103.2002091,1394.788086
602553238869,38.4950914,103.2002091,1394.785645
602753238916,38.4950914,103.2002091,1394.789673
602953238964,38.4950914,103.2002091,1394.787598
603153239012,38.4950914,103.2002091,1394.78833
603353238821,38.4950914,103.2002091,1394.78894
603553238869,38.4950914,103.2002091,1394.790161
603753238916,38.4950914,103.2002091,1394.789063
603953238964,38.4950914,103.2002091,1394.788574
604153239012,38.4950914,103.2002091,1394.789429
604353238821,38.4950914,103.2002091,1394.790039
604553238869,38.4950914,103.2002091,1394.788696
604753238916,38.4950914,103.2002091,1394.789795
604953238964,38.4950914,103.2002091,1394.789551
605153239012,38.4950914,103.2002091,1394.789429
605353238821,38.4950914,103.2002091,1394.791138
605553238869,38.4950914,103.2002091,1394.789551
605753238916,38.4950914,103.2002091,1394.789673
605953238964,38.4950914,103.2002091,1394.788086
606153239012,38.4950914,103.2002091,1394.788574
606353238821,38.4950914,103.2002091,1394.790161
606553238869,38.4950914,103.2002091,1394.789307
606753238916,38.4950914,103.2002091,1394.789429
606953238964,38.4950914,103.2002091,1394.788818
607153239012,38.4950914,103.2002091,1394.787476
607353238821,38.4950914,103.2002091,1394.789063
607553238869,38.4950914,103.2002091,1394.789185
607753238916,38.4950914,103.2002091,1394.789307
607953238964,38.4950914,103.2002091,1394.791016
608153239012,38.4950914,103.2002091,1394.790405
608353238821,38.4950914,103.2002091,1394.789307
608553238869,38.4950914,103.2002091,1394.792725
608753238916,38.4950914,103.2002091,1394.791748
608953238964,38.4950914,103.2002091,1394.789673
609153239012,38.4950914,103.2002091,1394.787964
609353238821,38.4950914,103.2002091,1394.787109
609553238869,38.4950914,103.2002091,1394.788818
609753238916,38.4950914,103.2002091,1394.790283
609953238964,38.4950914,103.2002091,1394.788452
610153239012,38.4950914,103.2002091,1394.78772
610353238821,38.4950914,103.2002091,1394.785156
610553238869,38.4950914,103.2002091,1394.785645
610753238916,38.4950914,103.2002091,1394.78418
611153239012,38.4950914,103.2002091,1394.789429
611353238821,38.4950914,103.2002091,1394.790771
611553238869,38.4950914,103.2002091,1394.789795
611753238916,38.4950914,103.2002091,1394.790161
611953238964,38.4950914,103.2002091,1394.786987
612153239012,38.4950914,103.2002091,1394.786377
612353238821,38.4950914,103.2002091,1394.789551
612553238869,38.4950914,103.2002091,1394.788452
612753238916,38.4950914,103.2002091,1394.787598
612953238964,38.4950914,103.2002091,1394.786621
613153239012,38.4950914,103.2002091,1394.787964
613353238821,38.4950914,103.2002091,1394.786987
613553238869,38.4950914,103.2002091,1394.788208
613753238916,38.4950914,103.2002091,1394.78833
613953238964,38.4950914,103.2002091,1394.790039
614153239012,38.4950914,103.2002091,1394.790771
614353238821,38.4950914,103.2002091,1394.789917
614553238869,38.4950914,103.2002091,1394.78833
614753238916,38.4950914,103.2002091,1394.787964
614953238964,38.4950914,103.2002091,1394.790771
615153239012,38.4950914,103.2002091,1394.789185
615353238821,38.4950914,103.2002092,1394.790771
615553238869,38.4950914,103.2002091,1394.792114
615753238916,38.4950914,103.2002091,1394.792114
615953238964,38.4950914,103.2002092,1394.786743
616153239012,38.4950914,103.2002092,1394.788818
616353238821,38.4950914,103.2002092,1394.787476
616553238869,38.4950914,103.2002091,1394.787231
616753238916,38.4950914,103.2002092,1394.786011
616953238964,38.4950914,103.2002091,1394.78479
617153239012,38.4950914,103.2002091,1394.786743
617353238821,38.4950914,103.2002091,1394.787354
617553238869,38.4950914,103.2002091,1394.785278
617753238916,38.4950914,103.2002091,1394.784912
617953238964,38.4950914,103.2002092,1394.786377
618153239012,38.4950914,103.2002092,1394.78772
618353238821,38.4950914,103.2002091,1394.789307
618553238869,38.4950914,103.2002092,1394.790283
618753238916,38.4950914,103.2002092,1394.78894
618953238964,38.4950914,103.2002092,1394.786499
619153239012,38.4950914,103.2002092,1394.787231
619353238821,38.4950914,103.2002092,1394.786621
619553238869,38.4950914,103.2002092,1394.786743
619753238916,38.4950914,103.2002092,1394.787842
619953238964,38.4950914,103.2002091,1394.784546
620153239012,38.4950914,103.2002092,1394.786499
620353238821,38.4950914,103.2002092,1394.785767
620553238869,38.4950914,103.2002092,1394.786621
620953238964,38.4950914,103.2002092,1394.784302
621153239012,38.4950914,103.2002092,1394.785156
621353238821,38.4950914,103.2002092,1394.786499
621553238869,38.4950914,103.2002092,1394.784058
621753238916,38.4950914,103.2002092,1394.785645
621953238964,38.4950914,103.2002092,1394.78479
622153239012,38.4950914,103.2002092,1394.786133
622353238821,38.4950914,103.2002092,1394.786011
622553238869,38.4950914,103.2002092,1394.787109
622753238916,38.4950914,103.2002092,1394.786377
622953238964,38.4950914,103.2002092,1394.787354
623153239012,38.4950914,103.2002092,1394.784058
623353238821,38.4950914,103.2002092,1394.784302
623553238869,38.4950914,103.2002092,1394.786865
623753238916,38.4950914,103.2002092,1394.786743
623953238964,38.4950914,103.2002092,1394.785889
624153239012,38.4950914,103.2002092,1394.786865
624353238821,38.4950914,103.2002092,1394.787476
624553238869,38.4950914,103.2002092,1394.787598
624753238916,38.4950914,103.2002092,1394.785645
624953238964,38.4950914,103.2002092,1394.784546
625153239012,38.4950914,103.2002092,1394.785278
625353238821,38.4950914,103.2002092,1394.788696
625553238869,38.4950914,103.2002092,1394.787231
625753238916,38.4950914,103.2002092,1394.785889
625953238964,38.4950914,103.2002092,1394.788696
626153239012,38.4950914,103.2002092,1394.786743
626353238821,38.4950914,103.2002092,1394.788086
626553238869,38.4950914,103.2002092,1394.787354
626753238916,38.4950914,103.2002092,1394.787354
626953238964,38.4950914,103.2002092,1394.790405
627153239012,38.4950914,103.2002092,1394.789063
627353238821,38.4950914,103.2002093,1394.789551
627553238869,38.4950914,103.2002093,1394.789429
627753238916,38.4950914,103.2002093,1394.790283
627953238964,38.4950914,103.2002094,1394.78772
628153239012,38.4950914,103.2002093,1394.790283
628353238821,38.4950914,103.2002093,1394.789917
628553238869,38.4950914,103.2002094,1394.790649
628753238916,38.4950914,103.2002093,1394.788086
628953238964,38.4950914,103.2002093,1394.789185
629153239012,38.4950915,103.2002093,1394.789917
629353238821,38.4950915,103.2002093,1394.788574
629553238869,38.4950914,103.2002093,1394.790527
629753238916,38.4950915,103.2002093,1394.78894
629953238964,38.4950914,103.2002093,1394.790649
630153239012,38.4950914,103.2002093,1394.79126
630553238869,38.4950914,103.2002093,1394.790405
630553238869,38.4950914,103.2002093,1394.790405
630953238964,38.4950914,103.2002094,1394.789551
631153239012,38.4950914,103.2002094,1394.787109
631353238821,38.4950914,103.2002093,1394.78894
631553238869,38.4950914,103.2002092,1394.786499
631753238916,38.4950914,103.2002092,1394.788208
631953238964,38.4950914,103.2002092,1394.783813
632153239012,38.4950914,103.2002092,1394.783691
632353238821,38.4950914,103.2002092,1394.783203
632553238869,38.4950914,103.2002092,1394.783203
632753238916,38.4950914,103.2002092,1394.782837
632953238964,38.4950914,103.2002092,1394.785767
633153239012,38.4950914,103.2002092,1394.786377
633353238821,38.4950914,103.2002092,1394.787354
633553238869,38.4950914,103.2002092,1394.786377
633753238916,38.4950914,103.2002092,1394.787109
633953238964,38.4950914,103.2002092,1394.784424
634153239012,38.4950914,103.2002092,1394.786987
634353238821,38.4950914,103.2002092,1394.78418
634553238869,38.4950915,103.2002094,1394.789551
634753238916,38.4950914,103.2002094,1394.783691
634953238964,38.4950914,103.2002093,1394.790161
635153239012,38.4950915,103.2002094,1394.789795
635353238821,38.4950914,103.2002093,1394.789429
635553238869,38.4950914,103.2002094,1394.789429
635753238916,38.4950915,103.2002093,1394.790649
635953238964,38.4950914,103.2002094,1394.78894
636153239012,38.4950915,103.2002093,1394.789307
636353238821,38.4950915,103.2002094,1394.787598
636553238869,38.4950914,103.2002093,1394.787476
636753238916,38.4950914,103.2002094,1394.789063
636953238964,38.4950914,103.2002094,1394.787476
637153239012,38.4950914,103.2002094,1394.788818
637353238821,38.4950915,103.2002094,1394.786987
637553238869,38.4950915,103.2002094,1394.78833
637753238916,38.4950914,103.2002094,1394.786255
637953238964,38.4950914,103.2002094,1394.78772
638153239012,38.4950914,103.2002094,1394.788208
638353238821,38.4950914,103.2002094,1394.78772
638553238869,38.4950914,103.2002094,1394.788696
638753238916,38.4950915,103.2002094,1394.78833
638953238964,38.4950915,103.2002094,1394.786255
639153239012,38.4950915,103.2002094,1394.789307
639353238821,38.4950915,103.2002094,1394.786865
639553238869,38.4950914,103.2002093,1394.786011
639753238916,38.4950914,103.2002093,1394.785156
639953238964,38.4950914,103.2002092,1394.784912
640153239012,38.4950915,103.2002094,1394.789795
640553238869,38.4950915,103.2002094,1394.789185
640753238916,38.4950915,103.2002094,1394.787964
640953238964,38.4950915,103.2002094,1394.789063
641153239012,38.4950915,103.2002094,1394.790283
641353238821,38.4950915,103.2002094,1394.788086
641553238869,38.4950915,103.2002094,1394.788574
641753238916,38.4950915,103.2002094,1394.786377
641953238964,38.4950914,103.2002093,1394.794312
642153239012,38.4950914,103.2002093,1394.793701
642353238821,38.4950914,103.2002092,1394.793457
642553238869,38.4950914,103.2002092,1394.793335
642753238916,38.4950914,103.2002092,1394.79187
642953238964,38.4950914,103.2002092,1394.784668
643153239012,38.4950914,103.2002092,1394.786987
643353238821,38.4950914,103.2002092,1394.786499
643553238869,38.4950914,103.2002092,1394.784058
643753238916,38.4950914,103.2002092,1394.784668
643953238964,38.4950914,103.2002092,1394.787231
644153239012,38.4950914,103.2002092,1394.786865
644353238821,38.4950914,103.2002092,1394.787964
644553238869,38.4950914,103.2002092,1394.786865
644753238916,38.4950914,103.2002092,1394.785767
644953238964,38.4950914,103.2002092,1394.7854
645153239012,38.4950914,103.2002092,1394.787354
645353238821,38.4950914,103.2002092,1394.786377
645553238869,38.4950914,103.2002092,1394.786255
645753238916,38.4950914,103.2002092,1394.786133
645953238964,38.4950914,103.2002092,1394.786011
646153239012,38.4950914,103.2002092,1394.783813
646353238821,38.4950914,103.2002092,1394.786133
646553238869,38.4950914,103.2002092,1394.787354
646753238916,38.4950914,103.2002092,1394.784058
646953238964,38.4950914,103.2002092,1394.786499
647153239012,38.4950914,103.2002092,1394.785278
647353238821,38.4950914,103.2002092,1394.784912
647553238869,38.4950914,103.2002092,1394.783203
647753238916,38.4950914,103.2002092,1394.783813
647953238964,38.4950914,103.2002092,1394.787476
648153239012,38.4950914,103.2002092,1394.789917
648353238821,38.4950914,103.2002092,1394.78833
648553238869,38.4950914,103.2002092,1394.790527
648753238916,38.4950914,103.2002092,1394.790161
648953238964,38.4950914,103.2002092,1394.783203
649153239012,38.4950914,103.2002092,1394.783325
649353238821,38.4950914,103.2002093,1394.786499
649553238869,38.4950914,103.2002093,1394.782471
649753238916,38.4950914,103.2002093,1394.78125
649953238964,38.4950914,103.2002093,1394.785767
650353238821,38.4950914,103.2002093,1394.787964
650553238869,38.4950914,103.2002094,1394.787109
650753238916,38.4950914,103.2002093,1394.793213
650953238964,38.4950914,103.2002093,1394.794312
651153239012,38.4950914,103.2002093,1394.79126
651353238821,38.4950914,103.2002093,1394.787476
651553238869,38.4950914,103.2002093,1394.790527
651753238916,38.4950914,103.2002093,1394.792847
651953238964,38.4950914,103.2002094,1394.78125
652153239012,38.4950914,103.2002093,1394.784546
652353238821,38.4950914,103.2002093,1394.782715
652553238869,38.4950914,103.2002093,1394.78064
652753238916,38.4950914,103.2002093,1394.77832
652953238964,38.4950914,103.2002093,1394.786133
653153239012,38.4950914,103.2002093,1394.786621
653353238821,38.4950914,103.2002093,1394.787109
653553238869,38.4950914,103.2002093,1394.786377
653753238916,38.4950914,103.2002093,1394.786621
653953238964,38.4950914,103.2002093,1394.784302
654153239012,38.4950914,103.2002093,1394.786011
654353238821,38.4950914,103.2002093,1394.783081
654553238869,38.4950914,103.2002093,1394.786377
654753238916,38.4950914,103.2002093,1394.786987
654953238964,38.4950914,103.2002093,1394.783081
655153239012,38.4950914,103.2002093,1394.782837
655353238821,38.4950914,103.2002093,1394.783813
655553238869,38.4950914,103.2002093,1394.78064
655753238916,38.4950914,103.2002093,1394.782349
655953238964,38.4950914,103.2002093,1394.78418
656153239012,38.4950914,103.2002093,1394.784302
656353238821,38.4950914,103.2002093,1394.784424
656553238869,38.4950914,103.2002093,1394.783569
656753238916,38.4950914,103.2002093,1394.78418
656953238964,38.4950914,103.2002093,1394.78418
657153239012,38.4950914,103.2002093,1394.784424
657353238821,38.4950914,103.2002093,1394.784424
657553238869,38.4950914,103.2002093,1394.782593
657753238916,38.4950914,103.2002093,1394.783325
657953238964,38.4950914,103.2002093,1394.783203
658153239012,38.4950914,103.2002093,1394.783691
658353238821,38.4950914,103.2002093,1394.785034
658553238869,38.4950914,103.2002093,1394.783569
658753238916,38.4950914,103.2002093,1394.782959
658953238964,38.4950914,103.2002093,1394.784668
659153239012,38.4950914,103.2002093,1394.786011
659353238821,38.4950914,103.2002093,1394.787231
659553238869,38.4950914,103.2002093,1394.786865
659753238916,38.4950914,103.2002093,1394.786499
660153239012,38.4950914,103.2002093,1394.787354
660353238821,38.4950914,103.2002093,1394.788086
660553238869,38.4950914,103.2002093,1394.787354
660753238916,38.4950914,103.2002093,1394.785889
660953238964,38.4950914,103.2002093,1394.790771
661153239012,38.4950914,103.2002093,1394.791016
661353238821,38.4950914,103.2002093,1394.791382
661553238869,38.4950914,103.2002093,1394.791504
661753238916,38.4950914,103.2002093,1394.791138
661953238964,38.4950914,103.2002093,1394.784302
662153239012,38.4950914,103.2002093,1394.786987
662353238821,38.4950914,103.2002093,1394.787476
662553238869,38.4950914,103.2002093,1394.78833
662753238916,38.4950914,103.2002093,1394.787476
662953238964,38.4950914,103.2002093,1394.785889
663153239012,38.4950914,103.2002093,1394.787354
663353238821,38.4950914,103.2002093,1394.786255
663553238869,38.4950914,103.2002093,1394.787476
663753238916,38.4950914,103.2002093,1394.787964
663953238964,38.4950914,103.2002093,1394.785034
664153239012,38.4950914,103.2002093,1394.786377
664353238821,38.4950914,103.2002093,1394.786987
664553238869,38.4950914,103.2002093,1394.784912
664753238916,38.4950914,103.2002093,1394.782715
664953238964,38.4950914,103.2002093,1394.789429
665153239012,38.4950914,103.2002093,1394.786377
665353238821,38.4950914,103.2002093,1394.787842
665553238869,38.4950914,103.2002093,1394.786621
665753238916,38.4950914,103.2002093,1394.789917
665953238964,38.4950914,103.2002093,1394.783691
666153239012,38.4950914,103.2002093,1394.784424
666353238821,38.4950914,103.2002093,1394.784302
666553238869,38.4950914,103.2002093,1394.78772
666753238916,38.4950914,103.2002093,1394.786499
666953238964,38.4950914,103.2002093,1394.790894
667153239012,38.4950914,103.2002093,1394.789063
667353238821,38.4950914,103.2002093,1394.788452
667553238869,38.4950914,103.2002093,1394.78894
667753238916,38.4950914,103.2002093,1394.787476
667953238964,38.4950914,103.2002093,1394.786377
668153239012,38.4950914,103.2002093,1394.786621
668353238821,38.4950914,103.2002093,1394.788208
668553238869,38.4950914,103.2002093,1394.789795
668753238916,38.4950914,103.2002094,1394.787842
668953238964,38.4950914,103.2002093,1394.787842
669153239012,38.4950914,103.2002093,1394.787476
669353238821,38.4950914,103.2002093,1394.788696
669553238869,38.4950914,103.2002093,1394.78894
669753238916,38.4950914,103.2002093,1394.78772
670153239012,38.4950914,103.2002093,1394.786011
670353238821,38.4950914,103.2002093,1394.788086
670553238869,38.4950914,103.2002093,1394.7854
670753238916,38.4950914,103.2002093,1394.78772
670953238964,38.4950914,103.2002093,1394.787109
671153239012,38.4950914,103.2002093,1394.78833
671353238821,38.4950914,103.2002093,1394.786255
671553238869,38.4950914,103.2002093,1394.787964
671753238916,38.4950914,103.2002094,1394.785278
671953238964,38.4950914,103.2002093,1394.78833
672153239012,38.4950914,103.2002093,1394.787231
672353238821,38.4950914,103.2002093,1394.787231
672553238869,38.4950914,103.2002093,1394.787842
672753238916,38.4950914,103.2002093,1394.787476
672953238964,38.4950914,103.2002093,1394.782959
673153239012,38.4950914,103.2002093,1394.783203
673353238821,38.4950914,103.2002093,1394.784424
673553238869,38.4950914,103.2002093,1394.785889
673753238916,38.4950914,103.2002093,1394.785767
673953238964,38.4950914,103.2002093,1394.787598
674153239012,38.4950914,103.2002093,1394.788086
674353238821,38.4950914,103.2002093,1394.786255
674553238869,38.4950914,103.2002093,1394.787354
674753238916,38.4950914,103.2002093,1394.788818
674953238964,38.4950914,103.2002093,1394.789795
675153239012,38.4950914,103.2002093,1394.788208
675353238821,38.4950914,103.2002094,1394.787476
675553238869,38.4950914,103.2002093,1394.786987
675753238916,38.4950914,103.2002093,1394.789795
675953238964,38.4950914,103.2002093,1394.784668
676153239012,38.4950914,103.2002093,1394.786377
676353238821,38.4950914,103.2002093,1394.785767
676553238869,38.4950914,103.2002094,1394.786743
676753238916,38.4950914,103.2002093,1394.785767
676953238964,38.4950914,103.2002093,1394.7854
677153239012,38.4950914,103.2002093,1394.786621
677353238821,38.4950914,103.2002093,1394.784546
677553238869,38.4950914,103.2002093,1394.786011
677753238916,38.4950914,103.2002094,1394.787964
677953238964,38.4950914,103.2002093,1394.783813
678153239012,38.4950914,103.2002093,1394.784424
678353238821,38.4950914,103.2002093,1394.785156
678553238869,38.4950914,103.2002093,1394.784912
678753238916,38.4950914,103.2002093,1394.78418
678953238964,38.4950914,103.2002093,1394.786011
679153239012,38.4950914,103.2002093,1394.785889
679353238821,38.4950914,103.2002093,1394.785767
679553238869,38.4950914,103.2002093,1394.785889
679953238964,38.4950914,103.2002093,1394.784546
680153239012,38.4950914,103.2002093,1394.785522
680353238821,38.4950914,103.2002093,1394.786255
680553238869,38.4950914,103.2002093,1394.783569
680753238916,38.4950914,103.2002093,1394.786011
680953238964,38.4950914,103.2002093,1394.785278
681153239012,38.4950914,103.2002093,1394.785156
681353238821,38.4950914,103.2002093,1394.783936
681553238869,38.4950914,103.2002093,1394.787231
681753238916,38.4950914,103.2002093,1394.786255
681953238964,38.4950914,103.2002093,1394.782471
682153239012,38.4950914,103.2002093,1394.784424
682353238821,38.4950914,103.2002093,1394.784546
682553238869,38.4950914,103.2002093,1394.786255
682753238916,38.4950914,103.2002093,1394.785278
682953238964,38.4950914,103.2002093,1394.783691
683153239012,38.4950914,103.2002093,1394.782959
683353238821,38.4950914,103.2002093,1394.783936
683553238869,38.4950914,103.2002093,1394.785645
683753238916,38.4950914,103.2002093,1394.782593
683953238964,38.4950914,103.2002093,1394.785522
684153239012,38.4950914,103.2002093,1394.78772
684353238821,38.4950914,103.2002093,1394.787476
684553238869,38.4950914,103.2002094,1394.788452
684753238916,38.4950914,103.2002094,1394.789795
684953238964,38.4950914,103.2002094,1394.783936
685153239012,38.4950914,103.2002094,1394.783447
685353238821,38.4950914,103.2002094,1394.787231
685553238869,38.4950915,103.2002095,1394.784546
685753238916,38.4950914,103.2002094,1394.784302
685953238964,38.4950914,103.2002094,1394.785522
686153239012,38.4950914,103.2002094,1394.783569
686353238821,38.4950914,103.2002094,1394.785889
686553238869,38.4950914,103.2002094,1394.78772
686753238916,38.4950914,103.2002094,1394.782959
686953238964,38.4950914,103.2002094,1394.786133
687153239012,38.4950914,103.2002094,1394.788452
687353238821,38.4950914,103.2002094,1394.785767
687553238869,38.4950914,103.2002094,1394.787354
687753238916,38.4950914,103.2002094,1394.786865
687953238964,38.4950914,103.2002094,1394.784302
688153239012,38.4950914,103.2002094,1394.785522
688353238821,38.4950914,103.2002094,1394.783813
688553238869,38.4950914,103.2002094,1394.785522
688753238916,38.4950914,103.2002094,1394.786255
688953238964,38.4950914,103.2002094,1394.786377
689153239012,38.4950914,103.2002094,1394.784058
689553238869,38.4950914,103.2002094,1394.786011
689553238869,38.4950914,103.2002094,1394.786011
689953238964,38.4950914,103.2002093,1394.778809
690153239012,38.4950914,103.2002093,1394.78186
690353238821,38.4950914,103.2002095,1394.783936
690553238869,38.4950914,103.2002094,1394.780029
690753238916,38.4950914,103.2002094,1394.78418
690953238964,38.4950914,103.2002095,1394.78125
691153239012,38.4950914,103.2002094,1394.782593
691353238821,38.4950914,103.2002094,1394.781372
691553238869,38.4950914,103.2002094,1394.778687
691753238916,38.4950914,103.2002094,1394.780762
691953238964,38.4950914,103.2002094,1394.782104
692153239012,38.4950914,103.2002094,1394.783569
692353238821,38.4950914,103.2002094,1394.781128
692553238869,38.4950914,103.2002095,1394.782104
692753238916,38.4950914,103.2002095,1394.783325
692953238964,38.4950914,103.2002094,1394.781982
693153239012,38.4950914,103.2002094,1394.780396
693353238821,38.4950914,103.2002094,1394.779175
693553238869,38.4950914,103.2002093,1394.779419
693753238916,38.4950914,103.2002093,1394.779419
693953238964,38.4950914,103.2002093,1394.778076
694153239012,38.4950914,103.2002093,1394.778931
694353238821,38.4950914,103.2002093,1394.776611
694553238869,38.4950914,103.2002093,1394.778809
694753238916,38.4950914,103.2002093,1394.775757
694953238964,38.4950914,103.2002093,1394.7771
695153239012,38.4950914,103.2002093,1394.7771
695353238821,38.4950914,103.2002093,1394.779907
695553238869,38.4950914,103.2002093,1394.778198
695753238916,38.4950914,103.2002093,1394.777832
695953238964,38.4950914,103.2002093,1394.776489
696153239012,38.4950914,103.2002093,1394.776611
696353238821,38.4950914,103.2002093,1394.777832
696553238869,38.4950914,103.2002093,1394.776123
696753238916,38.4950914,103.2002093,1394.776489
696953238964,38.4950914,103.2002093,1394.778442
697153239012,38.4950914,103.2002093,1394.777466
697353238821,38.4950914,103.2002093,1394.77771
697553238869,38.4950914,103.2002093,1394.779541
697753238916,38.4950914,103.2002093,1394.77771
697953238964,38.4950914,103.2002093,1394.778687
698153239012,38.4950914,103.2002093,1394.774902
698353238821,38.4950914,103.2002093,1394.774414
698553238869,38.4950914,103.2002093,1394.777588
698753238916,38.4950914,103.2002093,1394.773804
698953238964,38.4950914,103.2002093,1394.772583
699153239012,38.4950914,103.2002093,1394.778076
699553238869,38.4950914,103.2002093,1394.775269
699753238916,38.4950914,103.2002093,1394.7771
699953238964,38.4950914,103.2002093,1394.775269
700153239012,38.4950914,103.2002093,1394.771729
700353238821,38.4950914,103.2002093,1394.775757
700553238869,38.4950914,103.2002093,1394.773682
700753238916,38.4950914,103.2002093,1394.77356
700953238964,38.4950914,103.2002093,1394.774902
701153239012,38.4950914,103.2002093,1394.773682
701353238821,38.4950914,103.2002093,1394.770874
701553238869,38.4950914,103.2002093,1394.771973
701753238916,38.4950914,103.2002093,1394.772827
701953238964,38.4950914,103.2002093,1394.774292
702153239012,38.4950914,103.2002093,1394.771362
702353238821,38.4950914,103.2002093,1394.77478
702553238869,38.4950914,103.2002093,1394.774902
702753238916,38.4950914,103.2002093,1394.77417
702953238964,38.4950914,103.2002093,1394.775513
703153239012,38.4950914,103.2002093,1394.774414
703353238821,38.4950914,103.2002093,1394.776733
703553238869,38.4950914,103.2002093,1394.774902
703753238916,38.4950914,103.2002093,1394.774048
703953238964,38.4950914,103.2002094,1394.781128
704153239012,38.4950914,103.2002094,1394.781494
704353238821,38.4950914,103.2002094,1394.781494
704553238869,38.4950914,103.2002094,1394.779907
704753238916,38.4950914,103.2002094,1394.779663
704953238964,38.4950914,103.2002094,1394.781372
705153239012,38.4950914,103.2002094,1394.783203
705353238821,38.4950914,103.2002094,1394.783691
705553238869,38.4950914,103.2002094,1394.780029
705753238916,38.4950914,103.2002094,1394.783203
705953238964,38.4950914,103.2002094,1394.780884
706153239012,38.4950914,103.2002094,1394.781372
706353238821,38.4950914,103.2002094,1394.782104
706553238869,38.4950914,103.2002094,1394.778687
706753238916,38.4950914,103.2002094,1394.780884
706953238964,38.4950914,103.2002094,1394.778931
707153239012,38.4950914,103.2002094,1394.779419
707353238821,38.4950914,103.2002094,1394.780151
707553238869,38.4950914,103.2002094,1394.780518
707753238916,38.4950914,103.2002094,1394.778076
707953238964,38.4950914,103.2002094,1394.781616
708153239012,38.4950914,103.2002094,1394.782104
708353238821,38.4950914,103.2002094,1394.782593
708553238869,38.4950914,103.2002094,1394.779175
708753238916,38.4950915,103.2002094,1394.781006
708953238964,38.4950914,103.2002094,1394.779785
709353238821,38.4950914,103.2002094,1394.779907
709553238869,38.4950914,103.2002094,1394.778564
709753238916,38.4950914,103.2002094,1394.776978
709953238964,38.4950914,103.2002094,1394.785278
710153239012,38.4950914,103.2002094,1394.783447
710353238821,38.4950914,103.2002094,1394.785767
710553238869,38.4950914,103.2002094,1394.783936
710753238916,38.4950914,103.2002094,1394.784302
710953238964,38.4950914,103.2002094,1394.781128
711153239012,38.4950914,103.2002094,1394.780518
711353238821,38.4950914,103.2002094,1394.780518
711553238869,38.4950914,103.2002094,1394.778931
711753238916,38.4950914,103.2002094,1394.781494
711953238964,38.4950914,103.2002094,1394.779541
712153239012,38.4950914,103.2002094,1394.778931
712353238821,38.4950914,103.2002094,1394.782959
712553238869,38.4950914,103.2002094,1394.780762
712753238916,38.4950914,103.2002094,1394.778931
712953238964,38.4950914,103.2002094,1394.781372
713153239012,38.4950914,103.2002094,1394.783081
713353238821,38.4950914,103.2002094,1394.783325
713553238869,38.4950914,103.2002094,1394.784302
713753238916,38.4950914,103.2002094,1394.782593
713953238964,38.4950914,103.2002094,1394.779297
714153239012,38.4950914,103.2002094,1394.779175
714353238821,38.4950914,103.2002094,1394.778564
714553238869,38.4950914,103.2002094,1394.780029
714753238916,38.4950914,103.2002094,1394.780518
714953238964,38.4950914,103.2002094,1394.781006
715153239012,38.4950914,103.2002094,1394.779907
715353238821,38.4950914,103.2002094,1394.781128
715553238869,38.4950914,103.2002094,1394.780884
715753238916,38.4950915,103.2002094,1394.77832
715953238964,38.4950914,103.2002094,1394.784546
716153239012,38.4950914,103.2002094,1394.785034
716353238821,38.4950914,103.2002094,1394.784424
716553238869,38.4950914,103.2002094,1394.782837
716753238916,38.4950914,103.2002094,1394.783691
716953238964,38.4950914,103.2002094,1394.779541
717153239012,38.4950914,103.2002094,1394.779907
717353238821,38.4950914,103.2002094,1394.779785
717553238869,38.4950915,103.2002094,1394.779663
717753238916,38.4950914,103.2002094,1394.780029
717953238964,38.4950914,103.2002094,1394.781006
718153239012,38.4950914,103.2002094,1394.78186
718353238821,38.4950914,103.2002094,1394.781494
718553238869,38.4950914,103.2002094,1394.781372
718753238916,38.4950914,103.2002094,1394.782471
718953238964,38.4950914,103.2002094,1394.780762
719353238821,38.4950914,103.2002094,1394.782227
719553238869,38.4950914,103.2002094,1394.781616
719753238916,38.4950914,103.2002094,1394.783203
719953238964,38.4950914,103.2002094,1394.779297
720153239012,38.4950914,103.2002094,1394.779907
720353238821,38.4950914,103.2002094,1394.781738
720553238869,38.4950914,103.2002094,1394.781982
720753238916,38.4950914,103.2002094,1394.779541
720953238964,38.4950914,103.2002094,1394.782104
721153239012,38.4950914,103.2002094,1394.78125
721353238821,38.4950914,103.2002094,1394.782715
721553238869,38.4950914,103.2002094,1394.779541
721753238916,38.4950914,103.2002094,1394.780273
721953238964,38.4950914,103.2002094,1394.78064
722153239012,38.4950914,103.2002094,1394.779175
722353238821,38.4950914,103.2002094,1394.778931
722553238869,38.4950914,103.2002094,1394.78186
722753238916,38.4950914,103.2002094,1394.778931
722953238964,38.4950914,103.2002094,1394.781616
723153239012,38.4950914,103.2002094,1394.780518
723353238821,38.4950914,103.2002094,1394.780273
723553238869,38.4950914,103.2002094,1394.781982
723753238916,38.4950914,103.2002094,1394.778931
723953238964,38.4950914,103.2002094,1394.782593
724153239012,38.4950914,103.2002094,1394.784302
724353238821,38.4950914,103.2002094,1394.782227
724553238869,38.4950914,103.2002094,1394.783325
724753238916,38.4950914,103.2002094,1394.783203
724953238964,38.4950914,103.2002094,1394.7854
725153239012,38.4950914,103.2002094,1394.781494
725353238821,38.4950914,103.2002094,1394.781738
725553238869,38.4950914,103.2002094,1394.782715
725753238916,38.4950914,103.2002094,1394.782471
725953238964,38.4950915,103.2002094,1394.776978
726153239012,38.4950914,103.2002094,1394.779175
726353238821,38.4950915,103.2002094,1394.778687
726553238869,38.4950915,103.2002094,1394.778687
726753238916,38.4950914,103.2002094,1394.777222
726953238964,38.4950914,103.2002094,1394.783203
727153239012,38.4950914,103.2002094,1394.780884
727353238821,38.4950914,103.2002094,1394.781006
727553238869,38.4950914,103.2002094,1394.780518
727753238916,38.4950914,103.2002094,1394.783325
727953238964,38.4950914,103.2002094,1394.779053
728153239012,38.4950914,103.2002094,1394.78064
728353238821,38.4950914,103.2002094,1394.781738
728553238869,38.4950914,103.2002094,1394.779175
728753238916,38.4950914,103.2002094,1394.780029
729153239012,38.4950914,103.2002094,1394.780518
729353238821,38.4950914,103.2002094,1394.779907
729553238869,38.4950914,103.2002094,1394.780762
729753238916,38.4950914,103.2002094,1394.778931
729953238964,38.4950914,103.2002094,1394.782715
730153239012,38.4950914,103.2002094,1394.783569
730353238821,38.4950914,103.2002094,1394.782837
730553238869,38.4950914,103.2002094,1394.782959
730753238916,38.4950914,103.2002094,1394.782837
730953238964,38.4950914,103.2002094,1394.78186
731153239012,38.4950914,103.2002094,1394.782959
731353238821,38.4950914,103.2002094,1394.78186
731553238869,38.4950914,103.2002094,1394.783081
731753238916,38.4950914,103.2002094,1394.781982
731953238964,38.4950914,103.2002094,1394.783447
732153239012,38.4950914,103.2002094,1394.782959
732353238821,38.4950914,103.2002094,1394.781372
732553238869,38.4950914,103.2002094,1394.780396
732753238916,38.4950914,103.2002094,1394.782593
732953238964,38.4950914,103.2002094,1394.780273
733153239012,38.4950914,103.2002094,1394.778442
733353238821,38.4950914,103.2002094,1394.779053
733553238869,38.4950914,103.2002094,1394.78064
733753238916,38.4950914,103.2002094,1394.780029
733953238964,38.4950914,103.2002094,1394.78064
734153239012,38.4950914,103.2002094,1394.779907
734353238821,38.4950914,103.2002094,1394.780518
734553238869,38.4950914,103.2002094,1394.780273
734753238916,38.4950914,103.2002094,1394.78064
734953238964,38.4950914,103.2002094,1394.779907
735153239012,38.4950914,103.2002094,1394.781128
735353238821,38.4950914,103.2002094,1394.779907
735553238869,38.4950914,103.2002094,1394.78064
735753238916,38.4950914,103.2002094,1394.779297
735953238964,38.4950914,103.2002094,1394.78418
736153239012,38.4950914,103.2002094,1394.78418
736353238821,38.4950915,103.2002096,1394.784546
736553238869,38.4950917,103.2002104,1394.787598
736753238916,38.4950921,103.2002119,1394.785767
736953238964,38.4950928,103.2002145,1394.782959
737153239012,38.4950936,103.200218,1394.787964
737353238821,38.4950947,103.2002224,1394.78772
737553238869,38.4950959,103.2002278,1394.784668
737753238916,38.4950972,103.2002343,1394.793579
737953238964,38.4950986,103.2002417,1394.794556
738153239012,38.4951001,103.2002502,1394.797485
738353238821,38.4951016,103.2002597,1394.804077
738553238869,38.4951032,103.2002702,1394.803711
738753238916,38.4951049,103.2002817,1394.802002
739153239012,38.4951084,103.2003078,1394.804932
739353238821,38.4951104,103.2003223,1394.809204
739553238869,38.4951125,103.2003379,1394.815063
739753238916,38.4951149,103.2003545,1394.807007
739953238964,38.4951175,103.200372,1394.817139
740153239012,38.4951205,103.2003905,1394.808228
740353238821,38.4951238,103.20041,1394.816284
740553238869,38.4951276,103.2004305,1394.817749
740753238916,38.4951319,103.2004519,1394.812378
740953238964,38.4951367,103.2004743,1394.819458
741153239012,38.4951421,103.2004975,1394.820557
741353238821,38.4951482,103.2005217,1394.828857
741553238869,38.4951548,103.2005467,1394.834595
741753238916,38.495162,103.2005726,1394.838989
741953238964,38.4951699,103.2005994,1394.843872
742153239012,38.4951783,103.2006272,1394.848511
742353238821,38.4951872,103.2006558,1394.855713
742553238869,38.4951965,103.2006854,1394.864258
742753238916,38.4952063,103.200716,1394.869873
742953238964,38.4952164,103.2007475,1394.878784
743153239012,38.4952269,103.20078,1394.886108
743353238821,38.4952377,103.2008134,1394.894531
743553238869,38.4952488,103.2008477,1394.900024
743753238916,38.4952602,103.2008831,1394.919312
743953238964,38.4952718,103.2009194,1394.919067
744153239012,38.4952837,103.2009566,1394.930786
744353238821,38.4952957,103.2009949,1394.945313
744553238869,38.495308,103.2010341,1394.954102
744753238916,38.4953204,103.2010743,1394.948975
744953238964,38.4953327,103.2011155,1394.969971
745153239012,38.4953451,103.2011578,1394.973511
745353238821,38.4953574,103.201201,1394.97998
745553238869,38.4953696,103.2012452,1394.994629
745753238916,38.4953818,103.2012904,1395.004028
745953238964,38.4953939,103.2013365,1395.008545
746153239012,38.4954059,103.2013837,1395.021362
746353238821,38.4954177,103.2014317,1395.033447
746553238869,38.4954296,103.2014807,1395.036865
746753238916,38.4954415,103.2015306,1395.049683
746953238964,38.4954535,103.2015814,1395.053833
747153239012,38.4954656,103.2016331,1395.057495
747353238821,38.4954778,103.2016857,1395.071167
747553238869,38.49549,103.2017391,1395.07312
747753238916,38.4955025,103.2017933,1395.076782
747953238964,38.4955152,103.2018481,1395.092285
748153239012,38.4955283,103.2019035,1395.098022
748353238821,38.495542,103.2019594,1395.106079
748553238869,38.4955563,103.2020158,1395.121216
748953238964,38.4955871,103.2021297,1395.139404
749153239012,38.4956038,103.2021874,1395.149902
749353238821,38.4956213,103.2022455,1395.164673
749553238869,38.4956395,103.2023042,1395.177734
749753238916,38.4956581,103.2023633,1395.189819
749953238964,38.4956771,103.2024231,1395.209106
750153239012,38.4956965,103.2024834,1395.210571
750353238821,38.4957164,103.2025445,1395.246582
750553238869,38.4957365,103.2026062,1395.248535
750753238916,38.495757,103.2026687,1395.27063
750953238964,38.4957776,103.202732,1395.282104
751153239012,38.4957983,103.202796,1395.30481
751353238821,38.4958192,103.2028609,1395.301147
751553238869,38.49584,103.2029265,1395.312256
751753238916,38.4958608,103.2029928,1395.337402
751953238964,38.4958817,103.2030599,1395.395752
752153239012,38.4959027,103.2031276,1395.531372
752353238821,38.4959236,103.2031957,1395.765869
752553238869,38.4959447,103.2032643,1396.071533
752753238916,38.4959659,103.2033333,1396.430298
752953238964,38.4959872,103.2034029,1396.833374
753153239012,38.4960085,103.2034729,1397.279541
753353238821,38.4960297,103.2035434,1397.781738
753553238869,38.4960507,103.2036143,1398.324341
753753238916,38.4960716,103.2036855,1398.880371
753953238964,38.4960921,103.2037571,1399.519287
754153239012,38.4961126,103.2038289,1400.176514
754353238821,38.4961329,103.2039012,1400.792725
754553238869,38.4961531,103.203974,1401.349976
754753238916,38.496173,103.2040473,1401.834351
754953238964,38.4961925,103.2041212,1402.243042
755153239012,38.4962118,103.2041956,1402.549438
755353238821,38.4962307,103.2042706,1402.704712
755553238869,38.4962494,103.2043462,1402.778442
755753238916,38.4962677,103.2044224,1402.85437
755953238964,38.4962859,103.2044993,1402.944702
756153239012,38.4963039,103.204577,1403.053833
756353238821,38.4963218,103.2046552,1403.126587
756553238869,38.4963395,103.2047339,1403.150757
756753238916,38.4963573,103.2048132,1403.197876
756953238964,38.4963754,103.2048931,1403.267212
757153239012,38.4963937,103.2049734,1403.364014
757353238821,38.4964121,103.2050541,1403.460449
757553238869,38.4964309,103.2051351,1403.59082
757753238916,38.4964499,103.2052165,1403.752563
757953238964,38.4964692,103.2052981,1403.95105
758153239012,38.4964888,103.20538,1404.187256
758553238869,38.4965293,103.2055442,1404.733398
758553238869,38.4965293,103.2055442,1404.733398
758953238964,38.4965715,103.2057089,1405.470459
759153239012,38.4965931,103.2057913,1405.881958
759353238821,38.4966149,103.2058739,1406.340942
759553238869,38.496637,103.2059566,1406.796875
759753238916,38.4966593,103.2060394,1407.218018
759953238964,38.4966818,103.2061222,1407.640869
760153239012,38.4967044,103.2062051,1408.099731
760353238821,38.4967272,103.2062879,1408.545288
760553238869,38.49675,103.2063708,1408.968628
760753238916,38.496773,103.2064537,1409.39624
760953238964,38.4967961,103.2065365,1409.83374
761153239012,38.4968194,103.2066193,1410.286377
761353238821,38.4968428,103.206702,1410.729126
761553238869,38.4968662,103.2067848,1411.181274
761753238916,38.4968897,103.2068675,1411.627686
761953238964,38.4969132,103.2069501,1412.046753
762153239012,38.4969369,103.2070328,1412.419067
762353238821,38.4969606,103.2071154,1412.766479
762553238869,38.4969844,103.2071979,1413.117188
762753238916,38.4970083,103.2072805,1413.500366
762953238964,38.4970323,103.207363,1413.908569
763153239012,38.4970562,103.2074455,1414.276611
763353238821,38.4970802,103.207528,1414.627319
763553238869,38.4971042,103.2076104,1414.971558
763753238916,38.4971281,103.2076929,1415.316895
763953238964,38.4971521,103.2077754,1415.653198
764153239012,38.4971761,103.2078579,1415.972046
764353238821,38.4972001,103.2079404,1416.295532
764553238869,38.4972241,103.2080229,1416.614868
764753238916,38.4972482,103.2081054,1416.908325
764953238964,38.4972723,103.2081879,1417.221069
765153239012,38.4972963,103.2082704,1417.553833
765353238821,38.4973204,103.2083528,1417.864624
765553238869,38.4973445,103.2084353,1418.156128
765753238916,38.4973686,103.2085177,1418.4552
765953238964,38.4973927,103.2086002,1418.792847
766153239012,38.4974169,103.2086828,1419.143311
766353238821,38.4974411,103.2087655,1419.520752
766553238869,38.4974653,103.2088482,1419.906006
766753238916,38.4974897,103.208931,1420.304321
766953238964,38.4975141,103.2090139,1420.713257
767153239012,38.4975383,103.2090968,1421.151123
767353238821,38.4975624,103.2091797,1421.619629
767553238869,38.4975863,103.2092627,1422.083496
767753238916,38.4976101,103.2093458,1422.582642
767953238964,38.4976338,103.2094291,1423.046631
768353238821,38.4976813,103.209596,1423.741211
768553238869,38.497705,103.2096796,1424.064331
768753238916,38.4977286,103.2097632,1424.369507
768953238964,38.497752,103.2098467,1424.67981
769153239012,38.4977752,103.2099302,1425.038208
769353238821,38.4977984,103.2100137,1425.391602
769553238869,38.4978214,103.2100972,1425.79126
769753238916,38.4978445,103.2101808,1426.21875
769953238964,38.4978677,103.2102645,1426.679321
770153239012,38.4978908,103.2103484,1427.182373
770353238821,38.4979139,103.2104323,1427.706909
770553238869,38.4979369,103.2105163,1428.260254
770753238916,38.4979599,103.2106002,1428.816895
770953238964,38.4979826,103.2106842,1429.419434
771153239012,38.4980051,103.2107681,1429.98291
771353238821,38.4980275,103.2108519,1430.511963
771553238869,38.4980499,103.2109356,1431.038086
771753238916,38.4980723,103.2110193,1431.631226
771953238964,38.4980947,103.2111029,1432.313965
772153239012,38.4981169,103.2111863,1433.067139
772353238821,38.4981391,103.2112695,1433.821045
772553238869,38.4981613,103.2113525,1434.491943
772753238916,38.4981836,103.2114354,1435.09314
772953238964,38.498206,103.2115182,1435.730713
773153239012,38.4982286,103.2116008,1436.453613
773353238821,38.498251,103.2116832,1437.175415
773553238869,38.4982736,103.2117653,1437.831909
773753238916,38.4982961,103.2118471,1438.474121
773953238964,38.4983186,103.2119285,1439.096802
774153239012,38.4983412,103.2120096,1439.72583
774353238821,38.4983637,103.2120902,1440.368408
774553238869,38.4983862,103.2121703,1440.973633
774753238916,38.4984088,103.21225,1441.550171
774953238964,38.4984314,103.2123293,1442.119385
775153239012,38.4984539,103.212408,1442.668335
775353238821,38.4984761,103.2124863,1443.230713
775553238869,38.4984981,103.2125641,1443.796997
775753238916,38.4985199,103.2126415,1444.38269
775953238964,38.4985414,103.2127187,1444.956055
776153239012,38.4985629,103.2127955,1445.415405
776353238821,38.4985842,103.212872,1445.854614
776553238869,38.4986053,103.2129483,1446.311035
776753238916,38.4986262,103.2130242,1446.740234
776953238964,38.4986469,103.2130998,1447.128174
777153239012,38.4986675,103.2131752,1447.493896
777353238821,38.4986879,103.2132502,1447.831299
777553238869,38.4987082,103.2133251,1448.151367
777753238916,38.4987283,103.2133997,1448.450562
778153239012,38.4987687,103.2135485,1448.849976
778353238821,38.498789,103.2136228,1448.984741
778553238869,38.4988096,103.2136969,1449.081665
778753238916,38.4988302,103.2137709,1449.161377
778953238964,38.4988508,103.2138449,1449.213623
779153239012,38.4988715,103.2139187,1449.230225
779353238821,38.4988921,103.2139926,1449.240723
779553238869,38.4989127,103.2140666,1449.293213
779753238916,38.4989334,103.2141407,1449.375732
779953238964,38.4989542,103.214215,1449.474365
780153239012,38.498975,103.2142895,1449.537842
780353238821,38.498996,103.2143642,1449.598267
780553238869,38.499017,103.2144392,1449.690308
780753238916,38.4990381,103.2145143,1449.782227
780953238964,38.499059,103.2145896,1449.88208
781153239012,38.4990798,103.214665,1449.99707
781353238821,38.4991005,103.2147407,1450.16687
781553238869,38.499121,103.2148165,1450.372803
781753238916,38.4991415,103.2148925,1450.582764
781953238964,38.4991618,103.2149687,1450.788574
782153239012,38.4991821,103.215045,1451.005371
782353238821,38.4992025,103.2151215,1451.241821
782553238869,38.4992229,103.215198,1451.511475
782753238916,38.4992435,103.2152747,1451.836548
782953238964,38.4992641,103.2153515,1452.162964
783153239012,38.4992848,103.2154283,1452.479614
783353238821,38.4993055,103.2155052,1452.82019
783553238869,38.4993261,103.2155821,1453.182373
783753238916,38.4993467,103.2156591,1453.565308
783953238964,38.4993673,103.2157361,1453.991577
784153239012,38.4993879,103.2158132,1454.475098
784353238821,38.4994085,103.2158905,1454.97583
784553238869,38.4994293,103.2159679,1455.445801
784753238916,38.4994502,103.2160454,1455.879272
784953238964,38.4994712,103.2161231,1456.280273
785153239012,38.4994924,103.2162008,1456.661377
785353238821,38.4995136,103.2162785,1457.017456
785553238869,38.4995347,103.2163563,1457.363892
785753238916,38.4995557,103.216434,1457.686279
785953238964,38.4995768,103.2165118,1457.988159
786153239012,38.4995979,103.2165897,1458.319336
786353238821,38.4996191,103.2166676,1458.619385
786553238869,38.4996403,103.2167456,1458.935791
786753238916,38.4996615,103.2168237,1459.259277
786953238964,38.4996827,103.216902,1459.596558
787153239012,38.4997037,103.2169804,1459.907715
787353238821,38.4997242,103.2170591,1460.290649
787553238869,38.4997445,103.2171382,1460.604492
787753238916,38.4997643,103.2172176,1460.891113
788153239012,38.4998013,103.2173779,1461.463867
788353238821,38.4998183,103.2174588,1461.713867
788553238869,38.4998341,103.2175403,1461.977539
788753238916,38.4998483,103.2176224,1462.239746
788953238964,38.4998614,103.2177051,1462.425537
789153239012,38.499873,103.2177883,1462.571899
789353238821,38.4998828,103.217872,1462.741333
789553238869,38.4998909,103.2179562,1462.904907
789753238916,38.4998972,103.2180408,1463.095947
789953238964,38.4999016,103.2181257,1463.334961
790153239012,38.4999042,103.2182109,1463.595703
790353238821,38.499905,103.2182961,1463.877563
790553238869,38.4999042,103.2183813,1464.172119
790753238916,38.4999018,103.2184665,1464.452637
790953238964,38.4998978,103.2185515,1464.766479
791153239012,38.4998923,103.2186364,1465.13623
791353238821,38.4998852,103.2187211,1465.582031
791553238869,38.4998768,103.2188054,1466.070679
791753238916,38.4998671,103.2188893,1466.587646
791953238964,38.4998557,103.2189726,1467.243408
792153239012,38.4998429,103.2190552,1468.017822
792353238821,38.499829,103.2191371,1468.826294
792553238869,38.4998142,103.2192186,1469.704102
792753238916,38.4997985,103.2192996,1470.665039
792953238964,38.4997823,103.2193802,1471.648193
793153239012,38.4997657,103.2194605,1472.654541
793353238821,38.4997486,103.2195404,1473.703491
793553238869,38.4997312,103.2196198,1474.749023
793753238916,38.4997134,103.2196986,1475.715698
793953238964,38.4996954,103.219777,1476.619507
794153239012,38.4996771,103.2198549,1477.533813
794353238821,38.4996585,103.2199323,1478.499146
794553238869,38.4996397,103.2200092,1479.445679
794753238916,38.4996208,103.2200858,1480.359131
794953238964,38.4996018,103.220162,1481.247559
795153239012,38.4995825,103.2202378,1482.160522
795353238821,38.4995631,103.2203133,1483.033325
795553238869,38.4995435,103.2203883,1483.863525
795753238916,38.4995238,103.220463,1484.603027
795953238964,38.4995037,103.2205372,1485.257446
796153239012,38.4994835,103.2206107,1485.913574
796353238821,38.499463,103.2206835,1486.561035
796553238869,38.4994422,103.2207558,1487.209229
796753238916,38.4994214,103.2208275,1487.790894
796953238964,38.4994004,103.2208988,1488.289673
797153239012,38.4993792,103.2209697,1488.745483
797353238821,38.499358,103.2210403,1489.175293
797553238869,38.4993367,103.2211106,1489.577515
797753238916,38.4993153,103.2211806,1489.937988
798153239012,38.4992722,103.2213204,1490.506958
798353238821,38.4992506,103.22139,1490.731567
798553238869,38.4992288,103.2214595,1490.923828
798753238916,38.499207,103.221529,1491.132813
798953238964,38.499185,103.2215984,1491.344604
799153239012,38.4991629,103.2216679,1491.549561
799353238821,38.4991406,103.2217374,1491.748535
799553238869,38.4991183,103.221807,1491.931152
799753238916,38.4990961,103.2218768,1492.115723
799953238964,38.4990738,103.2219467,1492.310669
800153239012,38.4990515,103.2220166,1492.491089
800353238821,38.4990293,103.2220866,1492.662231
800553238869,38.4990072,103.2221565,1492.837036
800753238916,38.498985,103.2222264,1493.03186
800953238964,38.498963,103.2222963,1493.250122
801153239012,38.4989411,103.2223661,1493.484375
801353238821,38.4989192,103.2224359,1493.754395
801553238869,38.4988975,103.2225058,1494.065918
801753238916,38.498876,103.2225758,1494.423096
801953238964,38.4988546,103.2226459,1494.78772
802153239012,38.4988334,103.2227162,1495.171265
802353238821,38.4988122,103.2227865,1495.592651
802553238869,38.4987912,103.2228569,1496.015503
802753238916,38.4987703,103.2229273,1496.426147
802953238964,38.4987494,103.2229976,1496.882813
803153239012,38.4987285,103.2230678,1497.349854
803353238821,38.4987078,103.2231379,1497.849121
803553238869,38.498687,103.2232078,1498.332275
803753238916,38.4986663,103.2232778,1498.725586
803953238964,38.4986456,103.2233477,1499.0354
804153239012,38.4986249,103.2234177,1499.258301
804353238821,38.4986043,103.2234878,1499.395996
804553238869,38.4985837,103.2235578,1499.455566
804753238916,38.4985631,103.2236279,1499.473877
804953238964,38.4985425,103.2236981,1499.469727
805153239012,38.498522,103.2237684,1499.451172
805353238821,38.4985013,103.2238388,1499.422241
805553238869,38.4984806,103.2239093,1499.384155
805753238916,38.49846,103.2239799,1499.330933
805953238964,38.4984392,103.2240508,1499.266602
806153239012,38.4984185,103.2241219,1499.201294
806353238821,38.4983978,103.2241931,1499.114014
806553238869,38.498377,103.2242645,1499.022095
806753238916,38.4983562,103.224336,1498.927734
806953238964,38.4983353,103.2244076,1498.841309
807153239012,38.4983144,103.2244792,1498.77771
807353238821,38.4982933,103.2245507,1498.695313
807553238869,38.4982722,103.2246224,1498.574585
807953238964,38.4982297,103.2247659,1498.360229
808153239012,38.4982085,103.2248378,1498.273193
808353238821,38.4981872,103.2249098,1498.196533
808553238869,38.498166,103.224982,1498.168091
808753238916,38.4981447,103.2250543,1498.216064
808953238964,38.4981235,103.2251268,1498.291382
809153239012,38.4981023,103.2251994,1498.351929
809353238821,38.4980812,103.2252721,1498.378174
809553238869,38.4980601,103.2253448,1498.373169
809753238916,38.4980392,103.2254176,1498.363281
809953238964,38.4980184,103.2254905,1498.364502
810153239012,38.4979977,103.2255636,1498.380859
810353238821,38.4979771,103.2256367,1498.377686
810553238869,38.4979567,103.22571,1498.340942
810753238916,38.4979363,103.2257832,1498.292114
810953238964,38.497916,103.2258565,1498.241089
811153239012,38.4978956,103.2259296,1498.187988
811353238821,38.4978752,103.2260025,1498.136475
811553238869,38.4978541,103.226075,1498.195313
811753238916,38.4978323,103.2261469,1498.26062
811953238964,38.4978099,103.2262184,1498.203247
812153239012,38.4977868,103.2262897,1498.055786
812353238821,38.4977628,103.2263607,1497.83606
812553238869,38.4977376,103.2264312,1497.551514
812753238916,38.4977111,103.2265012,1497.197876
812953238964,38.4976832,103.2265702,1496.778198
813153239012,38.4976537,103.2266381,1496.302856
813353238821,38.4976224,103.2267044,1495.782104
813553238869,38.4975892,103.2267691,1495.261353
813753238916,38.4975541,103.2268321,1494.748413
813953238964,38.4975171,103.2268936,1494.26062
814153239012,38.4974783,103.2269538,1493.784668
814353238821,38.4974379,103.2270127,1493.317749
814553238869,38.497396,103.2270705,1492.862549
814753238916,38.4973525,103.2271268,1492.404053
814953238964,38.4973074,103.2271815,1491.960083
815153239012,38.4972608,103.2272345,1491.534912
815353238821,38.4972126,103.2272854,1491.163696
815553238869,38.4971629,103.2273342,1490.838867
815753238916,38.4971117,103.2273808,1490.561157
815953238964,38.4970589,103.2274252,1490.352173
816153239012,38.497005,103.2274675,1490.152344
816353238821,38.4969498,103.2275079,1489.982422
816553238869,38.4968934,103.2275461,1489.853638
816753238916,38.4968359,103.2275824,1489.740967
816953238964,38.4967773,103.2276166,1489.628418
817153239012,38.4967178,103.2276487,1489.53064
817553238869,38.496596,103.2277059,1489.403442
817553238869,38.496596,103.2277059,1489.403442
817953238964,38.4964707,103.2277533,1489.443726
818153239012,38.4964068,103.2277735,1489.491821
818353238821,38.4963423,103.2277914,1489.532715
818553238869,38.4962772,103.2278068,1489.604126
818753238916,38.4962115,103.2278199,1489.680786
818953238964,38.4961453,103.2278305,1489.766357
819153239012,38.4960786,103.2278389,1489.861694
819353238821,38.4960115,103.227845,1489.927734
819553238869,38.4959442,103.227849,1489.96106
819753238916,38.4958766,103.2278508,1489.967773
819953238964,38.4958087,103.2278502,1489.983643
820153239012,38.4957405,103.2278473,1490.00415
820353238821,38.4956722,103.2278423,1489.998291
820553238869,38.4956038,103.227835,1489.972168
820753238916,38.4955355,103.2278255,1489.942383
820953238964,38.4954672,103.2278136,1489.939453
821153239012,38.4953992,103.2277994,1490.005859
821353238821,38.4953313,103.2277833,1490.093384
821553238869,38.4952638,103.2277657,1490.178589
821753238916,38.4951965,103.2277467,1490.270142
821953238964,38.4951296,103.2277264,1490.381714
822153239012,38.4950629,103.2277049,1490.532349
822353238821,38.4949966,103.2276825,1490.690308
822553238869,38.4949306,103.2276594,1490.827393
822753238916,38.4948648,103.2276356,1490.973755
822953238964,38.4947994,103.2276113,1491.127686
823153239012,38.4947342,103.2275866,1491.266846
823353238821,38.4946691,103.2275618,1491.398193
823553238869,38.4946041,103.2275369,1491.533081
823753238916,38.4945393,103.2275121,1491.685425
823953238964,38.4944746,103.2274875,1491.855469
824153239012,38.4944099,103.2274631,1492.023926
824353238821,38.4943453,103.2274388,1492.199097
824553238869,38.4942807,103.2274149,1492.401001
824753238916,38.4942163,103.2273912,1492.615234
824953238964,38.4941518,103.2273678,1492.824341
825153239012,38.4940875,103.2273448,1493.021362
825353238821,38.4940231,103.2273222,1493.223877
825553238869,38.4939586,103.2273002,1493.432861
825753238916,38.4938942,103.2272788,1493.657349
825953238964,38.4938297,103.227258,1493.893311
826153239012,38.4937652,103.2272377,1494.106812
826353238821,38.4937007,103.2272179,1494.303101
826553238869,38.4936362,103.2271985,1494.500488
826753238916,38.4935718,103.2271796,1494.691528
826953238964,38.4935074,103.2271612,1494.863647
827353238821,38.4933787,103.2271254,1495.189087
827553238869,38.4933144,103.2271081,1495.373047
827753238916,38.4932501,103.2270913,1495.5354
827953238964,38.4931858,103.2270749,1495.685425
828153239012,38.4931215,103.227059,1495.841553
828353238821,38.4930573,103.2270434,1495.987549
828553238869,38.492993,103.2270282,1496.129272
828753238916,38.4929288,103.2270134,1496.265869
828953238964,38.4928647,103.2269989,1496.396484
829153239012,38.4928006,103.2269848,1496.513062
829353238821,38.4927365,103.2269709,1496.634399
829553238869,38.4926723,103.2269574,1496.747314
829753238916,38.4926081,103.2269441,1496.842041
829953238964,38.4925438,103.2269313,1496.935059
830153239012,38.4924795,103.2269186,1497.031128
830353238821,38.4924151,103.2269063,1497.132813
830553238869,38.4923506,103.2268941,1497.225708
830753238916,38.4922861,103.2268822,1497.297974
830953238964,38.4922215,103.2268705,1497.36438
831153239012,38.4921569,103.2268588,1497.432495
831353238821,38.4920922,103.2268473,1497.500854
831553238869,38.4920276,103.2268359,1497.556274
831753238916,38.4919629,103.2268246,1497.608887
831953238964,38.4918981,103.2268136,1497.635254
832153239012,38.4918333,103.2268026,1497.655273
832353238821,38.4917685,103.2267919,1497.674561
832553238869,38.4917036,103.2267813,1497.717773
832753238916,38.4916388,103.2267708,1497.786865
832953238964,38.4915741,103.2267603,1497.817993
833153239012,38.4915094,103.2267499,1497.812988
833353238821,38.4914449,103.2267395,1497.810913
833553238869,38.4913804,103.2267292,1497.792236
833753238916,38.491316,103.2267188,1497.763062
833953238964,38.4912517,103.2267085,1497.7146
834153239012,38.4911874,103.2266983,1497.611816
834353238821,38.4911232,103.2266881,1497.495972
834553238869,38.491059,103.2266778,1497.388306
834753238916,38.4909949,103.2266675,1497.273926
834953238964,38.4909308,103.2266574,1497.140259
835153239012,38.4908666,103.2266473,1496.973999
835353238821,38.4908024,103.2266373,1496.816406
835553238869,38.4907381,103.2266273,1496.687012
835753238916,38.4906738,103.2266174,1496.56897
835953238964,38.4906093,103.2266075,1496.463745
836153239012,38.4905448,103.2265976,1496.384155
836353238821,38.4904801,103.2265876,1496.355225
836553238869,38.4904153,103.2265777,1496.330688
836753238916,38.4903502,103.2265678,1496.326416
836953238964,38.4902849,103.2265579,1496.348877
837353238821,38.4901536,103.2265383,1496.460205
837553238869,38.4900877,103.2265282,1496.609131
837753238916,38.4900218,103.2265176,1496.824585
837953238964,38.4899559,103.2265063,1496.994263
838153239012,38.4898899,103.2264944,1497.141113
838353238821,38.4898235,103.2264815,1497.287231
838553238869,38.489757,103.2264676,1497.390869
838753238916,38.4896904,103.2264523,1497.456665
838953238964,38.4896237,103.2264353,1497.512451
839153239012,38.4895572,103.2264164,1497.514526
839353238821,38.4894909,103.2263955,1497.455566
839553238869,38.489425,103.2263724,1497.36499
839753238916,38.4893593,103.226347,1497.247803
839953238964,38.489294,103.2263193,1497.088257
840153239012,38.4892291,103.2262895,1496.876465
840353238821,38.4891645,103.2262572,1496.647827
840553238869,38.4891003,103.2262226,1496.378296
840753238916,38.4890364,103.2261857,1496.078979
840953238964,38.4889731,103.2261465,1495.777466
841153239012,38.4889102,103.2261048,1495.449341
841353238821,38.4888478,103.2260607,1495.088745
841553238869,38.4887861,103.2260143,1494.727661
841753238916,38.4887252,103.2259652,1494.379883
841953238964,38.4886652,103.2259139,1494.025391
842153239012,38.4886062,103.22586,1493.70752
842353238821,38.4885483,103.2258038,1493.424561
842553238869,38.4884913,103.2257454,1493.169556
842753238916,38.4884354,103.2256847,1492.94458
842953238964,38.4883804,103.2256221,1492.729858
843153239012,38.4883264,103.2255574,1492.537231
843353238821,38.4882738,103.2254906,1492.380371
843553238869,38.4882224,103.2254218,1492.235107
843753238916,38.4881725,103.225351,1492.12207
843953238964,38.4881241,103.2252782,1492.05957
844153239012,38.4880773,103.2252035,1492.042114
844353238821,38.4880319,103.2251269,1492.06189
844553238869,38.487988,103.2250486,1492.111084
844753238916,38.4879456,103.2249688,1492.173584
844953238964,38.4879047,103.2248876,1492.245483
845153239012,38.4878652,103.2248049,1492.330078
845353238821,38.4878273,103.2247209,1492.431641
845553238869,38.4877908,103.2246357,1492.549805
845753238916,38.487756,103.2245494,1492.692139
845953238964,38.4877227,103.2244621,1492.864868
846153239012,38.4876908,103.224374,1493.062378
846353238821,38.4876603,103.224285,1493.29895
846553238869,38.4876312,103.2241955,1493.591675
846753238916,38.4876032,103.2241055,1493.915161
847153239012,38.4875501,103.2239244,1494.64917
847353238821,38.4875247,103.2238336,1495.066528
847553238869,38.4874999,103.2237428,1495.52478
847753238916,38.4874754,103.223652,1496.016724
847953238964,38.4874514,103.2235613,1496.516968
848153239012,38.4874275,103.2234708,1496.999512
848353238821,38.4874039,103.2233805,1497.471558
848553238869,38.4873804,103.2232905,1497.933228
848753238916,38.487357,103.2232006,1498.401245
848953238964,38.4873338,103.223111,1498.864502
849153239012,38.4873106,103.2230216,1499.322266
849353238821,38.4872874,103.2229324,1499.805908
849553238869,38.4872642,103.2228434,1500.283081
849753238916,38.4872409,103.2227546,1500.75647
849953238964,38.4872176,103.222666,1501.233643
850153239012,38.4871942,103.2225774,1501.709717
850353238821,38.4871707,103.2224891,1502.177002
850553238869,38.4871472,103.2224009,1502.62915
850753238916,38.4871235,103.2223129,1503.067261
850953238964,38.4870998,103.222225,1503.483765
851153239012,38.4870759,103.2221373,1503.890747
851353238821,38.4870518,103.2220496,1504.313721
851553238869,38.4870276,103.2219622,1504.745972
851753238916,38.4870031,103.2218748,1505.151123
851953238964,38.4869784,103.2217875,1505.544067
852153239012,38.4869536,103.2217003,1505.946167
852353238821,38.4869286,103.2216132,1506.353882
852553238869,38.4869033,103.2215262,1506.747925
852753238916,38.4868779,103.2214392,1507.124634
852953238964,38.4868524,103.2213522,1507.485107
853153239012,38.4868268,103.2212653,1507.818726
853353238821,38.4868011,103.2211785,1508.131226
853553238869,38.4867751,103.2210917,1508.481934
853753238916,38.486749,103.2210051,1508.858643
853953238964,38.4867226,103.2209186,1509.255615
854153239012,38.486696,103.2208323,1509.676758
854353238821,38.4866691,103.220746,1510.089844
854553238869,38.4866421,103.2206599,1510.503784
854753238916,38.4866149,103.220574,1510.919678
854953238964,38.4865875,103.2204882,1511.305176
855153239012,38.4865601,103.2204025,1511.718018
855353238821,38.4865326,103.2203171,1512.146118
855553238869,38.486505,103.2202318,1512.537231
855753238916,38.4864772,103.2201466,1512.911865
855953238964,38.4864493,103.2200616,1513.341919
856153239012,38.4864213,103.2199766,1513.794312
856353238821,38.4863932,103.2198918,1514.233154
856553238869,38.4863651,103.219807,1514.685425
856753238916,38.4863371,103.2197222,1515.143066
857153239012,38.4862814,103.219553,1515.915039
857353238821,38.4862534,103.2194685,1516.324951
857553238869,38.4862255,103.2193842,1516.756714
857753238916,38.4861975,103.2193,1517.155518
857953238964,38.4861694,103.2192159,1517.520264
858153239012,38.4861412,103.219132,1517.927979
858353238821,38.486113,103.2190482,1518.426392
858553238869,38.4860848,103.2189644,1518.921875
858753238916,38.4860566,103.2188807,1519.387817
858953238964,38.4860283,103.218797,1519.88916
859153239012,38.4859998,103.2187133,1520.43335
859353238821,38.4859711,103.2186295,1520.992432
859553238869,38.4859421,103.2185457,1521.572632
859753238916,38.4859127,103.2184618,1522.2229
859953238964,38.4858831,103.2183779,1522.90625
860153239012,38.4858533,103.218294,1523.545532
860353238821,38.4858234,103.2182101,1524.148926
860553238869,38.4857933,103.2181262,1524.709839
860753238916,38.485763,103.2180423,1525.248779
860953238964,38.4857327,103.2179584,1525.81311
861153239012,38.4857022,103.2178744,1526.361694
861353238821,38.4856717,103.2177903,1526.921875
861553238869,38.485641,103.2177061,1527.47583
861753238916,38.4856102,103.2176218,1527.996948
861953238964,38.4855792,103.2175373,1528.479736
862153239012,38.485548,103.2174527,1528.904419
862353238821,38.4855166,103.217368,1529.261597
862553238869,38.4854852,103.2172832,1529.602661
862753238916,38.4854539,103.2171985,1529.921265
862953238964,38.485423,103.2171139,1530.208984
863153239012,38.4853925,103.2170293,1530.463135
863353238821,38.4853624,103.2169447,1530.711426
863553238869,38.4853328,103.2168602,1530.92395
863753238916,38.4853035,103.2167758,1531.103394
863953238964,38.4852744,103.2166914,1531.249023
864153239012,38.4852455,103.2166071,1531.390991
864353238821,38.4852167,103.2165231,1531.494385
864553238869,38.4851879,103.2164392,1531.530029
864753238916,38.4851592,103.2163555,1531.52063
864953238964,38.4851306,103.2162721,1531.48291
865153239012,38.4851021,103.2161887,1531.399292
865353238821,38.4850739,103.2161056,1531.252075
865553238869,38.4850459,103.2160225,1531.045776
865753238916,38.4850181,103.2159394,1530.777344
865953238964,38.4849903,103.2158565,1530.434204
866153239012,38.4849626,103.2157735,1530.074341
866353238821,38.4849348,103.2156905,1529.705566
866553238869,38.4849069,103.2156074,1529.353271
866953238964,38.4848503,103.2154411,1528.691528
867153239012,38.4848215,103.2153578,1528.366089
867353238821,38.4847926,103.2152744,1528.015259
867553238869,38.4847634,103.2151908,1527.682251
867753238916,38.484734,103.215107,1527.385498
867953238964,38.4847045,103.2150231,1527.171631
868153239012,38.484675,103.214939,1526.999146
868353238821,38.4846454,103.2148548,1526.842651
868553238869,38.4846158,103.2147705,1526.693237
868753238916,38.4845861,103.2146862,1526.552368
868953238964,38.4845564,103.2146018,1526.468628
869153239012,38.4845267,103.2145174,1526.419678
869353238821,38.4844972,103.214433,1526.362671
869553238869,38.4844677,103.2143487,1526.286255
869753238916,38.4844382,103.2142643,1526.215088
869953238964,38.4844088,103.21418,1526.138062
870153239012,38.4843793,103.2140957,1526.053467
870353238821,38.4843499,103.2140113,1525.981567
870553238869,38.4843203,103.213927,1525.92041
870753238916,38.4842908,103.2138427,1525.827148
870953238964,38.4842613,103.2137584,1525.739258
871153239012,38.4842318,103.2136741,1525.681763
871353238821,38.4842022,103.2135896,1525.661133
871553238869,38.4841727,103.213505,1525.682007
871753238916,38.4841432,103.2134203,1525.736084
871953238964,38.4841137,103.2133356,1525.793701
872153239012,38.4840841,103.2132507,1525.856201
872353238821,38.4840545,103.2131658,1525.9198
872553238869,38.4840248,103.2130807,1526.00415
872753238916,38.483995,103.2129956,1526.117065
872953238964,38.4839652,103.2129104,1526.236816
873153239012,38.4839353,103.2128252,1526.360352
873353238821,38.4839055,103.2127398,1526.47522
873553238869,38.4838756,103.2126544,1526.602173
873753238916,38.4838458,103.212569,1526.723389
873953238964,38.4838159,103.2124835,1526.856079
874153239012,38.483786,103.212398,1527.009766
874353238821,38.4837561,103.2123124,1527.192383
874553238869,38.4837262,103.2122268,1527.4021
874753238916,38.4836962,103.2121412,1527.682617
874953238964,38.4836662,103.2120555,1528.043945
875153239012,38.4836362,103.2119698,1528.428711
875353238821,38.4836061,103.211884,1528.825562
875553238869,38.483576,103.2117983,1529.237915
875753238916,38.483546,103.2117126,1529.676147
875953238964,38.4835162,103.2116269,1530.139038
876153239012,38.4834865,103.2115413,1530.564331
876353238821,38.4834569,103.2114558,1530.915283
876553238869,38.4834275,103.2113704,1531.253906
876953238964,38.4833687,103.2111999,1531.893677
877153239012,38.4833393,103.2111147,1532.189087
877353238821,38.4833099,103.2110296,1532.445068
877553238869,38.4832805,103.2109446,1532.668945
877753238916,38.4832511,103.2108595,1532.844727
877953238964,38.4832218,103.2107744,1533.016357
878153239012,38.4831925,103.2106892,1533.194336
878353238821,38.4831632,103.210604,1533.383667
878553238869,38.4831339,103.2105187,1533.579346
878753238916,38.4831043,103.2104333,1533.780273
878953238964,38.4830746,103.2103478,1534.006714
879153239012,38.4830446,103.2102622,1534.25061
879353238821,38.4830143,103.2101766,1534.50415
879553238869,38.4829838,103.2100909,1534.777344
879753238916,38.4829531,103.2100052,1535.092651
879953238964,38.4829223,103.2099193,1535.478394
880153239012,38.4828912,103.2098334,1535.971191
880353238821,38.4828599,103.2097474,1536.550781
880553238869,38.4828285,103.2096613,1537.194092
880753238916,38.482797,103.2095751,1537.879883
880953238964,38.4827654,103.209489,1538.550903
881153239012,38.4827337,103.209403,1539.249634
881353238821,38.482702,103.209317,1539.971313
881553238869,38.4826702,103.209231,1540.661621
881753238916,38.4826382,103.2091451,1541.305054
881953238964,38.4826063,103.2090592,1541.912598
882153239012,38.4825744,103.2089734,1542.462402
882353238821,38.4825426,103.2088876,1542.868286
882553238869,38.482511,103.2088019,1543.204834
882753238916,38.4824796,103.2087163,1543.538452
882953238964,38.4824484,103.2086309,1543.863525
883153239012,38.4824175,103.2085456,1544.155762
883353238821,38.4823866,103.2084604,1544.417847
883553238869,38.4823557,103.2083753,1544.660034
883753238916,38.4823248,103.2082903,1544.851318
883953238964,38.482294,103.2082054,1544.945435
884153239012,38.4822632,103.2081204,1544.974731
884353238821,38.4822326,103.2080355,1544.956787
884553238869,38.4822022,103.2079506,1544.88562
884753238916,38.4821719,103.2078656,1544.799072
884953238964,38.4821418,103.2077805,1544.725708
885153239012,38.4821118,103.2076954,1544.630005
885353238821,38.4820818,103.20761,1544.528198
885553238869,38.4820519,103.2075246,1544.422607
885753238916,38.482022,103.2074389,1544.349976
885953238964,38.4819921,103.2073531,1544.314941
886153239012,38.4819621,103.2072671,1544.28894
886553238869,38.4819022,103.2070947,1544.29187
886553238869,38.4819022,103.2070947,1544.29187
886953238964,38.4818425,103.2069217,1544.393311
887153239012,38.4818126,103.2068349,1544.510132
887353238821,38.4817827,103.2067479,1544.631714
887553238869,38.4817527,103.2066607,1544.761841
887753238916,38.4817227,103.2065733,1544.916382
887953238964,38.4816926,103.2064858,1545.0802
888153239012,38.4816626,103.206398,1545.277466
888353238821,38.4816325,103.2063101,1545.522583
888553238869,38.4816025,103.2062222,1545.791138
888753238916,38.4815724,103.2061342,1546.061646
888953238964,38.4815424,103.2060462,1546.352539
889153239012,38.4815124,103.2059583,1546.66687
889353238821,38.4814822,103.2058704,1547.009644
889553238869,38.4814518,103.2057826,1547.361938
889753238916,38.4814214,103.2056948,1547.687622
889953238964,38.4813909,103.2056071,1548.002441
890153239012,38.4813604,103.2055195,1548.327515
890353238821,38.4813299,103.2054319,1548.642944
890553238869,38.4812994,103.2053443,1548.916382
890753238916,38.4812689,103.2052568,1549.167847
890953238964,38.4812384,103.2051693,1549.425659
891153239012,38.4812078,103.2050818,1549.687378
891353238821,38.4811771,103.2049944,1549.953491
891553238869,38.4811465,103.204907,1550.205322
891753238916,38.4811157,103.2048197,1550.432495
891953238964,38.4810848,103.2047323,1550.646606
892153239012,38.4810539,103.2046449,1550.860474
892353238821,38.4810229,103.2045575,1551.080566
892553238869,38.4809918,103.2044701,1551.307495
892753238916,38.4809606,103.2043826,1551.530518
892953238964,38.4809293,103.204295,1551.790405
893153239012,38.4808979,103.2042073,1552.061279
893353238821,38.4808665,103.2041195,1552.313965
893553238869,38.480835,103.2040317,1552.549805
893753238916,38.4808033,103.2039437,1552.787842
893953238964,38.4807716,103.2038556,1552.998169
894153239012,38.4807398,103.2037675,1553.192505
894353238821,38.4807081,103.2036792,1553.399048
894553238869,38.4806766,103.2035909,1553.615967
894753238916,38.4806453,103.2035025,1553.84314
894953238964,38.4806142,103.203414,1554.052246
895153239012,38.4805833,103.2033255,1554.23645
895353238821,38.4805525,103.2032369,1554.401733
895553238869,38.4805217,103.2031483,1554.562744
895753238916,38.4804909,103.2030597,1554.728149
895953238964,38.4804602,103.2029711,1554.873901
896353238821,38.4803987,103.2027939,1555.163208
896553238869,38.480368,103.2027053,1555.310913
896753238916,38.4803374,103.2026167,1555.459839
896953238964,38.4803067,103.2025281,1555.635132
897153239012,38.4802761,103.2024395,1555.846802
897353238821,38.4802454,103.2023509,1556.097656
897553238869,38.4802147,103.2022622,1556.375488
897753238916,38.480184,103.2021736,1556.639404
897953238964,38.4801531,103.202085,1556.874634
898153239012,38.480122,103.2019964,1557.099731
898353238821,38.4800909,103.2019077,1557.345825
898553238869,38.4800596,103.2018191,1557.605469
898753238916,38.4800284,103.2017305,1557.868164
898953238964,38.4799973,103.2016419,1558.106567
899153239012,38.4799662,103.2015533,1558.345459
899353238821,38.4799352,103.2014647,1558.57605
899553238869,38.4799042,103.2013761,1558.795654
899753238916,38.4798733,103.2012875,1559.011963
899953238964,38.4798424,103.2011989,1559.224121
900153239012,38.4798114,103.2011103,1559.428101
900353238821,38.4797804,103.2010218,1559.607788
900553238869,38.4797494,103.2009332,1559.772461
900753238916,38.4797182,103.2008447,1559.933472
900953238964,38.4796872,103.2007562,1560.093506
901153239012,38.479656,103.2006678,1560.253662
901353238821,38.4796249,103.2005793,1560.41748
901553238869,38.4795939,103.2004909,1560.58252
901753238916,38.4795628,103.2004024,1560.742798
901953238964,38.4795317,103.200314,1560.902832
902153239012,38.4795005,103.2002256,1561.077515
902353238821,38.4794691,103.200137,1561.257568
902553238869,38.4794377,103.2000485,1561.421631
902753238916,38.4794061,103.1999599,1561.588013
902953238964,38.4793743,103.1998713,1561.764526
903153239012,38.4793426,103.1997826,1561.941528
903353238821,38.4793108,103.199694,1562.121704
903553238869,38.4792789,103.1996053,1562.313721
903753238916,38.4792471,103.1995166,1562.53064
903953238964,38.4792152,103.1994279,1562.755493
904153239012,38.4791833,103.1993392,1562.997803
904353238821,38.4791514,103.1992504,1563.275269
904553238869,38.4791195,103.1991617,1563.568604
904753238916,38.4790875,103.1990731,1563.868286
904953238964,38.4790556,103.1989845,1564.174561
905153239012,38.4790237,103.1988959,1564.503662
905353238821,38.4789917,103.1988073,1564.847412
905553238869,38.4789598,103.1987188,1565.21228
905753238916,38.478928,103.1986303,1565.587036
905953238964,38.478896,103.1985418,1565.952515
906353238821,38.4788323,103.1983649,1566.648682
906553238869,38.4788004,103.1982764,1566.95459
906753238916,38.4787687,103.1981879,1567.259155
906953238964,38.478737,103.1980995,1567.578247
907153239012,38.4787053,103.1980109,1567.872559
907353238821,38.4786737,103.1979223,1568.17041
907553238869,38.4786421,103.1978337,1568.471924
907753238916,38.4786105,103.1977449,1568.765625
907953238964,38.4785789,103.197656,1569.052246
908153239012,38.4785471,103.1975671,1569.357544
908353238821,38.4785154,103.197478,1569.67627
908553238869,38.4784837,103.1973889,1569.981934
908753238916,38.478452,103.1972997,1570.301758
908953238964,38.4784203,103.1972105,1570.651978
909153239012,38.4783887,103.1971213,1571.034302
909353238821,38.478357,103.1970321,1571.437256
909553238869,38.4783254,103.1969428,1571.846558
909753238916,38.4782937,103.1968536,1572.245605
909953238964,38.4782621,103.1967643,1572.651245
910153239012,38.4782306,103.196675,1573.066772
910353238821,38.4781991,103.1965857,1573.515869
910553238869,38.4781676,103.1964963,1574.002441
910753238916,38.4781361,103.196407,1574.480103
910953238964,38.4781047,103.1963176,1574.936279
911153239012,38.4780733,103.1962284,1575.368896
911353238821,38.4780419,103.1961392,1575.80249
911553238869,38.4780107,103.1960501,1576.23999
911753238916,38.4779797,103.1959613,1576.656738
911953238964,38.4779489,103.1958727,1577.010132
912153239012,38.4779183,103.1957844,1577.321045
912353238821,38.4778879,103.1956963,1577.607788
912553238869,38.4778576,103.1956084,1577.86145
912753238916,38.4778274,103.1955209,1578.071167
912953238964,38.4777972,103.1954335,1578.237183
913153239012,38.477767,103.1953463,1578.325439
913353238821,38.4777368,103.1952594,1578.348755
913553238869,38.4777066,103.1951726,1578.341064
913753238916,38.4776764,103.195086,1578.303467
913953238964,38.4776461,103.1949996,1578.241089
914153239012,38.4776158,103.1949132,1578.174927
914353238821,38.4775854,103.1948268,1578.07666
914553238869,38.4775549,103.1947403,1577.969482
914753238916,38.4775243,103.1946538,1577.902466
914953238964,38.4774936,103.1945672,1577.877319
915153239012,38.4774627,103.1944805,1577.902222
915353238821,38.4774316,103.1943936,1577.994751
915553238869,38.4774004,103.1943067,1578.141357
915753238916,38.4773691,103.1942197,1578.362671
916153239012,38.4773066,103.1940458,1578.969604
916353238821,38.4772752,103.1939589,1579.363037
916553238869,38.4772436,103.1938719,1579.878662
916753238916,38.4772121,103.1937851,1580.433594
916953238964,38.4771807,103.1936985,1580.960449
917153239012,38.4771494,103.1936121,1581.481934
917353238821,38.4771182,103.1935261,1582.029785
917553238869,38.4770873,103.1934403,1582.607666
917753238916,38.4770565,103.1933548,1583.139038
917953238964,38.4770258,103.1932696,1583.64502
918153239012,38.4769954,103.1931846,1584.139282
918353238821,38.4769652,103.1930998,1584.587646
918553238869,38.4769352,103.1930151,1584.962402
918753238916,38.4769055,103.1929307,1585.249634
918953238964,38.4768759,103.1928464,1585.461792
919153239012,38.4768465,103.1927622,1585.618164
919353238821,38.4768171,103.1926783,1585.734863
919553238869,38.4767876,103.1925944,1585.824097
919753238916,38.4767582,103.1925108,1585.895386
919953238964,38.4767288,103.1924272,1585.927368
920153239012,38.4766996,103.1923439,1585.907715
920353238821,38.4766703,103.1922606,1585.858887
920553238869,38.4766412,103.1921775,1585.788452
920753238916,38.4766121,103.1920943,1585.703735
920953238964,38.4765829,103.1920112,1585.615479
921153239012,38.4765537,103.1919281,1585.514282
921353238821,38.4765245,103.1918449,1585.408813
921553238869,38.4764951,103.1917617,1585.337036
921753238916,38.4764658,103.1916783,1585.298706
921953238964,38.4764365,103.1915949,1585.290894
922153239012,38.4764072,103.1915113,1585.294189
922353238821,38.4763781,103.1914275,1585.313965
922553238869,38.4763489,103.1913436,1585.352417
922753238916,38.4763196,103.1912596,1585.421875
922953238964,38.4762904,103.1911755,1585.473267
923153239012,38.4762612,103.1910914,1585.502441
923353238821,38.4762319,103.1910074,1585.502808
923553238869,38.4762025,103.1909234,1585.541748
923753238916,38.476173,103.1908394,1585.67981
923953238964,38.4761436,103.1907556,1585.799805
924153239012,38.4761143,103.1906721,1585.961914
924353238821,38.4760849,103.1905888,1586.198242
924553238869,38.4760555,103.1905058,1586.463623
924753238916,38.4760262,103.1904231,1586.694824
924953238964,38.4759967,103.1903408,1586.910645
925153239012,38.4759674,103.1902589,1587.09729
925353238821,38.4759383,103.1901773,1587.284424
925553238869,38.4759094,103.1900959,1587.478882
925753238916,38.4758808,103.1900149,1587.633911
926153239012,38.4758238,103.1898533,1587.904419
926353238821,38.4757956,103.1897726,1588.065674
926553238869,38.4757675,103.189692,1588.258301
926753238916,38.4757394,103.1896114,1588.432983
926953238964,38.4757114,103.1895309,1588.584229
927153239012,38.4756835,103.1894504,1588.75293
927353238821,38.4756554,103.1893697,1588.913818
927553238869,38.4756273,103.189289,1589.030029
927753238916,38.475599,103.1892083,1589.119385
927953238964,38.4755703,103.1891275,1589.234009
928153239012,38.4755413,103.1890467,1589.329712
928353238821,38.4755121,103.1889659,1589.438477
928553238869,38.4754827,103.1888851,1589.586548
928753238916,38.4754531,103.1888042,1589.775146
928953238964,38.4754234,103.1887232,1589.987183
929153239012,38.4753936,103.1886421,1590.2229
929353238821,38.4753636,103.1885609,1590.441772
929553238869,38.4753333,103.1884795,1590.645386
929753238916,38.4753028,103.1883979,1590.875244
929953238964,38.4752724,103.1883161,1591.091675
930153239012,38.475242,103.1882344,1591.280273
930353238821,38.4752116,103.1881525,1591.476196
930553238869,38.4751815,103.1880705,1591.70459
930753238916,38.4751515,103.1879885,1591.949341
930953238964,38.4751218,103.1879064,1592.251831
931153239012,38.4750923,103.1878241,1592.646484
931353238821,38.4750629,103.1877418,1593.046997
931553238869,38.4750338,103.1876595,1593.460938
931753238916,38.4750046,103.187577,1593.985718
931953238964,38.4749753,103.1874945,1594.56543
932153239012,38.474946,103.1874121,1595.143555
932353238821,38.4749169,103.1873298,1595.710815
932553238869,38.4748881,103.1872477,1596.278564
932753238916,38.4748595,103.1871659,1596.876831
932953238964,38.4748312,103.1870843,1597.480103
933153239012,38.4748032,103.1870029,1598.00293
933353238821,38.4747754,103.1869218,1598.437134
933553238869,38.4747477,103.1868409,1598.807129
933753238916,38.4747201,103.1867601,1599.0625
933953238964,38.4746926,103.1866796,1599.249634
934153239012,38.4746655,103.1865992,1599.387695
934353238821,38.4746385,103.1865189,1599.399536
934553238869,38.4746117,103.1864387,1599.324951
934753238916,38.4745854,103.1863585,1599.210083
934953238964,38.4745597,103.186278,1599.053711
935153239012,38.4745346,103.1861974,1598.810303
935353238821,38.4745101,103.1861165,1598.483276
935553238869,38.4744865,103.1860353,1598.065674
935753238916,38.4744638,103.1859536,1597.594604
936153239012,38.474422,103.185788,1596.528564
936353238821,38.474403,103.185704,1595.917847
936553238869,38.4743854,103.185619,1595.270386
936753238916,38.4743693,103.185533,1594.581299
936953238964,38.4743548,103.1854461,1593.85437
937153239012,38.4743421,103.185358,1593.128296
937353238821,38.4743312,103.1852688,1592.401001
937553238869,38.474322,103.1851787,1591.670166
937753238916,38.4743148,103.1850875,1590.946899
937953238964,38.4743096,103.1849953,1590.250366
938153239012,38.4743064,103.1849023,1589.587891
938353238821,38.4743052,103.1848084,1588.969116
938553238869,38.4743061,103.1847138,1588.384155
938753238916,38.474309,103.1846186,1587.827271
938953238964,38.474314,103.1845229,1587.322632
939153239012,38.4743213,103.1844268,1586.866089
939353238821,38.4743308,103.1843303,1586.455688
939553238869,38.4743423,103.1842336,1586.083374
939753238916,38.4743559,103.1841368,1585.747314
939953238964,38.4743715,103.1840401,1585.454346
940153239012,38.4743892,103.1839434,1585.19519
940353238821,38.4744087,103.1838469,1584.991821
940553238869,38.4744302,103.1837507,1584.849609
940753238916,38.4744534,103.1836547,1584.755371
940953238964,38.474478,103.1835592,1584.670044
941153239012,38.4745042,103.1834641,1584.632202
941353238821,38.4745319,103.1833695,1584.626953
941553238869,38.4745608,103.1832755,1584.648682
941753238916,38.4745909,103.1831819,1584.710327
941953238964,38.4746221,103.183089,1584.800049
942153239012,38.4746542,103.1829965,1584.940674
942353238821,38.4746871,103.1829045,1585.128906
942553238869,38.4747208,103.1828131,1585.345337
942753238916,38.4747551,103.1827221,1585.57605
942953238964,38.47479,103.1826316,1585.822876
943153239012,38.4748253,103.1825416,1586.103394
943353238821,38.4748611,103.1824521,1586.440674
943553238869,38.4748971,103.182363,1586.781616
943753238916,38.4749335,103.1822744,1587.125366
943953238964,38.4749701,103.1821863,1587.495728
944153239012,38.4750069,103.1820985,1587.878906
944353238821,38.4750438,103.1820111,1588.253906
944553238869,38.4750809,103.1819241,1588.643433
944753238916,38.4751181,103.1818374,1589.031982
944953238964,38.4751554,103.1817511,1589.414307
945153239012,38.4751928,103.1816651,1589.763794
945353238821,38.4752303,103.1815794,1590.098755
945553238869,38.4752678,103.1814941,1590.419556
945753238916,38.4753054,103.181409,1590.70813
946153239012,38.4753807,103.1812394,1591.219238
946353238821,38.4754183,103.1811549,1591.459229
946553238869,38.475456,103.1810704,1591.681519
946753238916,38.4754936,103.1809859,1591.89624
946953238964,38.4755312,103.1809015,1592.088257
947153239012,38.4755687,103.1808171,1592.254395
947353238821,38.4756061,103.1807327,1592.404907
947553238869,38.4756435,103.1806483,1592.542358
947753238916,38.4756807,103.1805639,1592.672974
947953238964,38.4757178,103.1804794,1592.80957
948153239012,38.4757547,103.1803948,1592.954224
948353238821,38.4757915,103.1803101,1593.084229
948553238869,38.4758281,103.1802253,1593.210205
948753238916,38.4758646,103.1801405,1593.36084
948953238964,38.475901,103.1800555,1593.514648
949153239012,38.4759372,103.1799706,1593.641846
949353238821,38.4759733,103.1798855,1593.737305
949553238869,38.4760092,103.1798004,1593.823486
949753238916,38.476045,103.1797152,1593.894897
949953238964,38.4760807,103.1796299,1593.936279
950153239012,38.4761161,103.1795445,1593.958252
950353238821,38.4761513,103.179459,1594.001953
950553238869,38.4761863,103.1793734,1594.066162
950753238916,38.4762212,103.1792877,1594.138794
950953238964,38.4762559,103.1792019,1594.213867
951153239012,38.4762906,103.1791159,1594.310669
951353238821,38.476325,103.1790297,1594.403564
951553238869,38.4763595,103.1789432,1594.515991
951753238916,38.476394,103.1788566,1594.695557
951953238964,38.4764284,103.1787697,1594.850098
952153239012,38.476463,103.1786827,1594.950684
952353238821,38.4764976,103.1785954,1595.031494
952553238869,38.4765324,103.1785081,1595.153687
952753238916,38.4765674,103.1784206,1595.313721
952953238964,38.4766024,103.178333,1595.526855
953153239012,38.4766376,103.1782454,1595.774658
953353238821,38.4766729,103.1781575,1596.089355
953553238869,38.4767082,103.1780694,1596.449463
953753238916,38.4767434,103.1779809,1596.829468
953953238964,38.4767785,103.1778922,1597.219116
954153239012,38.4768134,103.1778033,1597.549683
954353238821,38.4768482,103.1777143,1597.843872
954553238869,38.4768829,103.1776254,1598.111206
954753238916,38.4769175,103.1775368,1598.36731
954953238964,38.476952,103.1774486,1598.633789
955153239012,38.4769865,103.1773607,1598.84436
955353238821,38.4770208,103.1772732,1598.963501
955553238869,38.477055,103.1771859,1599.032959
955953238964,38.4771231,103.1770118,1599.291382
956153239012,38.4771568,103.1769251,1599.362915
956353238821,38.4771908,103.1768389,1599.506104
956553238869,38.4772255,103.1767535,1599.743896
956753238916,38.4772606,103.1766688,1599.895874
956953238964,38.4772964,103.1765844,1599.958252
957153239012,38.4773327,103.1765003,1599.913574
957353238821,38.4773701,103.1764166,1599.764648
957553238869,38.4774084,103.1763335,1599.513428
957753238916,38.4774478,103.1762512,1599.15271
957953238964,38.4774886,103.1761698,1598.764648
958153239012,38.4775313,103.1760897,1598.384033
958353238821,38.4775757,103.176011,1598.001465
958553238869,38.4776219,103.1759336,1597.661621
958753238916,38.4776698,103.1758571,1597.352173
958953238964,38.4777195,103.1757818,1597.031494
959153239012,38.4777706,103.1757074,1596.707886
959353238821,38.4778232,103.1756342,1596.380371
959553238869,38.4778775,103.1755624,1596.095947
959753238916,38.4779331,103.175492,1595.769775
959953238964,38.4779899,103.1754232,1595.382446
960153239012,38.4780484,103.1753565,1595.058228
960353238821,38.4781084,103.1752918,1594.757813
960553238869,38.4781698,103.1752292,1594.446777
960753238916,38.4782325,103.1751685,1594.146729
960953238964,38.4782969,103.1751101,1593.926392
961153239012,38.4783627,103.1750537,1593.75061
961353238821,38.4784298,103.1749991,1593.585449
961553238869,38.4784981,103.1749466,1593.464233
961753238916,38.4785676,103.1748964,1593.371216
961953238964,38.4786381,103.1748482,1593.30542
962153239012,38.4787096,103.1748024,1593.277222
962353238821,38.478782,103.1747589,1593.295044
962553238869,38.4788553,103.1747177,1593.351807
962753238916,38.4789291,103.1746786,1593.389648
962953238964,38.4790037,103.1746419,1593.453979
963153239012,38.4790787,103.1746074,1593.515503
963353238821,38.4791543,103.1745752,1593.567993
963553238869,38.4792303,103.1745453,1593.575317
963753238916,38.4793064,103.1745172,1593.482544
963953238964,38.4793827,103.1744912,1593.335571
964153239012,38.4794593,103.1744676,1593.143433
964353238821,38.479536,103.1744462,1592.888428
964553238869,38.4796126,103.1744272,1592.602539
964753238916,38.4796893,103.1744105,1592.326172
964953238964,38.4797663,103.1743963,1592.080322
965153239012,38.4798433,103.1743842,1591.852783
965553238869,38.479998,103.1743671,1591.483276
965553238869,38.479998,103.1743671,1591.483276
965953238964,38.4801534,103.1743604,1591.301514
966153239012,38.4802312,103.1743606,1591.207397
966353238821,38.4803089,103.1743626,1591.042114
966553238869,38.4803865,103.1743674,1590.915771
966753238916,38.4804639,103.1743748,1590.818481
966953238964,38.480541,103.1743844,1590.711426
967153239012,38.4806179,103.1743964,1590.628418
967353238821,38.4806945,103.1744109,1590.574097
967553238869,38.4807706,103.1744273,1590.480347
967753238916,38.4808463,103.1744461,1590.414551
967953238964,38.4809215,103.174467,1590.339966
968153239012,38.4809961,103.1744899,1590.241577
968353238821,38.4810702,103.1745147,1590.134888
968553238869,38.4811437,103.1745415,1590.03064
968753238916,38.4812165,103.1745703,1589.932129
968953238964,38.4812887,103.1746007,1589.8302
969153239012,38.4813601,103.1746329,1589.784912
969353238821,38.4814309,103.1746666,1589.786743
969553238869,38.4815011,103.1747014,1589.830444
969753238916,38.4815708,103.1747373,1589.936279
969953238964,38.48164,103.174774,1590.09668
970153239012,38.4817088,103.1748112,1590.351318
970353238821,38.4817773,103.1748488,1590.719971
970553238869,38.4818455,103.1748865,1591.183716
970753238916,38.4819137,103.1749241,1591.692993
970953238964,38.4819818,103.1749613,1592.231689
971153239012,38.48205,103.174998,1592.804688
971353238821,38.4821183,103.175034,1593.37207
971553238869,38.4821869,103.1750692,1593.922607
971753238916,38.4822555,103.1751036,1594.457886
971953238964,38.4823244,103.1751371,1594.978394
972153239012,38.4823935,103.1751697,1595.454102
972353238821,38.4824629,103.1752012,1595.912598
972553238869,38.4825325,103.1752319,1596.330811
972753238916,38.4826021,103.1752619,1596.690063
972953238964,38.4826719,103.1752909,1597.010864
973153239012,38.4827419,103.1753188,1597.332397
973353238821,38.4828122,103.1753457,1597.731812
973553238869,38.4828827,103.1753715,1598.153076
973753238916,38.4829535,103.1753965,1598.51123
973953238964,38.4830245,103.1754206,1598.837891
974153239012,38.4830956,103.1754441,1599.118286
974353238821,38.4831669,103.175467,1599.341064
974553238869,38.4832384,103.1754894,1599.544434
974753238916,38.4833101,103.1755111,1599.738037
974953238964,38.483382,103.1755321,1599.937622
975153239012,38.4834538,103.1755531,1600.225952
975553238869,38.4835974,103.1755954,1600.627808
975753238916,38.4836693,103.1756168,1600.728516
975953238964,38.4837413,103.1756388,1600.771606
976153239012,38.4838132,103.1756618,1600.791016
976353238821,38.4838848,103.1756861,1600.818115
976553238869,38.4839559,103.1757121,1600.838013
976753238916,38.4840263,103.1757398,1600.803833
976953238964,38.4840958,103.1757695,1600.750122
977153239012,38.4841645,103.175801,1600.619141
977353238821,38.4842325,103.1758342,1600.422485
977553238869,38.4842997,103.1758692,1600.185669
977753238916,38.4843659,103.1759063,1599.924316
977953238964,38.4844313,103.1759452,1599.616699
978153239012,38.4844956,103.1759863,1599.296387
978353238821,38.4845589,103.1760292,1598.905396
978553238869,38.4846212,103.1760738,1598.43335
978753238916,38.4846824,103.1761203,1597.944092
978953238964,38.4847424,103.1761689,1597.458252
979153239012,38.4848011,103.1762195,1596.980225
979353238821,38.4848586,103.1762722,1596.515137
979553238869,38.4849149,103.1763267,1596.063477
979753238916,38.4849699,103.1763833,1595.664307
979953238964,38.4850236,103.176442,1595.309326
980153239012,38.4850758,103.1765026,1594.989136
980353238821,38.4851268,103.1765647,1594.633789
980553238869,38.4851763,103.1766283,1594.289917
980753238916,38.4852243,103.1766936,1593.985107
980953238964,38.4852705,103.1767605,1593.730835
981153239012,38.4853151,103.1768288,1593.529541
981353238821,38.485358,103.1768985,1593.351563
981553238869,38.4853993,103.1769693,1593.190796
981753238916,38.4854388,103.1770413,1593.073486
981953238964,38.4854767,103.1771144,1592.995239
982153239012,38.4855127,103.1771885,1592.948364
982353238821,38.4855472,103.1772634,1592.931885
982553238869,38.4855801,103.1773391,1592.938354
982753238916,38.4856115,103.1774154,1592.963867
982953238964,38.4856415,103.1774922,1593.022217
983153239012,38.4856701,103.1775693,1593.092896
983353238821,38.4856975,103.1776467,1593.196289
983553238869,38.4857238,103.1777245,1593.34436
983753238916,38.485749,103.1778024,1593.521729
983953238964,38.4857732,103.1778804,1593.733398
984153239012,38.4857967,103.1779585,1593.966553
984353238821,38.4858194,103.1780367,1594.215698
984553238869,38.4858415,103.1781149,1594.464233
984753238916,38.485863,103.1781932,1594.721436
984953238964,38.485884,103.1782714,1594.982788
985353238821,38.4859246,103.1784275,1595.466675
985553238869,38.4859442,103.1785054,1595.668579
985753238916,38.4859635,103.1785832,1595.85376
985953238964,38.4859824,103.1786608,1596.011475
986153239012,38.4860011,103.1787384,1596.146362
986353238821,38.4860195,103.1788158,1596.233398
986553238869,38.4860377,103.1788931,1596.260498
986753238916,38.4860559,103.1789704,1596.233276
986953238964,38.4860738,103.1790476,1596.184204
987153239012,38.4860917,103.1791247,1596.082886
987353238821,38.4861095,103.1792017,1595.940796
987553238869,38.4861272,103.1792787,1595.789795
987753238916,38.4861449,103.1793558,1595.644897
987953238964,38.4861625,103.1794329,1595.493042
988153239012,38.4861802,103.1795099,1595.297974
988353238821,38.486198,103.179587,1595.109131
988553238869,38.4862159,103.1796642,1594.941772
988753238916,38.4862338,103.1797413,1594.785156
988953238964,38.4862519,103.1798184,1594.576538
989153239012,38.4862701,103.1798953,1594.336426
989353238821,38.4862883,103.1799721,1594.097778
989553238869,38.4863068,103.1800488,1593.883545
989753238916,38.4863256,103.1801255,1593.760498
989953238964,38.4863447,103.1802021,1593.675537
990153239012,38.4863641,103.1802786,1593.569214
990353238821,38.4863838,103.1803552,1593.492798
990553238869,38.486404,103.1804317,1593.449341
990753238916,38.4864244,103.1805083,1593.386353
990953238964,38.4864451,103.1805848,1593.319824
991153239012,38.486466,103.1806614,1593.241699
991353238821,38.4864871,103.1807379,1593.163574
991553238869,38.4865083,103.1808146,1593.116089
991753238916,38.4865297,103.1808913,1593.103394
991953238964,38.4865511,103.1809682,1593.153564
992153239012,38.4865727,103.1810453,1593.237061
992353238821,38.4865944,103.1811226,1593.350586
992553238869,38.4866161,103.1812002,1593.504517
992753238916,38.486638,103.1812782,1593.665527
992953238964,38.4866601,103.1813563,1593.820557
993153239012,38.4866822,103.1814347,1593.964722
993353238821,38.4867045,103.1815133,1594.124023
993553238869,38.486727,103.181592,1594.331665
993753238916,38.4867496,103.1816709,1594.560791
993953238964,38.4867723,103.1817498,1594.776611
994153239012,38.4867952,103.1818287,1595.008789
994353238821,38.4868182,103.1819078,1595.332642
994553238869,38.4868414,103.181987,1595.731689
994753238916,38.4868647,103.1820663,1596.16394
995153239012,38.4869112,103.1822249,1597.05481
995353238821,38.4869346,103.1823042,1597.543335
995553238869,38.4869579,103.1823834,1598.013428
995753238916,38.4869813,103.1824626,1598.432129
995953238964,38.4870048,103.1825416,1598.834839
996153239012,38.4870283,103.1826203,1599.226685
996353238821,38.4870519,103.1826988,1599.606079
996553238869,38.4870754,103.1827769,1599.977051
996753238916,38.487099,103.1828548,1600.334839
996953238964,38.4871226,103.1829324,1600.604614
997153239012,38.4871462,103.1830096,1600.804688
997353238821,38.4871699,103.1830867,1600.93457
997553238869,38.4871936,103.1831636,1600.941528
997753238916,38.4872176,103.1832403,1600.858032
997953238964,38.4872417,103.1833169,1600.724854
998153239012,38.4872661,103.1833935,1600.58374
998353238821,38.4872905,103.1834702,1600.544067
998553238869,38.4873148,103.1835468,1600.483765
998753238916,38.4873389,103.1836232,1600.29541
998953238964,38.4873627,103.1836996,1600.119751
999153239012,38.4873863,103.1837763,1600.028931
999353238821,38.4874099,103.1838532,1599.992065
999553238869,38.4874334,103.1839302,1599.970337
999753238916,38.4874568,103.1840073,1599.963745
999953238964,38.4874803,103.1840846,1599.944702
1000153239012,38.4875037,103.1841619,1599.919678
1000353238821,38.487527,103.1842394,1599.850342
1000553238869,38.48755,103.1843169,1599.765503
1000753238916,38.4875728,103.1843946,1599.716553
1000953238964,38.4875953,103.1844725,1599.666992
1001153239012,38.4876175,103.1845505,1599.659058
1001353238821,38.4876392,103.1846287,1599.7229
1001553238869,38.4876608,103.184707,1599.807129
1001753238916,38.4876822,103.1847853,1599.864502
1001953238964,38.4877034,103.1848636,1599.905029
1002153239012,38.4877243,103.1849417,1599.958008
1002353238821,38.4877452,103.1850196,1600.033569
1002553238869,38.4877661,103.1850973,1600.117432
1002753238916,38.4877868,103.1851747,1600.189087
1002953238964,38.4878074,103.1852518,1600.256226
1003153239012,38.4878281,103.1853287,1600.302856
1003353238821,38.4878486,103.1854052,1600.322144
1003553238869,38.487869,103.1854816,1600.292725
1003753238916,38.4878893,103.1855577,1600.207886
1003953238964,38.4879097,103.1856337,1600.095459
1004153239012,38.4879299,103.1857095,1599.953857
1004353238821,38.4879502,103.1857851,1599.807739
1004553238869,38.4879705,103.1858607,1599.689819
1004753238916,38.487991,103.1859362,1599.569458
1005153239012,38.4880327,103.1860869,1599.326782
1005353238821,38.488054,103.1861622,1599.239502
1005553238869,38.4880757,103.1862376,1599.199951
1005753238916,38.4880977,103.1863132,1599.188354
1005953238964,38.4881197,103.1863889,1599.193726
1006153239012,38.4881419,103.1864646,1599.161377
1006353238821,38.4881642,103.1865404,1599.081543
1006553238869,38.4881866,103.1866164,1599.034668
1006753238916,38.4882092,103.1866926,1599.016357
1006953238964,38.488232,103.1867689,1599.016479
1007153239012,38.488255,103.1868454,1599.021484
1007353238821,38.4882782,103.1869219,1598.991821
1007553238869,38.4883015,103.1869985,1598.962036
1007753238916,38.488325,103.1870753,1598.964966
1007953238964,38.4883486,103.1871521,1598.980469
1008153239012,38.4883722,103.1872289,1599.017944
1008353238821,38.4883958,103.1873058,1599.075684
1008553238869,38.4884195,103.1873827,1599.123413
1008753238916,38.4884433,103.1874596,1599.17627
1008953238964,38.4884673,103.1875365,1599.22937
1009153239012,38.4884915,103.1876135,1599.363403
1009353238821,38.4885159,103.1876905,1599.560181
1009553238869,38.4885403,103.1877674,1599.776367
1009753238916,38.4885646,103.1878443,1599.960938
1009953238964,38.4885886,103.1879209,1600.145386
1010153239012,38.4886124,103.1879974,1600.339844
1010353238821,38.4886361,103.1880737,1600.528809
1010553238869,38.4886596,103.1881498,1600.70752
1010753238916,38.488683,103.1882257,1600.859741
1010953238964,38.4887063,103.1883015,1601.030762
1011153239012,38.4887298,103.1883771,1601.191162
1011353238821,38.4887532,103.1884526,1601.319336
1011553238869,38.4887767,103.1885278,1601.404297
1011753238916,38.4888003,103.1886029,1601.492065
1011953238964,38.4888239,103.1886778,1601.599243
1012153239012,38.4888476,103.1887526,1601.668335
1012353238821,38.4888711,103.1888271,1601.694458
1012553238869,38.4888947,103.1889013,1601.592285
1012753238916,38.4889181,103.1889754,1601.49231
1012953238964,38.4889415,103.1890494,1601.437866
1013153239012,38.4889647,103.1891233,1601.360474
1013353238821,38.488988,103.1891971,1601.303833
1013553238869,38.4890112,103.1892708,1601.269775
1013753238916,38.4890344,103.1893445,1601.246216
1013953238964,38.4890576,103.1894183,1601.256714
1014153239012,38.4890807,103.189492,1601.244141
1014353238821,38.4891035,103.1895657,1601.185303
1014553238869,38.4891261,103.1896393,1601.091187
1014753238916,38.4891483,103.1897129,1600.974121
1015153239012,38.489192,103.1898599,1600.679688
1015353238821,38.4892136,103.1899334,1600.506226
1015553238869,38.4892349,103.1900069,1600.330688
1015753238916,38.4892561,103.1900805,1600.151001
1015953238964,38.4892771,103.190154,1599.942993
1016153239012,38.4892981,103.1902276,1599.716431
1016353238821,38.489319,103.190301,1599.447632
1016553238869,38.4893398,103.1903744,1599.127808
1016753238916,38.4893606,103.1904478,1598.787964
1016953238964,38.4893813,103.1905211,1598.430054
1017153239012,38.4894021,103.1905946,1598.048096
1017353238821,38.4894229,103.190668,1597.604248
1017553238869,38.4894437,103.1907414,1597.12146
1017753238916,38.4894644,103.190815,1596.644897
1017953238964,38.4894851,103.1908886,1596.134033
1018153239012,38.489506,103.1909624,1595.596558
1018353238821,38.4895269,103.1910365,1595.121948
1018553238869,38.4895479,103.1911108,1594.598145
1018753238916,38.4895691,103.1911853,1593.984253
1018953238964,38.4895903,103.1912601,1593.322388
1019153239012,38.4896116,103.1913351,1592.612671
1019353238821,38.4896329,103.1914105,1591.936157
1019553238869,38.4896541,103.1914863,1591.333374
1019753238916,38.4896753,103.1915624,1590.771362
1019953238964,38.4896966,103.1916389,1590.210938
1020153239012,38.4897181,103.1917157,1589.640259
1020353238821,38.4897399,103.1917929,1589.074341
1020553238869,38.4897622,103.1918703,1588.526611
1020753238916,38.4897851,103.191948,1588.046021
1020953238964,38.4898084,103.1920259,1587.647583
1021153239012,38.4898321,103.1921039,1587.32373
1021353238821,38.489856,103.1921819,1587.027954
1021553238869,38.48988,103.1922598,1586.790527
1021753238916,38.4899041,103.1923376,1586.641846
1021953238964,38.4899282,103.1924153,1586.558228
1022153239012,38.4899523,103.1924929,1586.531128
1022353238821,38.4899766,103.1925703,1586.516479
1022553238869,38.4900009,103.1926476,1586.546753
1022753238916,38.4900254,103.1927248,1586.644043
1022953238964,38.4900499,103.1928018,1586.757935
1023153239012,38.4900744,103.1928785,1586.852539
1023353238821,38.4900987,103.192955,1586.947388
1023553238869,38.4901228,103.1930312,1587.011963
1023753238916,38.4901469,103.1931072,1587.011963
1023953238964,38.4901707,103.193183,1586.998291
1024153239012,38.4901945,103.1932586,1586.921021
1024353238821,38.4902181,103.1933339,1586.879761
1024553238869,38.4902416,103.1934091,1586.848022
1024953238964,38.4902884,103.1935589,1586.848511
1025153239012,38.4903116,103.1936336,1586.92041
1025353238821,38.4903347,103.1937083,1587.069946
1025553238869,38.4903575,103.1937829,1587.244873
1025753238916,38.4903802,103.1938574,1587.413696
1025953238964,38.4904029,103.1939319,1587.619629
1026153239012,38.4904253,103.1940064,1587.900879
1026353238821,38.4904477,103.1940808,1588.211548
1026553238869,38.4904699,103.194155,1588.516113
1026753238916,38.4904922,103.1942291,1588.79541
1026953238964,38.4905145,103.1943031,1589.119385
1027153239012,38.490537,103.194377,1589.492798
1027353238821,38.4905598,103.1944507,1589.794556
1027553238869,38.4905827,103.1945243,1590.085327
1027753238916,38.4906057,103.1945977,1590.391479
1027953238964,38.4906288,103.1946711,1590.735962
1028153239012,38.4906519,103.1947445,1591.074219
1028353238821,38.4906751,103.1948178,1591.35083
1028553238869,38.4906983,103.1948913,1591.569092
1028753238916,38.4907215,103.1949649,1591.81958
1028953238964,38.4907446,103.1950385,1592.090088
1029153239012,38.4907676,103.1951122,1592.34082
1029353238821,38.4907903,103.1951858,1592.527344
1029553238869,38.4908128,103.1952594,1592.698975
1029753238916,38.4908352,103.195333,1592.851563
1029953238964,38.4908574,103.1954067,1592.969971
1030153239012,38.4908796,103.1954804,1593.083862
1030353238821,38.4909018,103.1955544,1593.223755
1030553238869,38.490924,103.1956287,1593.426636
1030753238916,38.4909461,103.1957032,1593.63501
1030953238964,38.4909681,103.1957778,1593.78479
1031153239012,38.4909902,103.1958526,1593.922363
1031353238821,38.4910122,103.1959276,1594.067017
1031553238869,38.4910342,103.1960028,1594.209961
1031753238916,38.4910562,103.1960781,1594.3302
1031953238964,38.4910782,103.1961536,1594.41748
1032153239012,38.4911002,103.1962292,1594.498291
1032353238821,38.4911223,103.1963052,1594.639038
1032553238869,38.4911446,103.1963813,1594.794434
1032753238916,38.491167,103.1964576,1594.948975
1032953238964,38.4911894,103.1965341,1595.116577
1033153239012,38.4912118,103.1966105,1595.308716
1033353238821,38.4912343,103.196687,1595.520874
1033553238869,38.4912566,103.1967635,1595.740601
1033753238916,38.4912788,103.1968399,1595.980469
1033953238964,38.4913009,103.1969161,1596.225342
1034153239012,38.4913229,103.1969922,1596.488037
1034353238821,38.4913449,103.1970683,1596.764893
1034553238869,38.4913668,103.1971441,1597.018555
1034953238964,38.4914107,103.1972952,1597.442261
1035153239012,38.4914327,103.1973705,1597.61499
1035353238821,38.4914548,103.1974455,1597.754639
1035553238869,38.4914769,103.1975203,1597.880737
1035753238916,38.491499,103.1975949,1597.975586
1035953238964,38.4915211,103.1976692,1598.058594
1036153239012,38.491543,103.1977433,1598.135376
1036353238821,38.4915648,103.1978171,1598.183716
1036553238869,38.4915865,103.1978908,1598.21167
1036753238916,38.4916082,103.1979644,1598.217896
1036953238964,38.49163,103.1980378,1598.19873
1037153239012,38.4916517,103.1981112,1598.159424
1037353238821,38.4916735,103.1981845,1598.112183
1037553238869,38.4916954,103.1982577,1598.040527
1037753238916,38.4917172,103.1983309,1597.943726
1037953238964,38.4917389,103.1984042,1597.809814
1038153239012,38.4917606,103.1984774,1597.632202
1038353238821,38.4917822,103.1985508,1597.456909
1038553238869,38.4918036,103.1986243,1597.333374
1038753238916,38.491825,103.1986979,1597.21875
1038953238964,38.4918464,103.1987715,1597.126221
1039153239012,38.4918679,103.1988453,1597.085693
1039353238821,38.4918896,103.1989193,1597.130371
1039553238869,38.4919113,103.1989931,1597.164917
1039753238916,38.4919332,103.1990668,1597.19519
1039953238964,38.4919551,103.1991403,1597.257813
1040153239012,38.4919769,103.1992137,1597.332153
1040353238821,38.4919988,103.1992867,1597.387817
1040553238869,38.4920205,103.1993596,1597.414551
1040753238916,38.4920423,103.1994323,1597.393311
1040953238964,38.4920642,103.1995048,1597.343872
1041153239012,38.4920861,103.1995773,1597.281616
1041353238821,38.4921081,103.1996495,1597.195679
1041553238869,38.4921302,103.1997217,1597.083008
1041753238916,38.4921525,103.1997937,1596.942261
1041953238964,38.4921747,103.1998657,1596.77356
1042153239012,38.4921968,103.1999376,1596.578491
1042353238821,38.492219,103.2000095,1596.34729
1042553238869,38.4922413,103.2000814,1596.126221
1042753238916,38.4922636,103.2001535,1595.944458
1042953238964,38.4922859,103.2002256,1595.763062
1043153239012,38.4923083,103.2002978,1595.616089
1043353238821,38.4923306,103.2003702,1595.469971
1043553238869,38.492353,103.2004426,1595.329956
1043753238916,38.4923754,103.2005152,1595.191284
1043953238964,38.4923979,103.2005879,1595.074463
1044153239012,38.4924204,103.2006607,1594.977905
1044553238869,38.4924656,103.2008065,1594.719971
1044553238869,38.4924656,103.2008065,1594.719971
1044953238964,38.4925108,103.2009527,1594.351807
1045153239012,38.4925333,103.2010259,1594.152832
1045353238821,38.4925557,103.2010993,1593.964722
1045553238869,38.492578,103.2011728,1593.778076
1045753238916,38.4926002,103.2012464,1593.57251
1045953238964,38.4926224,103.2013201,1593.349243
1046153239012,38.4926446,103.2013939,1593.148682
1046353238821,38.4926667,103.201468,1592.984619
1046553238869,38.4926889,103.2015422,1592.848022
1046753238916,38.4927111,103.2016166,1592.71814
1046953238964,38.4927332,103.201691,1592.582886
1047153239012,38.4927553,103.2017656,1592.429688
1047353238821,38.4927774,103.2018402,1592.276489
1047553238869,38.4927995,103.2019149,1592.149658
1047753238916,38.4928216,103.2019897,1592.027832
1047953238964,38.4928437,103.2020645,1591.925659
1048153239012,38.4928657,103.2021394,1591.875
1048353238821,38.4928879,103.2022144,1591.894775
1048553238869,38.49291,103.2022896,1591.964844
1048753238916,38.4929323,103.2023649,1592.064575
1048953238964,38.4929545,103.2024402,1592.144409
1049153239012,38.4929768,103.2025155,1592.237061
1049353238821,38.4929992,103.2025909,1592.339233
1049553238869,38.4930216,103.2026662,1592.435181
1049753238916,38.493044,103.2027414,1592.495728
1049953238964,38.4930664,103.2028164,1592.512939
1050153239012,38.4930887,103.2028912,1592.450928
1050353238821,38.493111,103.2029659,1592.378418
1050553238869,38.4931333,103.2030404,1592.303955
1050753238916,38.4931557,103.2031147,1592.203125
1050953238964,38.4931782,103.2031889,1592.057495
1051153239012,38.4932008,103.2032629,1591.890503
1051353238821,38.4932233,103.2033368,1591.744995
1051553238869,38.4932457,103.2034104,1591.60498
1051753238916,38.493268,103.2034838,1591.468872
1051953238964,38.4932901,103.203557,1591.338501
1052153239012,38.4933122,103.2036301,1591.225342
1052353238821,38.4933343,103.2037031,1591.106323
1052553238869,38.4933565,103.2037761,1590.995117
1052753238916,38.4933788,103.203849,1590.894287
1052953238964,38.4934011,103.203922,1590.798218
1053153239012,38.4934236,103.203995,1590.725342
1053353238821,38.493446,103.2040679,1590.671875
1053553238869,38.4934685,103.2041408,1590.640015
1053753238916,38.4934909,103.2042137,1590.637695
1053953238964,38.4935133,103.2042865,1590.64209
1054153239012,38.4935358,103.2043591,1590.634521
1054553238869,38.493581,103.2045043,1590.643555
1054553238869,38.493581,103.2045043,1590.643555
1054953238964,38.4936264,103.2046494,1590.636108
1055153239012,38.4936493,103.2047219,1590.632324
1055353238821,38.4936721,103.2047944,1590.642212
1055553238869,38.493695,103.2048669,1590.658203
1055753238916,38.4937178,103.2049393,1590.663696
1055953238964,38.4937404,103.2050117,1590.664185
1056153239012,38.493763,103.205084,1590.664551
1056353238821,38.4937855,103.2051563,1590.659424
1056553238869,38.4938078,103.2052286,1590.646362
1056753238916,38.4938301,103.2053009,1590.646362
1056953238964,38.4938524,103.2053732,1590.621094
1057153239012,38.4938747,103.2054454,1590.575073
1057353238821,38.4938969,103.2055177,1590.542603
1057553238869,38.493919,103.20559,1590.566528
1057753238916,38.493941,103.2056622,1590.613403
1057953238964,38.493963,103.2057345,1590.677612
1058153239012,38.493985,103.2058067,1590.762939
1058353238821,38.4940069,103.2058788,1590.886719
1058553238869,38.4940288,103.205951,1591.017822
1058753238916,38.4940508,103.2060231,1591.150146
1058953238964,38.4940726,103.2060953,1591.308594
1059153239012,38.4940944,103.2061675,1591.481201
1059353238821,38.494116,103.2062399,1591.674683
1059553238869,38.4941376,103.2063123,1591.842529
1059753238916,38.4941592,103.2063847,1592.010498
1059953238964,38.4941807,103.2064573,1592.187744
1060153239012,38.4942023,103.2065299,1592.369995
1060353238821,38.4942238,103.2066025,1592.530029
1060553238869,38.4942453,103.206675,1592.682129
1060753238916,38.4942669,103.2067474,1592.857788
1060953238964,38.4942886,103.2068198,1593.044312
1061153239012,38.4943103,103.2068922,1593.206543
1061353238821,38.4943322,103.2069646,1593.355957
1061553238869,38.4943542,103.2070369,1593.455811
1061753238916,38.4943761,103.2071094,1593.528564
1061953238964,38.494398,103.2071819,1593.602051
1062153239012,38.49442,103.2072544,1593.67041
1062353238821,38.4944419,103.2073269,1593.698853
1062553238869,38.4944638,103.2073995,1593.69165
1062753238916,38.4944856,103.2074722,1593.653687
1062953238964,38.4945073,103.207545,1593.60376
1063153239012,38.494529,103.2076179,1593.551025
1063353238821,38.4945506,103.2076909,1593.474731
1063553238869,38.4945721,103.2077641,1593.400269
1063753238916,38.4945935,103.2078376,1593.319702
1063953238964,38.494615,103.2079114,1593.241821
1064353238821,38.4946576,103.2080598,1593.127441
1064553238869,38.4946789,103.2081345,1593.138428
1064753238916,38.4947002,103.2082096,1593.209229
1064953238964,38.4947215,103.2082849,1593.332642
1065153239012,38.4947429,103.2083605,1593.499268
1065353238821,38.4947643,103.2084364,1593.705811
1065553238869,38.494786,103.2085125,1593.975708
1065753238916,38.494808,103.2085888,1594.302979
1065953238964,38.4948301,103.2086653,1594.694092
1066153239012,38.4948524,103.2087417,1595.107544
1066353238821,38.4948749,103.2088182,1595.567017
1066553238869,38.4948974,103.2088945,1596.053345
1066753238916,38.4949199,103.2089707,1596.588135
1066953238964,38.4949424,103.2090467,1597.12207
1067153239012,38.4949651,103.2091225,1597.638428
1067353238821,38.4949878,103.2091982,1598.141846
1067553238869,38.4950106,103.2092737,1598.637573
1067753238916,38.4950336,103.2093491,1599.079224
1067953238964,38.4950567,103.2094243,1599.493042
1068153239012,38.4950798,103.2094994,1599.908813
1068353238821,38.4951031,103.2095743,1600.285522
1068553238869,38.4951264,103.2096492,1600.646851
1068753238916,38.4951497,103.209724,1600.979858
1068953238964,38.4951729,103.2097985,1601.261353
1069153239012,38.4951961,103.209873,1601.538452
1069353238821,38.4952193,103.2099475,1601.809326
1069553238869,38.4952425,103.2100219,1602.04541
1069753238916,38.4952658,103.2100964,1602.242676
1069953238964,38.4952892,103.2101708,1602.415894
1070153239012,38.4953126,103.2102454,1602.5625
1070353238821,38.4953361,103.2103199,1602.658569
1070553238869,38.4953596,103.2103945,1602.765259
1070753238916,38.4953832,103.2104691,1602.842285
1070953238964,38.4954068,103.2105438,1602.892944
1071153239012,38.4954303,103.2106186,1602.938599
1071353238821,38.4954538,103.2106934,1602.926514
1071553238869,38.4954772,103.2107684,1602.892334
1071753238916,38.4955007,103.2108435,1602.904297
1071953238964,38.4955243,103.2109188,1602.923096
1072153239012,38.4955479,103.2109942,1602.891479
1072353238821,38.4955716,103.2110694,1602.768799
1072553238869,38.4955952,103.2111446,1602.668091
1072753238916,38.4956186,103.2112198,1602.612061
1072953238964,38.4956418,103.211295,1602.580933
1073153239012,38.4956647,103.2113699,1602.521729
1073353238821,38.4956874,103.2114446,1602.413818
1073553238869,38.4957099,103.2115193,1602.233765
1073753238916,38.4957322,103.2115938,1601.986694
1073953238964,38.4957545,103.2116684,1601.750122
1074353238821,38.4957991,103.2118174,1601.199097
1074553238869,38.4958213,103.2118919,1600.882568
1074753238916,38.4958435,103.2119663,1600.55127
1074953238964,38.4958657,103.2120407,1600.192139
1075153239012,38.4958877,103.2121149,1599.799805
1075353238821,38.4959098,103.212189,1599.387573
1075553238869,38.4959318,103.2122631,1598.939209
1075753238916,38.495954,103.2123371,1598.454346
1075953238964,38.4959763,103.2124112,1597.964966
1076153239012,38.4959986,103.2124853,1597.44873
1076353238821,38.496021,103.2125594,1596.89209
1076553238869,38.4960435,103.2126336,1596.313477
1076753238916,38.4960659,103.2127077,1595.739624
1076953238964,38.4960884,103.212782,1595.152832
1077153239012,38.4961107,103.2128563,1594.567505
1077353238821,38.496133,103.2129307,1593.975342
1077553238869,38.4961553,103.2130052,1593.380981
1077753238916,38.4961775,103.2130799,1592.793701
1077953238964,38.4961997,103.2131548,1592.240112
1078153239012,38.4962218,103.2132299,1591.740234
1078353238821,38.496244,103.2133055,1591.34729
1078553238869,38.4962662,103.2133814,1591.034546
1078753238916,38.4962884,103.2134575,1590.774414
1078953238964,38.4963107,103.2135339,1590.579224
1079153239012,38.4963332,103.2136106,1590.454468
1079353238821,38.4963558,103.2136876,1590.435425
1079553238869,38.4963787,103.2137648,1590.463379
1079753238916,38.4964017,103.2138421,1590.540405
1079953238964,38.4964248,103.2139195,1590.644775
1080153239012,38.4964481,103.213997,1590.754028
1080353238821,38.4964715,103.2140745,1590.892334
1080553238869,38.4964949,103.2141519,1591.033447
1080753238916,38.4965182,103.2142293,1591.172974
1080953238964,38.4965416,103.2143066,1591.342041
1081153239012,38.4965649,103.2143838,1591.525635
1081353238821,38.4965881,103.2144608,1591.724487
1081553238869,38.4966113,103.2145377,1591.89502
1081753238916,38.4966345,103.2146144,1592.031494
1081953238964,38.4966577,103.214691,1592.21167
1082153239012,38.4966808,103.2147674,1592.416138
1082353238821,38.496704,103.2148437,1592.570801
1082553238869,38.4967271,103.2149198,1592.69751
1082753238916,38.4967503,103.2149959,1592.826416
1082953238964,38.4967734,103.2150718,1592.934326
1083153239012,38.4967966,103.2151477,1592.986572
1083353238821,38.4968198,103.2152234,1593.00415
1083553238869,38.4968431,103.2152992,1592.994263
1083753238916,38.4968663,103.2153749,1592.96228
1084153239012,38.4969126,103.2155261,1592.824097
1084353238821,38.4969357,103.2156016,1592.740723
1084553238869,38.4969588,103.2156772,1592.645264
1084753238916,38.4969819,103.2157527,1592.534302
1084953238964,38.497005,103.2158282,1592.415283
1085153239012,38.497028,103.2159038,1592.290894
1085353238821,38.497051,103.2159794,1592.147461
1085553238869,38.497074,103.216055,1591.965088
1085753238916,38.497097,103.2161306,1591.761353
1085953238964,38.49712,103.2162064,1591.564453
1086153239012,38.497143,103.2162823,1591.384766
1086353238821,38.497166,103.2163583,1591.229492
1086553238869,38.497189,103.2164344,1591.096069
1086753238916,38.4972121,103.2165107,1590.98999
1086953238964,38.4972351,103.2165872,1590.891479
1087153239012,38.4972582,103.2166639,1590.781982
1087353238821,38.4972814,103.2167407,1590.665527
1087553238869,38.4973046,103.2168178,1590.568726
1087753238916,38.4973278,103.2168949,1590.508789
1087953238964,38.497351,103.2169722,1590.479004
1088153239012,38.4973742,103.2170495,1590.449341
1088353238821,38.4973973,103.2171269,1590.453613
1088553238869,38.4974204,103.2172042,1590.477539
1088753238916,38.4974434,103.2172817,1590.494019
1088953238964,38.4974664,103.2173591,1590.528564
1089153239012,38.4974895,103.2174366,1590.578125
1089353238821,38.4975124,103.217514,1590.646484
1089553238869,38.4975352,103.2175915,1590.713989
1089753238916,38.4975577,103.217669,1590.782104
1089953238964,38.4975798,103.2177466,1590.817505
1090153239012,38.4976013,103.2178243,1590.824463
1090353238821,38.4976222,103.2179022,1590.816162
1090553238869,38.4976423,103.2179804,1590.776367
1090753238916,38.4976614,103.2180588,1590.711792
1090953238964,38.4976794,103.2181374,1590.623169
1091153239012,38.4976962,103.2182163,1590.498657
1091353238821,38.4977116,103.2182956,1590.360474
1091553238869,38.4977255,103.2183751,1590.216187
1091753238916,38.4977379,103.218455,1590.052612
1091953238964,38.497749,103.2185351,1589.862671
1092153239012,38.4977585,103.2186156,1589.641235
1092353238821,38.4977667,103.2186963,1589.402344
1092553238869,38.4977733,103.2187772,1589.155396
1092753238916,38.4977783,103.2188583,1588.911865
1092953238964,38.4977818,103.2189396,1588.666626
1093153239012,38.4977838,103.2190209,1588.415771
1093353238821,38.497784,103.2191024,1588.212891
1093553238869,38.4977827,103.219184,1588.029297
1093753238916,38.4977799,103.2192656,1587.855347
1094153239012,38.4977697,103.2194288,1587.58313
1094353238821,38.4977625,103.2195103,1587.476685
1094553238869,38.4977539,103.2195915,1587.405029
1094753238916,38.4977441,103.2196725,1587.367188
1094953238964,38.497733,103.2197532,1587.361938
1095153239012,38.4977209,103.2198336,1587.368774
1095353238821,38.4977078,103.2199138,1587.400269
1095553238869,38.4976937,103.2199936,1587.474121
1095753238916,38.4976788,103.2200732,1587.553223
1095953238964,38.497663,103.2201526,1587.660034
1096153239012,38.4976465,103.2202316,1587.787231
1096353238821,38.4976293,103.2203104,1587.931152
1096553238869,38.4976116,103.2203888,1588.084229
1096753238916,38.4975932,103.220467,1588.266846
1096953238964,38.4975744,103.2205448,1588.466431
1097153239012,38.4975551,103.2206223,1588.669922
1097353238821,38.4975354,103.2206996,1588.863403
1097553238869,38.4975154,103.2207765,1589.074341
1097753238916,38.4974951,103.2208533,1589.307861
1097953238964,38.4974746,103.22093,1589.56665
1098153239012,38.4974537,103.2210065,1589.823975
1098353238821,38.4974327,103.2210828,1590.043945
1098553238869,38.4974113,103.2211589,1590.267212
1098753238916,38.4973897,103.2212348,1590.533691
1098953238964,38.4973678,103.2213106,1590.805054
1099153239012,38.4973456,103.2213863,1591.064697
1099353238821,38.4973233,103.2214618,1591.322754
1099553238869,38.4973007,103.2215371,1591.575684
1099753238916,38.4972779,103.2216122,1591.833862
1099953238964,38.497255,103.2216873,1592.10498
1100153239012,38.4972319,103.2217622,1592.341919
1100353238821,38.4972087,103.2218371,1592.543457
1100553238869,38.4971854,103.2219119,1592.704224
1100753238916,38.497162,103.2219865,1592.866577
1100953238964,38.4971386,103.2220611,1593.046021
1101153239012,38.4971151,103.2221357,1593.231079
1101353238821,38.4970915,103.22221,1593.394897
1101553238869,38.4970678,103.2222843,1593.540283
1101753238916,38.4970441,103.2223586,1593.64563
1101953238964,38.4970205,103.2224329,1593.710205
1102153239012,38.4969969,103.2225071,1593.765503
1102353238821,38.4969734,103.2225814,1593.825562
1102553238869,38.4969499,103.2226557,1593.87439
1102753238916,38.4969266,103.2227299,1593.915405
1102953238964,38.4969034,103.2228041,1593.952881
1103153239012,38.4968804,103.2228785,1593.985107
1103353238821,38.4968574,103.2229528,1594.016479
1103553238869,38.4968345,103.2230272,1594.036011
1103753238916,38.4968116,103.2231017,1594.049316
1104153239012,38.4967662,103.2232509,1594.079712
1104353238821,38.4967436,103.2233258,1594.11438
1104553238869,38.4967211,103.2234008,1594.154907
1104753238916,38.4966987,103.2234761,1594.212891
1104953238964,38.4966764,103.2235515,1594.287964
1105153239012,38.4966542,103.2236269,1594.366577
1105353238821,38.496632,103.2237024,1594.453003
1105553238869,38.4966099,103.2237779,1594.53894
1105753238916,38.4965878,103.2238534,1594.626343
1105953238964,38.4965658,103.2239289,1594.739014
1106153239012,38.4965439,103.2240043,1594.868774
1106353238821,38.496522,103.2240798,1595.029419
1106553238869,38.4965002,103.2241554,1595.22583
1106753238916,38.4964784,103.2242309,1595.453369
1106953238964,38.4964566,103.2243062,1595.69165
1107153239012,38.4964348,103.2243817,1595.921631
1107353238821,38.496413,103.224457,1596.127686
1107553238869,38.4963911,103.2245322,1596.313232
1107753238916,38.4963692,103.2246072,1596.509888
1107953238964,38.4963473,103.2246821,1596.693481
1108153239012,38.4963254,103.2247568,1596.864258
1108353238821,38.4963035,103.2248313,1597.014282
1108553238869,38.4962815,103.2249058,1597.142456
1108753238916,38.4962596,103.2249801,1597.283081
1108953238964,38.4962377,103.2250543,1597.448608
1109153239012,38.4962157,103.2251284,1597.614746
1109353238821,38.4961937,103.2252024,1597.770752
1109553238869,38.4961717,103.2252764,1597.912476
1109753238916,38.4961498,103.2253503,1597.975098
1109953238964,38.4961279,103.2254242,1598.022827
1110153239012,38.4961061,103.2254981,1598.071655
1110353238821,38.4960842,103.2255718,1598.126953
1110553238869,38.4960623,103.2256453,1598.157715
1110753238916,38.4960404,103.2257188,1598.144653
1110953238964,38.4960185,103.2257922,1598.140381
1111153239012,38.4959965,103.2258656,1598.140625
1111353238821,38.4959746,103.2259391,1598.11377
1111553238869,38.4959527,103.2260129,1598.141357
1111753238916,38.4959307,103.2260869,1598.212402
1111953238964,38.4959088,103.2261614,1598.300537
1112153239012,38.4958868,103.2262361,1598.383911
1112353238821,38.4958648,103.2263112,1598.5271
1112553238869,38.4958426,103.2263866,1598.723267
1112753238916,38.4958204,103.2264622,1598.939331
1112953238964,38.4957981,103.2265381,1599.125366
1113153239012,38.4957758,103.2266142,1599.230103
1113353238821,38.4957534,103.2266904,1599.326904
1113553238869,38.4957309,103.2267666,1599.447144
1113753238916,38.4957084,103.2268426,1599.558228
1114153239012,38.4956631,103.2269942,1599.754761
1114353238821,38.4956404,103.2270699,1599.848389
1114553238869,38.4956178,103.2271455,1599.965942
1114753238916,38.4955954,103.2272213,1600.09021
1114953238964,38.495573,103.227297,1600.196167
1115153239012,38.4955507,103.2273729,1600.30188
1115353238821,38.4955285,103.2274489,1600.424316
1115553238869,38.4955063,103.2275248,1600.440063
1115753238916,38.4954842,103.2276006,1600.357178
1115953238964,38.4954622,103.2276764,1600.281738
1116153239012,38.4954398,103.2277517,1600.327881
1116353238821,38.495417,103.2278266,1600.312012
1116553238869,38.4953937,103.2279013,1600.195068
1116753238916,38.4953698,103.2279756,1599.994995
1116953238964,38.495345,103.2280497,1599.726074
1117153239012,38.495319,103.2281233,1599.398193
1117353238821,38.4952918,103.2281962,1598.987183
1117553238869,38.4952632,103.228268,1598.494507
1117753238916,38.4952329,103.2283387,1597.960938
1117953238964,38.4952008,103.2284078,1597.419067
1118153239012,38.495167,103.2284755,1596.869751
1118353238821,38.4951313,103.2285416,1596.328369
1118553238869,38.4950939,103.2286066,1595.792847
1118753238916,38.4950549,103.2286703,1595.256592
1118953238964,38.4950145,103.228733,1594.679077
1119153239012,38.4949727,103.2287946,1594.092651
1119353238821,38.4949291,103.2288548,1593.538452
1119553238869,38.4948839,103.2289134,1593.000977
1119753238916,38.4948373,103.2289704,1592.430054
1119953238964,38.4947894,103.2290258,1591.823608
1120153239012,38.4947397,103.2290791,1591.322021
1120353238821,38.4946881,103.22913,1590.928711
1120553238869,38.4946351,103.2291791,1590.584961
1120753238916,38.4945809,103.2292264,1590.25
1120953238964,38.4945256,103.2292719,1589.932739
1121153239012,38.4944687,103.2293151,1589.709229
1121353238821,38.4944107,103.2293561,1589.533691
1121553238869,38.4943518,103.2293951,1589.346802
1121753238916,38.494292,103.2294321,1589.150024
1121953238964,38.4942312,103.229467,1588.969971
1122153239012,38.4941695,103.2294995,1588.817139
1122353238821,38.4941071,103.2295297,1588.67627
1122553238869,38.4940439,103.2295578,1588.519775
1122753238916,38.49398,103.2295836,1588.355103
1122953238964,38.4939154,103.2296072,1588.196411
1123153239012,38.4938502,103.2296286,1588.031616
1123353238821,38.4937842,103.2296477,1587.901123
1123553238869,38.4937177,103.2296642,1587.801392
1123953238964,38.4935831,103.2296899,1587.693848
1124153239012,38.4935151,103.2296988,1587.671875
1124353238821,38.4934469,103.2297052,1587.661255
1124553238869,38.4933784,103.2297089,1587.688354
1124753238916,38.4933096,103.2297103,1587.740845
1124953238964,38.4932405,103.2297095,1587.818604
1125153239012,38.4931712,103.2297065,1587.897827
1125353238821,38.4931017,103.2297014,1587.97522
1125553238869,38.4930321,103.229694,1588.045166
1125753238916,38.4929627,103.2296846,1588.052734
1125953238964,38.4928933,103.229673,1588.037109
1126153239012,38.492824,103.2296592,1588.011475
1126353238821,38.4927549,103.2296435,1587.953979
1126553238869,38.4926861,103.2296258,1587.890259
1126753238916,38.4926175,103.2296062,1587.840332
1126953238964,38.4925491,103.229585,1587.808228
1127153239012,38.492481,103.2295622,1587.799438
1127353238821,38.4924132,103.2295381,1587.801758
1127553238869,38.4923456,103.2295129,1587.820435
1127753238916,38.4922783,103.2294866,1587.918335
1127953238964,38.4922113,103.2294596,1588.009521
1128153239012,38.4921446,103.229432,1588.098145
1128353238821,38.4920782,103.229404,1588.283691
1128553238869,38.492012,103.2293758,1588.557617
1128753238916,38.4919461,103.2293474,1588.881836
1128953238964,38.4918804,103.2293191,1589.209229
1129153239012,38.4918149,103.2292909,1589.605835
1129353238821,38.4917494,103.229263,1590.033203
1129553238869,38.491684,103.2292356,1590.47937
1129753238916,38.4916187,103.2292085,1590.948242
1129953238964,38.4915535,103.2291818,1591.426392
1130153239012,38.4914884,103.2291557,1591.925293
1130353238821,38.4914236,103.22913,1592.432129
1130553238869,38.491359,103.2291047,1592.94873
1130753238916,38.4912946,103.22908,1593.463257
1130953238964,38.4912303,103.2290557,1593.957642
1131153239012,38.4911662,103.229032,1594.437744
1131353238821,38.4911022,103.229009,1594.890381
1131553238869,38.4910383,103.2289866,1595.294312
1131753238916,38.4909746,103.228965,1595.670654
1131953238964,38.4909109,103.228944,1596.044434
1132153239012,38.4908474,103.2289238,1596.373291
1132353238821,38.490784,103.2289041,1596.66748
1132553238869,38.4907207,103.228885,1596.908081
1132753238916,38.4906575,103.2288665,1597.077759
1132953238964,38.4905943,103.2288486,1597.215698
1133153239012,38.4905312,103.2288313,1597.332764
1133353238821,38.490468,103.2288145,1597.407715
1133553238869,38.4904049,103.2287982,1597.448853
1133953238964,38.4902785,103.2287671,1597.440186
1134153239012,38.4902151,103.2287521,1597.411743
1134353238821,38.4901517,103.2287376,1597.396484
1134553238869,38.4900881,103.2287234,1597.406128
1134753238916,38.4900244,103.2287095,1597.453979
1134953238964,38.4899607,103.2286959,1597.458008
1135153239012,38.4898969,103.2286826,1597.39917
1135353238821,38.4898331,103.2286695,1597.317139
1135553238869,38.4897692,103.2286568,1597.25293
1135753238916,38.4897052,103.2286443,1597.184082
1135953238964,38.4896411,103.2286321,1597.148193
1136153239012,38.489577,103.2286202,1597.118286
1136353238821,38.4895127,103.2286085,1597.089722
1136553238869,38.4894484,103.2285969,1597.083252
1136753238916,38.4893839,103.2285856,1597.100464
1136953238964,38.4893192,103.2285744,1597.152832
1137153239012,38.4892546,103.2285634,1597.230469
1137353238821,38.4891897,103.2285525,1597.309692
1137553238869,38.4891248,103.2285418,1597.405151
1137753238916,38.4890598,103.2285313,1597.525024
1137953238964,38.4889947,103.2285209,1597.657715
1138153239012,38.4889295,103.2285107,1597.804199
1138353238821,38.4888642,103.2285006,1597.959106
1138553238869,38.4887989,103.2284906,1598.104248
1138753238916,38.4887335,103.2284809,1598.302368
1138953238964,38.488668,103.2284712,1598.561157
1139153239012,38.4886027,103.2284616,1598.801636
1139353238821,38.4885374,103.2284521,1599.036377
1139553238869,38.4884722,103.2284427,1599.276855
1139753238916,38.4884071,103.2284332,1599.541382
1139953238964,38.4883422,103.2284238,1599.790894
1140153239012,38.4882772,103.2284143,1600.033691
1140353238821,38.4882123,103.2284049,1600.269409
1140553238869,38.4881474,103.2283955,1600.474121
1140753238916,38.4880826,103.228386,1600.66626
1140953238964,38.4880177,103.2283764,1600.87915
1141153239012,38.4879529,103.2283668,1601.073242
1141353238821,38.4878882,103.228357,1601.284424
1141553238869,38.4878235,103.228347,1601.513794
1141753238916,38.487759,103.2283368,1601.752197
1141953238964,38.4876945,103.2283264,1601.986206
1142153239012,38.4876302,103.2283153,1602.28064
1142353238821,38.4875661,103.2283036,1602.533936
1142553238869,38.4875021,103.2282914,1602.663696
1142753238916,38.487438,103.2282787,1602.70874
1142953238964,38.4873739,103.2282651,1602.682983
1143153239012,38.4873097,103.2282504,1602.612671
1143353238821,38.4872457,103.2282344,1602.48645
1143553238869,38.4871818,103.2282167,1602.30188
1143953238964,38.4870548,103.2281759,1601.751709
1144153239012,38.4869917,103.2281523,1601.39502
1144353238821,38.4869288,103.2281266,1600.99292
1144553238869,38.4868662,103.2280989,1600.529907
1144753238916,38.4868038,103.2280691,1600.014282
1144953238964,38.4867417,103.2280373,1599.451904
1145153239012,38.48668,103.2280033,1598.85376
1145353238821,38.4866186,103.2279671,1598.228027
1145553238869,38.4865577,103.2279287,1597.566772
1145753238916,38.4864974,103.227888,1596.873291
1145953238964,38.4864376,103.2278451,1596.167236
1146153239012,38.4863785,103.2277997,1595.460449
1146353238821,38.48632,103.227752,1594.755737
1146553238869,38.4862622,103.2277018,1594.070435
1146753238916,38.4862052,103.2276491,1593.422607
1146953238964,38.4861489,103.2275941,1592.802246
1147153239012,38.4860934,103.2275368,1592.197144
1147353238821,38.4860387,103.2274771,1591.613525
1147553238869,38.485985,103.2274151,1591.058838
1147753238916,38.4859323,103.2273506,1590.544556
1147953238964,38.4858807,103.2272838,1590.089722
1148153239012,38.4858303,103.2272149,1589.656128
1148353238821,38.485781,103.2271437,1589.270508
1148553238869,38.4857333,103.2270701,1588.985107
1148753238916,38.4856872,103.2269941,1588.825806
1148953238964,38.4856426,103.2269158,1588.754639
1149153239012,38.4855996,103.2268356,1588.74646
1149353238821,38.4855579,103.2267534,1588.803711
1149553238869,38.4855177,103.2266695,1588.946411
1149753238916,38.4854785,103.2265842,1589.070923
1149953238964,38.4854404,103.2264978,1589.185303
1150153239012,38.4854037,103.2264101,1589.348999
1150353238821,38.4853682,103.2263216,1589.516968
1150553238869,38.4853339,103.2262322,1589.685913
1150753238916,38.4853009,103.2261422,1589.883545
1150953238964,38.4852691,103.2260516,1590.126465
1151153239012,38.4852383,103.2259605,1590.392822
1151353238821,38.4852085,103.225869,1590.670776
1151553238869,38.4851795,103.2257773,1590.971191
1151753238916,38.4851514,103.2256853,1591.288086
1151953238964,38.4851239,103.2255932,1591.597778
1152153239012,38.4850969,103.2255011,1591.889038
1152353238821,38.4850704,103.2254089,1592.159302
1152553238869,38.4850442,103.2253168,1592.412109
1152753238916,38.4850183,103.2252248,1592.664917
1152953238964,38.4849928,103.2251329,1592.960083
1153153239012,38.4849672,103.2250411,1593.326294
1153553238869,38.4849163,103.2248583,1593.929077
1153553238869,38.4849163,103.2248583,1593.929077
1153953238964,38.4848652,103.2246765,1594.498291
1154153239012,38.4848396,103.2245861,1594.806152
1154353238821,38.484814,103.2244961,1595.114624
1154553238869,38.4847883,103.2244064,1595.433228
1154753238916,38.4847626,103.224317,1595.751831
1154953238964,38.4847368,103.2242279,1596.052124
1155153239012,38.4847108,103.224139,1596.378418
1155353238821,38.4846847,103.2240503,1596.742676
1155553238869,38.4846585,103.2239618,1597.076294
1155753238916,38.4846321,103.2238734,1597.380981
1155953238964,38.4846057,103.223785,1597.6875
1156153239012,38.4845793,103.2236966,1598.012695
1156353238821,38.484553,103.2236082,1598.337524
1156553238869,38.4845267,103.2235199,1598.63562
1156753238916,38.4845006,103.2234315,1598.869385
1156953238964,38.4844744,103.2233431,1599.078613
1157153239012,38.4844479,103.2232547,1599.328003
1157353238821,38.4844213,103.2231662,1599.593506
1157553238869,38.4843945,103.2230777,1599.830078
1157753238916,38.4843674,103.2229893,1600.026001
1157953238964,38.4843401,103.2229009,1600.188477
1158153239012,38.4843126,103.2228126,1600.338989
1158353238821,38.4842848,103.2227244,1600.475342
1158553238869,38.4842568,103.2226363,1600.61438
1158753238916,38.4842286,103.2225483,1600.754639
1158953238964,38.4842003,103.2224606,1600.864624
1159153239012,38.4841719,103.2223729,1600.966309
1159353238821,38.4841434,103.2222854,1601.051758
1159553238869,38.4841147,103.2221981,1601.127563
1159753238916,38.4840858,103.2221108,1601.199463
1159953238964,38.4840567,103.2220238,1601.25769
1160153239012,38.4840274,103.2219369,1601.284424
1160353238821,38.4839979,103.2218503,1601.335449
1160553238869,38.4839683,103.2217638,1601.404785
1160753238916,38.4839385,103.2216775,1601.468628
1160953238964,38.4839085,103.2215913,1601.535767
1161153239012,38.4838785,103.2215053,1601.572998
1161353238821,38.4838483,103.2214195,1601.570068
1161553238869,38.483818,103.2213338,1601.536377
1161753238916,38.4837876,103.2212482,1601.474854
1161953238964,38.4837573,103.2211629,1601.399414
1162153239012,38.4837271,103.2210778,1601.301147
1162353238821,38.4836971,103.2209929,1601.204834
1162553238869,38.4836673,103.2209082,1601.160034
1162753238916,38.4836376,103.2208236,1601.145874
1162953238964,38.4836079,103.2207391,1601.125854
1163153239012,38.4835782,103.2206549,1601.0979
1163553238869,38.4835184,103.2204871,1601.041504
1163753238916,38.4834882,103.2204035,1601.025757
1163953238964,38.4834579,103.2203202,1600.946411
1164153239012,38.4834275,103.2202372,1600.817261
1164353238821,38.4833972,103.2201543,1600.640137
1164553238869,38.4833669,103.2200717,1600.400146
1164753238916,38.4833367,103.2199892,1600.112061
1164953238964,38.4833067,103.2199067,1599.822021
1165153239012,38.4832768,103.2198242,1599.505859
1165353238821,38.483247,103.2197417,1599.145386
1165553238869,38.4832172,103.219659,1598.764404
1165753238916,38.4831875,103.2195762,1598.373047
1165953238964,38.4831577,103.2194933,1597.98584
1166153239012,38.4831278,103.2194101,1597.641479
1166353238821,38.4830978,103.2193267,1597.375732
1166553238869,38.4830678,103.219243,1597.147949
1166753238916,38.4830379,103.2191591,1596.969482
1166953238964,38.4830082,103.2190751,1596.831421
1167153239012,38.4829786,103.2189908,1596.751221
1167353238821,38.482949,103.2189063,1596.736328
1167553238869,38.4829195,103.2188216,1596.75708
1167753238916,38.48289,103.2187367,1596.831665
1167953238964,38.4828603,103.2186516,1596.933472
1168153239012,38.4828305,103.2185664,1597.078247
1168353238821,38.4828006,103.218481,1597.299072
1168553238869,38.4827708,103.2183956,1597.505371
1168753238916,38.4827412,103.2183102,1597.691284
1168953238964,38.4827117,103.2182248,1597.91626
1169153239012,38.4826822,103.2181394,1598.13916
1169353238821,38.4826527,103.2180542,1598.330933
1169553238869,38.482623,103.2179691,1598.508057
1169753238916,38.4825932,103.2178841,1598.676147
1169953238964,38.4825633,103.2177992,1598.838135
1170153239012,38.4825333,103.2177145,1598.946411
1170353238821,38.4825034,103.21763,1598.989136
1170553238869,38.4824736,103.2175457,1598.952271
1170753238916,38.4824439,103.2174616,1598.882202
1170953238964,38.4824142,103.2173777,1598.822144
1171153239012,38.4823846,103.2172938,1598.774414
1171353238821,38.4823547,103.2172101,1598.672485
1171553238869,38.4823248,103.2171264,1598.54895
1171753238916,38.4822948,103.2170427,1598.444336
1171953238964,38.482265,103.2169591,1598.347656
1172153239012,38.4822353,103.2168753,1598.251587
1172353238821,38.4822058,103.2167914,1598.124756
1172553238869,38.4821763,103.2167074,1597.978882
1172753238916,38.4821468,103.2166233,1597.816772
1172953238964,38.4821174,103.216539,1597.642578
1173353238821,38.4820585,103.2163702,1597.293701
1173553238869,38.4820289,103.2162857,1597.106812
1173753238916,38.4819992,103.2162011,1596.924805
1173953238964,38.4819695,103.2161164,1596.740845
1174153239012,38.4819397,103.2160317,1596.524536
1174353238821,38.4819098,103.215947,1596.282349
1174553238869,38.4818799,103.2158622,1596.010986
1174753238916,38.4818497,103.2157773,1595.743896
1174953238964,38.4818194,103.2156924,1595.48645
1175153239012,38.4817889,103.2156074,1595.214111
1175353238821,38.4817583,103.2155224,1594.970215
1175553238869,38.4817275,103.2154373,1594.810791
1175753238916,38.4816967,103.2153521,1594.698975
1175953238964,38.4816658,103.2152668,1594.633545
1176153239012,38.481635,103.2151814,1594.572144
1176353238821,38.4816042,103.2150961,1594.525146
1176553238869,38.4815735,103.2150106,1594.527588
1176753238916,38.4815427,103.2149252,1594.558228
1176953238964,38.481512,103.2148397,1594.63916
1177153239012,38.4814813,103.2147542,1594.752197
1177353238821,38.4814506,103.2146688,1594.845825
1177553238869,38.48142,103.2145834,1594.945313
1177753238916,38.4813894,103.214498,1595.018921
1177953238964,38.4813588,103.2144128,1595.028076
1178153239012,38.4813284,103.2143276,1594.991577
1178353238821,38.481298,103.2142425,1594.90271
1178553238869,38.4812678,103.2141576,1594.778198
1178753238916,38.4812377,103.2140727,1594.636597
1178953238964,38.4812075,103.2139878,1594.498291
1179153239012,38.4811773,103.2139029,1594.304932
1179353238821,38.481147,103.2138181,1594.071533
1179553238869,38.4811165,103.2137331,1593.822754
1179753238916,38.4810859,103.2136481,1593.548706
1179953238964,38.4810551,103.213563,1593.282227
1180153239012,38.4810243,103.2134778,1593.013672
1180353238821,38.4809935,103.2133924,1592.714478
1180553238869,38.4809627,103.2133068,1592.40918
1180753238916,38.480932,103.2132211,1592.103516
1180953238964,38.4809012,103.2131352,1591.787842
1181153239012,38.4808705,103.2130491,1591.461548
1181353238821,38.4808398,103.2129629,1591.14502
1181553238869,38.480809,103.2128765,1590.85083
1181753238916,38.4807784,103.2127899,1590.556152
1181953238964,38.4807478,103.2127033,1590.28894
1182153239012,38.4807171,103.2126165,1590.052246
1182353238821,38.4806864,103.2125296,1589.849121
1182553238869,38.4806556,103.2124425,1589.655151
1182753238916,38.4806249,103.2123553,1589.442261
1182953238964,38.4805941,103.2122679,1589.260376
1183353238821,38.4805329,103.2120929,1588.953003
1183553238869,38.4805025,103.2120053,1588.798462
1183753238916,38.4804721,103.2119175,1588.667725
1183953238964,38.4804418,103.2118296,1588.546143
1184153239012,38.4804116,103.2117417,1588.435913
1184353238821,38.4803814,103.2116537,1588.339966
1184553238869,38.4803511,103.2115656,1588.270386
1184753238916,38.4803208,103.2114774,1588.214478
1184953238964,38.4802905,103.2113892,1588.171631
1185153239012,38.4802601,103.2113009,1588.146851
1185353238821,38.4802295,103.2112125,1588.161743
1185553238869,38.480199,103.2111241,1588.192749
1185753238916,38.4801684,103.2110356,1588.216431
1185953238964,38.4801377,103.210947,1588.2323
1186153239012,38.4801069,103.2108584,1588.226196
1186353238821,38.480076,103.2107696,1588.23645
1186553238869,38.480045,103.2106807,1588.248779
1186753238916,38.4800139,103.2105919,1588.252319
1186953238964,38.4799827,103.210503,1588.26001
1187153239012,38.4799514,103.2104141,1588.28772
1187353238821,38.47992,103.2103253,1588.303833
1187553238869,38.4798886,103.2102364,1588.305664
1187753238916,38.4798571,103.2101476,1588.293945
1187953238964,38.4798255,103.2100588,1588.279907
1188153239012,38.4797938,103.2099701,1588.244995
1188353238821,38.4797619,103.2098814,1588.192749
1188553238869,38.47973,103.2097927,1588.140747
1188753238916,38.4796979,103.2097041,1588.101074
1188953238964,38.4796658,103.2096156,1588.088867
1189153239012,38.4796336,103.2095271,1588.104736
1189353238821,38.4796012,103.2094387,1588.15625
1189553238869,38.4795688,103.2093503,1588.241577
1189753238916,38.4795362,103.2092619,1588.348267
1189953238964,38.4795036,103.2091736,1588.482788
1190153239012,38.4794709,103.2090852,1588.663452
1190353238821,38.4794381,103.2089968,1588.862671
1190553238869,38.4794054,103.2089084,1589.065063
1190753238916,38.4793727,103.20882,1589.305664
1190953238964,38.4793402,103.2087315,1589.579102
1191153239012,38.4793076,103.2086431,1589.846558
1191353238821,38.4792752,103.2085546,1590.101685
1191553238869,38.4792428,103.2084662,1590.301025
1191753238916,38.4792104,103.2083778,1590.506226
1191953238964,38.4791779,103.2082895,1590.702026
1192153239012,38.4791454,103.2082011,1590.930542
1192353238821,38.4791129,103.2081128,1591.221436
1192553238869,38.4790803,103.2080245,1591.57959
1192753238916,38.479048,103.2079361,1591.967896
1193153239012,38.4789835,103.2077598,1592.884888
1193353238821,38.4789515,103.2076718,1593.421631
1193553238869,38.4789194,103.207584,1593.962036
1193753238916,38.4788873,103.2074964,1594.540405
1193953238964,38.4788551,103.207409,1595.158936
1194153239012,38.4788229,103.2073218,1595.748169
1194353238821,38.4787906,103.2072348,1596.326294
1194553238869,38.4787583,103.2071479,1596.915771
1194753238916,38.478726,103.2070614,1597.484253
1194953238964,38.4786939,103.206975,1598.092285
1195153239012,38.4786621,103.2068887,1598.710327
1195353238821,38.4786304,103.2068026,1599.307251
1195553238869,38.4785987,103.2067166,1599.855591
1195753238916,38.4785672,103.2066306,1600.341064
1195953238964,38.478536,103.2065447,1600.773926
1196153239012,38.478505,103.2064588,1601.15625
1196353238821,38.4784741,103.2063731,1601.501587
1196553238869,38.4784434,103.2062874,1601.807007
1196753238916,38.478413,103.2062018,1602.086792
1196953238964,38.4783827,103.2061163,1602.340332
1197153239012,38.4783524,103.2060308,1602.564331
1197353238821,38.4783223,103.2059455,1602.753052
1197553238869,38.4782922,103.2058603,1602.875732
1197753238916,38.4782622,103.2057751,1602.965942
1197953238964,38.4782322,103.20569,1603.055542
1198153239012,38.4782022,103.205605,1603.129883
1198353238821,38.4781724,103.20552,1603.145386
1198553238869,38.4781427,103.2054351,1603.121216
1198753238916,38.478113,103.2053501,1603.080811
1198953238964,38.4780834,103.205265,1603.052612
1199153239012,38.478054,103.2051799,1603.01355
1199353238821,38.4780245,103.2050948,1602.905518
1199553238869,38.477995,103.2050097,1602.728638
1199753238916,38.4779652,103.2049246,1602.546143
1199953238964,38.4779352,103.2048396,1602.347412
1200153239012,38.4779049,103.2047547,1602.123535
1200353238821,38.4778742,103.2046697,1601.863403
1200553238869,38.4778432,103.2045847,1601.577759
1200753238916,38.4778121,103.2044995,1601.241821
1200953238964,38.4777808,103.2044143,1600.834473
1201153239012,38.4777494,103.2043288,1600.375366
1201353238821,38.477718,103.2042431,1599.909424
1201553238869,38.4776866,103.2041571,1599.421143
1201753238916,38.4776551,103.2040709,1598.934448
1201953238964,38.4776236,103.2039844,1598.474609
1202153239012,38.4775921,103.2038976,1598.030884
1202353238821,38.4775605,103.2038106,1597.60144
1202553238869,38.4775289,103.2037232,1597.181885
1202753238916,38.4774972,103.2036355,1596.792603
1203153239012,38.4774334,103.2034594,1596.061401
1203353238821,38.4774015,103.2033711,1595.708618
1203553238869,38.4773695,103.2032826,1595.376831
1203753238916,38.4773376,103.203194,1595.065796
1203953238964,38.4773057,103.2031053,1594.758179
1204153239012,38.4772739,103.2030166,1594.431519
1204353238821,38.4772422,103.2029278,1594.124023
1204553238869,38.4772106,103.2028389,1593.838867
1204753238916,38.477179,103.20275,1593.566528
1204953238964,38.4771475,103.2026611,1593.288818
1205153239012,38.477116,103.2025721,1593.005127
1205353238821,38.4770845,103.2024831,1592.728394
1205553238869,38.4770531,103.2023941,1592.454712
1205753238916,38.4770217,103.2023049,1592.190674
1205953238964,38.4769903,103.2022156,1591.929565
1206153239012,38.476959,103.2021262,1591.647827
1206353238821,38.4769278,103.2020367,1591.387695
1206553238869,38.4768966,103.2019472,1591.144775
1206753238916,38.4768654,103.2018577,1590.925903
1206953238964,38.4768341,103.2017682,1590.712158
1207153239012,38.4768028,103.2016786,1590.509277
1207353238821,38.4767715,103.201589,1590.320679
1207553238869,38.4767401,103.2014994,1590.145508
1207753238916,38.4767087,103.2014098,1589.972534
1207953238964,38.4766773,103.2013202,1589.808105
1208153239012,38.476646,103.2012306,1589.664429
1208353238821,38.4766145,103.2011409,1589.530518
1208553238869,38.4765831,103.2010514,1589.40625
1208753238916,38.4765516,103.2009619,1589.294189
1208953238964,38.4765202,103.2008725,1589.209839
1209153239012,38.4764886,103.200783,1589.21167
1209353238821,38.4764571,103.2006936,1589.28418
1209553238869,38.4764254,103.2006041,1589.445557
1209753238916,38.4763939,103.2005146,1589.681274
1209953238964,38.4763625,103.2004251,1589.944824
1210153239012,38.4763311,103.2003357,1590.258545
1210353238821,38.4762997,103.2002464,1590.653076
1210553238869,38.4762684,103.2001572,1591.11853
1210753238916,38.4762369,103.2000682,1591.592773
1210953238964,38.4762054,103.1999794,1592.071045
1211153239012,38.4761737,103.1998908,1592.536621
1211353238821,38.476142,103.1998024,1592.968506
1211553238869,38.4761102,103.1997142,1593.401489
1211753238916,38.4760785,103.1996263,1593.806763
1211953238964,38.4760468,103.1995386,1594.160278
1212153239012,38.4760153,103.1994511,1594.430054
1212353238821,38.4759839,103.1993637,1594.667603
1212553238869,38.4759525,103.1992766,1594.890991
1212753238916,38.4759211,103.1991895,1595.082153
1213153239012,38.475858,103.1990157,1595.211426
1213353238821,38.4758263,103.1989289,1595.240601
1213553238869,38.4757944,103.1988421,1595.243896
1213753238916,38.4757624,103.1987553,1595.216675
1213953238964,38.4757304,103.1986685,1595.177002
1214153239012,38.4756984,103.1985817,1595.109253
1214353238821,38.4756664,103.198495,1595.026855
1214553238869,38.4756345,103.1984081,1594.951172
1214753238916,38.4756025,103.1983212,1594.879639
1214953238964,38.4755705,103.1982341,1594.80127
1215153239012,38.4755385,103.1981469,1594.717651
1215353238821,38.4755064,103.1980595,1594.627319
1215553238869,38.4754743,103.1979719,1594.515137
1215753238916,38.4754421,103.1978842,1594.399902
1215953238964,38.4754098,103.1977963,1594.306519
1216153239012,38.4753775,103.1977082,1594.240845
1216353238821,38.4753452,103.19762,1594.161133
1216553238869,38.4753128,103.1975316,1594.010498
1216753238916,38.4752805,103.1974431,1593.872437
1216953238964,38.4752481,103.1973545,1593.744751
1217153239012,38.4752157,103.1972657,1593.627686
1217353238821,38.4751833,103.1971767,1593.500854
1217553238869,38.4751508,103.1970877,1593.350952
1217753238916,38.4751182,103.1969986,1593.199463
1217953238964,38.4750857,103.1969093,1593.063354
1218153239012,38.4750531,103.1968199,1592.953003
1218353238821,38.4750206,103.1967303,1592.854004
1218553238869,38.474988,103.1966405,1592.766968
1218753238916,38.4749555,103.1965506,1592.67395
1218953238964,38.4749229,103.1964606,1592.576538
1219153239012,38.4748904,103.1963704,1592.502563
1219353238821,38.4748577,103.1962802,1592.464233
1219553238869,38.474825,103.1961898,1592.444702
1219753238916,38.4747923,103.1960993,1592.430542
1219953238964,38.4747596,103.1960087,1592.403687
1220153239012,38.4747271,103.195918,1592.354126
1220353238821,38.4746946,103.1958273,1592.281738
1220553238869,38.4746622,103.1957365,1592.215088
1220753238916,38.4746299,103.1956457,1592.14917
1220953238964,38.4745975,103.1955549,1592.077026
1221153239012,38.474565,103.1954641,1591.993652
1221353238821,38.4745325,103.1953734,1591.933838
1221553238869,38.4745,103.1952825,1591.892212
1221753238916,38.4744675,103.1951918,1591.842651
1221953238964,38.4744349,103.195101,1591.802734
1222153239012,38.4744023,103.1950103,1591.773193
1222353238821,38.4743697,103.1949196,1591.772583
1222553238869,38.4743372,103.1948289,1591.815918
1222953238964,38.4742722,103.1946479,1591.912109
1223153239012,38.4742396,103.1945574,1591.948242
1223353238821,38.4742071,103.1944671,1591.969971
1223553238869,38.4741744,103.1943768,1591.987671
1223753238916,38.4741418,103.1942866,1592.011108
1223953238964,38.4741091,103.1941964,1592.03125
1224153239012,38.4740766,103.1941063,1592.049072
1224353238821,38.474044,103.1940162,1592.063354
1224553238869,38.4740116,103.1939262,1592.065552
1224753238916,38.4739791,103.1938361,1592.072266
1224953238964,38.4739468,103.193746,1592.099731
1225153239012,38.4739144,103.1936559,1592.145508
1225353238821,38.4738821,103.1935659,1592.202393
1225553238869,38.4738497,103.1934757,1592.264282
1225753238916,38.4738173,103.1933855,1592.339111
1225953238964,38.4737848,103.1932953,1592.415039
1226153239012,38.4737523,103.1932049,1592.491943
1226353238821,38.4737198,103.1931145,1592.556763
1226553238869,38.4736873,103.1930241,1592.601318
1226753238916,38.4736549,103.1929336,1592.651367
1226953238964,38.4736224,103.1928431,1592.706665
1227153239012,38.47359,103.1927526,1592.77124
1227353238821,38.4735576,103.192662,1592.831177
1227553238869,38.4735251,103.1925713,1592.894653
1227753238916,38.4734925,103.1924807,1592.984497
1227953238964,38.4734599,103.1923899,1593.088745
1228153239012,38.4734271,103.1922991,1593.194458
1228353238821,38.4733943,103.1922082,1593.302124
1228553238869,38.4733615,103.1921173,1593.411133
1228753238916,38.4733287,103.1920263,1593.519287
1228953238964,38.4732959,103.1919352,1593.631226
1229153239012,38.4732632,103.191844,1593.748657
1229353238821,38.4732305,103.1917527,1593.881104
1229553238869,38.4731977,103.1916613,1594.015747
1229753238916,38.4731649,103.1915699,1594.156982
1229953238964,38.4731322,103.1914784,1594.297119
1230153239012,38.4730994,103.1913869,1594.446289
1230353238821,38.4730666,103.1912954,1594.601318
1230553238869,38.4730338,103.1912039,1594.762817
1230753238916,38.4730011,103.1911124,1594.943848
1230953238964,38.4729683,103.191021,1595.125732
1231153239012,38.4729354,103.1909295,1595.322754
1231353238821,38.4729025,103.1908382,1595.549805
1231553238869,38.4728696,103.1907468,1595.844482
1231753238916,38.4728368,103.1906554,1596.194946
1231953238964,38.4728039,103.1905641,1596.514648
1232153239012,38.4727712,103.190473,1596.780396
1232353238821,38.4727384,103.1903819,1597.03186
1232553238869,38.4727057,103.190291,1597.298462
1232953238964,38.47264,103.1901092,1597.927124
1233153239012,38.4726071,103.1900184,1598.299561
1233353238821,38.4725743,103.1899278,1598.69751
1233553238869,38.4725415,103.1898373,1599.124146
1233753238916,38.4725088,103.1897468,1599.628906
1233953238964,38.4724762,103.1896565,1600.139771
1234153239012,38.4724436,103.1895663,1600.65564
1234353238821,38.472411,103.1894762,1601.146973
1234553238869,38.4723785,103.1893862,1601.5979
1234753238916,38.4723461,103.1892962,1602.02002
1234953238964,38.4723139,103.1892063,1602.417603
1235153239012,38.4722819,103.1891165,1602.719727
1235353238821,38.47225,103.1890269,1602.922974
1235553238869,38.4722181,103.1889373,1603.038086
1235753238916,38.4721861,103.1888477,1603.088379
1235953238964,38.4721541,103.1887584,1603.093262
1236153239012,38.472122,103.188669,1603.102783
1236353238821,38.4720899,103.1885798,1603.088867
1236553238869,38.4720577,103.1884907,1603.041016
1236753238916,38.4720256,103.1884015,1602.989868
1236953238964,38.4719935,103.1883123,1602.89917
1237153239012,38.4719613,103.1882232,1602.771851
1237353238821,38.4719291,103.188134,1602.633301
1237553238869,38.471897,103.1880449,1602.465576
1237753238916,38.4718648,103.1879557,1602.255493
1237953238964,38.4718328,103.1878667,1602.016235
1238153239012,38.4718008,103.1877777,1601.736816
1238353238821,38.4717691,103.1876887,1601.46521
1238553238869,38.4717376,103.1875996,1601.192627
1238753238916,38.4717064,103.1875104,1600.908936
1238953238964,38.4716757,103.1874209,1600.563965
1239153239012,38.4716454,103.1873311,1600.197998
1239353238821,38.4716157,103.1872408,1599.790161
1239553238869,38.4715868,103.1871499,1599.358765
1239753238916,38.4715588,103.1870582,1598.920288
1239953238964,38.4715319,103.1869658,1598.46582
1240153239012,38.4715062,103.1868725,1597.96106
1240353238821,38.4714819,103.1867785,1597.411255
1240553238869,38.4714594,103.1866837,1596.835571
1240753238916,38.4714387,103.186588,1596.243042
1240953238964,38.4714199,103.1864915,1595.64978
1241153239012,38.471403,103.1863943,1595.029419
1241353238821,38.471388,103.1862963,1594.422852
1241553238869,38.4713749,103.1861976,1593.821167
1241753238916,38.4713636,103.1860981,1593.235229
1241953238964,38.4713543,103.185998,1592.66272
1242153239012,38.4713466,103.1858973,1592.073975
1242553238869,38.4713368,103.1856948,1590.89209
1242553238869,38.4713368,103.1856948,1590.89209
1242953238964,38.4713355,103.1854912,1589.839355
1243153239012,38.4713382,103.1853892,1589.365601
1243353238821,38.4713428,103.1852872,1588.906006
1243553238869,38.4713494,103.1851851,1588.462891
1243753238916,38.4713581,103.1850831,1588.053711
1243953238964,38.4713688,103.1849812,1587.682251
1244153239012,38.4713813,103.1848793,1587.335327
1244353238821,38.4713957,103.1847777,1587.014404
1244553238869,38.4714119,103.1846763,1586.727295
1244753238916,38.4714299,103.1845753,1586.488403
1244953238964,38.4714498,103.1844748,1586.305542
1245153239012,38.4714715,103.1843749,1586.183716
1245353238821,38.4714947,103.1842755,1586.113647
1245553238869,38.4715194,103.1841768,1586.090088
1245753238916,38.4715453,103.1840786,1586.132568
1245953238964,38.4715725,103.1839809,1586.288574
1246153239012,38.4716007,103.1838837,1586.601929
1246353238821,38.4716299,103.1837868,1587.038208
1246553238869,38.4716597,103.1836903,1587.524048
1246753238916,38.47169,103.1835942,1587.977417
1246953238964,38.4717206,103.1834985,1588.376099
1247153239012,38.4717517,103.1834031,1588.820801
1247353238821,38.4717831,103.1833083,1589.342896
1247553238869,38.4718149,103.1832138,1589.893311
1247753238916,38.4718469,103.1831197,1590.445068
1247953238964,38.4718791,103.1830261,1591.020996
1248153239012,38.4719115,103.182933,1591.617065
1248353238821,38.471944,103.1828402,1592.216064
1248553238869,38.4719766,103.1827478,1592.840088
1248753238916,38.4720092,103.1826557,1593.456177
1248953238964,38.4720419,103.182564,1594.02356
1249153239012,38.4720746,103.1824726,1594.499268
1249353238821,38.4721072,103.1823817,1594.919189
1249553238869,38.47214,103.1822911,1595.376099
1249753238916,38.4721728,103.182201,1595.81897
1249953238964,38.4722056,103.1821113,1596.196533
1250153239012,38.4722384,103.1820217,1596.536377
1250353238821,38.472271,103.1819323,1596.821167
1250553238869,38.4723037,103.1818431,1597.075439
1250753238916,38.4723363,103.1817539,1597.329346
1250953238964,38.4723688,103.1816648,1597.602539
1251153239012,38.4724014,103.1815758,1597.864258
1251353238821,38.4724339,103.1814869,1598.106934
1251553238869,38.4724665,103.1813981,1598.312378
1251753238916,38.4724991,103.1813093,1598.477417
1251953238964,38.4725316,103.1812204,1598.619629
1252153239012,38.472564,103.1811314,1598.783691
1252553238869,38.4726285,103.1809524,1599.052734
1252753238916,38.4726607,103.1808623,1599.161621
1252953238964,38.4726927,103.1807719,1599.233887
1253153239012,38.4727246,103.1806811,1599.291138
1253353238821,38.4727564,103.1805899,1599.351929
1253553238869,38.4727882,103.1804986,1599.365723
1253753238916,38.47282,103.1804071,1599.368652
1253953238964,38.4728516,103.1803155,1599.392578
1254153239012,38.4728832,103.1802238,1599.41748
1254353238821,38.4729147,103.1801321,1599.407715
1254553238869,38.4729461,103.1800404,1599.421265
1254753238916,38.4729775,103.1799488,1599.458008
1254953238964,38.4730089,103.1798574,1599.486572
1255153239012,38.4730403,103.1797661,1599.465454
1255353238821,38.4730716,103.1796749,1599.42981
1255553238869,38.4731029,103.1795836,1599.478516
1255753238916,38.4731341,103.1794924,1599.515259
1255953238964,38.4731653,103.1794013,1599.522827
1256153239012,38.4731964,103.1793101,1599.52417
1256353238821,38.4732274,103.1792187,1599.544312
1256553238869,38.4732583,103.1791272,1599.513062
1256753238916,38.473289,103.1790357,1599.439087
1256953238964,38.4733195,103.1789439,1599.391724
1257153239012,38.47335,103.1788521,1599.354492
1257353238821,38.4733804,103.1787603,1599.333618
1257553238869,38.4734108,103.1786686,1599.320068
1257753238916,38.4734412,103.1785769,1599.264038
1257953238964,38.4734715,103.1784854,1599.210205
1258153239012,38.4735019,103.1783939,1599.175659
1258353238821,38.4735323,103.1783025,1599.140747
1258553238869,38.4735626,103.1782113,1599.105103
1258753238916,38.4735929,103.1781202,1599.058105
1258953238964,38.4736232,103.1780291,1599.021973
1259153239012,38.4736534,103.177938,1598.976807
1259353238821,38.4736834,103.1778471,1598.894775
1259553238869,38.4737134,103.1777563,1598.766724
1259753238916,38.4737433,103.1776656,1598.583496
1259953238964,38.4737731,103.1775752,1598.348511
1260153239012,38.4738027,103.1774849,1598.030762
1260353238821,38.4738323,103.1773949,1597.762207
1260553238869,38.4738618,103.1773051,1597.542114
1260753238916,38.4738912,103.1772155,1597.315918
1260953238964,38.4739204,103.177126,1597.085693
1261153239012,38.4739494,103.1770366,1596.847778
1261353238821,38.4739783,103.1769472,1596.629028
1261553238869,38.4740071,103.1768578,1596.445435
1261753238916,38.4740359,103.1767686,1596.281494
1261953238964,38.4740648,103.1766796,1596.127319
1262353238821,38.4741226,103.1765021,1595.771606
1262553238869,38.4741517,103.1764135,1595.645508
1262753238916,38.4741808,103.1763251,1595.507568
1262953238964,38.4742099,103.1762371,1595.272949
1263153239012,38.4742391,103.1761492,1594.995483
1263353238821,38.4742682,103.1760613,1594.739136
1263553238869,38.4742972,103.1759736,1594.493774
1263753238916,38.4743261,103.1758858,1594.255615
1263953238964,38.4743549,103.175798,1594.03772
1264153239012,38.4743836,103.1757103,1593.800415
1264353238821,38.4744123,103.1756228,1593.531006
1264553238869,38.474441,103.1755355,1593.245605
1264753238916,38.4744695,103.1754482,1592.983398
1264953238964,38.4744979,103.1753609,1592.733643
1265153239012,38.4745262,103.1752736,1592.492065
1265353238821,38.4745543,103.1751862,1592.262573
1265553238869,38.4745824,103.1750988,1592.017456
1265753238916,38.4746103,103.1750113,1591.747925
1265953238964,38.4746382,103.174924,1591.475464
1266153239012,38.4746661,103.1748366,1591.231079
1266353238821,38.474694,103.1747491,1591.0177
1266553238869,38.4747218,103.1746616,1590.795776
1266753238916,38.4747495,103.1745741,1590.582642
1266953238964,38.4747772,103.1744863,1590.38147
1267153239012,38.4748048,103.1743983,1590.188721
1267353238821,38.4748323,103.1743101,1589.991821
1267553238869,38.4748597,103.1742217,1589.785889
1267753238916,38.4748871,103.1741331,1589.610474
1267953238964,38.4749145,103.1740444,1589.47583
1268153239012,38.4749419,103.1739555,1589.350586
1268353238821,38.4749693,103.1738665,1589.237671
1268553238869,38.4749968,103.1737773,1589.139282
1268753238916,38.4750242,103.1736878,1589.068481
1268953238964,38.4750518,103.1735982,1589.019287
1269153239012,38.4750794,103.1735083,1588.990479
1269353238821,38.4751072,103.1734183,1588.982544
1269553238869,38.475135,103.1733282,1588.996094
1269753238916,38.4751631,103.1732381,1589.035034
1269953238964,38.4751913,103.1731479,1589.089966
1270153239012,38.4752197,103.1730578,1589.148071
1270353238821,38.4752482,103.1729675,1589.219482
1270553238869,38.4752767,103.1728772,1589.317505
1270753238916,38.4753054,103.1727868,1589.42627
1270953238964,38.4753342,103.1726964,1589.540161
1271153239012,38.4753629,103.172606,1589.636841
1271353238821,38.4753918,103.1725155,1589.726074
1271553238869,38.4754208,103.1724252,1589.881592
1271753238916,38.4754499,103.1723349,1590.112549
1271953238964,38.4754798,103.1722451,1590.453979
1272353238821,38.4755413,103.172066,1590.87085
1272553238869,38.4755727,103.1719763,1590.858276
1272753238916,38.4756052,103.1718867,1590.777466
1272953238964,38.475639,103.1717974,1590.663208
1273153239012,38.4756743,103.1717089,1590.504761
1273353238821,38.4757114,103.1716212,1590.313843
1273553238869,38.4757504,103.1715347,1590.107056
1273753238916,38.4757914,103.1714494,1589.88916
1273953238964,38.4758344,103.1713656,1589.660522
1274153239012,38.4758794,103.171283,1589.455322
1274353238821,38.4759262,103.1712018,1589.259766
1274553238869,38.4759748,103.1711218,1589.05896
1274753238916,38.476025,103.1710428,1588.873169
1274953238964,38.4760769,103.170965,1588.710083
1275153239012,38.4761304,103.1708884,1588.558838
1275353238821,38.4761854,103.1708132,1588.407227
1275553238869,38.476242,103.1707396,1588.260132
1275753238916,38.4763002,103.1706678,1588.130493
1275953238964,38.4763599,103.1705979,1588.025391
1276153239012,38.4764212,103.17053,1587.94519
1276353238821,38.4764839,103.170464,1587.911011
1276553238869,38.4765481,103.1704,1587.915771
1276753238916,38.4766135,103.1703378,1587.934082
1276953238964,38.4766803,103.1702775,1587.963623
1277153239012,38.4767483,103.1702192,1588.000366
1277353238821,38.4768173,103.1701628,1587.988892
1277553238869,38.4768872,103.1701083,1587.911133
1277753238916,38.4769582,103.1700561,1587.848877
1277953238964,38.4770303,103.1700062,1587.810181
1278153239012,38.4771033,103.1699584,1587.769287
1278353238821,38.4771773,103.1699128,1587.745117
1278553238869,38.4772521,103.1698694,1587.744873
1278753238916,38.4773277,103.1698281,1587.753174
1278953238964,38.4774041,103.169789,1587.766724
1279153239012,38.4774811,103.169752,1587.796631
1279353238821,38.4775589,103.1697173,1587.864136
1279553238869,38.4776373,103.1696847,1587.950684
1279753238916,38.4777162,103.1696544,1588.051514
1279953238964,38.4777956,103.1696264,1588.176392
1280153239012,38.4778754,103.1696006,1588.310669
1280353238821,38.4779557,103.1695771,1588.44165
1280553238869,38.4780362,103.1695556,1588.556274
1280753238916,38.4781171,103.1695366,1588.690796
1280953238964,38.4781982,103.1695201,1588.867188
1281153239012,38.4782795,103.169506,1589.085449
1281353238821,38.4783609,103.1694945,1589.32605
1281553238869,38.4784424,103.1694852,1589.561523
1281753238916,38.4785239,103.1694781,1589.785767
1281953238964,38.4786055,103.1694735,1590.03418
1282353238821,38.4787684,103.1694712,1590.602051
1282553238869,38.4788496,103.1694734,1590.881958
1282753238916,38.4789305,103.1694781,1591.162354
1282953238964,38.4790111,103.1694851,1591.442749
1283153239012,38.4790912,103.1694944,1591.712158
1283353238821,38.4791709,103.169506,1591.983765
1283553238869,38.4792502,103.1695199,1592.263916
1283753238916,38.4793289,103.1695359,1592.540039
1283953238964,38.4794071,103.169554,1592.802979
1284153239012,38.4794847,103.1695743,1593.034912
1284353238821,38.4795616,103.1695965,1593.216553
1284553238869,38.4796378,103.1696207,1593.370483
1284753238916,38.4797133,103.1696472,1593.542114
1284953238964,38.4797879,103.1696761,1593.745483
1285153239012,38.4798618,103.1697069,1593.935791
1285353238821,38.4799348,103.1697397,1594.113281
1285553238869,38.4800069,103.1697746,1594.291748
1285753238916,38.480078,103.1698117,1594.474854
1285953238964,38.4801483,103.1698507,1594.644043
1286153239012,38.4802176,103.1698917,1594.805908
1286353238821,38.4802861,103.1699344,1594.938232
1286553238869,38.4803537,103.169979,1595.075439
1286753238916,38.4804203,103.1700255,1595.193726
1286953238964,38.480486,103.1700735,1595.270264
1287153239012,38.4805506,103.1701233,1595.331665
1287353238821,38.4806139,103.170175,1595.417725
1287553238869,38.4806758,103.1702285,1595.501465
1287753238916,38.4807365,103.1702837,1595.570313
1287953238964,38.4807959,103.1703405,1595.637329
1288153239012,38.4808539,103.1703988,1595.676758
1288353238821,38.4809107,103.1704586,1595.699463
1288553238869,38.4809662,103.1705199,1595.712769
1288753238916,38.4810205,103.1705826,1595.680176
1288953238964,38.4810735,103.1706466,1595.615479
1289153239012,38.481125,103.1707121,1595.54895
1289353238821,38.4811752,103.170779,1595.436768
1289553238869,38.4812241,103.1708469,1595.255371
1289753238916,38.4812716,103.1709161,1595.041992
1289953238964,38.4813177,103.1709866,1594.827637
1290153239012,38.4813622,103.1710582,1594.607666
1290353238821,38.4814052,103.171131,1594.38916
1290553238869,38.4814467,103.1712049,1594.165894
1290753238916,38.4814867,103.1712798,1593.925171
1290953238964,38.4815252,103.1713556,1593.68335
1291153239012,38.4815622,103.1714325,1593.471924
1291353238821,38.4815977,103.1715103,1593.294312
1291553238869,38.4816319,103.1715889,1593.124268
1291753238916,38.4816648,103.1716681,1592.967285
1292153239012,38.4817268,103.1718284,1592.770386
1292353238821,38.4817562,103.1719093,1592.745483
1292553238869,38.4817845,103.1719905,1592.772583
1292753238916,38.4818121,103.1720721,1592.858398
1292953238964,38.4818389,103.1721538,1593.000854
1293153239012,38.4818652,103.1722357,1593.197754
1293353238821,38.481891,103.1723177,1593.470215
1293553238869,38.4819164,103.1723996,1593.809814
1293753238916,38.4819415,103.1724817,1594.242554
1293953238964,38.4819663,103.1725638,1594.774414
1294153239012,38.4819909,103.1726459,1595.351807
1294353238821,38.4820155,103.1727278,1595.897827
1294553238869,38.4820402,103.1728097,1596.453125
1294753238916,38.4820652,103.1728911,1597.029297
1294953238964,38.4820906,103.172972,1597.603271
1295153239012,38.4821164,103.1730523,1598.132813
1295353238821,38.4821428,103.1731319,1598.614014
1295553238869,38.48217,103.1732109,1599.096802
1295753238916,38.4821982,103.1732893,1599.517822
1295953238964,38.4822275,103.1733672,1599.866943
1296153239012,38.4822581,103.1734446,1600.15625
1296353238821,38.4822904,103.1735211,1600.411377
1296553238869,38.4823244,103.1735969,1600.63147
1296753238916,38.4823601,103.1736716,1600.803711
1296953238964,38.4823976,103.1737452,1600.964844
1297153239012,38.4824369,103.1738177,1601.113159
1297353238821,38.4824776,103.173889,1601.223633
1297553238869,38.4825197,103.1739593,1601.27124
1297753238916,38.4825633,103.1740285,1601.287109
1297953238964,38.4826082,103.1740966,1601.239624
1298153239012,38.4826544,103.1741637,1601.098999
1298353238821,38.4827017,103.1742297,1600.887695
1298553238869,38.4827504,103.1742944,1600.626465
1298753238916,38.4828006,103.1743576,1600.375244
1298953238964,38.482852,103.1744194,1600.144043
1299153239012,38.4829044,103.1744797,1599.883057
1299353238821,38.482958,103.1745386,1599.640015
1299553238869,38.4830126,103.174596,1599.423584
1299753238916,38.4830683,103.174652,1599.207764
1299953238964,38.483125,103.1747068,1598.993164
1300153239012,38.4831826,103.1747603,1598.829224
1300353238821,38.483241,103.1748126,1598.65686
1300553238869,38.4833001,103.1748638,1598.532227
1300753238916,38.4833601,103.1749138,1598.480225
1300953238964,38.4834208,103.1749626,1598.435425
1301153239012,38.483482,103.1750104,1598.379517
1301353238821,38.4835438,103.1750571,1598.348877
1301553238869,38.4836061,103.1751028,1598.342285
1301753238916,38.483669,103.1751474,1598.402344
1302153239012,38.4837952,103.1752347,1598.519653
1302353238821,38.4838584,103.1752779,1598.577515
1302553238869,38.4839214,103.175321,1598.627686
1302753238916,38.4839842,103.1753643,1598.637817
1302953238964,38.4840468,103.1754082,1598.613892
1303153239012,38.484109,103.1754527,1598.550659
1303353238821,38.4841707,103.1754981,1598.425781
1303553238869,38.4842318,103.1755447,1598.254517
1303753238916,38.484292,103.1755926,1598.026855
1303953238964,38.4843513,103.1756421,1597.774414
1304153239012,38.4844094,103.1756934,1597.508423
1304353238821,38.4844664,103.1757466,1597.228516
1304553238869,38.4845223,103.1758015,1596.917358
1304753238916,38.484577,103.1758582,1596.574585
1304953238964,38.4846305,103.1759165,1596.194702
1305153239012,38.484683,103.1759765,1595.806396
1305353238821,38.4847341,103.1760384,1595.420898
1305553238869,38.4847841,103.176102,1595.032837
1305753238916,38.4848329,103.1761672,1594.614746
1305953238964,38.4848805,103.1762338,1594.159668
1306153239012,38.484927,103.1763018,1593.673828
1306353238821,38.4849723,103.1763712,1593.188354
1306553238869,38.4850161,103.1764421,1592.727783
1306753238916,38.4850586,103.1765143,1592.297241
1306953238964,38.4850998,103.1765877,1591.899292
1307153239012,38.4851395,103.1766622,1591.571045
1307353238821,38.4851778,103.1767381,1591.360229
1307553238869,38.4852149,103.1768148,1591.196899
1307753238916,38.4852508,103.1768924,1591.094727
1307953238964,38.4852854,103.1769706,1591.071777
1308153239012,38.485319,103.1770493,1591.099487
1308353238821,38.4853516,103.1771284,1591.234741
1308553238869,38.4853833,103.1772079,1591.491211
1308753238916,38.4854144,103.1772875,1591.810059
1308953238964,38.4854447,103.1773672,1592.161743
1309153239012,38.4854744,103.1774469,1592.547485
1309353238821,38.4855034,103.1775267,1592.984985
1309553238869,38.4855319,103.1776064,1593.437988
1309753238916,38.4855599,103.177686,1593.906616
1309953238964,38.4855875,103.1777657,1594.390137
1310153239012,38.4856145,103.1778453,1594.897583
1310353238821,38.4856411,103.177925,1595.441772
1310553238869,38.4856671,103.1780047,1596.012451
1310753238916,38.4856926,103.1780844,1596.622803
1310953238964,38.4857177,103.178164,1597.2229
1311153239012,38.4857424,103.1782436,1597.79834
1311353238821,38.4857668,103.1783231,1598.338379
1311553238869,38.4857909,103.1784025,1598.834106
1311753238916,38.4858149,103.1784818,1599.282959
1312153239012,38.4858623,103.1786394,1600.027222
1312353238821,38.4858857,103.1787179,1600.360596
1312553238869,38.4859089,103.1787962,1600.69812
1312753238916,38.4859319,103.1788744,1601.013428
1312953238964,38.4859548,103.1789525,1601.256592
1313153239012,38.4859775,103.1790307,1601.484497
1313353238821,38.4860001,103.179109,1601.702881
1313553238869,38.4860224,103.1791874,1601.908813
1313753238916,38.4860447,103.1792659,1602.056396
1313953238964,38.4860667,103.1793444,1602.164185
1314153239012,38.4860887,103.1794228,1602.229614
1314353238821,38.4861106,103.1795014,1602.317139
1314553238869,38.4861324,103.1795801,1602.466064
1314753238916,38.4861542,103.1796589,1602.604858
1314953238964,38.4861757,103.1797376,1602.749634
1315153239012,38.4861971,103.1798164,1602.852783
1315353238821,38.4862184,103.1798951,1602.898193
1315553238869,38.4862396,103.1799736,1602.892944
1315753238916,38.4862608,103.1800521,1602.909912
1315953238964,38.4862821,103.1801305,1602.90625
1316153239012,38.4863035,103.1802087,1602.828735
1316353238821,38.4863249,103.1802869,1602.70166
1316553238869,38.4863465,103.1803649,1602.554199
1316753238916,38.486368,103.1804428,1602.368286
1316953238964,38.4863896,103.1805205,1602.150757
1317153239012,38.4864112,103.1805981,1601.924805
1317353238821,38.4864329,103.1806756,1601.65918
1317553238869,38.4864546,103.1807529,1601.366211
1317753238916,38.4864763,103.1808302,1601.092407
1317953238964,38.4864981,103.1809074,1600.817017
1318153239012,38.4865199,103.1809845,1600.544067
1318353238821,38.4865418,103.1810615,1600.265381
1318553238869,38.4865637,103.1811385,1599.983032
1318753238916,38.4865858,103.1812154,1599.684204
1318953238964,38.4866079,103.1812923,1599.393555
1319153239012,38.4866301,103.1813691,1599.123291
1319353238821,38.4866524,103.1814459,1598.869873
1319553238869,38.4866747,103.1815226,1598.611084
1319753238916,38.4866972,103.1815993,1598.348755
1319953238964,38.4867196,103.1816759,1598.095337
1320153239012,38.4867422,103.1817525,1597.836914
1320353238821,38.4867648,103.181829,1597.581787
1320553238869,38.4867874,103.1819054,1597.328247
1320753238916,38.48681,103.1819816,1597.078003
1320953238964,38.4868327,103.1820579,1596.83374
1321153239012,38.4868554,103.182134,1596.582153
1321353238821,38.4868781,103.18221,1596.352051
1321553238869,38.4869009,103.182286,1596.153687
1321953238964,38.4869465,103.1824377,1595.772217
1322153239012,38.4869694,103.1825135,1595.58728
1322353238821,38.4869922,103.1825893,1595.413574
1322553238869,38.487015,103.1826649,1595.235718
1322753238916,38.4870378,103.1827405,1595.059326
1322953238964,38.4870606,103.1828161,1594.895874
1323153239012,38.4870833,103.1828916,1594.742798
1323353238821,38.487106,103.182967,1594.58313
1323553238869,38.4871287,103.1830424,1594.412231
1323753238916,38.4871513,103.1831179,1594.256836
1323953238964,38.4871739,103.1831934,1594.141479
1324153239012,38.4871965,103.1832689,1594.039429
1324353238821,38.4872189,103.1833445,1593.93103
1324553238869,38.4872414,103.1834202,1593.821167
1324753238916,38.4872638,103.1834959,1593.690796
1324953238964,38.4872862,103.1835717,1593.536621
1325153239012,38.4873086,103.1836474,1593.379395
1325353238821,38.487331,103.1837232,1593.2146
1325553238869,38.4873535,103.183799,1593.049438
1325753238916,38.4873761,103.1838748,1592.879639
1325953238964,38.4873988,103.1839507,1592.704224
1326153239012,38.4874215,103.1840266,1592.54541
1326353238821,38.4874443,103.1841026,1592.387329
1326553238869,38.4874672,103.1841785,1592.237427
1326753238916,38.4874902,103.1842545,1592.109375
1326953238964,38.4875132,103.1843305,1591.979858
1327153239012,38.4875363,103.1844065,1591.854492
1327353238821,38.4875594,103.1844825,1591.743652
1327553238869,38.4875825,103.1845585,1591.642212
1327753238916,38.4876057,103.1846346,1591.537476
1327953238964,38.4876289,103.1847106,1591.434448
1328153239012,38.4876522,103.1847868,1591.332031
1328353238821,38.4876755,103.184863,1591.23877
1328553238869,38.4876989,103.1849392,1591.166016
1328753238916,38.4877223,103.1850156,1591.106201
1328953238964,38.4877457,103.185092,1591.054199
1329153239012,38.4877693,103.1851685,1591.022583
1329353238821,38.4877928,103.1852451,1591.011108
1329553238869,38.4878163,103.1853217,1591.001709
1329753238916,38.4878398,103.1853983,1591.005371
1329953238964,38.4878634,103.185475,1591.071777
1330153239012,38.4878869,103.1855518,1591.189453
1330353238821,38.4879105,103.1856286,1591.316895
1330553238869,38.4879342,103.1857056,1591.468994
1330753238916,38.487958,103.1857828,1591.648682
1330953238964,38.4879818,103.1858601,1591.842041
1331153239012,38.4880057,103.1859376,1592.002441
1331353238821,38.4880296,103.1860151,1592.115723
1331553238869,38.4880534,103.1860925,1592.181763
1331953238964,38.4881007,103.1862474,1592.270142
1332153239012,38.4881241,103.1863249,1592.279053
1332353238821,38.4881475,103.1864023,1592.279297
1332553238869,38.4881708,103.1864799,1592.244263
1332753238916,38.4881941,103.1865575,1592.200073
1332953238964,38.4882172,103.1866353,1592.151978
1333153239012,38.4882403,103.1867132,1592.10376
1333353238821,38.4882632,103.1867913,1592.062256
1333553238869,38.488286,103.1868694,1592.038696
1333753238916,38.4883086,103.1869476,1592.026001
1333953238964,38.4883311,103.187026,1592.019409
1334153239012,38.4883534,103.1871043,1592.019043
1334353238821,38.4883756,103.1871827,1592.036377
1334553238869,38.4883977,103.1872612,1592.087036
1334753238916,38.4884199,103.1873398,1592.169678
1334953238964,38.4884422,103.1874185,1592.239624
1335153239012,38.4884645,103.1874971,1592.321411
1335353238821,38.4884869,103.1875759,1592.460571
1335553238869,38.4885095,103.1876547,1592.662231
1335753238916,38.4885322,103.1877335,1592.880005
1335953238964,38.488555,103.1878122,1593.066895
1336153239012,38.4885777,103.1878909,1593.25293
1336353238821,38.4886005,103.1879696,1593.457642
1336553238869,38.4886233,103.1880481,1593.662354
1336753238916,38.4886461,103.1881265,1593.848877
1336953238964,38.4886691,103.1882049,1594.022583
1337153239012,38.488692,103.1882832,1594.171265
1337353238821,38.4887151,103.1883614,1594.307373
1337553238869,38.4887383,103.1884395,1594.440918
1337753238916,38.4887615,103.1885175,1594.578003
1337953238964,38.4887848,103.1885954,1594.71228
1338153239012,38.4888082,103.1886732,1594.831543
1338353238821,38.4888316,103.1887509,1594.938721
1338553238869,38.488855,103.1888285,1595.019409
1338753238916,38.4888784,103.188906,1595.11145
1338953238964,38.4889018,103.1889834,1595.217285
1339153239012,38.488925,103.1890606,1595.304199
1339353238821,38.4889483,103.1891377,1595.359863
1339553238869,38.4889716,103.1892147,1595.377441
1339753238916,38.4889948,103.1892915,1595.36499
1339953238964,38.4890181,103.1893682,1595.319214
1340153239012,38.4890415,103.1894447,1595.247437
1340353238821,38.489065,103.1895211,1595.150024
1340553238869,38.4890885,103.1895973,1595.017578
1340753238916,38.4891119,103.1896733,1594.871338
1340953238964,38.4891352,103.1897492,1594.720581
1341153239012,38.4891583,103.1898249,1594.598877
1341553238869,38.4892047,103.1899764,1594.571167
1341553238869,38.4892047,103.1899764,1594.571167
1341953238964,38.4892514,103.1901282,1594.534302
1342153239012,38.4892748,103.1902042,1594.502197
1342353238821,38.4892983,103.1902802,1594.461792
1342553238869,38.4893216,103.1903561,1594.451782
1342753238916,38.4893449,103.190432,1594.446777
1342953238964,38.489368,103.1905078,1594.437622
1343153239012,38.4893911,103.1905835,1594.432007
1343353238821,38.489414,103.1906591,1594.431396
1343553238869,38.4894369,103.1907347,1594.44458
1343753238916,38.4894598,103.1908103,1594.469116
1343953238964,38.4894827,103.1908858,1594.487671
1344153239012,38.4895055,103.1909612,1594.537109
1344353238821,38.4895285,103.1910366,1594.601196
1344553238869,38.4895513,103.1911119,1594.681519
1344753238916,38.4895741,103.1911872,1594.773193
1344953238964,38.4895969,103.1912624,1594.835938
1345153239012,38.4896197,103.1913376,1594.858521
1345353238821,38.4896424,103.1914129,1594.881714
1345553238869,38.489665,103.1914881,1594.908813
1345753238916,38.4896878,103.1915633,1594.939453
1345953238964,38.4897105,103.1916385,1595.008179
1346153239012,38.4897333,103.1917138,1595.082764
1346353238821,38.4897561,103.191789,1595.161987
1346553238869,38.489779,103.1918644,1595.226929
1346753238916,38.4898019,103.1919398,1595.285156
1346953238964,38.4898248,103.1920153,1595.347534
1347153239012,38.4898478,103.192091,1595.409668
1347353238821,38.4898707,103.1921667,1595.481689
1347553238869,38.4898936,103.1922424,1595.543823
1347753238916,38.4899164,103.1923181,1595.583008
1347953238964,38.4899393,103.1923938,1595.640381
1348153239012,38.4899621,103.1924695,1595.749146
1348353238821,38.4899849,103.192545,1595.874878
1348553238869,38.4900075,103.1926203,1595.986938
1348753238916,38.4900301,103.1926955,1596.054688
1348953238964,38.4900526,103.1927707,1596.13208
1349153239012,38.4900748,103.1928457,1596.156982
1349353238821,38.4900968,103.1929205,1596.113159
1349553238869,38.4901186,103.1929954,1596.09668
1349753238916,38.4901406,103.1930703,1596.041016
1349953238964,38.4901625,103.1931451,1595.956665
1350153239012,38.4901844,103.1932199,1595.839966
1350353238821,38.4902062,103.1932945,1595.659302
1350553238869,38.4902278,103.1933689,1595.456421
1350753238916,38.4902492,103.1934431,1595.276611
1350953238964,38.4902705,103.1935171,1595.095581
1351153239012,38.4902916,103.1935909,1594.907349
1351553238869,38.4903338,103.1937383,1594.64209
1351753238916,38.4903549,103.1938118,1594.49939
1351953238964,38.490376,103.1938854,1594.362793
1352153239012,38.4903973,103.193959,1594.263428
1352353238821,38.4904186,103.1940326,1594.203125
1352553238869,38.4904401,103.1941064,1594.169678
1352753238916,38.4904616,103.1941801,1594.117432
1352953238964,38.4904834,103.1942539,1594.036621
1353153239012,38.4905052,103.1943277,1593.955566
1353353238821,38.4905272,103.1944016,1593.928467
1353553238869,38.4905493,103.1944755,1593.959106
1353753238916,38.4905715,103.1945495,1594.013062
1353953238964,38.4905938,103.1946237,1594.068726
1354153239012,38.4906162,103.194698,1594.148682
1354353238821,38.4906387,103.1947725,1594.22583
1354553238869,38.4906614,103.1948471,1594.295166
1354753238916,38.490684,103.1949219,1594.450684
1354953238964,38.4907067,103.1949969,1594.620361
1355153239012,38.4907295,103.1950719,1594.757935
1355353238821,38.4907522,103.195147,1594.930786
1355553238869,38.4907752,103.1952222,1595.139526
1355753238916,38.4907982,103.1952975,1595.34082
1355953238964,38.4908214,103.1953727,1595.536255
1356153239012,38.4908446,103.1954478,1595.747314
1356353238821,38.490868,103.1955227,1595.993896
1356553238869,38.4908914,103.1955975,1596.259644
1356753238916,38.4909147,103.195672,1596.536255
1356953238964,38.490938,103.1957462,1596.765259
1357153239012,38.4909613,103.1958201,1596.973633
1357353238821,38.4909846,103.1958939,1597.199097
1357553238869,38.491008,103.1959676,1597.430054
1357753238916,38.4910315,103.1960411,1597.668213
1357953238964,38.4910551,103.1961146,1597.875854
1358153239012,38.4910787,103.196188,1598.048706
1358353238821,38.4911021,103.1962614,1598.204712
1358553238869,38.4911254,103.1963347,1598.359741
1358753238916,38.4911486,103.196408,1598.505981
1358953238964,38.4911718,103.1964814,1598.670898
1359153239012,38.4911948,103.1965548,1598.827881
1359353238821,38.4912177,103.1966283,1598.962769
1359553238869,38.4912407,103.1967019,1599.093628
1359753238916,38.4912635,103.1967756,1599.237793
1359953238964,38.4912864,103.1968496,1599.376099
1360153239012,38.4913092,103.1969236,1599.507935
1360353238821,38.4913319,103.1969978,1599.630371
1360553238869,38.4913545,103.1970721,1599.778931
1360753238916,38.4913771,103.1971466,1599.904419
1360953238964,38.4913995,103.1972212,1600.015747
1361353238821,38.491444,103.1973707,1600.203491
1361553238869,38.4914661,103.1974455,1600.295044
1361753238916,38.491488,103.1975205,1600.400269
1361953238964,38.4915098,103.1975956,1600.523682
1362153239012,38.4915317,103.1976708,1600.623535
1362353238821,38.4915535,103.1977461,1600.748901
1362553238869,38.4915753,103.1978217,1600.955444
1362753238916,38.4915971,103.1978974,1601.172363
1362953238964,38.491619,103.1979729,1601.360229
1363153239012,38.4916408,103.1980484,1601.516846
1363353238821,38.4916628,103.198124,1601.671753
1363553238869,38.4916849,103.1981995,1601.819702
1363753238916,38.4917071,103.1982749,1601.948486
1363953238964,38.4917295,103.1983503,1602.056641
1364153239012,38.4917519,103.1984257,1602.146118
1364353238821,38.4917743,103.198501,1602.210083
1364553238869,38.4917966,103.1985763,1602.261353
1364753238916,38.4918189,103.1986515,1602.296997
1364953238964,38.4918411,103.1987268,1602.327637
1365153239012,38.4918631,103.1988019,1602.352173
1365353238821,38.4918851,103.1988769,1602.312134
1365553238869,38.4919071,103.1989518,1602.236816
1365753238916,38.4919291,103.1990266,1602.152222
1365953238964,38.4919511,103.1991013,1602.053711
1366153239012,38.4919731,103.1991758,1601.92627
1366353238821,38.491995,103.1992501,1601.75647
1366553238869,38.4920166,103.1993241,1601.484863
1366753238916,38.4920381,103.1993978,1601.114136
1366953238964,38.4920594,103.1994712,1600.637451
1367153239012,38.4920806,103.1995444,1600.125488
1367353238821,38.4921018,103.1996173,1599.551392
1367553238869,38.492123,103.1996899,1598.905151
1367753238916,38.4921443,103.1997624,1598.215088
1367953238964,38.4921656,103.1998348,1597.510986
1368153239012,38.4921872,103.1999073,1596.822021
1368353238821,38.4922089,103.19998,1596.172119
1368553238869,38.4922308,103.2000529,1595.525391
1368753238916,38.4922529,103.200126,1594.882446
1368953238964,38.4922752,103.2001993,1594.267334
1369153239012,38.4922975,103.200273,1593.685059
1369353238821,38.4923198,103.2003468,1593.099487
1369553238869,38.4923421,103.2004208,1592.499634
1369753238916,38.4923643,103.2004951,1591.933472
1369953238964,38.4923865,103.2005695,1591.405151
1370153239012,38.4924088,103.2006441,1590.932251
1370353238821,38.4924311,103.2007188,1590.491699
1370553238869,38.4924536,103.2007937,1590.056885
1370753238916,38.4924762,103.2008687,1589.637085
1370953238964,38.4924991,103.2009439,1589.243164
1371353238821,38.4925454,103.2010944,1588.592896
1371553238869,38.4925689,103.2011696,1588.290405
1371753238916,38.4925925,103.2012449,1588.069824
1371953238964,38.4926163,103.2013202,1587.920288
1372153239012,38.4926402,103.2013956,1587.857544
1372353238821,38.4926642,103.2014709,1587.831055
1372553238869,38.4926882,103.2015462,1587.843018
1372753238916,38.4927122,103.2016215,1587.896118
1372953238964,38.4927361,103.2016969,1587.980103
1373153239012,38.49276,103.2017723,1588.080933
1373353238821,38.4927839,103.2018478,1588.194214
1373553238869,38.4928078,103.2019233,1588.317627
1373753238916,38.4928315,103.2019987,1588.424438
1373953238964,38.4928553,103.2020743,1588.552002
1374153239012,38.4928791,103.2021498,1588.694092
1374353238821,38.4929029,103.2022255,1588.83606
1374553238869,38.4929267,103.2023012,1588.973389
1374753238916,38.4929505,103.202377,1589.092163
1374953238964,38.4929743,103.2024529,1589.194702
1375153239012,38.492998,103.2025289,1589.345215
1375353238821,38.4930216,103.202605,1589.560913
1375553238869,38.4930451,103.2026811,1589.839355
1375753238916,38.4930684,103.2027575,1590.213257
1375953238964,38.4930915,103.2028339,1590.625488
1376153239012,38.4931142,103.2029104,1591.022583
1376353238821,38.4931368,103.2029871,1591.424316
1376553238869,38.4931592,103.203064,1591.828125
1376753238916,38.4931817,103.2031409,1592.217773
1376953238964,38.4932041,103.2032181,1592.619141
1377153239012,38.4932265,103.2032953,1593.001709
1377353238821,38.4932488,103.2033725,1593.354248
1377553238869,38.493271,103.2034498,1593.685303
1377753238916,38.4932931,103.203527,1593.988647
1377953238964,38.493315,103.2036042,1594.266235
1378153239012,38.4933369,103.2036813,1594.515503
1378353238821,38.4933587,103.2037584,1594.75293
1378553238869,38.4933806,103.2038353,1594.9729
1378753238916,38.4934026,103.2039123,1595.192139
1378953238964,38.4934246,103.2039893,1595.396973
1379153239012,38.4934469,103.2040661,1595.539673
1379353238821,38.4934694,103.2041428,1595.619507
1379553238869,38.493492,103.2042194,1595.711426
1379753238916,38.4935146,103.2042958,1595.780273
1379953238964,38.4935372,103.204372,1595.838501
1380153239012,38.4935598,103.2044478,1595.933228
1380353238821,38.4935822,103.2045234,1596.05896
1380553238869,38.4936046,103.2045988,1596.182495
1380753238916,38.4936272,103.204674,1596.292114
1381153239012,38.4936728,103.204824,1596.400879
1381353238821,38.4936959,103.2048988,1596.43335
1381553238869,38.4937191,103.2049734,1596.481201
1381753238916,38.4937423,103.2050479,1596.561035
1381953238964,38.4937654,103.2051222,1596.664307
1382153239012,38.4937885,103.2051964,1596.744873
1382353238821,38.4938114,103.2052704,1596.772583
1382553238869,38.4938344,103.2053443,1596.786743
1382753238916,38.4938572,103.2054185,1596.864746
1382953238964,38.4938801,103.2054927,1596.89502
1383153239012,38.4939029,103.2055668,1596.828003
1383353238821,38.4939256,103.2056412,1596.787354
1383553238869,38.4939484,103.2057156,1596.705811
1383753238916,38.4939712,103.2057902,1596.610474
1383953238964,38.4939939,103.205865,1596.533936
1384153239012,38.4940167,103.2059399,1596.436768
1384353238821,38.4940394,103.2060149,1596.331055
1384553238869,38.4940621,103.2060902,1596.237915
1384753238916,38.4940848,103.2061658,1596.154785
1384953238964,38.4941075,103.2062418,1596.098755
1385153239012,38.4941302,103.2063181,1596.079956
1385353238821,38.4941529,103.2063947,1596.057129
1385553238869,38.4941757,103.2064716,1596.030273
1385753238916,38.4941987,103.2065488,1596.039429
1385953238964,38.4942217,103.2066263,1596.075073
1386153239012,38.4942447,103.2067039,1596.141357
1386353238821,38.4942676,103.2067817,1596.214966
1386553238869,38.4942905,103.2068596,1596.322632
1386753238916,38.4943134,103.2069376,1596.443359
1386953238964,38.4943365,103.2070158,1596.56604
1387153239012,38.4943598,103.207094,1596.671631
1387353238821,38.4943833,103.2071726,1596.780273
1387553238869,38.4944071,103.2072513,1596.913574
1387753238916,38.4944311,103.2073302,1597.030518
1387953238964,38.4944552,103.2074092,1597.085449
1388153239012,38.4944795,103.2074883,1597.128662
1388353238821,38.494504,103.2075676,1597.208496
1388553238869,38.4945284,103.2076469,1597.25354
1388753238916,38.4945528,103.2077261,1597.262695
1388953238964,38.4945772,103.2078053,1597.305664
1389153239012,38.4946015,103.2078844,1597.360718
1389353238821,38.4946256,103.2079635,1597.40625
1389553238869,38.4946497,103.2080425,1597.463013
1389753238916,38.4946737,103.2081215,1597.494263
1389953238964,38.4946976,103.2082004,1597.467773
1390153239012,38.4947214,103.2082792,1597.386597
1390353238821,38.4947451,103.2083581,1597.289429
1390553238869,38.4947687,103.208437,1597.182373
1390753238916,38.4947923,103.2085158,1597.056519
1391153239012,38.4948389,103.2086734,1596.823242
1391353238821,38.4948622,103.2087522,1596.739746
1391553238869,38.4948856,103.2088311,1596.701782
1391753238916,38.494909,103.2089101,1596.688477
1391953238964,38.4949326,103.2089892,1596.733032
1392153239012,38.4949564,103.2090684,1596.780396
1392353238821,38.4949803,103.2091475,1596.833374
1392553238869,38.4950044,103.2092267,1596.910522
1392753238916,38.4950286,103.2093057,1596.987549
1392953238964,38.4950528,103.2093847,1597.072388
1393153239012,38.4950771,103.2094636,1597.198608
1393353238821,38.4951015,103.2095425,1597.363647
1393553238869,38.4951258,103.2096213,1597.486694
1393753238916,38.4951502,103.2097,1597.563843
1393953238964,38.4951746,103.2097787,1597.647217
1394153239012,38.4951989,103.2098575,1597.727417
1394353238821,38.4952231,103.2099363,1597.785278
1394553238869,38.4952472,103.210015,1597.832275
1394753238916,38.4952713,103.2100937,1597.878418
1394953238964,38.4952954,103.2101723,1597.932617
1395153239012,38.4953195,103.210251,1598.000366
1395353238821,38.4953436,103.2103296,1598.051514
1395553238869,38.4953677,103.2104081,1598.077271
1395753238916,38.4953918,103.2104866,1598.097168
1395953238964,38.4954159,103.2105651,1598.110107
1396153239012,38.49544,103.2106437,1598.119873
1396353238821,38.4954642,103.2107223,1598.117676
1396553238869,38.4954883,103.2108009,1598.078491
1396753238916,38.4955124,103.2108795,1597.961182
1396953238964,38.4955366,103.2109581,1597.769653
1397153239012,38.4955606,103.2110367,1597.546387
1397353238821,38.4955847,103.2111151,1597.285645
1397553238869,38.4956086,103.2111935,1596.97876
1397753238916,38.4956325,103.2112719,1596.62793
1397953238964,38.4956563,103.2113502,1596.241577
1398153239012,38.4956801,103.2114286,1595.81958
1398353238821,38.4957039,103.211507,1595.397339
1398553238869,38.4957278,103.2115856,1594.978394
1398753238916,38.4957516,103.2116643,1594.558472
1398953238964,38.4957756,103.2117431,1594.140259
1399153239012,38.4957993,103.211822,1593.769409
1399353238821,38.4958229,103.2119009,1593.419556
1399553238869,38.4958463,103.2119798,1593.08728
1399753238916,38.4958695,103.2120588,1592.765381
1399953238964,38.4958925,103.2121378,1592.439819
1400153239012,38.4959155,103.2122168,1592.150269
1400353238821,38.4959385,103.2122958,1591.882446
1400553238869,38.4959617,103.2123748,1591.622925
1400753238916,38.4959851,103.2124539,1591.391968
1401153239012,38.4960324,103.2126121,1590.980591
1401353238821,38.4960562,103.2126912,1590.731567
1401553238869,38.4960801,103.2127702,1590.488403
1401753238916,38.496104,103.2128491,1590.27832
1401953238964,38.4961279,103.212928,1590.091187
1402153239012,38.4961518,103.2130068,1589.942749
1402353238821,38.4961757,103.2130855,1589.806763
1402553238869,38.4961996,103.2131642,1589.677979
1402753238916,38.4962236,103.213243,1589.567261
1402953238964,38.4962477,103.2133218,1589.465088
1403153239012,38.4962719,103.2134007,1589.359009
1403353238821,38.4962961,103.2134796,1589.263428
1403553238869,38.4963203,103.2135585,1589.173096
1403753238916,38.4963446,103.2136374,1589.124756
1403953238964,38.4963688,103.2137163,1589.099731
1404153239012,38.4963928,103.2137953,1589.076538
1404353238821,38.4964169,103.2138743,1589.069946
1404553238869,38.4964411,103.2139535,1589.125244
1404753238916,38.4964652,103.2140329,1589.229614
1404953238964,38.4964895,103.2141123,1589.331665
1405153239012,38.496514,103.2141917,1589.374268
1405353238821,38.4965387,103.2142711,1589.439697
1405553238869,38.4965637,103.2143506,1589.554077
1405753238916,38.4965889,103.2144301,1589.682861
1405953238964,38.496614,103.2145096,1589.831421
1406153239012,38.4966391,103.2145892,1589.980957
1406353238821,38.496664,103.2146688,1590.123901
1406553238869,38.4966887,103.2147486,1590.283203
1406753238916,38.4967132,103.2148284,1590.452148
1406953238964,38.4967376,103.2149084,1590.550293
1407153239012,38.4967617,103.2149883,1590.611084
1407353238821,38.4967856,103.2150682,1590.697144
1407553238869,38.4968094,103.2151482,1590.75708
1407753238916,38.496833,103.2152281,1590.781738
1407953238964,38.4968564,103.215308,1590.804932
1408153239012,38.4968797,103.2153879,1590.834351
1408353238821,38.496903,103.2154678,1590.853149
1408553238869,38.4969262,103.2155478,1590.855713
1408753238916,38.4969493,103.2156279,1590.844482
1408953238964,38.4969725,103.215708,1590.83374
1409153239012,38.4969956,103.2157882,1590.83313
1409353238821,38.4970187,103.2158684,1590.825073
1409553238869,38.4970419,103.2159486,1590.790527
1409753238916,38.4970651,103.216029,1590.738892
1409953238964,38.4970884,103.2161094,1590.688477
1410153239012,38.4971117,103.2161899,1590.660767
1410353238821,38.4971352,103.2162704,1590.657227
1410553238869,38.4971588,103.2163511,1590.654785
1410953238964,38.4972062,103.2165125,1590.699829
1411153239012,38.49723,103.2165933,1590.751465
1411353238821,38.4972538,103.216674,1590.820801
1411553238869,38.4972777,103.2167546,1590.889893
1411753238916,38.4973015,103.2168352,1590.965576
1411953238964,38.4973254,103.2169157,1591.04541
1412153239012,38.4973495,103.2169962,1591.103882
1412353238821,38.4973736,103.2170765,1591.150146
1412553238869,38.4973977,103.2171567,1591.179321
1412753238916,38.4974219,103.2172368,1591.184814
1412953238964,38.4974461,103.2173168,1591.203125
1413153239012,38.4974703,103.2173967,1591.234497
1413353238821,38.4974943,103.2174765,1591.273926
1413553238869,38.4975181,103.2175563,1591.322144
1413753238916,38.4975416,103.2176362,1591.38501
1413953238964,38.4975648,103.2177163,1591.436646
1414153239012,38.4975874,103.2177966,1591.468018
1414353238821,38.4976094,103.2178773,1591.488037
1414553238869,38.4976306,103.2179585,1591.476929
1414753238916,38.4976509,103.21804,1591.425293
1414953238964,38.4976701,103.2181219,1591.343384
1415153239012,38.4976879,103.2182043,1591.259155
1415353238821,38.4977041,103.218287,1591.159912
1415553238869,38.497719,103.2183701,1591.027466
1415753238916,38.4977322,103.2184535,1590.883911
1415953238964,38.4977438,103.2185374,1590.738159
1416153239012,38.4977536,103.2186215,1590.590088
1416353238821,38.4977617,103.2187059,1590.441772
1416553238869,38.4977682,103.2187904,1590.249023
1416753238916,38.4977733,103.2188751,1590.023315
1416953238964,38.4977764,103.21896,1589.829346
1417153239012,38.4977781,103.2190448,1589.601807
1417353238821,38.4977784,103.2191296,1589.328369
1417553238869,38.4977769,103.2192144,1589.092285
1417753238916,38.4977739,103.219299,1588.899536
1417953238964,38.4977692,103.2193836,1588.754639
1418153239012,38.4977631,103.2194681,1588.659546
1418353238821,38.4977556,103.2195524,1588.585571
1418553238869,38.4977468,103.2196365,1588.530029
1418753238916,38.4977367,103.2197203,1588.532471
1418953238964,38.4977252,103.2198038,1588.618286
1419153239012,38.4977127,103.2198869,1588.748779
1419353238821,38.4976991,103.2199698,1588.906738
1419553238869,38.4976845,103.2200522,1589.08728
1419753238916,38.4976691,103.2201342,1589.307861
1419953238964,38.4976529,103.2202159,1589.564209
1420153239012,38.497636,103.2202971,1589.831543
1420353238821,38.4976184,103.2203778,1590.125122
1420553238869,38.4976002,103.2204581,1590.41394
1420953238964,38.4975624,103.2206173,1590.999268
1421153239012,38.4975429,103.2206961,1591.282471
1421353238821,38.4975229,103.2207743,1591.581665
1421553238869,38.4975027,103.2208521,1591.874512
1421753238916,38.4974822,103.2209294,1592.153809
1421953238964,38.4974615,103.2210063,1592.411987
1422153239012,38.4974406,103.2210828,1592.623657
1422353238821,38.4974196,103.221159,1592.80481
1422553238869,38.4973983,103.2212349,1592.996948
1422753238916,38.4973766,103.2213105,1593.194336
1422953238964,38.4973547,103.2213856,1593.39978
1423153239012,38.4973325,103.2214604,1593.598633
1423353238821,38.49731,103.221535,1593.788086
1423553238869,38.4972872,103.2216093,1594.005981
1423753238916,38.4972642,103.2216835,1594.244995
1423953238964,38.4972412,103.2217576,1594.431152
1424153239012,38.497218,103.2218315,1594.579468
1424353238821,38.4971947,103.2219055,1594.810303
1424553238869,38.4971714,103.2219796,1595.098267
1424753238916,38.497148,103.2220537,1595.388306
1424953238964,38.4971244,103.222128,1595.704468
1425153239012,38.4971007,103.2222024,1596.031494
1425353238821,38.4970769,103.222277,1596.330078
1425553238869,38.497053,103.2223517,1596.605835
1425753238916,38.497029,103.2224266,1596.903198
1425953238964,38.4970049,103.2225018,1597.205444
1426153239012,38.4969808,103.2225771,1597.525024
1426353238821,38.4969566,103.2226526,1597.847046
1426553238869,38.4969325,103.2227282,1598.134155
1426753238916,38.4969084,103.222804,1598.417603
1426953238964,38.4968845,103.2228799,1598.703369
1427153239012,38.4968608,103.2229559,1598.994385
1427353238821,38.4968375,103.2230319,1599.265869
1427553238869,38.4968143,103.2231079,1599.511108
1427753238916,38.4967913,103.2231837,1599.720703
1427953238964,38.4967685,103.2232591,1599.867065
1428153239012,38.4967458,103.2233341,1599.977905
1428353238821,38.4967232,103.2234088,1600.063721
1428553238869,38.4967009,103.2234833,1600.111328
1428753238916,38.4966787,103.2235578,1600.147095
1428953238964,38.4966567,103.2236322,1600.182983
1429153239012,38.4966349,103.2237067,1600.203003
1429353238821,38.4966133,103.2237811,1600.164795
1429553238869,38.4965918,103.2238555,1600.091797
1429753238916,38.4965704,103.2239299,1599.994873
1429953238964,38.4965491,103.2240043,1599.852295
1430153239012,38.4965278,103.2240787,1599.712769
1430553238869,38.4964854,103.2242278,1599.43335
1430553238869,38.4964854,103.2242278,1599.43335
1430953238964,38.496443,103.2243772,1599.091553
1431153239012,38.4964217,103.224452,1598.89624
1431353238821,38.4964002,103.2245268,1598.6875
1431553238869,38.4963786,103.2246017,1598.472778
1431753238916,38.496357,103.2246768,1598.239014
1431953238964,38.4963353,103.224752,1597.992554
1432153239012,38.4963135,103.2248274,1597.741943
1432353238821,38.4962916,103.224903,1597.489502
1432553238869,38.4962697,103.2249788,1597.252563
1432753238916,38.4962476,103.2250546,1597.040771
1432953238964,38.4962254,103.2251306,1596.852295
1433153239012,38.4962032,103.2252065,1596.674683
1433353238821,38.4961809,103.2252825,1596.497559
1433553238869,38.4961585,103.2253586,1596.340332
1433753238916,38.496136,103.2254347,1596.209717
1433953238964,38.4961135,103.225511,1596.080566
1434153239012,38.4960909,103.2255872,1595.935669
1434353238821,38.4960684,103.2256636,1595.796875
1434553238869,38.4960457,103.2257401,1595.658203
1434753238916,38.4960231,103.2258166,1595.516235
1434953238964,38.4960004,103.2258932,1595.385864
1435153239012,38.4959777,103.2259699,1595.237183
1435353238821,38.495955,103.2260467,1595.080811
1435553238869,38.4959322,103.2261235,1594.919556
1435753238916,38.4959094,103.2262004,1594.762695
1435953238964,38.4958866,103.2262773,1594.603638
1436153239012,38.4958637,103.2263543,1594.449951
1436353238821,38.4958408,103.2264313,1594.298584
1436553238869,38.4958179,103.2265085,1594.156006
1436753238916,38.4957949,103.2265856,1594.024536
1436953238964,38.4957719,103.2266628,1593.902222
1437153239012,38.4957488,103.22674,1593.794067
1437353238821,38.4957258,103.2268173,1593.69043
1437553238869,38.4957027,103.2268947,1593.609985
1437753238916,38.4956797,103.2269722,1593.547852
1437953238964,38.4956566,103.2270498,1593.490234
1438153239012,38.4956336,103.2271275,1593.446167
1438353238821,38.4956106,103.2272053,1593.404541
1438553238869,38.4955876,103.2272832,1593.358887
1438753238916,38.4955647,103.2273612,1593.338013
1438953238964,38.4955417,103.2274391,1593.309448
1439153239012,38.4955186,103.2275172,1593.286621
1439353238821,38.4954956,103.2275953,1593.280396
1439553238869,38.4954723,103.2276732,1593.390625
1439753238916,38.4954484,103.2277507,1593.556274
1439953238964,38.4954239,103.2278279,1593.646484
1440153239012,38.4953988,103.227905,1593.649292
1440553238869,38.4953458,103.2280585,1593.463745
1440753238916,38.4953173,103.2281344,1593.283569
1440953238964,38.4952873,103.2282094,1593.051392
1441153239012,38.4952556,103.2282831,1592.803711
1441353238821,38.4952219,103.2283552,1592.556763
1441553238869,38.4951862,103.2284257,1592.319092
1441753238916,38.4951486,103.2284945,1592.099609
1441953238964,38.4951092,103.2285618,1591.891235
1442153239012,38.4950682,103.2286277,1591.663818
1442353238821,38.4950256,103.2286924,1591.420166
1442553238869,38.4949814,103.2287557,1591.173218
1442753238916,38.4949358,103.2288177,1590.912354
1442953238964,38.4948888,103.2288783,1590.629517
1443153239012,38.4948404,103.2289372,1590.329102
1443353238821,38.4947904,103.2289942,1590.042725
1443553238869,38.4947389,103.2290492,1589.786743
1443753238916,38.4946861,103.2291021,1589.552124
1443953238964,38.4946319,103.229153,1589.309204
1444153239012,38.4945766,103.2292022,1589.066162
1444353238821,38.4945201,103.2292495,1588.850708
1444553238869,38.4944624,103.2292949,1588.64563
1444753238916,38.4944037,103.2293386,1588.441284
1444953238964,38.4943438,103.22938,1588.302368
1445153239012,38.4942828,103.2294192,1588.224487
1445353238821,38.4942208,103.2294562,1588.19104
1445553238869,38.494158,103.2294909,1588.178101
1445753238916,38.4940945,103.2295234,1588.177002
1445953238964,38.4940302,103.2295534,1588.22998
1446153239012,38.4939652,103.229581,1588.332886
1446353238821,38.4938997,103.2296061,1588.481689
1446553238869,38.4938337,103.2296286,1588.665894
1446753238916,38.4937672,103.2296489,1588.869019
1446953238964,38.4937003,103.2296669,1589.09729
1447153239012,38.493633,103.2296825,1589.331543
1447353238821,38.4935653,103.2296955,1589.613037
1447553238869,38.4934972,103.2297062,1589.934326
1447753238916,38.493429,103.2297145,1590.296875
1447953238964,38.4933605,103.2297203,1590.678345
1448153239012,38.4932919,103.2297241,1591.054688
1448353238821,38.4932233,103.2297261,1591.374512
1448553238869,38.4931548,103.2297259,1591.653076
1448753238916,38.4930864,103.2297231,1591.964111
1448953238964,38.4930183,103.2297178,1592.294434
1449153239012,38.4929504,103.2297102,1592.589966
1449353238821,38.4928829,103.2297004,1592.853271
1449553238869,38.4928157,103.2296883,1593.086426
1449753238916,38.4927488,103.2296737,1593.356934
1449953238964,38.4926823,103.2296572,1593.613281
1450153239012,38.4926161,103.2296387,1593.896484
1450553238869,38.4924849,103.2295965,1594.490356
1450753238916,38.4924198,103.2295735,1594.783691
1450953238964,38.492355,103.2295493,1595.078003
1451153239012,38.4922906,103.2295244,1595.347168
1451353238821,38.4922265,103.2294986,1595.608887
1451553238869,38.4921628,103.2294723,1595.83374
1451753238916,38.4920993,103.2294455,1596.041138
1451953238964,38.4920361,103.2294184,1596.279175
1452153239012,38.491973,103.229391,1596.5
1452353238821,38.4919102,103.2293635,1596.667847
1452553238869,38.4918475,103.2293359,1596.811768
1452753238916,38.4917851,103.2293083,1596.948486
1452953238964,38.4917228,103.2292807,1597.065063
1453153239012,38.4916607,103.2292532,1597.147339
1453353238821,38.4915986,103.2292258,1597.202026
1453553238869,38.4915365,103.2291986,1597.226318
1453753238916,38.4914744,103.2291718,1597.212646
1453953238964,38.4914122,103.2291452,1597.175049
1454153239012,38.4913498,103.2291191,1597.126953
1454353238821,38.4912873,103.2290934,1597.04248
1454553238869,38.4912245,103.2290682,1596.947754
1454753238916,38.4911616,103.2290435,1596.842529
1454953238964,38.4910985,103.2290194,1596.728149
1455153239012,38.4910352,103.2289959,1596.611694
1455353238821,38.4909717,103.228973,1596.468872
1455553238869,38.490908,103.2289507,1596.301636
1455753238916,38.4908441,103.2289289,1596.119141
1455953238964,38.4907801,103.2289077,1595.941895
1456153239012,38.4907158,103.2288871,1595.768066
1456353238821,38.4906514,103.2288671,1595.587402
1456553238869,38.4905868,103.2288478,1595.423462
1456753238916,38.490522,103.2288291,1595.282959
1456953238964,38.490457,103.2288109,1595.149048
1457153239012,38.4903918,103.2287935,1595.024414
1457353238821,38.4903263,103.2287767,1594.923462
1457553238869,38.4902606,103.2287605,1594.85022
1457753238916,38.4901947,103.2287447,1594.771118
1457953238964,38.4901287,103.2287294,1594.704712
1458153239012,38.4900626,103.2287146,1594.725342
1458353238821,38.4899963,103.2287001,1594.818115
1458553238869,38.4899301,103.2286859,1594.932129
1458753238916,38.4898637,103.228672,1595.067627
1458953238964,38.4897973,103.2286585,1595.227783
1459153239012,38.4897309,103.2286453,1595.409912
1459353238821,38.4896645,103.2286323,1595.619263
1459553238869,38.4895981,103.2286196,1595.841064
1459753238916,38.4895317,103.2286071,1596.054688
1459953238964,38.4894653,103.2285949,1596.260132
1460353238821,38.4893323,103.2285712,1596.646729
1460553238869,38.4892657,103.2285597,1596.858276
1460753238916,38.4891992,103.2285484,1597.087036
1460953238964,38.4891326,103.2285372,1597.296997
1461153239012,38.4890661,103.228526,1597.487427
1461353238821,38.4889996,103.2285151,1597.682007
1461553238869,38.4889331,103.2285042,1597.901123
1461753238916,38.4888666,103.2284933,1598.135498
1461953238964,38.4888001,103.2284825,1598.37146
1462153239012,38.4887335,103.2284717,1598.60376
1462353238821,38.4886669,103.2284609,1598.825439
1462553238869,38.4886003,103.22845,1599.028687
1462753238916,38.4885337,103.228439,1599.233154
1462953238964,38.4884672,103.2284279,1599.456543
1463153239012,38.4884008,103.2284169,1599.6604
1463353238821,38.4883344,103.2284058,1599.74231
1463553238869,38.4882681,103.2283949,1599.752319
1463753238916,38.4882017,103.2283843,1599.829102
1463953238964,38.4881355,103.2283739,1599.912354
1464153239012,38.4880694,103.2283638,1599.891113
1464353238821,38.4880034,103.2283537,1599.791992
1464553238869,38.4879376,103.2283438,1599.648438
1464753238916,38.4878721,103.228334,1599.483643
1464953238964,38.4878067,103.2283243,1599.32605
1465153239012,38.4877414,103.2283148,1599.138672
1465353238821,38.4876762,103.2283053,1598.959106
1465553238869,38.4876112,103.2282952,1598.832153
1465753238916,38.4875463,103.2282847,1598.651733
1465953238964,38.4874813,103.2282738,1598.406128
1466153239012,38.4874163,103.2282622,1598.098633
1466353238821,38.487351,103.2282496,1597.752686
1466553238869,38.4872858,103.2282356,1597.379395
1466753238916,38.4872205,103.2282201,1596.973022
1466953238964,38.4871553,103.2282025,1596.578857
1467153239012,38.4870902,103.2281828,1596.164551
1467353238821,38.4870253,103.2281608,1595.736572
1467553238869,38.4869604,103.2281365,1595.302856
1467753238916,38.4868957,103.2281097,1594.855591
1467953238964,38.4868311,103.2280805,1594.418091
1468153239012,38.4867667,103.228049,1593.967285
1468353238821,38.4867026,103.2280148,1593.543091
1468553238869,38.4866389,103.2279783,1593.112549
1468753238916,38.4865757,103.2279393,1592.690552
1468953238964,38.4865132,103.2278977,1592.289795
1469153239012,38.4864513,103.2278536,1591.910767
1469353238821,38.4863902,103.2278071,1591.542114
1469553238869,38.4863299,103.227758,1591.228882
1469753238916,38.4862705,103.2277066,1590.915283
1470153239012,38.4861541,103.2275982,1590.15564
1470353238821,38.4860972,103.2275408,1589.754761
1470553238869,38.4860414,103.2274814,1589.354004
1470753238916,38.4859866,103.22742,1588.926636
1470953238964,38.4859328,103.2273567,1588.485718
1471153239012,38.48588,103.2272914,1588.013794
1471353238821,38.4858283,103.2272242,1587.538696
1471553238869,38.4857777,103.227155,1587.063232
1471753238916,38.4857283,103.2270838,1586.599609
1471953238964,38.4856803,103.2270105,1586.189087
1472153239012,38.4856335,103.2269351,1585.814453
1472353238821,38.485588,103.2268578,1585.461426
1472553238869,38.4855438,103.2267785,1585.146362
1472753238916,38.4855009,103.2266972,1584.889893
1472953238964,38.4854594,103.226614,1584.671997
1473153239012,38.4854195,103.226529,1584.490479
1473353238821,38.4853809,103.2264424,1584.369995
1473553238869,38.485344,103.2263541,1584.325562
1473753238916,38.4853086,103.2262644,1584.362671
1473953238964,38.4852746,103.2261736,1584.465088
1474153239012,38.4852419,103.2260817,1584.672974
1474353238821,38.4852105,103.225989,1585.007935
1474553238869,38.4851802,103.2258957,1585.429565
1474753238916,38.4851507,103.225802,1585.927246
1474953238964,38.4851219,103.2257079,1586.478516
1475153239012,38.4850937,103.2256137,1587.055908
1475353238821,38.4850659,103.2255192,1587.662842
1475553238869,38.4850385,103.2254246,1588.303833
1475753238916,38.4850113,103.22533,1588.990356
1475953238964,38.4849844,103.2252354,1589.736938
1476153239012,38.4849577,103.2251408,1590.493042
1476353238821,38.4849313,103.2250462,1591.191528
1476553238869,38.4849051,103.2249516,1591.857544
1476753238916,38.4848792,103.224857,1592.513428
1476953238964,38.4848534,103.2247626,1593.175903
1477153239012,38.4848278,103.2246682,1593.855469
1477353238821,38.4848022,103.2245741,1594.544922
1477553238869,38.4847767,103.2244803,1595.220215
1477753238916,38.4847513,103.2243867,1595.896729
1477953238964,38.4847259,103.2242934,1596.530029
1478153239012,38.4847006,103.2242006,1597.108521
1478353238821,38.4846754,103.2241081,1597.65271
1478553238869,38.4846501,103.224016,1598.195435
1478753238916,38.4846249,103.2239244,1598.717651
1478953238964,38.4845997,103.2238331,1599.198975
1479153239012,38.4845743,103.2237423,1599.623169
1479353238821,38.4845488,103.2236518,1599.997559
1479553238869,38.4845231,103.2235618,1600.355103
1479753238916,38.4844972,103.2234721,1600.688843
1480153239012,38.4844446,103.2232937,1601.251709
1480353238821,38.4844179,103.2232049,1601.544312
1480553238869,38.4843911,103.2231164,1601.838745
1480753238916,38.484364,103.2230282,1602.123291
1480953238964,38.4843367,103.2229403,1602.383545
1481153239012,38.4843094,103.2228527,1602.601807
1481353238821,38.4842818,103.2227654,1602.807373
1481553238869,38.4842542,103.2226784,1602.998657
1481753238916,38.4842266,103.2225918,1603.146606
1481953238964,38.4841988,103.2225054,1603.251587
1482153239012,38.4841709,103.2224192,1603.345581
1482353238821,38.4841428,103.2223332,1603.420166
1482553238869,38.4841146,103.2222474,1603.468506
1482753238916,38.4840864,103.2221618,1603.521973
1482953238964,38.484058,103.2220764,1603.57251
1483153239012,38.4840297,103.2219911,1603.554199
1483353238821,38.4840014,103.2219061,1603.532837
1483553238869,38.4839731,103.2218212,1603.518799
1483753238916,38.4839448,103.2217364,1603.539307
1483953238964,38.4839164,103.2216517,1603.535156
1484153239012,38.483888,103.2215671,1603.510986
1484353238821,38.4838594,103.2214827,1603.501343
1484553238869,38.4838307,103.2213983,1603.516479
1484753238916,38.4838019,103.2213141,1603.487305
1484953238964,38.4837728,103.22123,1603.492676
1485153239012,38.4837436,103.221146,1603.454956
1485353238821,38.4837142,103.2210623,1603.395386
1485553238869,38.4836846,103.2209786,1603.329224
1485753238916,38.483655,103.220895,1603.230225
1485953238964,38.4836253,103.2208114,1603.092163
1486153239012,38.4835955,103.2207279,1602.914795
1486353238821,38.4835658,103.2206443,1602.709229
1486553238869,38.483536,103.2205606,1602.468506
1486753238916,38.4835062,103.2204768,1602.217407
1486953238964,38.4834763,103.2203929,1601.970459
1487153239012,38.4834463,103.2203088,1601.705566
1487353238821,38.4834163,103.2202246,1601.412354
1487553238869,38.4833863,103.2201404,1601.105713
1487753238916,38.4833564,103.220056,1600.819214
1487953238964,38.4833265,103.2199715,1600.542969
1488153239012,38.4832965,103.219887,1600.282837
1488353238821,38.4832665,103.2198023,1600.036499
1488553238869,38.4832365,103.2197175,1599.772095
1488753238916,38.4832064,103.2196327,1599.499634
1488953238964,38.4831762,103.2195478,1599.263672
1489153239012,38.483146,103.2194627,1599.043823
1489353238821,38.4831158,103.2193776,1598.798828
1489553238869,38.4830856,103.2192925,1598.517212
1489753238916,38.4830554,103.2192073,1598.246216
1490153239012,38.4829951,103.2190366,1597.752563
1490353238821,38.4829649,103.2189511,1597.493408
1490553238869,38.4829347,103.2188655,1597.241821
1490753238916,38.4829044,103.2187797,1597.004761
1490953238964,38.482874,103.2186939,1596.778076
1491153239012,38.4828437,103.2186079,1596.565063
1491353238821,38.4828132,103.2185217,1596.371704
1491553238869,38.4827828,103.2184355,1596.186279
1491753238916,38.4827523,103.2183491,1596.0
1491953238964,38.4827217,103.2182625,1595.831787
1492153239012,38.4826912,103.2181759,1595.678711
1492353238821,38.4826607,103.2180893,1595.538818
1492553238869,38.4826303,103.2180027,1595.411743
1492753238916,38.4826001,103.217916,1595.270752
1492953238964,38.48257,103.2178294,1595.122803
1493153239012,38.4825399,103.2177428,1594.984009
1493353238821,38.4825098,103.2176561,1594.853149
1493553238869,38.4824797,103.2175694,1594.748779
1493753238916,38.4824496,103.2174827,1594.667969
1493953238964,38.4824194,103.217396,1594.581299
1494153239012,38.4823892,103.2173092,1594.478149
1494353238821,38.4823591,103.2172224,1594.376953
1494553238869,38.482329,103.2171355,1594.270142
1494753238916,38.482299,103.2170486,1594.138916
1494953238964,38.482269,103.2169616,1593.992188
1495153239012,38.482239,103.2168746,1593.850586
1495353238821,38.482209,103.2167876,1593.711792
1495553238869,38.4821789,103.2167006,1593.569092
1495753238916,38.4821487,103.2166136,1593.450562
1495953238964,38.4821184,103.2165268,1593.347412
1496153239012,38.4820879,103.2164399,1593.257935
1496353238821,38.4820574,103.2163531,1593.186279
1496553238869,38.4820267,103.2162664,1593.123901
1496753238916,38.481996,103.2161797,1593.09082
1496953238964,38.4819653,103.216093,1593.139893
1497153239012,38.4819346,103.2160064,1593.261597
1497353238821,38.4819038,103.21592,1593.414795
1497553238869,38.4818731,103.2158336,1593.598511
1497753238916,38.4818424,103.2157474,1593.830444
1497953238964,38.4818117,103.2156613,1594.087158
1498153239012,38.4817812,103.2155753,1594.350952
1498353238821,38.4817507,103.2154894,1594.59668
1498553238869,38.4817203,103.2154036,1594.837891
1498753238916,38.4816899,103.2153179,1595.092163
1498953238964,38.4816593,103.2152323,1595.389526
1499153239012,38.4816286,103.2151467,1595.712036
1499353238821,38.4815979,103.2150612,1595.998169
1499553238869,38.4815673,103.214976,1596.236328
1499753238916,38.4815367,103.2148908,1596.477173
1500153239012,38.4814759,103.214721,1596.870728
1500353238821,38.4814455,103.2146363,1597.005859
1500553238869,38.4814151,103.2145517,1597.122925
1500753238916,38.4813847,103.2144672,1597.216431
1500953238964,38.4813543,103.2143828,1597.246582
1501153239012,38.4813238,103.2142983,1597.221191
1501353238821,38.4812933,103.2142139,1597.16272
1501553238869,38.4812629,103.2141294,1597.037231
1501753238916,38.4812325,103.214045,1596.858643
1501953238964,38.4812021,103.2139604,1596.654785
1502153239012,38.4811717,103.2138757,1596.417236
1502353238821,38.4811412,103.2137907,1596.144287
1502553238869,38.4811106,103.2137056,1595.838745
1502753238916,38.4810799,103.2136202,1595.541016
1502953238964,38.4810492,103.2135346,1595.252441
1503153239012,38.4810183,103.2134488,1594.969849
1503353238821,38.4809873,103.2133627,1594.689087
1503553238869,38.4809562,103.2132765,1594.413208
1503753238916,38.4809252,103.2131901,1594.15271
1503953238964,38.4808942,103.2131035,1593.904907
1504153239012,38.4808631,103.2130167,1593.671631
1504353238821,38.480832,103.2129296,1593.447021
1504553238869,38.4808008,103.2128423,1593.226196
1504753238916,38.4807696,103.2127548,1593.035156
1504953238964,38.4807383,103.2126671,1592.877197
1505153239012,38.480707,103.2125792,1592.755493
1505353238821,38.4806758,103.2124911,1592.657715
1505553238869,38.4806445,103.2124028,1592.580078
1505753238916,38.4806133,103.2123144,1592.502686
1505953238964,38.4805821,103.2122259,1592.425415
1506153239012,38.4805508,103.2121373,1592.364624
1506353238821,38.4805194,103.2120486,1592.311646
1506553238869,38.4804879,103.2119599,1592.248535
1506753238916,38.4804564,103.2118712,1592.185913
1506953238964,38.4804247,103.2117824,1592.129761
1507153239012,38.4803931,103.2116935,1592.073975
1507353238821,38.4803614,103.2116045,1592.015747
1507553238869,38.4803298,103.2115155,1591.967041
1507753238916,38.4802981,103.2114264,1591.922729
1507953238964,38.4802665,103.2113372,1591.895996
1508153239012,38.4802348,103.211248,1591.897705
1508353238821,38.4802032,103.2111588,1591.920532
1508553238869,38.4801716,103.2110695,1591.92981
1508753238916,38.48014,103.2109803,1591.959229
1508953238964,38.4801085,103.210891,1592.008545
1509153239012,38.480077,103.2108017,1592.101929
1509353238821,38.4800454,103.2107123,1592.230103
1509553238869,38.4800139,103.210623,1592.364258
1509953238964,38.4799509,103.2104443,1592.657227
1510153239012,38.4799195,103.210355,1592.83313
1510353238821,38.4798882,103.2102657,1593.031372
1510553238869,38.479857,103.2101764,1593.231201
1510753238916,38.4798259,103.2100871,1593.429932
1510953238964,38.4797947,103.2099978,1593.610718
1511153239012,38.4797636,103.2099084,1593.792358
1511353238821,38.4797323,103.2098192,1593.989868
1511553238869,38.4797011,103.2097299,1594.2146
1511753238916,38.4796699,103.2096408,1594.420654
1511953238964,38.4796387,103.2095517,1594.59729
1512153239012,38.4796073,103.2094627,1594.813477
1512353238821,38.4795758,103.2093738,1595.098999
1512553238869,38.4795439,103.2092849,1595.490234
1512753238916,38.4795119,103.2091962,1595.877441
1512953238964,38.4794797,103.2091076,1596.306641
1513153239012,38.4794473,103.209019,1596.765503
1513353238821,38.4794148,103.2089305,1597.221558
1513553238869,38.4793822,103.208842,1597.694336
1513753238916,38.4793497,103.2087538,1598.15271
1513953238964,38.4793171,103.2086656,1598.582031
1514153239012,38.4792845,103.2085777,1598.96228
1514353238821,38.4792521,103.20849,1599.292603
1514553238869,38.4792197,103.2084026,1599.599365
1514753238916,38.4791874,103.2083153,1599.891968
1514953238964,38.4791552,103.2082282,1600.14502
1515153239012,38.4791231,103.2081412,1600.335693
1515353238821,38.4790912,103.2080544,1600.450317
1515553238869,38.4790595,103.2079677,1600.496704
1515753238916,38.4790279,103.2078811,1600.467041
1515953238964,38.4789965,103.2077946,1600.402466
1516153239012,38.4789652,103.207708,1600.342285
1516353238821,38.4789338,103.2076214,1600.272095
1516553238869,38.4789025,103.207535,1600.123535
1516753238916,38.4788711,103.2074486,1599.935669
1516953238964,38.4788397,103.2073623,1599.747192
1517153239012,38.4788082,103.207276,1599.528687
1517353238821,38.4787767,103.2071899,1599.301514
1517553238869,38.4787452,103.2071037,1599.123901
1517753238916,38.4787137,103.2070176,1598.938721
1517953238964,38.4786822,103.2069315,1598.754272
1518153239012,38.4786506,103.2068453,1598.585083
1518353238821,38.4786191,103.2067592,1598.432861
1518553238869,38.4785875,103.206673,1598.277222
1518753238916,38.478556,103.2065869,1598.091187
1518953238964,38.4785246,103.2065008,1597.876953
1519153239012,38.4784933,103.2064146,1597.64917
1519353238821,38.4784621,103.2063284,1597.414917
1519553238869,38.4784311,103.206242,1597.150024
1519953238964,38.4783694,103.2060691,1596.572388
1520153239012,38.4783385,103.2059824,1596.300293
1520353238821,38.4783075,103.2058957,1596.053467
1520553238869,38.4782764,103.2058088,1595.841919
1520753238916,38.4782453,103.2057219,1595.630249
1520953238964,38.4782142,103.205635,1595.399902
1521153239012,38.4781832,103.2055479,1595.170044
1521353238821,38.4781524,103.2054608,1594.934204
1521553238869,38.4781215,103.2053737,1594.703857
1521753238916,38.4780907,103.2052863,1594.508545
1521953238964,38.4780599,103.205199,1594.291626
1522153239012,38.4780291,103.2051116,1594.0
1522353238821,38.4779983,103.2050244,1593.715942
1522553238869,38.4779675,103.2049372,1593.478882
1522753238916,38.4779368,103.2048503,1593.259766
1522953238964,38.4779062,103.2047636,1593.049561
1523153239012,38.4778756,103.204677,1592.871826
1523353238821,38.4778449,103.2045907,1592.726196
1523553238869,38.4778142,103.2045046,1592.609619
1523753238916,38.4777835,103.2044187,1592.487793
1523953238964,38.4777528,103.204333,1592.387207
1524153239012,38.4777219,103.2042475,1592.336182
1524353238821,38.477691,103.2041621,1592.28125
1524553238869,38.47766,103.2040768,1592.201294
1524753238916,38.477629,103.2039916,1592.12854
1524953238964,38.4775979,103.2039064,1592.081787
1525153239012,38.4775668,103.2038211,1592.038696
1525353238821,38.4775357,103.2037357,1591.986206
1525553238869,38.4775045,103.2036503,1591.908691
1525753238916,38.4774732,103.2035648,1591.826416
1525953238964,38.4774419,103.2034792,1591.722168
1526153239012,38.4774104,103.2033934,1591.639526
1526353238821,38.4773788,103.2033074,1591.565674
1526553238869,38.4773471,103.2032212,1591.483643
1526753238916,38.4773155,103.2031347,1591.389282
1526953238964,38.4772838,103.2030479,1591.277344
1527153239012,38.4772522,103.2029609,1591.160034
1527353238821,38.4772208,103.2028736,1591.035645
1527553238869,38.4771895,103.2027861,1590.917114
1527753238916,38.4771583,103.2026984,1590.826538
1527953238964,38.4771273,103.2026105,1590.74646
1528153239012,38.4770964,103.2025225,1590.687256
1528353238821,38.4770656,103.2024344,1590.640137
1528553238869,38.4770347,103.2023463,1590.65271
1528753238916,38.4770039,103.2022581,1590.71814
1528953238964,38.4769731,103.20217,1590.827148
1529153239012,38.4769423,103.2020819,1590.963867
1529553238869,38.4768806,103.201906,1591.294556
1529553238869,38.4768806,103.201906,1591.294556
1529953238964,38.4768189,103.2017305,1591.727417
1530153239012,38.4767881,103.201643,1591.935303
1530353238821,38.4767572,103.2015555,1592.142822
1530553238869,38.4767264,103.2014682,1592.358887
1530753238916,38.4766957,103.201381,1592.546997
1530953238964,38.4766649,103.2012939,1592.709473
1531153239012,38.476634,103.2012071,1592.877808
1531353238821,38.4766032,103.2011204,1593.024414
1531553238869,38.4765725,103.2010338,1593.13208
1531753238916,38.4765418,103.2009473,1593.200073
1531953238964,38.4765114,103.200861,1593.244995
1532153239012,38.4764811,103.2007747,1593.255493
1532353238821,38.476451,103.2006885,1593.229614
1532553238869,38.476421,103.2006023,1593.170654
1532753238916,38.476391,103.2005161,1593.075195
1532953238964,38.476361,103.2004301,1592.96106
1533153239012,38.476331,103.2003441,1592.821777
1533353238821,38.4763009,103.2002583,1592.66272
1533553238869,38.4762707,103.2001725,1592.502319
1533753238916,38.4762404,103.2000868,1592.357666
1533953238964,38.47621,103.2000012,1592.22229
1534153239012,38.4761793,103.1999156,1592.178345
1534353238821,38.4761485,103.19983,1592.248901
1534553238869,38.4761176,103.1997444,1592.342285
1534753238916,38.4760865,103.1996587,1592.491333
1534953238964,38.4760553,103.1995731,1592.717896
1535153239012,38.4760239,103.1994874,1593.016235
1535353238821,38.4759925,103.1994017,1593.362305
1535553238869,38.4759612,103.1993161,1593.728149
1535753238916,38.4759299,103.1992304,1594.007568
1535953238964,38.4758987,103.1991449,1594.213013
1536153239012,38.4758676,103.1990593,1594.353149
1536353238821,38.4758366,103.1989737,1594.448242
1536553238869,38.4758056,103.1988881,1594.506958
1536753238916,38.4757747,103.1988026,1594.537354
1536953238964,38.4757436,103.1987171,1594.544922
1537153239012,38.4757125,103.1986316,1594.52124
1537353238821,38.4756813,103.1985462,1594.500122
1537553238869,38.47565,103.1984607,1594.474854
1537753238916,38.4756186,103.1983752,1594.445068
1537953238964,38.475587,103.1982897,1594.38855
1538153239012,38.4755553,103.1982041,1594.342773
1538353238821,38.4755236,103.1981183,1594.305664
1538553238869,38.4754919,103.1980325,1594.240601
1538753238916,38.4754602,103.1979465,1594.184204
1538953238964,38.4754286,103.1978604,1594.143066
1539153239012,38.4753971,103.1977742,1594.091797
1539553238869,38.4753339,103.1976014,1594.1073
1539553238869,38.4753339,103.1976014,1594.1073
1539953238964,38.4752708,103.1974281,1594.191162
1540153239012,38.4752392,103.1973414,1594.228882
1540353238821,38.4752077,103.1972546,1594.271362
1540553238869,38.4751763,103.1971677,1594.376099
1540753238916,38.475145,103.1970807,1594.562622
1540953238964,38.4751139,103.1969938,1594.775269
1541153239012,38.4750829,103.1969069,1594.953003
1541353238821,38.4750518,103.19682,1595.159424
1541553238869,38.4750209,103.1967332,1595.403564
1541753238916,38.47499,103.1966464,1595.719482
1541953238964,38.4749592,103.1965597,1596.068726
1542153239012,38.4749285,103.1964732,1596.374146
1542353238821,38.4748979,103.1963868,1596.687012
1542553238869,38.4748672,103.1963004,1597.004395
1542753238916,38.4748365,103.1962142,1597.286865
1542953238964,38.4748059,103.1961282,1597.540039
1543153239012,38.4747753,103.1960421,1597.808838
1543353238821,38.4747449,103.1959561,1598.050903
1543553238869,38.4747147,103.1958701,1598.206665
1543753238916,38.4746844,103.1957842,1598.330322
1543953238964,38.4746542,103.1956982,1598.539551
1544153239012,38.4746239,103.1956122,1598.788452
1544353238821,38.4745934,103.1955262,1599.050903
1544553238869,38.4745627,103.1954403,1599.361816
1544753238916,38.4745318,103.1953545,1599.670654
1544953238964,38.4745007,103.1952687,1599.987793
1545153239012,38.4744696,103.1951832,1600.317871
1545353238821,38.4744383,103.1950978,1600.68457
1545553238869,38.474407,103.1950125,1601.117065
1545753238916,38.4743756,103.1949274,1601.549072
1545953238964,38.4743444,103.1948424,1601.931396
1546153239012,38.4743131,103.1947575,1602.255493
1546353238821,38.4742819,103.1946728,1602.519043
1546553238869,38.4742509,103.1945883,1602.659424
1546753238916,38.4742201,103.194504,1602.738647
1546953238964,38.4741895,103.1944198,1602.714111
1547153239012,38.4741591,103.1943359,1602.610962
1547353238821,38.4741289,103.1942519,1602.519165
1547553238869,38.4740987,103.1941679,1602.403564
1547753238916,38.4740685,103.194084,1602.113525
1547953238964,38.4740383,103.1940002,1601.721924
1548153239012,38.4740081,103.1939163,1601.302856
1548353238821,38.473978,103.1938323,1600.850464
1548553238869,38.4739481,103.1937482,1600.339355
1548753238916,38.4739185,103.193664,1599.815918
1548953238964,38.4738891,103.1935795,1599.270508
1549353238821,38.4738303,103.1934098,1598.154785
1549553238869,38.4738008,103.1933246,1597.598389
1549753238916,38.4737711,103.1932392,1597.067383
1549953238964,38.4737413,103.1931536,1596.551758
1550153239012,38.4737115,103.1930678,1596.06958
1550353238821,38.4736815,103.1929819,1595.664795
1550553238869,38.4736516,103.1928959,1595.293091
1550753238916,38.4736218,103.1928099,1594.918823
1550953238964,38.4735919,103.1927239,1594.533081
1551153239012,38.4735619,103.192638,1594.180054
1551353238821,38.4735318,103.192552,1593.88147
1551553238869,38.4735016,103.192466,1593.581055
1551753238916,38.4734713,103.19238,1593.285767
1551953238964,38.473441,103.1922939,1593.018311
1552153239012,38.4734106,103.1922078,1592.78186
1552353238821,38.4733801,103.1921215,1592.584106
1552553238869,38.4733496,103.192035,1592.420776
1552753238916,38.4733189,103.1919484,1592.255371
1552953238964,38.473288,103.1918615,1592.083618
1553153239012,38.473257,103.1917745,1591.901367
1553353238821,38.4732256,103.1916874,1591.725098
1553553238869,38.4731939,103.1916001,1591.572388
1553753238916,38.473162,103.1915127,1591.409058
1553953238964,38.47313,103.1914253,1591.233398
1554153239012,38.4730978,103.1913377,1591.06311
1554353238821,38.4730655,103.1912502,1590.876221
1554553238869,38.4730331,103.1911626,1590.724121
1554753238916,38.4730006,103.191075,1590.593994
1554953238964,38.4729681,103.1909874,1590.478271
1555153239012,38.4729355,103.1908996,1590.422729
1555353238821,38.4729029,103.1908118,1590.377686
1555553238869,38.4728703,103.1907238,1590.356323
1555753238916,38.4728375,103.1906357,1590.354614
1555953238964,38.4728045,103.1905475,1590.363892
1556153239012,38.4727715,103.1904593,1590.373413
1556353238821,38.4727382,103.1903709,1590.403442
1556553238869,38.4727049,103.1902824,1590.451172
1556753238916,38.4726716,103.1901939,1590.523071
1556953238964,38.4726382,103.1901052,1590.595337
1557153239012,38.4726049,103.1900164,1590.657837
1557353238821,38.4725716,103.1899275,1590.735107
1557553238869,38.4725384,103.1898386,1590.798584
1557753238916,38.4725054,103.1897495,1590.861572
1557953238964,38.4724726,103.1896605,1590.941895
1558153239012,38.4724399,103.1895713,1591.044922
1558353238821,38.4724073,103.1894822,1591.138916
1558553238869,38.4723748,103.1893929,1591.229858
1558753238916,38.4723424,103.1893036,1591.32666
1558953238964,38.4723102,103.1892144,1591.411743
1559353238821,38.4722462,103.1890359,1591.578979
1559553238869,38.4722142,103.1889467,1591.733643
1559753238916,38.4721822,103.1888577,1591.911133
1559953238964,38.4721502,103.1887687,1592.036499
1560153239012,38.4721182,103.1886799,1592.116699
1560353238821,38.4720863,103.1885912,1592.20874
1560553238869,38.4720544,103.1885025,1592.344482
1560753238916,38.4720227,103.1884138,1592.490234
1560953238964,38.4719911,103.1883252,1592.585693
1561153239012,38.4719597,103.1882366,1592.630493
1561353238821,38.4719282,103.188148,1592.661133
1561553238869,38.4718968,103.1880594,1592.69751
1561753238916,38.4718653,103.1879707,1592.728516
1561953238964,38.4718337,103.1878821,1592.73291
1562153239012,38.4718022,103.1877934,1592.724121
1562353238821,38.4717706,103.1877047,1592.743042
1562553238869,38.4717393,103.1876158,1592.776001
1562753238916,38.4717083,103.1875267,1592.786133
1562953238964,38.4716776,103.1874372,1592.773682
1563153239012,38.4716473,103.1873473,1592.768433
1563353238821,38.4716174,103.1872567,1592.731812
1563553238869,38.4715882,103.1871654,1592.692505
1563753238916,38.47156,103.1870732,1592.665771
1563953238964,38.4715329,103.1869801,1592.628174
1564153239012,38.4715073,103.1868861,1592.565552
1564353238821,38.4714834,103.1867913,1592.469238
1564553238869,38.4714612,103.1866955,1592.349609
1564753238916,38.4714407,103.1865989,1592.200073
1564953238964,38.4714221,103.1865015,1592.020874
1565153239012,38.4714053,103.1864033,1591.829224
1565353238821,38.4713904,103.1863044,1591.633667
1565553238869,38.4713772,103.1862047,1591.423096
1565753238916,38.4713658,103.1861043,1591.191406
1565953238964,38.471356,103.1860034,1590.924438
1566153239012,38.471348,103.1859019,1590.646362
1566353238821,38.4713421,103.1857997,1590.400391
1566553238869,38.4713383,103.1856971,1590.181885
1566753238916,38.4713366,103.1855941,1589.970581
1566953238964,38.471337,103.1854907,1589.762573
1567153239012,38.4713396,103.185387,1589.604736
1567353238821,38.4713444,103.1852831,1589.480713
1567553238869,38.4713514,103.1851792,1589.379883
1567753238916,38.4713605,103.1850751,1589.328003
1567953238964,38.4713716,103.184971,1589.321777
1568153239012,38.4713848,103.184867,1589.376221
1568353238821,38.4713998,103.1847631,1589.435181
1568553238869,38.4714165,103.1846595,1589.496216
1568753238916,38.471435,103.1845563,1589.588989
1568953238964,38.4714551,103.1844536,1589.726318
1569353238821,38.4715001,103.1842501,1590.202271
1569553238869,38.4715247,103.1841491,1590.526855
1569753238916,38.4715506,103.1840487,1590.910522
1569953238964,38.4715776,103.1839488,1591.328003
1570153239012,38.4716055,103.1838494,1591.768921
1570353238821,38.4716343,103.1837505,1592.239624
1570553238869,38.4716639,103.1836521,1592.730347
1570753238916,38.4716941,103.1835544,1593.21875
1570953238964,38.4717249,103.1834571,1593.685181
1571153239012,38.4717562,103.1833603,1594.130127
1571353238821,38.4717878,103.1832641,1594.540894
1571553238869,38.4718199,103.1831684,1594.950195
1571753238916,38.4718524,103.1830732,1595.33728
1571953238964,38.4718851,103.1829783,1595.661133
1572153239012,38.4719181,103.1828839,1595.908325
1572353238821,38.4719512,103.1827898,1596.095947
1572553238869,38.4719845,103.1826961,1596.259399
1572753238916,38.4720178,103.1826028,1596.423218
1572953238964,38.4720513,103.1825098,1596.567871
1573153239012,38.4720847,103.182417,1596.687378
1573353238821,38.4721181,103.1823243,1596.782471
1573553238869,38.4721514,103.1822316,1596.876221
1573753238916,38.4721845,103.1821389,1596.974243
1573953238964,38.4722176,103.1820459,1597.05542
1574153239012,38.4722505,103.1819528,1597.137695
1574353238821,38.4722833,103.1818595,1597.178711
1574553238869,38.4723161,103.1817661,1597.184814
1574753238916,38.4723489,103.1816726,1597.174438
1574953238964,38.4723817,103.1815793,1597.156372
1575153239012,38.4724147,103.1814861,1597.161987
1575353238821,38.4724477,103.181393,1597.18396
1575553238869,38.4724809,103.1813,1597.213379
1575753238916,38.4725141,103.181207,1597.224243
1575953238964,38.4725475,103.1811139,1597.229126
1576153239012,38.4725808,103.1810207,1597.230469
1576353238821,38.4726142,103.1809273,1597.250366
1576553238869,38.4726475,103.1808338,1597.283203
1576753238916,38.4726809,103.1807404,1597.308716
1576953238964,38.4727144,103.1806472,1597.356812
1577153239012,38.4727479,103.1805541,1597.442627
1577353238821,38.4727816,103.1804612,1597.530762
1577553238869,38.4728152,103.1803684,1597.597168
1577753238916,38.4728488,103.1802756,1597.692505
1577953238964,38.4728822,103.1801828,1597.797363
1578153239012,38.4729155,103.1800899,1597.911621
1578353238821,38.4729486,103.179997,1598.043701
1578553238869,38.4729815,103.179904,1598.15625
1578753238916,38.4730143,103.1798111,1598.253052
1579153239012,38.4730796,103.1796258,1598.383789
1579353238821,38.4731121,103.1795335,1598.425171
1579553238869,38.4731444,103.1794412,1598.431274
1579753238916,38.4731767,103.1793491,1598.432739
1579953238964,38.4732087,103.1792571,1598.415161
1580153239012,38.4732406,103.179165,1598.345581
1580353238821,38.4732724,103.179073,1598.183716
1580553238869,38.473304,103.178981,1597.984985
1580753238916,38.4733355,103.178889,1597.780884
1580953238964,38.4733669,103.178797,1597.567505
1581153239012,38.4733981,103.1787051,1597.379272
1581353238821,38.4734292,103.1786131,1597.217163
1581553238869,38.4734602,103.1785212,1597.063477
1581753238916,38.4734911,103.1784292,1596.925293
1581953238964,38.4735216,103.178337,1596.785156
1582153239012,38.4735521,103.1782447,1596.665283
1582353238821,38.4735823,103.1781522,1596.573608
1582553238869,38.4736123,103.1780595,1596.486816
1582753238916,38.4736422,103.1779666,1596.38147
1582953238964,38.473672,103.1778736,1596.244141
1583153239012,38.4737017,103.1777804,1596.131958
1583353238821,38.4737313,103.1776871,1596.038818
1583553238869,38.4737608,103.1775937,1595.951538
1583753238916,38.4737903,103.1775002,1595.875488
1583953238964,38.4738197,103.1774067,1595.792725
1584153239012,38.4738491,103.1773131,1595.713379
1584353238821,38.4738785,103.1772193,1595.664551
1584553238869,38.4739079,103.1771254,1595.651733
1584753238916,38.4739372,103.1770315,1595.654297
1584953238964,38.4739666,103.1769374,1595.661987
1585153239012,38.4739961,103.1768434,1595.65979
1585353238821,38.4740256,103.1767494,1595.642822
1585553238869,38.4740551,103.1766554,1595.631958
1585753238916,38.4740848,103.1765615,1595.651855
1585953238964,38.4741146,103.1764678,1595.635986
1586153239012,38.4741444,103.1763744,1595.583008
1586353238821,38.4741742,103.1762812,1595.512695
1586553238869,38.474204,103.1761882,1595.446655
1586753238916,38.4742339,103.1760953,1595.376465
1586953238964,38.4742637,103.1760027,1595.277344
1587153239012,38.4742935,103.1759102,1595.145874
1587353238821,38.4743233,103.1758179,1595.000854
1587553238869,38.4743531,103.1757258,1594.855103
1587753238916,38.4743829,103.1756338,1594.732788
1587953238964,38.4744127,103.1755418,1594.618652
1588153239012,38.4744423,103.1754499,1594.509155
1588353238821,38.474472,103.1753579,1594.416382
1588553238869,38.4745016,103.1752659,1594.329102
1588753238916,38.4745311,103.1751738,1594.247803
1589153239012,38.4745899,103.1749894,1594.148315
1589353238821,38.4746192,103.1748972,1594.10376
1589553238869,38.4746485,103.174805,1594.062622
1589753238916,38.4746778,103.1747127,1594.030029
1589953238964,38.474707,103.1746205,1594.003784
1590153239012,38.4747363,103.1745281,1593.992188
1590353238821,38.4747655,103.1744358,1593.987915
1590553238869,38.4747947,103.1743434,1593.990723
1590753238916,38.4748239,103.174251,1594.005127
1590953238964,38.4748531,103.1741586,1594.027954
1591153239012,38.4748823,103.1740661,1594.052124
1591353238821,38.4749116,103.1739737,1594.06665
1591553238869,38.4749409,103.1738813,1594.08728
1591753238916,38.4749704,103.173789,1594.125244
1591953238964,38.4749999,103.1736968,1594.165771
1592153239012,38.4750296,103.1736045,1594.206909
1592353238821,38.4750593,103.1735123,1594.244141
1592553238869,38.4750891,103.1734201,1594.279785
1592753238916,38.4751189,103.1733279,1594.305908
1592953238964,38.4751489,103.1732357,1594.332642
1593153239012,38.4751789,103.1731436,1594.375488
1593353238821,38.4752089,103.1730514,1594.427246
1593553238869,38.475239,103.1729592,1594.476807
1593753238916,38.4752692,103.1728671,1594.518555
1593953238964,38.4752994,103.1727749,1594.555664
1594153239012,38.4753296,103.1726828,1594.598999
1594353238821,38.4753599,103.1725907,1594.640015
1594553238869,38.4753902,103.1724986,1594.683716
1594753238916,38.4754205,103.1724067,1594.732788
1594953238964,38.4754511,103.1723149,1594.835449
1595153239012,38.4754822,103.1722238,1595.052856
1595353238821,38.4755139,103.1721331,1595.224487
1595553238869,38.4755462,103.1720426,1595.295776
1595753238916,38.4755792,103.1719524,1595.286865
1595953238964,38.4756132,103.1718626,1595.227051
1596153239012,38.4756484,103.1717732,1595.086426
1596353238821,38.4756849,103.1716848,1594.875244
1596553238869,38.4757229,103.1715975,1594.623657
1596753238916,38.4757627,103.1715117,1594.358276
1596953238964,38.4758042,103.1714276,1594.079956
1597153239012,38.4758476,103.1713453,1593.844849
1597353238821,38.4758928,103.1712647,1593.630493
1597553238869,38.4759396,103.1711857,1593.413818
1597753238916,38.4759879,103.1711081,1593.192627
1597953238964,38.4760376,103.1710318,1592.960205
1598153239012,38.4760886,103.1709568,1592.713501
1598353238821,38.4761411,103.1708835,1592.478638
1598553238869,38.476195,103.1708119,1592.257813
1598753238916,38.4762503,103.1707422,1592.034424
1599153239012,38.4763646,103.1706081,1591.532959
1599353238821,38.4764234,103.1705436,1591.218506
1599553238869,38.4764832,103.1704809,1590.859375
1599753238916,38.4765439,103.1704197,1590.442749
1599953238964,38.4766055,103.1703601,1589.976563
1600153239012,38.4766681,103.1703023,1589.46814
1600353238821,38.4767317,103.1702465,1588.956909
1600553238869,38.4767962,103.1701926,1588.453125
1600753238916,38.4768617,103.1701407,1587.936646
1600953238964,38.4769279,103.1700906,1587.389038
1601153239012,38.4769951,103.1700426,1586.841797
1601353238821,38.477063,103.1699965,1586.290771
1601553238869,38.4771316,103.1699524,1585.729736
1601753238916,38.477201,103.1699104,1585.15686
1601953238964,38.4772709,103.1698706,1584.59375
1602153239012,38.4773415,103.1698329,1584.033691
1602353238821,38.4774127,103.1697974,1583.485718
1602553238869,38.4774845,103.1697642,1582.947754
1602753238916,38.4775567,103.1697331,1582.404419
1602953238964,38.4776293,103.1697042,1581.864258
1603153239012,38.4777023,103.1696775,1581.328735
1603353238821,38.4777756,103.169653,1580.801147
1603553238869,38.4778492,103.1696308,1580.283569
1603753238916,38.477923,103.1696108,1579.783203
1603953238964,38.4779971,103.169593,1579.289795
1604153239012,38.4780713,103.1695775,1578.80957
1604353238821,38.4781456,103.1695642,1578.339966
1604553238869,38.4782199,103.1695531,1577.871704
1604753238916,38.4782943,103.1695442,1577.402954
1604953238964,38.4783685,103.1695375,1576.912476
1605153239012,38.4784426,103.1695329,1576.4021
1605353238821,38.4785165,103.1695303,1575.85083
1605553238869,38.4785903,103.1695298,1575.262817
1605753238916,38.4786638,103.1695313,1574.644409
1605953238964,38.478737,103.169535,1574.00708
1606153239012,38.47881,103.1695405,1573.318359
1606353238821,38.4788827,103.169548,1572.581909
1606553238869,38.4789551,103.1695575,1571.817871
1606753238916,38.4790271,103.1695692,1571.049561
1606953238964,38.4790987,103.169583,1570.256836
1607153239012,38.4791699,103.1695987,1569.442993
1607353238821,38.4792406,103.169617,1568.696167
1607553238869,38.4793109,103.1696377,1567.997803
1607753238916,38.4793807,103.1696606,1567.343628
1607953238964,38.47945,103.1696859,1566.731445
1608153239012,38.4795187,103.1697133,1566.138062
1608353238821,38.4795866,103.1697429,1565.567383
1608553238869,38.4796538,103.1697745,1565.015015
1608953238964,38.4797858,103.1698434,1563.927124
1609153239012,38.4798506,103.1698804,1563.360229
1609353238821,38.4799145,103.1699191,1562.775269
1609553238869,38.4799773,103.1699595,1562.178589
1609753238916,38.480039,103.1700017,1561.572144
1609953238964,38.4800995,103.1700456,1560.964478
1610153239012,38.4801589,103.1700913,1560.3479
1610353238821,38.480217,103.1701386,1559.71521
1610553238869,38.4802739,103.1701876,1559.078857
1610753238916,38.4803295,103.1702384,1558.466064
1610953238964,38.4803838,103.1702908,1557.861694
1611153239012,38.4804368,103.1703448,1557.257935
1611353238821,38.4804882,103.1704007,1556.684326
1611553238869,38.4805382,103.1704579,1556.039063
1611753238916,38.4805869,103.1705162,1555.346191
1611953238964,38.480634,103.1705765,1554.710449
1612153239012,38.4806795,103.1706382,1554.107788
1612353238821,38.4807237,103.170701,1553.537842
1612553238869,38.4807666,103.170765,1553.007935
1612753238916,38.4808083,103.17083,1552.516846
1612953238964,38.4808489,103.1708956,1552.058594
1613153239012,38.4808884,103.1709621,1551.654419
1613353238821,38.480927,103.1710289,1551.286499
1613553238869,38.4809647,103.1710963,1550.973999
1613753238916,38.4810018,103.1711639,1550.713013
1613953238964,38.4810382,103.1712318,1550.479858
1614153239012,38.4810742,103.1712998,1550.249023
1614353238821,38.4811098,103.1713679,1550.015991
1614553238869,38.4811452,103.1714359,1549.775269
1614753238916,38.4811804,103.1715038,1549.534546
1614953238964,38.4812155,103.1715715,1549.267944
1615153239012,38.4812506,103.1716388,1548.969116
1615353238821,38.4812859,103.1717055,1548.61499
1615553238869,38.4813216,103.1717716,1548.201538
1615753238916,38.4813578,103.171837,1547.733276
1615953238964,38.4813947,103.1719018,1547.195068
1616153239012,38.4814325,103.1719657,1546.557739
1616353238821,38.4814714,103.1720287,1545.878418
1616553238869,38.4815117,103.1720907,1545.164795
1616753238916,38.4815532,103.1721518,1544.441406
1616953238964,38.4815958,103.1722117,1543.647949
1617153239012,38.4816396,103.1722706,1542.823853
1617353238821,38.4816847,103.1723283,1541.972046
1617553238869,38.4817311,103.1723848,1541.067261
1617753238916,38.4817789,103.1724401,1540.116211
1617953238964,38.4818281,103.172494,1539.121826
1618153239012,38.481879,103.1725463,1538.136353
1618553238869,38.4819851,103.1726464,1536.180786
1618553238869,38.4819851,103.1726464,1536.180786
1618953238964,38.4820965,103.1727401,1534.282471
1619153239012,38.4821542,103.1727845,1533.377075
1619353238821,38.4822132,103.1728273,1532.506958
1619553238869,38.4822733,103.1728683,1531.680542
1619753238916,38.4823346,103.1729078,1530.895752
1619953238964,38.4823967,103.1729457,1530.143555
1620153239012,38.4824597,103.172982,1529.443115
1620353238821,38.4825235,103.1730169,1528.776123
1620553238869,38.4825878,103.1730504,1528.145264
1620753238916,38.4826527,103.1730826,1527.55957
1620953238964,38.482718,103.1731136,1526.996826
1621153239012,38.4827837,103.1731434,1526.450073
1621353238821,38.4828499,103.1731721,1525.929932
1621553238869,38.4829164,103.1731997,1525.452271
1621753238916,38.4829831,103.1732264,1524.976074
1621953238964,38.4830501,103.1732523,1524.513916
1622153239012,38.4831174,103.1732774,1524.068604
1622353238821,38.4831847,103.1733017,1523.616089
1622553238869,38.4832521,103.1733254,1523.165771
1622753238916,38.4833196,103.1733487,1522.726074
1622953238964,38.4833871,103.1733714,1522.278809
1623153239012,38.4834548,103.1733936,1521.856934
1623353238821,38.4835225,103.1734154,1521.429321
1623553238869,38.4835903,103.1734367,1520.951782
1623753238916,38.4836584,103.1734575,1520.512695
1623953238964,38.4837266,103.1734778,1520.064575
1624153239012,38.483795,103.1734975,1519.638184
1624353238821,38.4838636,103.173517,1519.22937
1624553238869,38.4839321,103.1735362,1518.756958
1624753238916,38.4840004,103.1735553,1518.248169
1624953238964,38.4840687,103.1735743,1517.710449
1625153239012,38.4841371,103.1735932,1517.192139
1625353238821,38.4842055,103.1736121,1516.663818
1625553238869,38.484274,103.173631,1516.132202
1625753238916,38.4843427,103.1736499,1515.582642
1625953238964,38.4844114,103.1736687,1515.041016
1626153239012,38.4844801,103.1736875,1514.481567
1626353238821,38.484549,103.1737064,1513.936157
1626553238869,38.4846178,103.1737253,1513.335449
1626753238916,38.4846866,103.1737442,1512.697144
1626953238964,38.4847554,103.1737633,1512.010986
1627153239012,38.4848241,103.1737825,1511.284912
1627353238821,38.4848928,103.1738018,1510.488647
1627553238869,38.4849616,103.1738214,1509.681885
1627753238916,38.4850303,103.1738413,1508.885254
1627953238964,38.485099,103.1738615,1508.078369
1628353238821,38.4852362,103.1739026,1506.373291
1628553238869,38.4853048,103.1739237,1505.531738
1628753238916,38.4853735,103.173945,1504.721924
1628953238964,38.4854423,103.1739663,1503.876099
1629153239012,38.4855111,103.1739879,1503.026733
1629353238821,38.48558,103.1740095,1502.186035
1629553238869,38.4856489,103.1740312,1501.352539
1629753238916,38.4857178,103.1740531,1500.527832
1629953238964,38.4857868,103.1740751,1499.712402
1630153239012,38.4858557,103.1740973,1498.900879
1630353238821,38.4859246,103.1741196,1498.077271
1630553238869,38.4859936,103.1741419,1497.245361
1630753238916,38.4860626,103.1741643,1496.405029
1630953238964,38.4861317,103.1741867,1495.556641
1631153239012,38.4862008,103.1742091,1494.716919
1631353238821,38.4862699,103.1742317,1493.879517
1631553238869,38.4863389,103.1742543,1493.069336
1631753238916,38.4864079,103.174277,1492.266846
1631953238964,38.4864769,103.1742997,1491.52124
1632153239012,38.486546,103.1743224,1490.837036
1632353238821,38.486615,103.1743451,1490.244995
1632553238869,38.4866839,103.1743681,1489.858276
1632753238916,38.4867523,103.1743916,1489.632568
1632953238964,38.4868203,103.1744157,1489.444702
1633153239012,38.4868879,103.1744406,1489.290527
1633353238821,38.4869552,103.1744663,1489.177368
1633553238869,38.4870219,103.1744933,1489.093384
1633753238916,38.487088,103.1745215,1489.032593
1633953238964,38.4871532,103.1745511,1488.988159
1634153239012,38.4872175,103.1745825,1488.971436
1634353238821,38.4872807,103.1746156,1488.97876
1634553238869,38.4873429,103.1746506,1488.977661
1634753238916,38.4874041,103.1746873,1488.976929
1634953238964,38.4874644,103.174726,1488.987427
1635153239012,38.4875237,103.1747665,1488.990601
1635353238821,38.487582,103.1748086,1488.969238
1635553238869,38.4876394,103.1748523,1488.892822
1635753238916,38.4876957,103.1748978,1488.7948
1635953238964,38.4877507,103.1749452,1488.68396
1636153239012,38.4878044,103.1749943,1488.562012
1636353238821,38.4878567,103.1750452,1488.428711
1636553238869,38.4879076,103.1750978,1488.286255
1636753238916,38.487957,103.1751521,1488.147827
1636953238964,38.4880051,103.1752081,1488.015869
1637153239012,38.4880519,103.1752656,1487.887451
1637353238821,38.4880976,103.1753242,1487.691284
1637553238869,38.4881422,103.1753839,1487.415527
1637753238916,38.4881856,103.1754447,1487.086426
1637953238964,38.4882276,103.1755065,1486.735718
1638353238821,38.4883077,103.175633,1486.022461
1638553238869,38.4883458,103.1756979,1485.689575
1638753238916,38.4883826,103.1757637,1485.341675
1638953238964,38.4884184,103.1758304,1484.977417
1639153239012,38.488453,103.175898,1484.620483
1639353238821,38.4884864,103.1759664,1484.272827
1639553238869,38.4885187,103.1760355,1483.931885
1639753238916,38.4885499,103.1761053,1483.611572
1639953238964,38.48858,103.1761758,1483.329102
1640153239012,38.488609,103.1762469,1483.08374
1640353238821,38.4886371,103.1763185,1482.857056
1640553238869,38.4886643,103.1763906,1482.659302
1640753238916,38.4886906,103.1764633,1482.499146
1640953238964,38.4887162,103.1765363,1482.362427
1641153239012,38.488741,103.1766098,1482.281494
1641353238821,38.4887649,103.1766836,1482.236816
1641553238869,38.4887881,103.1767575,1482.190552
1641753238916,38.4888106,103.1768314,1482.160767
1641953238964,38.4888323,103.1769054,1482.155518
1642153239012,38.4888535,103.1769793,1482.131348
1642353238821,38.4888741,103.177053,1482.108398
1642553238869,38.4888944,103.1771267,1482.07251
1642753238916,38.4889144,103.1772003,1482.027588
1642953238964,38.488934,103.1772738,1481.963379
1643153239012,38.4889533,103.1773472,1481.89856
1643353238821,38.4889723,103.1774205,1481.850464
1643553238869,38.4889911,103.1774938,1481.782227
1643753238916,38.4890096,103.177567,1481.70105
1643953238964,38.4890278,103.1776401,1481.619385
1644153239012,38.4890457,103.1777132,1481.549561
1644353238821,38.4890634,103.1777862,1481.476196
1644553238869,38.4890808,103.1778591,1481.399536
1644753238916,38.4890981,103.177932,1481.310425
1644953238964,38.4891152,103.1780049,1481.21814
1645153239012,38.4891322,103.1780777,1481.112061
1645353238821,38.4891491,103.1781505,1480.982666
1645553238869,38.4891659,103.1782231,1480.848633
1645753238916,38.4891826,103.1782958,1480.719727
1645953238964,38.4891991,103.1783683,1480.589722
1646153239012,38.4892156,103.1784408,1480.449829
1646353238821,38.4892321,103.1785132,1480.305298
1646553238869,38.4892486,103.1785855,1480.144531
1646753238916,38.4892651,103.1786578,1479.995605
1646953238964,38.4892817,103.1787301,1479.848145
1647153239012,38.4892984,103.1788024,1479.714233
1647353238821,38.4893153,103.1788747,1479.607666
1647553238869,38.4893323,103.178947,1479.53186
1647753238916,38.4893495,103.1790194,1479.425293
1648153239012,38.4893841,103.1791641,1479.119263
1648353238821,38.4894017,103.1792366,1478.97583
1648553238869,38.4894193,103.1793091,1478.838135
1648753238916,38.489437,103.1793816,1478.685547
1648953238964,38.4894547,103.1794542,1478.503784
1649153239012,38.4894726,103.1795267,1478.290649
1649353238821,38.4894907,103.1795992,1478.066406
1649553238869,38.4895089,103.1796718,1477.884766
1649753238916,38.4895273,103.1797445,1477.723755
1649953238964,38.4895458,103.1798171,1477.545776
1650153239012,38.4895643,103.1798898,1477.381592
1650353238821,38.489583,103.1799626,1477.20752
1650553238869,38.4896016,103.1800355,1477.03772
1650753238916,38.4896203,103.1801084,1476.884277
1650953238964,38.489639,103.1801815,1476.762207
1651153239012,38.4896578,103.1802546,1476.653198
1651353238821,38.4896766,103.1803275,1476.519043
1651553238869,38.4896954,103.1804004,1476.378906
1651753238916,38.4897143,103.1804732,1476.219116
1651953238964,38.4897334,103.1805457,1476.005005
1652153239012,38.4897526,103.180618,1475.747314
1652353238821,38.489772,103.1806901,1475.46106
1652553238869,38.4897915,103.1807621,1475.164185
1652753238916,38.489811,103.1808337,1474.8479
1652953238964,38.4898305,103.1809051,1474.502808
1653153239012,38.4898498,103.1809763,1474.118652
1653353238821,38.4898692,103.1810472,1473.720581
1653553238869,38.4898885,103.1811179,1473.309448
1653753238916,38.4899078,103.1811885,1472.879272
1653953238964,38.4899272,103.1812591,1472.461548
1654153239012,38.4899467,103.1813295,1472.038086
1654353238821,38.4899662,103.1813999,1471.586182
1654553238869,38.4899858,103.1814702,1471.117065
1654753238916,38.4900053,103.1815406,1470.630127
1654953238964,38.4900246,103.181611,1470.119141
1655153239012,38.4900439,103.1816814,1469.603638
1655353238821,38.4900629,103.1817518,1469.084961
1655553238869,38.4900818,103.1818224,1468.559814
1655753238916,38.4901006,103.181893,1468.014893
1655953238964,38.4901192,103.1819637,1467.472656
1656153239012,38.4901378,103.1820346,1466.927856
1656353238821,38.4901564,103.1821055,1466.360596
1656553238869,38.4901749,103.1821765,1465.807373
1656753238916,38.4901934,103.1822477,1465.268677
1656953238964,38.490212,103.1823189,1464.739014
1657153239012,38.4902307,103.1823903,1464.22168
1657353238821,38.4902495,103.1824617,1463.709595
1657553238869,38.4902684,103.1825332,1463.21521
1657753238916,38.4902875,103.1826048,1462.739746
1658153239012,38.4903258,103.1827483,1461.803345
1658353238821,38.4903451,103.1828201,1461.348755
1658553238869,38.4903644,103.1828919,1460.913208
1658753238916,38.4903837,103.1829639,1460.497925
1658953238964,38.4904031,103.183036,1460.091431
1659153239012,38.4904225,103.1831081,1459.687744
1659353238821,38.490442,103.1831804,1459.291748
1659553238869,38.4904615,103.1832529,1458.90271
1659753238916,38.490481,103.1833254,1458.524292
1659953238964,38.4905007,103.1833981,1458.164673
1660153239012,38.4905203,103.1834709,1457.825562
1660353238821,38.49054,103.1835438,1457.494507
1660553238869,38.4905598,103.1836168,1457.170532
1660753238916,38.4905796,103.1836899,1456.841553
1660953238964,38.4905994,103.1837631,1456.5177
1661153239012,38.4906193,103.1838364,1456.218262
1661353238821,38.4906392,103.1839097,1455.919189
1661553238869,38.4906591,103.1839831,1455.611816
1661753238916,38.490679,103.1840566,1455.324219
1661953238964,38.4906991,103.1841302,1455.04834
1662153239012,38.4907193,103.1842039,1454.80481
1662353238821,38.4907396,103.1842779,1454.632446
1662553238869,38.4907601,103.1843519,1454.506592
1662753238916,38.4907806,103.1844261,1454.418701
1662953238964,38.490801,103.1845005,1454.328491
1663153239012,38.4908214,103.1845747,1454.179932
1663353238821,38.4908416,103.1846489,1454.009033
1663553238869,38.4908617,103.1847231,1453.851807
1663753238916,38.4908817,103.1847972,1453.752808
1663953238964,38.4909017,103.1848712,1453.696167
1664153239012,38.4909215,103.1849452,1453.650513
1664353238821,38.4909414,103.1850191,1453.585938
1664553238869,38.4909614,103.185093,1453.557373
1664753238916,38.4909813,103.1851668,1453.572388
1664953238964,38.4910012,103.1852404,1453.622437
1665153239012,38.4910211,103.185314,1453.688232
1665353238821,38.4910409,103.1853874,1453.758057
1665553238869,38.4910608,103.1854606,1453.82959
1665753238916,38.4910807,103.1855336,1453.890259
1665953238964,38.4911006,103.1856064,1453.945313
1666153239012,38.4911206,103.185679,1453.961182
1666353238821,38.4911407,103.1857516,1453.959106
1666553238869,38.4911608,103.185824,1453.980957
1666753238916,38.4911808,103.1858963,1453.972168
1666953238964,38.4912008,103.1859686,1453.959961
1667153239012,38.4912208,103.1860408,1453.936768
1667353238821,38.4912405,103.1861127,1453.800415
1667553238869,38.4912601,103.1861846,1453.60498
1667953238964,38.4912995,103.1863284,1453.212769
1668153239012,38.4913192,103.1864002,1452.947632
1668353238821,38.4913388,103.1864719,1452.649658
1668553238869,38.4913583,103.1865437,1452.359253
1668753238916,38.4913779,103.1866155,1452.046143
1668953238964,38.4913975,103.1866873,1451.724121
1669153239012,38.491417,103.1867591,1451.393677
1669353238821,38.4914364,103.1868309,1451.074097
1669553238869,38.4914557,103.1869027,1450.773438
1669753238916,38.4914748,103.1869745,1450.505127
1669953238964,38.491494,103.1870463,1450.246582
1670153239012,38.4915131,103.1871181,1449.976318
1670353238821,38.4915322,103.1871897,1449.730835
1670553238869,38.4915513,103.1872615,1449.550781
1670753238916,38.4915703,103.1873331,1449.392822
1670953238964,38.4915892,103.1874046,1449.228882
1671153239012,38.4916081,103.187476,1449.114624
1671353238821,38.4916271,103.1875474,1449.0625
1671553238869,38.4916462,103.1876187,1449.001587
1671753238916,38.4916653,103.1876899,1448.898071
1671953238964,38.4916844,103.187761,1448.772217
1672153239012,38.4917034,103.1878319,1448.621216
1672353238821,38.4917223,103.1879026,1448.451904
1672553238869,38.4917412,103.1879733,1448.267456
1672753238916,38.4917601,103.1880438,1448.02417
1672953238964,38.4917789,103.1881142,1447.745117
1673153239012,38.4917977,103.1881845,1447.435059
1673353238821,38.4918165,103.1882547,1447.085449
1673553238869,38.4918354,103.1883248,1446.743652
1673753238916,38.4918542,103.188395,1446.392822
1673953238964,38.491873,103.1884651,1446.04187
1674153239012,38.4918919,103.1885354,1445.728638
1674353238821,38.4919108,103.1886057,1445.425293
1674553238869,38.4919297,103.1886759,1445.081787
1674753238916,38.4919485,103.188746,1444.726929
1674953238964,38.4919673,103.188816,1444.351318
1675153239012,38.4919862,103.1888859,1443.950562
1675353238821,38.492005,103.1889557,1443.541992
1675553238869,38.492024,103.1890254,1443.104858
1675753238916,38.4920429,103.1890951,1442.639771
1675953238964,38.492062,103.1891647,1442.158936
1676153239012,38.4920811,103.1892344,1441.667847
1676353238821,38.4921003,103.189304,1441.181641
1676553238869,38.4921194,103.1893737,1440.689941
1676753238916,38.4921385,103.1894433,1440.173706
1676953238964,38.4921575,103.1895128,1439.675171
1677153239012,38.4921763,103.1895823,1439.175415
1677353238821,38.4921951,103.1896519,1438.705933
1677553238869,38.4922138,103.1897216,1438.252563
1677953238964,38.4922511,103.1898611,1437.250732
1678153239012,38.4922698,103.189931,1436.736938
1678353238821,38.4922887,103.1900011,1436.239868
1678553238869,38.4923076,103.1900712,1435.75293
1678753238916,38.4923266,103.1901414,1435.288574
1678953238964,38.4923457,103.1902117,1434.865723
1679153239012,38.4923648,103.190282,1434.469971
1679353238821,38.492384,103.1903523,1434.071167
1679553238869,38.492403,103.1904225,1433.62085
1679753238916,38.492422,103.1904926,1433.193359
1679953238964,38.4924412,103.1905627,1432.838135
1680153239012,38.4924604,103.1906328,1432.521729
1680353238821,38.4924795,103.1907027,1432.204224
1680553238869,38.4924986,103.1907725,1431.898315
1680753238916,38.4925177,103.1908421,1431.639038
1680953238964,38.4925368,103.1909115,1431.432373
1681153239012,38.4925559,103.1909807,1431.233398
1681353238821,38.4925749,103.1910496,1431.026733
1681553238869,38.4925938,103.1911183,1430.830322
1681753238916,38.4926127,103.1911868,1430.699341
1681953238964,38.4926314,103.191255,1430.610596
1682153239012,38.4926501,103.1913229,1430.511353
1682353238821,38.4926687,103.1913906,1430.415405
1682553238869,38.4926873,103.191458,1430.352295
1682753238916,38.4927057,103.1915253,1430.307739
1682953238964,38.4927242,103.1915923,1430.238647
1683153239012,38.4927425,103.1916593,1430.180786
1683353238821,38.4927609,103.1917262,1430.136963
1683553238869,38.4927793,103.191793,1430.098267
1683753238916,38.4927976,103.1918597,1430.056763
1683953238964,38.4928158,103.1919262,1430.025879
1684153239012,38.492834,103.1919926,1429.967529
1684353238821,38.4928521,103.1920587,1429.895142
1684553238869,38.4928702,103.1921248,1429.843506
1684753238916,38.4928883,103.1921906,1429.794189
1684953238964,38.4929063,103.1922564,1429.742798
1685153239012,38.4929243,103.1923219,1429.676514
1685353238821,38.4929423,103.1923872,1429.591309
1685553238869,38.4929602,103.1924522,1429.58606
1685753238916,38.4929781,103.1925168,1429.778931
1685953238964,38.4929961,103.192581,1430.150757
1686153239012,38.493014,103.1926446,1430.662476
1686353238821,38.4930321,103.1927079,1431.222534
1686553238869,38.4930501,103.1927708,1431.708008
1686753238916,38.4930682,103.1928336,1432.05835
1686953238964,38.4930863,103.1928962,1432.231812
1687153239012,38.4931044,103.1929588,1432.20459
1687553238869,38.4931406,103.1930839,1431.64917
1687553238869,38.4931406,103.1930839,1431.64917
1687953238964,38.4931768,103.1932095,1430.720459
1688153239012,38.4931948,103.1932726,1430.231323
1688353238821,38.4932127,103.1933359,1429.760254
1688553238869,38.4932305,103.1933995,1429.329346
1688753238916,38.4932482,103.1934633,1428.941406
1688953238964,38.4932659,103.1935274,1428.598267
1689153239012,38.4932834,103.1935916,1428.293457
1689353238821,38.493301,103.1936561,1428.02478
1689553238869,38.4933185,103.1937208,1427.778076
1689753238916,38.4933361,103.1937857,1427.534424
1689953238964,38.4933537,103.1938507,1427.262817
1690153239012,38.4933714,103.193916,1426.991333
1690353238821,38.4933893,103.1939814,1426.717529
1690553238869,38.4934071,103.1940471,1426.444214
1690753238916,38.493425,103.1941129,1426.149658
1690953238964,38.4934429,103.194179,1425.863892
1691153239012,38.4934609,103.1942454,1425.583252
1691353238821,38.4934788,103.1943119,1425.291016
1691553238869,38.4934968,103.1943786,1424.989746
1691753238916,38.4935147,103.1944456,1424.692871
1691953238964,38.4935326,103.1945127,1424.414063
1692153239012,38.4935505,103.1945801,1424.171143
1692353238821,38.4935684,103.1946477,1423.934204
1692553238869,38.4935863,103.1947154,1423.709961
1692753238916,38.4936042,103.1947833,1423.489502
1692953238964,38.4936221,103.1948513,1423.27356
1693153239012,38.4936401,103.1949195,1423.062622
1693353238821,38.4936583,103.1949878,1422.790039
1693553238869,38.4936764,103.1950562,1422.4552
1693753238916,38.4936947,103.1951247,1422.059937
1693953238964,38.4937129,103.1951932,1421.59668
1694153239012,38.4937312,103.1952619,1421.109375
1694353238821,38.4937494,103.1953307,1420.626465
1694553238869,38.4937678,103.1953996,1420.136841
1694753238916,38.4937864,103.1954687,1419.719482
1694953238964,38.4938051,103.195538,1419.356079
1695153239012,38.4938241,103.1956074,1419.05127
1695353238821,38.4938433,103.195677,1418.791992
1695553238869,38.4938626,103.1957467,1418.571777
1695753238916,38.4938822,103.1958166,1418.346313
1695953238964,38.4939019,103.1958867,1418.157471
1696153239012,38.4939217,103.1959571,1417.985229
1696353238821,38.4939414,103.1960276,1417.752075
1696553238869,38.4939611,103.1960982,1417.453857
1696753238916,38.4939808,103.196169,1417.125366
1696953238964,38.4940004,103.1962399,1416.743408
1697353238821,38.4940399,103.1963821,1415.900391
1697553238869,38.4940598,103.1964534,1415.510132
1697753238916,38.4940797,103.1965248,1415.182983
1697953238964,38.4940996,103.1965963,1414.871338
1698153239012,38.4941195,103.1966678,1414.560913
1698353238821,38.4941394,103.1967394,1414.266602
1698553238869,38.4941592,103.1968111,1413.984863
1698753238916,38.494179,103.1968827,1413.700439
1698953238964,38.4941988,103.1969544,1413.428223
1699153239012,38.4942185,103.1970261,1413.164063
1699353238821,38.4942381,103.1970979,1412.884766
1699553238869,38.4942577,103.1971696,1412.609131
1699753238916,38.4942773,103.1972415,1412.356689
1699953238964,38.4942969,103.1973133,1412.085449
1700153239012,38.4943166,103.1973852,1411.807739
1700353238821,38.4943363,103.1974572,1411.52832
1700553238869,38.494356,103.1975292,1411.238647
1700753238916,38.4943757,103.1976011,1410.909058
1700953238964,38.4943953,103.197673,1410.551147
1701153239012,38.4944148,103.1977448,1410.196045
1701353238821,38.4944344,103.1978167,1409.875244
1701553238869,38.4944539,103.1978887,1409.577637
1701753238916,38.4944734,103.1979608,1409.31604
1701953238964,38.4944929,103.1980328,1409.057251
1702153239012,38.4945123,103.1981047,1408.786865
1702353238821,38.4945316,103.1981766,1408.526611
1702553238869,38.4945508,103.1982484,1408.302002
1702753238916,38.4945698,103.1983202,1408.093872
1702953238964,38.4945887,103.1983919,1407.887329
1703153239012,38.4946076,103.1984636,1407.674683
1703353238821,38.4946265,103.1985351,1407.417847
1703553238869,38.4946456,103.1986066,1407.132202
1703753238916,38.4946649,103.198678,1406.828003
1703953238964,38.4946845,103.1987495,1406.542847
1704153239012,38.4947043,103.1988208,1406.279663
1704353238821,38.4947241,103.1988921,1406.02417
1704553238869,38.4947439,103.1989632,1405.781494
1704753238916,38.4947637,103.1990343,1405.562134
1704953238964,38.4947835,103.1991054,1405.351685
1705153239012,38.4948032,103.1991765,1405.157593
1705353238821,38.4948228,103.1992475,1404.978027
1705553238869,38.4948423,103.1993184,1404.790039
1705753238916,38.4948617,103.1993892,1404.570435
1705953238964,38.4948808,103.1994599,1404.319824
1706153239012,38.4948998,103.1995304,1404.04187
1706353238821,38.4949187,103.1996008,1403.768066
1706553238869,38.4949375,103.1996712,1403.477051
1706753238916,38.4949562,103.1997414,1403.172852
1706953238964,38.494975,103.1998116,1402.876221
1707353238821,38.4950124,103.1999518,1402.253784
1707553238869,38.495031,103.2000218,1402.014526
1707753238916,38.4950496,103.2000918,1401.817383
1707953238964,38.4950681,103.2001616,1401.629395
1708153239012,38.4950865,103.2002312,1401.405029
1708353238821,38.4951049,103.2003007,1401.170898
1708553238869,38.4951233,103.20037,1400.936035
1708753238916,38.4951418,103.2004392,1400.711304
1708953238964,38.4951604,103.2005083,1400.499268
1709153239012,38.4951792,103.2005773,1400.303833
1709353238821,38.4951981,103.2006462,1400.094482
1709553238869,38.4952171,103.2007151,1399.875732
1709753238916,38.4952361,103.2007839,1399.671753
1709953238964,38.4952553,103.2008527,1399.482788
1710153239012,38.4952745,103.2009214,1399.307373
1710353238821,38.4952936,103.2009902,1399.130859
1710553238869,38.4953127,103.201059,1398.946655
1710753238916,38.4953318,103.2011278,1398.766846
1710953238964,38.4953508,103.2011966,1398.595459
1711153239012,38.4953697,103.2012654,1398.437378
1711353238821,38.4953886,103.2013343,1398.287109
1711553238869,38.4954074,103.2014032,1398.135864
1711753238916,38.4954262,103.201472,1397.976685
1711953238964,38.4954449,103.201541,1397.827637
1712153239012,38.4954637,103.2016099,1397.698975
1712353238821,38.4954824,103.2016789,1397.581787
1712553238869,38.4955011,103.201748,1397.466553
1712753238916,38.4955197,103.201817,1397.352295
1712953238964,38.4955384,103.2018861,1397.243286
1713153239012,38.4955571,103.2019553,1397.155396
1713353238821,38.4955758,103.2020244,1397.096802
1713553238869,38.4955945,103.2020935,1397.023682
1713753238916,38.4956132,103.2021626,1396.946777
1713953238964,38.495632,103.2022316,1396.887939
1714153239012,38.4956508,103.2023005,1396.830078
1714353238821,38.4956698,103.2023694,1396.775391
1714553238869,38.4956888,103.202438,1396.744263
1714753238916,38.495708,103.2025065,1396.721802
1714953238964,38.4957272,103.2025748,1396.681885
1715153239012,38.4957464,103.2026429,1396.614868
1715353238821,38.4957655,103.2027108,1396.514282
1715553238869,38.4957847,103.2027786,1396.394653
1715753238916,38.4958039,103.2028463,1396.244263
1715953238964,38.4958232,103.202914,1396.077637
1716153239012,38.4958425,103.2029817,1395.905029
1716353238821,38.495862,103.2030495,1395.735107
1716553238869,38.4958816,103.2031173,1395.555054
1716753238916,38.4959012,103.2031853,1395.373657
1717153239012,38.4959384,103.2033194,1395.499634
1717353238821,38.495957,103.2033865,1395.5448
1717553238869,38.4959754,103.2034535,1395.5802
1717753238916,38.4959939,103.2035203,1395.554932
1717953238964,38.4960123,103.203587,1395.427124
1718153239012,38.49603,103.2036531,1395.467529
1718353238821,38.4960474,103.2037192,1395.506714
1718553238869,38.4960649,103.2037852,1395.471802
1718753238916,38.4960821,103.2038511,1395.488647
1718953238964,38.4960991,103.2039165,1395.492798
1719153239012,38.4961161,103.2039818,1395.509521
1719353238821,38.496133,103.2040468,1395.52002
1719553238869,38.4961499,103.2041113,1395.533203
1719753238916,38.4961667,103.2041755,1395.539917
1719953238964,38.4961833,103.2042392,1395.557739
1720153239012,38.4961996,103.2043027,1395.559692
1720353238821,38.4962157,103.2043657,1395.584351
1720553238869,38.4962316,103.2044283,1395.588623
1720753238916,38.4962475,103.2044905,1395.597046
1720953238964,38.4962633,103.2045523,1395.606567
1721153239012,38.496279,103.2046137,1395.612183
1721353238821,38.4962948,103.2046746,1395.613403
1721553238869,38.4963108,103.204735,1395.620483
1721753238916,38.4963268,103.204795,1395.614136
1721953238964,38.4963429,103.2048545,1395.59668
1722153239012,38.4963593,103.2049134,1395.59668
1722353238821,38.4963758,103.2049718,1395.598145
1722553238869,38.4963924,103.2050297,1395.591431
1722753238916,38.4964093,103.205087,1395.584229
1722953238964,38.4964264,103.2051438,1395.588867
1723153239012,38.4964439,103.2052001,1395.585449
1723353238821,38.4964613,103.2052559,1395.585449
1723553238869,38.4964788,103.2053114,1395.581909
1723753238916,38.4964962,103.2053665,1395.569336
1723953238964,38.4965134,103.2054213,1395.566528
1724153239012,38.4965305,103.2054759,1395.566162
1724353238821,38.4965474,103.2055301,1395.553101
1724553238869,38.4965641,103.2055841,1395.559204
1724753238916,38.4965807,103.2056378,1395.541016
1724953238964,38.496597,103.2056912,1395.530029
1725153239012,38.4966129,103.2057444,1395.529053
1725353238821,38.4966283,103.2057974,1395.517822
1725553238869,38.4966432,103.2058503,1395.50769
1725753238916,38.4966573,103.2059029,1395.50415
1725953238964,38.4966709,103.2059552,1395.495728
1726153239012,38.496684,103.2060074,1395.498169
1726353238821,38.4966966,103.2060592,1395.494385
1726553238869,38.496709,103.2061107,1395.487305
1726753238916,38.4967211,103.206162,1395.487915
1727153239012,38.4967445,103.2062637,1395.475098
1727353238821,38.4967558,103.2063141,1395.468018
1727553238869,38.4967668,103.2063642,1395.462769
1727753238916,38.4967777,103.2064139,1395.454834
1727953238964,38.4967884,103.2064632,1395.448853
1728153239012,38.4967992,103.2065121,1395.443481
1728353238821,38.49681,103.2065604,1395.432861
1728553238869,38.496821,103.2066081,1395.435303
1728753238916,38.4968324,103.2066551,1395.421509
1728953238964,38.4968441,103.2067015,1395.411133
1729153239012,38.4968563,103.2067471,1395.416748
1729353238821,38.4968689,103.206792,1395.399902
1729553238869,38.4968818,103.2068362,1395.411133
1729753238916,38.4968951,103.2068798,1395.397461
1729953238964,38.4969086,103.2069227,1395.403564
1730153239012,38.4969223,103.2069651,1395.400146
1730353238821,38.4969361,103.2070069,1395.4021
1730553238869,38.49695,103.2070482,1395.398071
1730753238916,38.4969638,103.2070891,1395.400024
1730953238964,38.4969776,103.2071297,1395.393311
1731153239012,38.4969911,103.2071699,1395.399048
1731353238821,38.4970044,103.2072099,1395.390747
1731553238869,38.4970174,103.2072496,1395.388428
1731753238916,38.49703,103.2072891,1395.377441
1731953238964,38.4970423,103.2073284,1395.373657
1732153239012,38.4970542,103.2073675,1395.365601
1732353238821,38.4970655,103.2074065,1395.362793
1732553238869,38.4970763,103.2074452,1395.355713
1732753238916,38.4970866,103.2074837,1395.351196
1732953238964,38.4970966,103.2075219,1395.339722
1733153239012,38.4971062,103.2075598,1395.33606
1733353238821,38.4971155,103.2075975,1395.335205
1733553238869,38.4971246,103.2076349,1395.332764
1733753238916,38.4971334,103.207672,1395.338135
1733953238964,38.4971419,103.2077088,1395.320435
1734153239012,38.49715,103.2077454,1395.323608
1734353238821,38.4971579,103.2077817,1395.319458
1734553238869,38.4971655,103.2078177,1395.307617
1734753238916,38.4971729,103.2078534,1395.30188
1734953238964,38.4971801,103.2078887,1395.307739
1735153239012,38.4971874,103.2079235,1395.298096
1735353238821,38.4971946,103.2079579,1395.301147
1735553238869,38.4972021,103.2079917,1395.284668
1735753238916,38.4972097,103.208025,1395.285034
1735953238964,38.4972175,103.2080577,1395.287354
1736153239012,38.4972255,103.2080898,1395.283813
1736353238821,38.4972339,103.2081214,1395.281982
1736553238869,38.4972426,103.2081523,1395.277588
1736953238964,38.4972608,103.2082125,1395.278076
1737153239012,38.4972702,103.2082418,1395.27124
1737353238821,38.4972798,103.2082705,1395.267822
1737553238869,38.4972895,103.2082988,1395.266357
1737753238916,38.497299,103.2083267,1395.261719
1737953238964,38.4973086,103.2083542,1395.263672
1738153239012,38.497318,103.2083812,1395.264771
1738353238821,38.4973272,103.2084079,1395.267822
1738553238869,38.4973362,103.2084343,1395.262573
1738753238916,38.497345,103.2084603,1395.262451
1738953238964,38.4973535,103.2084859,1395.251221
1739153239012,38.4973618,103.2085113,1395.255737
1739353238821,38.4973699,103.2085362,1395.247681
1739553238869,38.4973777,103.2085609,1395.245605
1739753238916,38.4973852,103.2085852,1395.246948
1739953238964,38.4973925,103.2086091,1395.241943
1740153239012,38.4973994,103.2086327,1395.241821
1740353238821,38.497406,103.208656,1395.233521
1740553238869,38.4974123,103.208679,1395.243774
1740753238916,38.4974183,103.2087015,1395.229248
1740953238964,38.497424,103.2087238,1395.229614
1741153239012,38.4974294,103.2087456,1395.232544
1741353238821,38.4974346,103.2087671,1395.2229
1741553238869,38.4974395,103.2087881,1395.225098
1741753238916,38.4974441,103.2088088,1395.227783
1741953238964,38.4974486,103.208829,1395.226929
1742153239012,38.4974527,103.2088488,1395.223755
1742353238821,38.4974567,103.2088682,1395.220947
1742553238869,38.4974605,103.2088871,1395.215088
1742753238916,38.4974641,103.2089055,1395.209106
1742953238964,38.4974676,103.2089235,1395.207153
1743153239012,38.4974709,103.2089409,1395.202271
1743353238821,38.4974743,103.2089578,1395.20105
1743553238869,38.4974776,103.2089741,1395.193726
1743753238916,38.4974808,103.2089899,1395.196167
1743953238964,38.4974841,103.2090051,1395.196533
1744153239012,38.4974874,103.2090198,1395.187744
1744353238821,38.4974907,103.2090339,1395.191406
1744553238869,38.497494,103.2090475,1395.194214
1744753238916,38.4974974,103.2090606,1395.186035
1744953238964,38.4975007,103.2090731,1395.182129
1745153239012,38.497504,103.2090851,1395.178589
1745353238821,38.4975073,103.2090967,1395.17688
1745553238869,38.4975105,103.2091076,1395.174561
1745753238916,38.4975136,103.2091181,1395.17627
1745953238964,38.4975166,103.2091281,1395.170532
1746153239012,38.4975195,103.2091376,1395.172119
1746353238821,38.4975223,103.2091467,1395.173096
1746553238869,38.4975249,103.2091552,1395.172974
1746953238964,38.4975297,103.2091709,1395.179077
1747153239012,38.4975318,103.209178,1395.183228
1747353238821,38.4975338,103.2091846,1395.172974
1747553238869,38.4975356,103.2091907,1395.173706
1747753238916,38.4975372,103.2091963,1395.175903
1747953238964,38.4975387,103.2092014,1395.171875
1748153239012,38.49754,103.2092059,1395.174316
1748353238821,38.4975412,103.20921,1395.171143
1748553238869,38.4975421,103.2092135,1395.173706
1748753238916,38.497543,103.2092165,1395.172485
1748953238964,38.4975437,103.2092189,1395.17334
1749153239012,38.4975442,103.2092208,1395.17334
1749353238821,38.4975445,103.2092221,1395.171997
1749553238869,38.4975448,103.209223,1395.174316
1749753238916,38.4975449,103.2092233,1395.172485
1749953238964,38.4975449,103.2092234,1395.175049
1750153239012,38.4975449,103.2092234,1395.174438
1750353238821,38.4975449,103.2092233,1395.17395
1750553238869,38.4975449,103.2092233,1395.175537
1750753238916,38.4975449,103.2092232,1395.173828
1750953238964,38.4975448,103.2092232,1395.171387
1751153239012,38.4975448,103.2092232,1395.17334
1751353238821,38.4975448,103.2092232,1395.170898
1751553238869,38.4975448,103.2092232,1395.171631
1751753238916,38.4975448,103.2092232,1395.171143
1751953238964,38.4975448,103.2092232,1395.172485
1752153239012,38.4975448,103.2092232,1395.173096
1752353238821,38.4975448,103.2092233,1395.173706
1752553238869,38.4975448,103.2092232,1395.172607
1752753238916,38.4975448,103.2092232,1395.173584
1752953238964,38.4975448,103.2092232,1395.172729
1753153239012,38.4975448,103.2092232,1395.173584
1753353238821,38.4975448,103.2092232,1395.172241
1753553238869,38.4975448,103.2092232,1395.170898
1753753238916,38.4975448,103.2092232,1395.171387
1753953238964,38.4975448,103.2092232,1395.17334
1754153239012,38.4975448,103.2092232,1395.173218
1754353238821,38.4975448,103.2092232,1395.174316
1754553238869,38.4975448,103.2092232,1395.174072
1754753238916,38.4975448,103.2092232,1395.17334
1754953238964,38.4975448,103.2092232,1395.171509
1755153239012,38.4975448,103.2092232,1395.172119
1755353238821,38.4975448,103.2092232,1395.172852
1755553238869,38.4975448,103.2092232,1395.172363
1755753238916,38.4975448,103.2092232,1395.172852
1755953238964,38.4975448,103.2092232,1395.171875
1756153239012,38.4975448,103.2092232,1395.173218
1756553238869,38.4975448,103.2092232,1395.173828
1756553238869,38.4975448,103.2092232,1395.173828
1756953238964,38.4975448,103.2092232,1395.174561
1757153239012,38.4975448,103.2092232,1395.171753
1757353238821,38.4975448,103.2092232,1395.174683
1757553238869,38.4975448,103.2092232,1395.175171
1757753238916,38.4975448,103.2092232,1395.175659
1757953238964,38.4975448,103.2092232,1395.172119
1758153239012,38.4975448,103.2092232,1395.172119
1758353238821,38.4975448,103.2092232,1395.171143
1758553238869,38.4975448,103.2092232,1395.172241
1758753238916,38.4975448,103.2092232,1395.171509
1758953238964,38.4975449,103.2092232,1395.184448
1759153239012,38.4975449,103.2092232,1395.184204
1759353238821,38.4975449,103.2092232,1395.185791
1759553238869,38.4975449,103.2092232,1395.185791
1759753238916,38.4975449,103.2092232,1395.184204
1759953238964,38.4975449,103.2092232,1395.186035
1760153239012,38.4975449,103.2092232,1395.18396
1760353238821,38.4975449,103.2092232,1395.183838
1760553238869,38.4975449,103.2092232,1395.18396
1760753238916,38.4975449,103.2092232,1395.182983
1760953238964,38.4975449,103.2092232,1395.180542
1761153239012,38.4975449,103.2092232,1395.181885
1761353238821,38.4975449,103.2092232,1395.181885
1761553238869,38.4975449,103.2092232,1395.181885
1761753238916,38.4975449,103.2092232,1395.182617
1761953238964,38.4975449,103.2092232,1395.177612
1762153239012,38.4975449,103.2092232,1395.179565
1762353238821,38.4975449,103.2092232,1395.179565
1762553238869,38.4975449,103.2092232,1395.179077
1762753238916,38.4975449,103.2092232,1395.179321
1762953238964,38.4975449,103.2092232,1395.177612
1763153239012,38.4975449,103.2092232,1395.176758
1763353238821,38.4975449,103.2092232,1395.177124
1763553238869,38.4975449,103.2092232,1395.178955
1763753238916,38.4975449,103.2092232,1395.17749
1763953238964,38.4975449,103.2092232,1395.175903
1764153239012,38.4975448,103.2092232,1395.177002
1764353238821,38.4975448,103.2092232,1395.17627
1764553238869,38.4975449,103.2092232,1395.177246
1764753238916,38.4975449,103.2092232,1395.175049
1764953238964,38.4975448,103.2092232,1395.17688
1765153239012,38.4975448,103.2092232,1395.174927
1765353238821,38.4975448,103.2092232,1395.175659
1765553238869,38.4975448,103.2092232,1395.174072
1765753238916,38.4975448,103.2092232,1395.173584
1765953238964,38.4975448,103.2092232,1395.173706
1766353238821,38.4975448,103.2092232,1395.173218
1766553238869,38.4975448,103.2092232,1395.171631
1766753238916,38.4975448,103.2092232,1395.171753
1766953238964,38.4975448,103.2092232,1395.171265
1767153239012,38.4975448,103.2092232,1395.171875
1767353238821,38.4975448,103.2092232,1395.1698
1767553238869,38.4975448,103.2092232,1395.168213
1767753238916,38.4975448,103.2092232,1395.170532
1767953238964,38.4975448,103.2092232,1395.168335
1768153239012,38.4975448,103.2092232,1395.169678
1768353238821,38.4975448,103.2092232,1395.168457
1768553238869,38.4975448,103.2092232,1395.166626
1768753238916,38.4975448,103.2092232,1395.167725
1768953238964,38.4975448,103.2092231,1395.168213
1769153239012,38.4975448,103.2092232,1395.167114
1769353238821,38.4975448,103.2092231,1395.167236
1769553238869,38.4975448,103.2092231,1395.167603
1769753238916,38.4975448,103.2092231,1395.166626
1769953238964,38.4975448,103.2092231,1395.166992
1770153239012,38.4975448,103.2092232,1395.164185
1770353238821,38.4975448,103.2092231,1395.166016
1770553238869,38.4975448,103.2092231,1395.164673
1770753238916,38.4975448,103.2092232,1395.165039
1770953238964,38.4975448,103.2092231,1395.163208
1771153239012,38.4975448,103.2092231,1395.16333
1771353238821,38.4975448,103.2092231,1395.163818
1771553238869,38.4975448,103.2092231,1395.164063
1771753238916,38.4975448,103.2092231,1395.161133
1771953238964,38.4975448,103.2092231,1395.163574
1772153239012,38.4975448,103.2092231,1395.163574
1772353238821,38.4975448,103.2092231,1395.161987
1772553238869,38.4975448,103.2092231,1395.161255
1772753238916,38.4975448,103.2092231,1395.162354
1772953238964,38.4975448,103.2092231,1395.161987
1773153239012,38.4975448,103.2092231,1395.161621
1773353238821,38.4975448,103.2092231,1395.161621
1773553238869,38.4975448,103.2092231,1395.161865
1773753238916,38.4975448,103.2092231,1395.160156
1773953238964,38.4975448,103.2092231,1395.162598
1774153239012,38.4975448,103.2092231,1395.16272
1774353238821,38.4975448,103.2092231,1395.162598
1774553238869,38.4975448,103.2092231,1395.163696
1774753238916,38.4975448,103.2092231,1395.160889
1774953238964,38.4975448,103.2092231,1395.162964
1775153239012,38.4975448,103.2092231,1395.161377
1775353238821,38.4975448,103.2092231,1395.158447
1775553238869,38.4975448,103.2092231,1395.161621
1775753238916,38.4975448,103.2092231,1395.159912
1775953238964,38.4975448,103.2092231,1395.15979
1776353238821,38.4975448,103.2092231,1395.160034
1776553238869,38.4975448,103.2092231,1395.161011
1776753238916,38.4975448,103.2092231,1395.162598
1776953238964,38.4975448,103.2092231,1395.161011
1777153239012,38.4975448,103.2092231,1395.159302
1777353238821,38.4975448,103.2092231,1395.159912
1777553238869,38.4975448,103.2092231,1395.160278
1777753238916,38.4975448,103.2092231,1395.160034
1777953238964,38.4975448,103.2092231,1395.160645
1778153239012,38.4975448,103.2092231,1395.160889
1778353238821,38.4975448,103.2092231,1395.159302
1778553238869,38.4975448,103.2092231,1395.158447
1778753238916,38.4975448,103.2092231,1395.158447
1778953238964,38.4975448,103.2092231,1395.159546
1779153239012,38.4975448,103.2092231,1395.158691
1779353238821,38.4975448,103.2092231,1395.157715
1779553238869,38.4975448,103.2092231,1395.159058
1779753238916,38.4975448,103.2092231,1395.159424
1779953238964,38.4975448,103.2092231,1395.161011
1780153239012,38.4975448,103.2092231,1395.161621
1780353238821,38.4975448,103.2092231,1395.161011
1780553238869,38.4975448,103.2092231,1395.159424
1780753238916,38.4975448,103.2092231,1395.161621
1780953238964,38.4975448,103.2092231,1395.161133
1781153239012,38.4975448,103.2092231,1395.162476
1781353238821,38.4975448,103.2092231,1395.159546
1781553238869,38.4975448,103.2092231,1395.159668
1781753238916,38.4975448,103.2092231,1395.162964
1781953238964,38.4975448,103.2092231,1395.15979
1782153239012,38.4975448,103.2092231,1395.159424
1782353238821,38.4975448,103.2092231,1395.157349
1782553238869,38.4975448,103.2092231,1395.157471
1782753238916,38.4975448,103.2092231,1395.160522
1782953238964,38.4975448,103.2092231,1395.157837
1783153239012,38.4975448,103.2092231,1395.158691
1783353238821,38.4975448,103.2092231,1395.158325
1783553238869,38.4975448,103.2092231,1395.159424
1783753238916,38.4975448,103.2092231,1395.158447
1783953238964,38.4975448,103.2092231,1395.158203
1784153239012,38.4975448,103.2092231,1395.157837
1784353238821,38.4975448,103.2092231,1395.158081
1784553238869,38.4975448,103.2092231,1395.156982
1784753238916,38.4975448,103.2092231,1395.157715
1784953238964,38.4975448,103.2092231,1395.1604
1785153239012,38.4975448,103.2092231,1395.160767
1785353238821,38.4975448,103.2092231,1395.160645
1785553238869,38.4975448,103.2092231,1395.160034
1785753238916,38.4975448,103.2092231,1395.159546
1786153239012,38.4975448,103.2092231,1395.15979
1786353238821,38.4975448,103.2092231,1395.160767
1786553238869,38.4975448,103.2092231,1395.161011
1786753238916,38.4975448,103.2092231,1395.15979
1786953238964,38.4975448,103.2092231,1395.161621
1787153239012,38.4975448,103.2092231,1395.162964
1787353238821,38.4975448,103.2092231,1395.160767
1787553238869,38.4975448,103.2092231,1395.160034
1787753238916,38.4975448,103.2092231,1395.160156
1787953238964,38.4975448,103.2092231,1395.162109
1788153239012,38.4975448,103.2092231,1395.161499
1788353238821,38.4975448,103.2092231,1395.160156
1788553238869,38.4975448,103.2092231,1395.160645
1788753238916,38.4975448,103.2092231,1395.161255
1788953238964,38.4975448,103.2092231,1395.160889
1789153239012,38.4975448,103.2092231,1395.158691
1789353238821,38.4975448,103.2092231,1395.159424
1789553238869,38.4975448,103.2092231,1395.159546
1789753238916,38.4975448,103.2092231,1395.157593
1789953238964,38.4975448,103.2092231,1395.160645
1790153239012,38.4975448,103.2092231,1395.159546
1790353238821,38.4975448,103.2092231,1395.160034
1790553238869,38.4975448,103.2092231,1395.15979
1790753238916,38.4975448,103.2092231,1395.158813
1790953238964,38.4975448,103.2092231,1395.162109
1791153239012,38.4975448,103.2092231,1395.161621
1791353238821,38.4975448,103.2092231,1395.160278
1791553238869,38.4975448,103.2092231,1395.160522
1791753238916,38.4975448,103.2092231,1395.158813
1791953238964,38.4975448,103.2092231,1395.15918
1792153239012,38.4975448,103.2092231,1395.159302
1792353238821,38.4975448,103.2092231,1395.161011
1792553238869,38.4975448,103.2092231,1395.158691
1792753238916,38.4975448,103.2092231,1395.157837
1792953238964,38.4975448,103.2092231,1395.163818
1793153239012,38.4975448,103.2092231,1395.163086
1793353238821,38.4975448,103.2092231,1395.163696
1793553238869,38.4975448,103.2092231,1395.162842
1793753238916,38.4975448,103.2092231,1395.162109
1793953238964,38.4975448,103.2092231,1395.161011
1794153239012,38.4975448,103.2092231,1395.162842
1794353238821,38.4975448,103.2092231,1395.162109
1794553238869,38.4975448,103.2092231,1395.162354
1794753238916,38.4975448,103.2092231,1395.162231
1794953238964,38.4975448,103.2092231,1395.160645
1795153239012,38.4975448,103.2092231,1395.159546
1795353238821,38.4975448,103.2092231,1395.160034
1795553238869,38.4975448,103.2092231,1395.15979
1795753238916,38.4975448,103.2092231,1395.160278
1796153239012,38.4975448,103.2092231,1395.158447
1796353238821,38.4975448,103.2092231,1395.15686
1796553238869,38.4975448,103.2092231,1395.155884
1796753238916,38.4975448,103.2092231,1395.155273
1796953238964,38.4975448,103.2092231,1395.157837
1797153239012,38.4975448,103.2092231,1395.155396
1797353238821,38.4975448,103.2092231,1395.157593
1797553238869,38.4975448,103.2092231,1395.156372
1797753238916,38.4975448,103.2092231,1395.15625
1797953238964,38.4975448,103.2092231,1395.157104
1798153239012,38.4975448,103.2092231,1395.157471
1798353238821,38.4975448,103.2092231,1395.158691
1798553238869,38.4975448,103.2092231,1395.15918
1798753238916,38.4975448,103.2092231,1395.159058
1798953238964,38.4975448,103.2092231,1395.156616
1799153239012,38.4975448,103.2092231,1395.156616
1799353238821,38.4975448,103.2092231,1395.156494
1799553238869,38.4975448,103.2092231,1395.155029
1799753238916,38.4975448,103.2092231,1395.157593
1799953238964,38.4975448,103.2092231,1395.156006
1800153239012,38.4975448,103.2092231,1395.155273
1800353238821,38.4975448,103.2092231,1395.157471
1800553238869,38.4975448,103.2092231,1395.15625
1800753238916,38.4975448,103.209223,1395.158936
1800953238964,38.4975448,103.2092231,1395.156494
1801153239012,38.4975448,103.2092231,1395.156494
1801353238821,38.4975448,103.209223,1395.155396
1801553238869,38.4975448,103.2092231,1395.157471
1801753238916,38.4975448,103.209223,1395.155029
1801953238964,38.4975448,103.2092231,1395.157593
1802153239012,38.4975448,103.2092231,1395.157837
1802353238821,38.4975448,103.2092231,1395.15625
1802553238869,38.4975448,103.2092231,1395.15686
1802753238916,38.4975448,103.2092231,1395.157349
1802953238964,38.4975448,103.2092231,1395.158325
1803153239012,38.4975448,103.2092231,1395.158203
1803353238821,38.4975448,103.2092231,1395.157349
1803553238869,38.4975448,103.2092231,1395.156494
1803753238916,38.4975448,103.2092231,1395.156372
1803953238964,38.4975448,103.2092231,1395.158447
1804153239012,38.4975448,103.2092231,1395.15918
1804353238821,38.4975448,103.2092231,1395.156372
1804553238869,38.4975448,103.2092231,1395.158447
1804753238916,38.4975448,103.2092231,1395.15564
1804953238964,38.4975448,103.2092231,1395.163452
1805153239012,38.4975448,103.2092231,1395.161499
1805353238821,38.4975448,103.2092231,1395.162354
1805553238869,38.4975448,103.2092231,1395.161865
1805753238916,38.4975448,103.209223,1395.164307
1806153239012,38.4975448,103.209223,1395.162231
1806353238821,38.4975448,103.209223,1395.161377
1806553238869,38.4975448,103.2092231,1395.160278
1806753238916,38.4975448,103.209223,1395.161865
1806953238964,38.4975448,103.209223,1395.165405
1807153239012,38.4975448,103.209223,1395.164307
1807353238821,38.4975448,103.209223,1395.166138
1807553238869,38.4975448,103.209223,1395.164917
1807753238916,38.4975448,103.209223,1395.164429
1807953238964,38.4975448,103.209223,1395.163818
1808153239012,38.4975448,103.209223,1395.164429
1808353238821,38.4975448,103.209223,1395.163208
1808553238869,38.4975448,103.209223,1395.16333
1808753238916,38.4975448,103.209223,1395.165527
1808953238964,38.4975448,103.209223,1395.161377
1809153239012,38.4975448,103.209223,1395.164795
1809353238821,38.4975448,103.209223,1395.162476
1809553238869,38.4975448,103.209223,1395.16333
1809753238916,38.4975448,103.209223,1395.163452
1809953238964,38.4975448,103.209223,1395.165161
1810153239012,38.4975448,103.209223,1395.160767
1810353238821,38.4975448,103.209223,1395.163696
1810553238869,38.4975448,103.209223,1395.161011
1810753238916,38.4975448,103.209223,1395.165039
1810953238964,38.4975448,103.209223,1395.159058
1811153239012,38.4975448,103.209223,1395.160767
1811353238821,38.4975448,103.209223,1395.160889
1811553238869,38.4975448,103.209223,1395.15918
1811753238916,38.4975448,103.209223,1395.158325
1811953238964,38.4975448,103.209223,1395.162231
1812153239012,38.4975448,103.209223,1395.161255
1812353238821,38.4975448,103.209223,1395.162354
1812553238869,38.4975448,103.209223,1395.161255
1812753238916,38.4975448,103.209223,1395.160645
1812953238964,38.4975448,103.209223,1395.162354
1813153239012,38.4975448,103.209223,1395.163452
1813353238821,38.4975448,103.209223,1395.162842
1813553238869,38.4975448,103.209223,1395.161499
1813753238916,38.4975448,103.209223,1395.161499
1813953238964,38.4975448,103.209223,1395.166748
1814153239012,38.4975448,103.209223,1395.166748
1814353238821,38.4975448,103.209223,1395.165039
1814553238869,38.4975448,103.209223,1395.165161
1814753238916,38.4975448,103.209223,1395.164795
1814953238964,38.4975448,103.209223,1395.165527
1815153239012,38.4975448,103.209223,1395.166504
1815353238821,38.4975448,103.209223,1395.166138
1815553238869,38.4975448,103.209223,1395.163696
1815953238964,38.4975448,103.209223,1395.164795
1816153239012,38.4975448,103.209223,1395.163696
1816353238821,38.4975448,103.209223,1395.164429
1816553238869,38.4975448,103.209223,1395.162964
1816753238916,38.4975448,103.209223,1395.16394
1816953238964,38.4975448,103.209223,1395.16394
1817153239012,38.4975448,103.209223,1395.163696
1817353238821,38.4975448,103.209223,1395.163574
1817553238869,38.4975448,103.209223,1395.16394
1817753238916,38.4975448,103.209223,1395.161865
1817953238964,38.4975455,103.2092243,1395.256836
1818153239012,38.4975455,103.2092243,1395.256592
1818353238821,38.4975455,103.2092243,1395.25647
1818553238869,38.4975455,103.2092243,1395.256226
1818753238916,38.4975455,103.2092243,1395.256104
1818953238964,38.4975455,103.2092243,1395.255859
1819153239012,38.4975455,103.2092243,1395.255737
1819353238821,38.4975455,103.2092243,1395.255493
1819553238869,38.4975455,103.2092243,1395.255249
1819753238916,38.4975455,103.2092243,1395.254883
1819953238964,38.4975455,103.2092243,1395.254639
1820153239012,38.4975455,103.2092243,1395.254517
1820353238821,38.4975455,103.2092243,1395.254395
1820553238869,38.4975455,103.2092243,1395.25415
1820753238916,38.4975455,103.2092243,1395.253784
1820953238964,38.4975455,103.2092243,1395.254028
1821153239012,38.4975455,103.2092243,1395.254272
1821353238821,38.4975455,103.2092243,1395.254028
1821553238869,38.4975455,103.2092243,1395.254028
1821753238916,38.4975455,103.2092243,1395.254028
1821953238964,38.4975455,103.2092243,1395.25415
1822153239012,38.4975455,103.2092243,1395.254272
1822353238821,38.4975455,103.2092243,1395.25415
1822553238869,38.4975455,103.2092243,1395.25415
1822753238916,38.4975455,103.2092243,1395.254272
1822953238964,38.4975455,103.2092243,1395.254395
1823153239012,38.4975455,103.2092243,1395.254517
1823353238821,38.4975455,103.2092243,1395.254639
1823553238869,38.4975455,103.2092243,1395.254639
1823753238916,38.4975455,103.2092243,1395.254883
1823953238964,38.4975455,103.2092243,1395.255005
1824153239012,38.4975455,103.2092243,1395.255127
1824353238821,38.4975455,103.2092243,1395.255249
1824553238869,38.4975455,103.2092243,1395.255371
1824753238916,38.4975455,103.2092243,1395.255493
1824953238964,38.4975455,103.2092243,1395.255615
1825153239012,38.4975455,103.2092243,1395.255859
1825553238869,38.4975455,103.2092243,1395.256104
1825753238916,38.4975455,103.2092243,1395.256348
1825953238964,38.4975455,103.2092243,1395.256592
1826153239012,38.4975455,103.2092243,1395.256836
1826353238821,38.4975455,103.2092243,1395.257202
1826553238869,38.4975455,103.2092243,1395.257446
1826753238916,38.4975455,103.2092243,1395.257568
1826953238964,38.4975455,103.2092243,1395.257813
1827153239012,38.4975455,103.2092243,1395.258057
1827353238821,38.4975455,103.2092243,1395.258301
1827553238869,38.4975455,103.2092243,1395.258423
1827753238916,38.4975455,103.2092243,1395.258545
1827953238964,38.4975455,103.2092243,1395.258667
1828153239012,38.4975455,103.2092243,1395.258911
1828353238821,38.4975455,103.2092243,1395.259033
1828553238869,38.4975455,103.2092243,1395.259033
1828753238916,38.4975455,103.2092243,1395.259277
1828953238964,38.4975455,103.2092243,1395.259644
1829153239012,38.4975455,103.2092243,1395.26001
1829353238821,38.4975455,103.2092243,1395.259888
1829553238869,38.4975455,103.2092243,1395.259766
1829753238916,38.4975455,103.2092243,1395.26001
1829953238964,38.4975455,103.2092243,1395.260132
1830153239012,38.4975456,103.2092243,1395.26001
1830353238821,38.4975456,103.2092243,1395.260132
1830553238869,38.4975456,103.2092243,1395.260376
1830753238916,38.4975456,103.2092243,1395.260498
1830953238964,38.4975456,103.2092243,1395.26062
1831153239012,38.4975456,103.2092243,1395.260864
1831353238821,38.4975456,103.2092243,1395.26123
1831553238869,38.4975456,103.2092243,1395.261353
1831753238916,38.4975456,103.2092243,1395.261353
1831953238964,38.4975456,103.2092243,1395.262085
1832153239012,38.4975456,103.2092243,1395.262817
1832353238821,38.4975456,103.2092243,1395.262817
1832553238869,38.4975456,103.2092243,1395.262451
1832753238916,38.4975456,103.2092243,1395.262451
1832953238964,38.4975456,103.2092243,1395.263062
1833153239012,38.4975456,103.2092243,1395.263428
1833353238821,38.4975456,103.2092243,1395.26355
1833553238869,38.4975456,103.2092243,1395.26355
1833753238916,38.4975456,103.2092243,1395.263916
1833953238964,38.4975456,103.2092243,1395.264526
1834153239012,38.4975456,103.2092243,1395.265137
1834353238821,38.4975456,103.2092243,1395.265503
1834553238869,38.4975456,103.2092243,1395.265869
1834753238916,38.4975456,103.2092243,1395.266357
1834953238964,38.4975456,103.2092243,1395.266846
1835353238821,38.4975456,103.2092243,1395.267578
1835553238869,38.4975456,103.2092243,1395.268066
1835753238916,38.4975456,103.2092243,1395.268433
1835953238964,38.4975456,103.2092243,1395.268799
1836153239012,38.4975456,103.2092243,1395.269165
1836353238821,38.4975456,103.2092243,1395.269409
1836553238869,38.4975456,103.2092243,1395.269653
1836753238916,38.4975456,103.2092243,1395.269897
1836953238964,38.4975456,103.2092243,1395.270142
1837153239012,38.4975456,103.2092243,1395.270386
1837353238821,38.4975456,103.2092243,1395.27063
1837553238869,38.4975456,103.2092243,1395.270874
1837753238916,38.4975456,103.2092243,1395.27124
1837953238964,38.4975456,103.2092243,1395.271484
1838153239012,38.4975456,103.2092243,1395.271729
1838353238821,38.4975456,103.2092243,1395.271973
1838553238869,38.4975456,103.2092243,1395.272217
1838753238916,38.4975456,103.2092243,1395.272461
1838953238964,38.4975456,103.2092243,1395.272705
1839153239012,38.4975456,103.2092243,1395.272949
1839353238821,38.4975456,103.2092243,1395.273071
1839553238869,38.4975456,103.2092243,1395.273071
1839753238916,38.4975456,103.2092243,1395.273315
1839953238964,38.4975456,103.2092243,1395.27356
1840153239012,38.4975456,103.2092243,1395.27356
1840353238821,38.4975456,103.2092243,1395.27356
1840553238869,38.4975456,103.2092243,1395.27356
1840753238916,38.4975456,103.2092242,1395.273682
1840953238964,38.4975456,103.2092242,1395.273926
1841153239012,38.4975456,103.2092242,1395.274048
1841353238821,38.4975456,103.2092242,1395.27417
1841553238869,38.4975456,103.2092242,1395.274536
1841753238916,38.4975455,103.2092242,1395.27478
1841953238964,38.4975455,103.2092242,1395.274902
1842153239012,38.4975455,103.2092242,1395.275146
1842353238821,38.4975455,103.2092242,1395.275269
1842553238869,38.4975455,103.2092242,1395.275513
1842753238916,38.4975455,103.2092242,1395.275635
1842953238964,38.4975455,103.2092242,1395.275757
1843153239012,38.4975455,103.2092242,1395.276001
1843353238821,38.4975455,103.2092242,1395.276123
1843553238869,38.4975455,103.2092242,1395.276245
1843753238916,38.4975455,103.2092242,1395.276367
1843953238964,38.4975455,103.2092242,1395.276367
1844153239012,38.4975455,103.2092242,1395.276611
1844353238821,38.4975455,103.2092242,1395.276733
1844553238869,38.4975455,103.2092242,1395.276733
1844753238916,38.4975455,103.2092242,1395.276733
1845153239012,38.4975455,103.2092242,1395.2771
1845353238821,38.4975455,103.2092242,1395.2771
1845553238869,38.4975455,103.2092242,1395.2771
1845753238916,38.4975455,103.2092242,1395.277222
1845953238964,38.4975455,103.2092242,1395.277344
1846153239012,38.4975455,103.2092242,1395.277344
1846353238821,38.4975455,103.2092242,1395.277466
1846553238869,38.4975455,103.2092242,1395.277466
1846753238916,38.4975456,103.2092242,1395.277466
1846953238964,38.4975456,103.2092242,1395.277466
1847153239012,38.4975456,103.2092242,1395.277466
1847353238821,38.4975455,103.2092242,1395.277588
1847553238869,38.4975455,103.2092242,1395.277588
1847753238916,38.4975455,103.2092242,1395.277588
1847953238964,38.4975455,103.2092242,1395.27771
1848153239012,38.4975455,103.2092242,1395.27771
1848353238821,38.4975455,103.2092242,1395.277588
1848553238869,38.4975455,103.2092242,1395.277588
1848753238916,38.4975455,103.2092242,1395.277588
1848953238964,38.4975455,103.2092242,1395.27771
1849153239012,38.4975455,103.2092242,1395.277832
1849353238821,38.4975455,103.2092241,1395.277954
1849553238869,38.4975455,103.2092241,1395.278076
1849753238916,38.4975455,103.2092241,1395.278198
1849953238964,38.4975455,103.2092241,1395.278198
1850153239012,38.4975455,103.2092241,1395.278442
1850353238821,38.4975455,103.2092241,1395.278442
1850553238869,38.4975455,103.2092241,1395.278564
1850753238916,38.4975455,103.2092241,1395.278442
1850953238964,38.4975455,103.2092241,1395.278442
1851153239012,38.4975455,103.2092241,1395.278442
1851353238821,38.4975455,103.2092241,1395.278564
1851553238869,38.4975455,103.2092241,1395.278442
1851753238916,38.4975455,103.2092241,1395.27832
1851953238964,38.4975455,103.2092241,1395.278687
1852153239012,38.4975455,103.2092241,1395.278687
1852353238821,38.4975455,103.2092241,1395.278687
1852553238869,38.4975455,103.2092241,1395.278687
1852753238916,38.4975455,103.2092241,1395.278687
1852953238964,38.4975455,103.2092241,1395.278687
1853153239012,38.4975456,103.2092241,1395.278809
1853353238821,38.4975456,103.2092241,1395.278809
1853553238869,38.4975456,103.2092241,1395.278809
1853753238916,38.4975456,103.2092241,1395.278931
1853953238964,38.4975456,103.2092241,1395.278931
1854153239012,38.4975456,103.2092241,1395.278931
1854353238821,38.4975456,103.2092241,1395.279053
1854553238869,38.4975456,103.2092241,1395.279419
1854753238916,38.4975456,103.2092241,1395.279663
1855153239012,38.4975456,103.2092241,1395.279907
1855353238821,38.4975456,103.2092241,1395.280029
1855553238869,38.4975456,103.2092241,1395.280151
1855753238916,38.4975456,103.2092241,1395.280151
1855953238964,38.4975456,103.2092241,1395.280273
1856153239012,38.4975456,103.2092241,1395.280396
1856353238821,38.4975456,103.2092241,1395.280396
1856553238869,38.4975456,103.2092241,1395.280518
1856753238916,38.4975456,103.2092241,1395.280518
1856953238964,38.4975456,103.2092241,1395.28064
1857153239012,38.4975456,103.2092241,1395.280762
1857353238821,38.4975456,103.2092241,1395.28064
1857553238869,38.4975456,103.2092241,1395.280518
1857753238916,38.4975456,103.2092241,1395.280518
1857953238964,38.4975456,103.209224,1395.280518
1858153239012,38.4975456,103.209224,1395.280396
1858353238821,38.4975456,103.209224,1395.280396
1858553238869,38.4975456,103.209224,1395.280396
1858753238916,38.4975456,103.209224,1395.280396
1858953238964,38.4975456,103.209224,1395.280396
1859153239012,38.4975456,103.209224,1395.280396
1859353238821,38.4975456,103.209224,1395.280396
1859553238869,38.4975456,103.209224,1395.280518
1859753238916,38.4975456,103.209224,1395.280029
1859953238964,38.4975456,103.209224,1395.280151
1860153239012,38.4975456,103.209224,1395.280396
1860353238821,38.4975456,103.209224,1395.28064
1860553238869,38.4975456,103.209224,1395.280762
1860753238916,38.4975456,103.209224,1395.281006
1860953238964,38.4975456,103.209224,1395.28125
1861153239012,38.4975456,103.209224,1395.281738
1861353238821,38.4975456,103.209224,1395.282349
1861553238869,38.4975456,103.209224,1395.282715
1861753238916,38.4975456,103.209224,1395.283081
1861953238964,38.4975456,103.209224,1395.283691
1862153239012,38.4975456,103.209224,1395.284302
1862353238821,38.4975456,103.209224,1395.284912
1862553238869,38.4975456,103.209224,1395.2854
1862753238916,38.4975456,103.209224,1395.286133
1862953238964,38.4975456,103.209224,1395.286743
1863153239012,38.4975456,103.209224,1395.287476
1863353238821,38.4975456,103.209224,1395.288208
1863553238869,38.4975456,103.209224,1395.288818
1863753238916,38.4975456,103.209224,1395.289551
1863953238964,38.4975456,103.209224,1395.290283
1864153239012,38.4975456,103.209224,1395.291138
1864353238821,38.4975456,103.209224,1395.29187
1864553238869,38.4975456,103.209224,1395.292725
1864953238964,38.4975456,103.209224,1395.294067
1865153239012,38.4975456,103.209224,1395.2948
1865353238821,38.4975456,103.2092241,1395.295532
1865553238869,38.4975456,103.2092241,1395.296265
1865753238916,38.4975456,103.2092241,1395.296997
1865953238964,38.4975456,103.2092241,1395.297729
1866153239012,38.4975456,103.2092241,1395.298584
1866353238821,38.4975456,103.2092241,1395.299316
1866553238869,38.4975456,103.2092241,1395.300171
1866753238916,38.4975456,103.2092241,1395.301025
1866953238964,38.4975456,103.2092241,1395.302002
1867153239012,38.4975456,103.209224,1395.302734
1867353238821,38.4975456,103.209224,1395.303467
1867553238869,38.4975456,103.209224,1395.304199
1867753238916,38.4975456,103.209224,1395.30481
1867953238964,38.4975456,103.209224,1395.30542
1868153239012,38.4975456,103.209224,1395.30603
1868353238821,38.4975456,103.209224,1395.306641
1868553238869,38.4975456,103.209224,1395.307129
1868753238916,38.4975456,103.209224,1395.307617
1868953238964,38.4975456,103.209224,1395.308105
1869153239012,38.4975456,103.209224,1395.308594
1869353238821,38.4975456,103.209224,1395.309082
1869553238869,38.4975456,103.209224,1395.309448
1869753238916,38.4975456,103.209224,1395.309937
1869953238964,38.4975456,103.209224,1395.310303
1870153239012,38.4975456,103.209224,1395.310669
1870353238821,38.4975456,103.209224,1395.311035
1870553238869,38.4975456,103.209224,1395.311401
1870753238916,38.4975456,103.209224,1395.311768
1870953238964,38.4975456,103.209224,1395.312134
1871153239012,38.4975456,103.209224,1395.312378
1871353238821,38.4975456,103.209224,1395.312622
1871553238869,38.4975456,103.209224,1395.312988
1871753238916,38.4975456,103.209224,1395.313354
1871953238964,38.4975456,103.209224,1395.313721
1872153239012,38.4975456,103.209224,1395.314087
1872353238821,38.4975456,103.209224,1395.314453
1872553238869,38.4975456,103.209224,1395.314819
1872753238916,38.4975456,103.209224,1395.315186
1872953238964,38.4975456,103.209224,1395.315552
1873153239012,38.4975456,103.209224,1395.315918
1873353238821,38.4975456,103.209224,1395.316284
1873553238869,38.4975456,103.209224,1395.31665
1873753238916,38.4975456,103.209224,1395.317017
1873953238964,38.4975456,103.209224,1395.317383
1874153239012,38.4975456,103.209224,1395.317749
1874353238821,38.4975456,103.209224,1395.318115
1874553238869,38.4975456,103.209224,1395.318359
1874953238964,38.4975456,103.209224,1395.31897
1875153239012,38.4975456,103.209224,1395.319214
1875353238821,38.4975456,103.209224,1395.319336
1875553238869,38.4975456,103.209224,1395.31958
1875753238916,38.4975456,103.209224,1395.319702
1875953238964,38.4975456,103.209224,1395.319824
1876153239012,38.4975456,103.209224,1395.320068
1876353238821,38.4975456,103.209224,1395.32019
1876553238869,38.4975456,103.209224,1395.320313
1876753238916,38.4975456,103.209224,1395.320435
1876953238964,38.4975456,103.209224,1395.320679
1877153239012,38.4975456,103.209224,1395.320801
1877353238821,38.4975456,103.209224,1395.321045
1877553238869,38.4975456,103.209224,1395.321289
1877753238916,38.4975456,103.209224,1395.321533
1877953238964,38.4975456,103.209224,1395.321777
1878153239012,38.4975456,103.2092239,1395.322021
1878353238821,38.4975456,103.2092239,1395.322388
1878553238869,38.4975456,103.2092239,1395.322632
1878753238916,38.4975456,103.2092239,1395.322998
1878953238964,38.4975456,103.2092239,1395.323364
1879153239012,38.4975456,103.2092239,1395.323608
1879353238821,38.4975456,103.2092239,1395.323975
1879553238869,38.4975456,103.2092239,1395.324219
1879753238916,38.4975456,103.2092239,1395.324585
1879953238964,38.4975456,103.2092239,1395.324829
1880153239012,38.4975456,103.2092239,1395.325195
1880353238821,38.4975456,103.2092239,1395.325439
1880553238869,38.4975456,103.2092239,1395.325684
1880753238916,38.4975456,103.2092239,1395.32605
1880953238964,38.4975456,103.2092239,1395.326294
1881153239012,38.4975456,103.2092239,1395.326538
1881353238821,38.4975456,103.2092239,1395.326782
1881553238869,38.4975456,103.2092239,1395.327026
1881753238916,38.4975456,103.2092239,1395.327271
1881953238964,38.4975456,103.2092239,1395.327515
1882153239012,38.4975456,103.2092239,1395.327637
1882353238821,38.4975456,103.2092239,1395.327759
1882553238869,38.4975456,103.2092239,1395.328003
1882753238916,38.4975456,103.2092239,1395.328247
1882953238964,38.4975456,103.2092239,1395.328491
1883153239012,38.4975456,103.2092239,1395.328735
1883353238821,38.4975456,103.2092239,1395.328979
1883553238869,38.4975456,103.2092239,1395.329224
1883753238916,38.4975456,103.2092239,1395.32959
1883953238964,38.4975456,103.2092239,1395.329834
1884153239012,38.4975456,103.2092239,1395.3302
1884553238869,38.4975456,103.209224,1395.330811
1884553238869,38.4975456,103.209224,1395.330811
1884953238964,38.4975456,103.209224,1395.331299
1885153239012,38.4975456,103.209224,1395.331543
1885353238821,38.4975456,103.209224,1395.331787
1885553238869,38.4975456,103.209224,1395.332153
1885753238916,38.4975456,103.209224,1395.332397
1885953238964,38.4975456,103.209224,1395.33252
1886153239012,38.4975456,103.209224,1395.332764
1886353238821,38.4975456,103.209224,1395.332886
1886553238869,38.4975456,103.209224,1395.333008
1886753238916,38.4975456,103.209224,1395.33313
1886953238964,38.4975456,103.209224,1395.333374
1887153239012,38.4975456,103.209224,1395.333496
1887353238821,38.4975456,103.209224,1395.33374
1887553238869,38.4975456,103.209224,1395.333984
1887753238916,38.4975456,103.209224,1395.334229
1887953238964,38.4975456,103.209224,1395.334473
1888153239012,38.4975456,103.209224,1395.334717
1888353238821,38.4975456,103.209224,1395.334961
1888553238869,38.4975456,103.209224,1395.335083
1888753238916,38.4975456,103.209224,1395.335327
1888953238964,38.4975456,103.209224,1395.335571
1889153239012,38.4975456,103.209224,1395.335693
1889353238821,38.4975456,103.209224,1395.33606
1889553238869,38.4975456,103.209224,1395.336304
1889753238916,38.4975456,103.209224,1395.336426
1889953238964,38.4975456,103.209224,1395.336792
1890153239012,38.4975456,103.209224,1395.336914
1890353238821,38.4975456,103.209224,1395.337158
1890553238869,38.4975456,103.209224,1395.337402
1890753238916,38.4975456,103.209224,1395.337524
1890953238964,38.4975456,103.209224,1395.337769
1891153239012,38.4975456,103.209224,1395.338013
1891353238821,38.4975456,103.209224,1395.338257
1891553238869,38.4975456,103.209224,1395.338501
1891753238916,38.4975456,103.209224,1395.338623
1891953238964,38.4975456,103.209224,1395.338867
1892153239012,38.4975456,103.209224,1395.338989
1892353238821,38.4975456,103.209224,1395.339233
1892553238869,38.4975456,103.209224,1395.339355
1892753238916,38.4975456,103.209224,1395.3396
1892953238964,38.4975456,103.209224,1395.339844
1893153239012,38.4975456,103.209224,1395.340088
1893353238821,38.4975456,103.209224,1395.340332
1893553238869,38.4975456,103.209224,1395.340576
1893753238916,38.4975456,103.209224,1395.34082
1893953238964,38.4975456,103.209224,1395.341064
1894353238821,38.4975456,103.209224,1395.341431
1894553238869,38.4975456,103.209224,1395.341797
1894753238916,38.4975456,103.209224,1395.342041
1894953238964,38.4975456,103.209224,1395.342285
1895153239012,38.4975456,103.209224,1395.342407
1895353238821,38.4975456,103.209224,1395.342529
1895553238869,38.4975456,103.209224,1395.342651
1895753238916,38.4975456,103.209224,1395.342773
